0 -1 1 0 0 100 1 0 0 100 1000 1000 0 100 0 100 0 100 0 0
1 -1 701 700 0 100 701 700 0 100 1000 1000 0 100 0 100 0 100 0 0
2 -1 801 800 0 100 801 800 0 100 1000 1000 0 100 0 100 0 100 0 0
3 -1 901 900 0 100 901 900 0 100 1000 1000 0 100 0 100 0 100 0 0
4 -1 951 950 0 100 951 950 0 100 1000 1000 0 100 0 100 0 100 0 0
5 -1 1 0 1 100 1 0 1 100 1000 1000 1 100 1 100 1 100 0 0
6 -1 701 700 1 100 701 700 1 100 1000 1000 1 100 1 100 1 100 0 0
7 -1 801 800 1 100 801 800 1 100 1000 1000 1 100 1 100 1 100 0 0
8 -1 901 900 1 100 901 900 1 100 1000 1000 1 100 1 100 1 100 0 0
9 -1 951 950 1 100 951 950 1 100 1000 1000 1 100 1 100 1 100 0 0
10 -1 1 0 2 100 1 0 2 100 1000 1000 2 100 2 100 2 100 0 0
11 -1 701 700 2 100 701 700 2 100 1000 1000 2 100 2 100 2 100 0 0
12 -1 801 800 2 100 801 800 2 100 1000 1000 2 100 2 100 2 100 0 0
13 -1 901 900 2 100 901 900 2 100 1000 1000 2 100 2 100 2 100 0 0
14 -1 951 950 2 100 951 950 2 100 1000 1000 2 100 2 100 2 100 0 0
15 -1 1 0 3 100 1 0 3 100 1000 1000 3 100 3 100 3 100 0 0
16 -1 701 700 3 100 701 700 3 100 1000 1000 3 100 3 100 3 100 0 0
17 -1 801 800 3 100 801 800 3 100 1000 1000 3 100 3 100 3 100 0 0
18 -1 901 900 3 100 901 900 3 100 1000 1000 3 100 3 100 3 100 0 0
19 -1 951 950 3 100 951 950 3 100 1000 1000 3 100 3 100 3 100 0 0
20 -1 1 0 4 100 1 0 4 100 1000 1000 4 100 4 100 4 100 0 0
21 -1 701 700 4 100 701 700 4 100 1000 1000 4 100 4 100 4 100 0 0
22 -1 801 800 4 100 801 800 4 100 1000 1000 4 100 4 100 4 100 0 0
23 -1 901 900 4 100 901 900 4 100 1000 1000 4 100 4 100 4 100 0 0
24 -1 951 950 4 100 951 950 4 100 1000 1000 4 100 4 100 4 100 0 0
25 -1 1 0 5 100 1 0 5 100 1000 1000 5 100 5 100 5 100 0 0
26 -1 701 700 5 100 701 700 5 100 1000 1000 5 100 5 100 5 100 0 0
27 -1 801 800 5 100 801 800 5 100 1000 1000 5 100 5 100 5 100 0 0
28 -1 901 900 5 100 901 900 5 100 1000 1000 5 100 5 100 5 100 0 0
29 -1 951 950 5 100 951 950 5 100 1000 1000 5 100 5 100 5 100 0 0
30 -1 1 0 6 100 1 0 6 100 1000 1000 6 100 6 100 6 100 0 0
31 -1 701 700 6 100 701 700 6 100 1000 1000 6 100 6 100 6 100 0 0
32 -1 801 800 6 100 801 800 6 100 1000 1000 6 100 6 100 6 100 0 0
33 -1 901 900 6 100 901 900 6 100 1000 1000 6 100 6 100 6 100 0 0
34 -1 951 950 6 100 951 950 6 100 1000 1000 6 100 6 100 6 100 0 0
35 -1 1 0 7 100 1 0 7 100 1000 1000 7 100 7 100 7 100 0 0
36 -1 701 700 7 100 701 700 7 100 1000 1000 7 100 7 100 7 100 0 0
37 -1 801 800 7 100 801 800 7 100 1000 1000 7 100 7 100 7 100 0 0
38 -1 901 900 7 100 901 900 7 100 1000 1000 7 100 7 100 7 100 0 0
39 -1 951 950 7 100 951 950 7 100 1000 1000 7 100 7 100 7 100 0 0
40 -1 1 0 8 100 1 0 8 100 1000 1000 8 100 8 100 8 100 0 0
41 -1 701 700 8 100 701 700 8 100 1000 1000 8 100 8 100 8 100 0 0
42 -1 801 800 8 100 801 800 8 100 1000 1000 8 100 8 100 8 100 0 0
43 -1 901 900 8 100 901 900 8 100 1000 1000 8 100 8 100 8 100 0 0
44 -1 951 950 8 100 951 950 8 100 1000 1000 8 100 8 100 8 100 0 0
45 -1 1 0 9 100 1 0 9 100 1000 1000 9 100 9 100 9 100 0 0
46 -1 701 700 9 100 701 700 9 100 1000 1000 9 100 9 100 9 100 0 0
47 -1 801 800 9 100 801 800 9 100 1000 1000 9 100 9 100 9 100 0 0
48 -1 901 900 9 100 901 900 9 100 1000 1000 9 100 9 100 9 100 0 0
49 -1 951 950 9 100 951 950 9 100 1000 1000 9 100 9 100 9 100 0 0
50 -1 1 0 10 100 1 0 10 100 1000 1000 10 100 10 100 10 100 0 0
51 -1 701 700 10 100 701 700 10 100 1000 1000 10 100 10 100 10 100 0 0
52 -1 801 800 10 100 801 800 10 100 1000 1000 10 100 10 100 10 100 0 0
53 -1 901 900 10 100 901 900 10 100 1000 1000 10 100 10 100 10 100 0 0
54 -1 951 950 10 100 951 950 10 100 1000 1000 10 100 10 100 10 100 0 0
55 -1 1 0 11 100 1 0 11 100 1000 1000 11 100 11 100 11 100 0 0
56 -1 701 700 11 100 701 700 11 100 1000 1000 11 100 11 100 11 100 0 0
57 -1 801 800 11 100 801 800 11 100 1000 1000 11 100 11 100 11 100 0 0
58 -1 901 900 11 100 901 900 11 100 1000 1000 11 100 11 100 11 100 0 0
59 -1 951 950 11 100 951 950 11 100 1000 1000 11 100 11 100 11 100 0 0
60 -1 1 0 12 100 1 0 12 100 1000 1000 12 100 12 100 12 100 0 0
61 -1 701 700 12 100 701 700 12 100 1000 1000 12 100 12 100 12 100 0 0
62 -1 801 800 12 100 801 800 12 100 1000 1000 12 100 12 100 12 100 0 0
63 -1 901 900 12 100 901 900 12 100 1000 1000 12 100 12 100 12 100 0 0
64 -1 951 950 12 100 951 950 12 100 1000 1000 12 100 12 100 12 100 0 0
65 -1 1 0 13 100 1 0 13 100 1000 1000 13 100 13 100 13 100 0 0
66 -1 701 700 13 100 701 700 13 100 1000 1000 13 100 13 100 13 100 0 0
67 -1 801 800 13 100 801 800 13 100 1000 1000 13 100 13 100 13 100 0 0
68 -1 901 900 13 100 901 900 13 100 1000 1000 13 100 13 100 13 100 0 0
69 -1 951 950 13 100 951 950 13 100 1000 1000 13 100 13 100 13 100 0 0
70 -1 1 0 14 100 1 0 14 100 1000 1000 14 100 14 100 14 100 0 0
71 -1 701 700 14 100 701 700 14 100 1000 1000 14 100 14 100 14 100 0 0
72 -1 801 800 14 100 801 800 14 100 1000 1000 14 100 14 100 14 100 0 0
73 -1 901 900 14 100 901 900 14 100 1000 1000 14 100 14 100 14 100 0 0
74 -1 951 950 14 100 951 950 14 100 1000 1000 14 100 14 100 14 100 0 0
75 -1 1 0 15 100 1 0 15 100 1000 1000 15 100 15 100 15 100 0 0
76 -1 701 700 15 100 701 700 15 100 1000 1000 15 100 15 100 15 100 0 0
77 -1 801 800 15 100 801 800 15 100 1000 1000 15 100 15 100 15 100 0 0
78 -1 901 900 15 100 901 900 15 100 1000 1000 15 100 15 100 15 100 0 0
79 -1 951 950 15 100 951 950 15 100 1000 1000 15 100 15 100 15 100 0 0
80 -1 1 0 16 100 1 0 16 100 1000 1000 16 100 16 100 16 100 0 0
81 -1 701 700 16 100 701 700 16 100 1000 1000 16 100 16 100 16 100 0 0
82 -1 801 800 16 100 801 800 16 100 1000 1000 16 100 16 100 16 100 0 0
83 -1 901 900 16 100 901 900 16 100 1000 1000 16 100 16 100 16 100 0 0
84 -1 951 950 16 100 951 950 16 100 1000 1000 16 100 16 100 16 100 0 0
85 -1 1 0 17 100 1 0 17 100 1000 1000 17 100 17 100 17 100 0 0
86 -1 701 700 17 100 701 700 17 100 1000 1000 17 100 17 100 17 100 0 0
87 -1 801 800 17 100 801 800 17 100 1000 1000 17 100 17 100 17 100 0 0
88 -1 901 900 17 100 901 900 17 100 1000 1000 17 100 17 100 17 100 0 0
89 -1 951 950 17 100 951 950 17 100 1000 1000 17 100 17 100 17 100 0 0
90 -1 1 0 18 100 1 0 18 100 1000 1000 18 100 18 100 18 100 0 0
91 -1 701 700 18 100 701 700 18 100 1000 1000 18 100 18 100 18 100 0 0
92 -1 801 800 18 100 801 800 18 100 1000 1000 18 100 18 100 18 100 0 0
93 -1 901 900 18 100 901 900 18 100 1000 1000 18 100 18 100 18 100 0 0
94 -1 951 950 18 100 951 950 18 100 1000 1000 18 100 18 100 18 100 0 0
95 -1 1 0 19 100 1 0 19 100 1000 1000 19 100 19 100 19 100 0 0
96 -1 701 700 19 100 701 700 19 100 1000 1000 19 100 19 100 19 100 0 0
97 -1 801 800 19 100 801 800 19 100 1000 1000 19 100 19 100 19 100 0 0
98 -1 901 900 19 100 901 900 19 100 1000 1000 19 100 19 100 19 100 0 0
99 -1 951 950 19 100 951 950 19 100 1000 1000 19 100 19 100 19 100 0 0
100 -1 1 0 20 100 1 0 20 100 1000 1000 20 100 20 100 20 100 0 0
101 -1 701 700 20 100 701 700 20 100 1000 1000 20 100 20 100 20 100 0 0
102 -1 801 800 20 100 801 800 20 100 1000 1000 20 100 20 100 20 100 0 0
103 -1 901 900 20 100 901 900 20 100 1000 1000 20 100 20 100 20 100 0 0
104 -1 951 950 20 100 951 950 20 100 1000 1000 20 100 20 100 20 100 0 0
105 -1 1 0 21 100 1 0 21 100 1000 1000 21 100 21 100 21 100 0 0
106 -1 701 700 21 100 701 700 21 100 1000 1000 21 100 21 100 21 100 0 0
107 -1 801 800 21 100 801 800 21 100 1000 1000 21 100 21 100 21 100 0 0
108 -1 901 900 21 100 901 900 21 100 1000 1000 21 100 21 100 21 100 0 0
109 -1 951 950 21 100 951 950 21 100 1000 1000 21 100 21 100 21 100 0 0
110 -1 1 0 22 100 1 0 22 100 1000 1000 22 100 22 100 22 100 0 0
111 -1 701 700 22 100 701 700 22 100 1000 1000 22 100 22 100 22 100 0 0
112 -1 801 800 22 100 801 800 22 100 1000 1000 22 100 22 100 22 100 0 0
113 -1 901 900 22 100 901 900 22 100 1000 1000 22 100 22 100 22 100 0 0
114 -1 951 950 22 100 951 950 22 100 1000 1000 22 100 22 100 22 100 0 0
115 -1 1 0 23 100 1 0 23 100 1000 1000 23 100 23 100 23 100 0 0
116 -1 701 700 23 100 701 700 23 100 1000 1000 23 100 23 100 23 100 0 0
117 -1 801 800 23 100 801 800 23 100 1000 1000 23 100 23 100 23 100 0 0
118 -1 901 900 23 100 901 900 23 100 1000 1000 23 100 23 100 23 100 0 0
119 -1 951 950 23 100 951 950 23 100 1000 1000 23 100 23 100 23 100 0 0
120 -1 1 0 24 100 1 0 24 100 1000 1000 24 100 24 100 24 100 0 0
121 -1 701 700 24 100 701 700 24 100 1000 1000 24 100 24 100 24 100 0 0
122 -1 801 800 24 100 801 800 24 100 1000 1000 24 100 24 100 24 100 0 0
123 -1 901 900 24 100 901 900 24 100 1000 1000 24 100 24 100 24 100 0 0
124 -1 951 950 24 100 951 950 24 100 1000 1000 24 100 24 100 24 100 0 0
125 -1 1 0 25 100 1 0 25 100 1000 1000 25 100 25 100 25 100 0 0
126 -1 701 700 25 100 701 700 25 100 1000 1000 25 100 25 100 25 100 0 0
127 -1 801 800 25 100 801 800 25 100 1000 1000 25 100 25 100 25 100 0 0
128 -1 901 900 25 100 901 900 25 100 1000 1000 25 100 25 100 25 100 0 0
129 -1 951 950 25 100 951 950 25 100 1000 1000 25 100 25 100 25 100 0 0
130 -1 1 0 26 100 1 0 26 100 1000 1000 26 100 26 100 26 100 0 0
131 -1 701 700 26 100 701 700 26 100 1000 1000 26 100 26 100 26 100 0 0
132 -1 801 800 26 100 801 800 26 100 1000 1000 26 100 26 100 26 100 0 0
133 -1 901 900 26 100 901 900 26 100 1000 1000 26 100 26 100 26 100 0 0
134 -1 951 950 26 100 951 950 26 100 1000 1000 26 100 26 100 26 100 0 0
135 -1 1 0 27 100 1 0 27 100 1000 1000 27 100 27 100 27 100 0 0
136 -1 701 700 27 100 701 700 27 100 1000 1000 27 100 27 100 27 100 0 0
137 -1 801 800 27 100 801 800 27 100 1000 1000 27 100 27 100 27 100 0 0
138 -1 901 900 27 100 901 900 27 100 1000 1000 27 100 27 100 27 100 0 0
139 -1 951 950 27 100 951 950 27 100 1000 1000 27 100 27 100 27 100 0 0
140 -1 1 0 28 100 1 0 28 100 1000 1000 28 100 28 100 28 100 0 0
141 -1 701 700 28 100 701 700 28 100 1000 1000 28 100 28 100 28 100 0 0
142 -1 801 800 28 100 801 800 28 100 1000 1000 28 100 28 100 28 100 0 0
143 -1 901 900 28 100 901 900 28 100 1000 1000 28 100 28 100 28 100 0 0
144 -1 951 950 28 100 951 950 28 100 1000 1000 28 100 28 100 28 100 0 0
145 -1 1 0 29 100 1 0 29 100 1000 1000 29 100 29 100 29 100 0 0
146 -1 701 700 29 100 701 700 29 100 1000 1000 29 100 29 100 29 100 0 0
147 -1 801 800 29 100 801 800 29 100 1000 1000 29 100 29 100 29 100 0 0
148 -1 901 900 29 100 901 900 29 100 1000 1000 29 100 29 100 29 100 0 0
149 -1 951 950 29 100 951 950 29 100 1000 1000 29 100 29 100 29 100 0 0
150 -1 1 0 30 100 1 0 30 100 1000 1000 30 100 30 100 30 100 0 0
151 -1 701 700 30 100 701 700 30 100 1000 1000 30 100 30 100 30 100 0 0
152 -1 801 800 30 100 801 800 30 100 1000 1000 30 100 30 100 30 100 0 0
153 -1 901 900 30 100 901 900 30 100 1000 1000 30 100 30 100 30 100 0 0
154 -1 951 950 30 100 951 950 30 100 1000 1000 30 100 30 100 30 100 0 0
155 -1 1 0 31 100 1 0 31 100 1000 1000 31 100 31 100 31 100 0 0
156 -1 701 700 31 100 701 700 31 100 1000 1000 31 100 31 100 31 100 0 0
157 -1 801 800 31 100 801 800 31 100 1000 1000 31 100 31 100 31 100 0 0
158 -1 901 900 31 100 901 900 31 100 1000 1000 31 100 31 100 31 100 0 0
159 -1 951 950 31 100 951 950 31 100 1000 1000 31 100 31 100 31 100 0 0
160 -1 1 0 32 100 1 0 32 100 1000 1000 32 100 32 100 32 100 0 0
161 -1 701 700 32 100 701 700 32 100 1000 1000 32 100 32 100 32 100 0 0
162 -1 801 800 32 100 801 800 32 100 1000 1000 32 100 32 100 32 100 0 0
163 -1 901 900 32 100 901 900 32 100 1000 1000 32 100 32 100 32 100 0 0
164 -1 951 950 32 100 951 950 32 100 1000 1000 32 100 32 100 32 100 0 0
165 -1 1 0 33 100 1 0 33 100 1000 1000 33 100 33 100 33 100 0 0
166 -1 701 700 33 100 701 700 33 100 1000 1000 33 100 33 100 33 100 0 0
167 -1 801 800 33 100 801 800 33 100 1000 1000 33 100 33 100 33 100 0 0
168 -1 901 900 33 100 901 900 33 100 1000 1000 33 100 33 100 33 100 0 0
169 -1 951 950 33 100 951 950 33 100 1000 1000 33 100 33 100 33 100 0 0
170 -1 1 0 34 100 1 0 34 100 1000 1000 34 100 34 100 34 100 0 0
171 -1 701 700 34 100 701 700 34 100 1000 1000 34 100 34 100 34 100 0 0
172 -1 801 800 34 100 801 800 34 100 1000 1000 34 100 34 100 34 100 0 0
173 -1 901 900 34 100 901 900 34 100 1000 1000 34 100 34 100 34 100 0 0
174 -1 951 950 34 100 951 950 34 100 1000 1000 34 100 34 100 34 100 0 0
175 -1 1 0 35 100 1 0 35 100 1000 1000 35 100 35 100 35 100 0 0
176 -1 701 700 35 100 701 700 35 100 1000 1000 35 100 35 100 35 100 0 0
177 -1 801 800 35 100 801 800 35 100 1000 1000 35 100 35 100 35 100 0 0
178 -1 901 900 35 100 901 900 35 100 1000 1000 35 100 35 100 35 100 0 0
179 -1 951 950 35 100 951 950 35 100 1000 1000 35 100 35 100 35 100 0 0
180 -1 1 0 36 100 1 0 36 100 1000 1000 36 100 36 100 36 100 0 0
181 -1 701 700 36 100 701 700 36 100 1000 1000 36 100 36 100 36 100 0 0
182 -1 801 800 36 100 801 800 36 100 1000 1000 36 100 36 100 36 100 0 0
183 -1 901 900 36 100 901 900 36 100 1000 1000 36 100 36 100 36 100 0 0
184 -1 951 950 36 100 951 950 36 100 1000 1000 36 100 36 100 36 100 0 0
185 -1 1 0 37 100 1 0 37 100 1000 1000 37 100 37 100 37 100 0 0
186 -1 701 700 37 100 701 700 37 100 1000 1000 37 100 37 100 37 100 0 0
187 -1 801 800 37 100 801 800 37 100 1000 1000 37 100 37 100 37 100 0 0
188 -1 901 900 37 100 901 900 37 100 1000 1000 37 100 37 100 37 100 0 0
189 -1 951 950 37 100 951 950 37 100 1000 1000 37 100 37 100 37 100 0 0
190 -1 1 0 38 100 1 0 38 100 1000 1000 38 100 38 100 38 100 0 0
191 -1 701 700 38 100 701 700 38 100 1000 1000 38 100 38 100 38 100 0 0
192 -1 801 800 38 100 801 800 38 100 1000 1000 38 100 38 100 38 100 0 0
193 -1 901 900 38 100 901 900 38 100 1000 1000 38 100 38 100 38 100 0 0
194 -1 951 950 38 100 951 950 38 100 1000 1000 38 100 38 100 38 100 0 0
195 -1 1 0 39 100 1 0 39 100 1000 1000 39 100 39 100 39 100 0 0
196 -1 701 700 39 100 701 700 39 100 1000 1000 39 100 39 100 39 100 0 0
197 -1 801 800 39 100 801 800 39 100 1000 1000 39 100 39 100 39 100 0 0
198 -1 901 900 39 100 901 900 39 100 1000 1000 39 100 39 100 39 100 0 0
199 -1 951 950 39 100 951 950 39 100 1000 1000 39 100 39 100 39 100 0 0
200 -1 1 0 40 100 1 0 40 100 1000 1000 40 100 40 100 40 100 0 0
201 -1 701 700 40 100 701 700 40 100 1000 1000 40 100 40 100 40 100 0 0
202 -1 801 800 40 100 801 800 40 100 1000 1000 40 100 40 100 40 100 0 0
203 -1 901 900 40 100 901 900 40 100 1000 1000 40 100 40 100 40 100 0 0
204 -1 951 950 40 100 951 950 40 100 1000 1000 40 100 40 100 40 100 0 0
205 -1 1 0 41 100 1 0 41 100 1000 1000 41 100 41 100 41 100 0 0
206 -1 701 700 41 100 701 700 41 100 1000 1000 41 100 41 100 41 100 0 0
207 -1 801 800 41 100 801 800 41 100 1000 1000 41 100 41 100 41 100 0 0
208 -1 901 900 41 100 901 900 41 100 1000 1000 41 100 41 100 41 100 0 0
209 -1 951 950 41 100 951 950 41 100 1000 1000 41 100 41 100 41 100 0 0
210 -1 1 0 42 100 1 0 42 100 1000 1000 42 100 42 100 42 100 0 0
211 -1 701 700 42 100 701 700 42 100 1000 1000 42 100 42 100 42 100 0 0
212 -1 801 800 42 100 801 800 42 100 1000 1000 42 100 42 100 42 100 0 0
213 -1 901 900 42 100 901 900 42 100 1000 1000 42 100 42 100 42 100 0 0
214 -1 951 950 42 100 951 950 42 100 1000 1000 42 100 42 100 42 100 0 0
215 -1 1 0 43 100 1 0 43 100 1000 1000 43 100 43 100 43 100 0 0
216 -1 701 700 43 100 701 700 43 100 1000 1000 43 100 43 100 43 100 0 0
217 -1 801 800 43 100 801 800 43 100 1000 1000 43 100 43 100 43 100 0 0
218 -1 901 900 43 100 901 900 43 100 1000 1000 43 100 43 100 43 100 0 0
219 -1 951 950 43 100 951 950 43 100 1000 1000 43 100 43 100 43 100 0 0
220 -1 1 0 44 100 1 0 44 100 1000 1000 44 100 44 100 44 100 0 0
221 -1 701 700 44 100 701 700 44 100 1000 1000 44 100 44 100 44 100 0 0
222 -1 801 800 44 100 801 800 44 100 1000 1000 44 100 44 100 44 100 0 0
223 -1 901 900 44 100 901 900 44 100 1000 1000 44 100 44 100 44 100 0 0
224 -1 951 950 44 100 951 950 44 100 1000 1000 44 100 44 100 44 100 0 0
225 -1 1 0 45 100 1 0 45 100 1000 1000 45 100 45 100 45 100 0 0
226 -1 701 700 45 100 701 700 45 100 1000 1000 45 100 45 100 45 100 0 0
227 -1 801 800 45 100 801 800 45 100 1000 1000 45 100 45 100 45 100 0 0
228 -1 901 900 45 100 901 900 45 100 1000 1000 45 100 45 100 45 100 0 0
229 -1 951 950 45 100 951 950 45 100 1000 1000 45 100 45 100 45 100 0 0
230 -1 1 0 46 100 1 0 46 100 1000 1000 46 100 46 100 46 100 0 0
231 -1 701 700 46 100 701 700 46 100 1000 1000 46 100 46 100 46 100 0 0
232 -1 801 800 46 100 801 800 46 100 1000 1000 46 100 46 100 46 100 0 0
233 -1 901 900 46 100 901 900 46 100 1000 1000 46 100 46 100 46 100 0 0
234 -1 951 950 46 100 951 950 46 100 1000 1000 46 100 46 100 46 100 0 0
235 -1 1 0 47 100 1 0 47 100 1000 1000 47 100 47 100 47 100 0 0
236 -1 701 700 47 100 701 700 47 100 1000 1000 47 100 47 100 47 100 0 0
237 -1 801 800 47 100 801 800 47 100 1000 1000 47 100 47 100 47 100 0 0
238 -1 901 900 47 100 901 900 47 100 1000 1000 47 100 47 100 47 100 0 0
239 -1 951 950 47 100 951 950 47 100 1000 1000 47 100 47 100 47 100 0 0
240 -1 1 0 48 100 1 0 48 100 1000 1000 48 100 48 100 48 100 0 0
241 -1 701 700 48 100 701 700 48 100 1000 1000 48 100 48 100 48 100 0 0
242 -1 801 800 48 100 801 800 48 100 1000 1000 48 100 48 100 48 100 0 0
243 -1 901 900 48 100 901 900 48 100 1000 1000 48 100 48 100 48 100 0 0
244 -1 951 950 48 100 951 950 48 100 1000 1000 48 100 48 100 48 100 0 0
245 -1 1 0 49 100 1 0 49 100 1000 1000 49 100 49 100 49 100 0 0
246 -1 701 700 49 100 701 700 49 100 1000 1000 49 100 49 100 49 100 0 0
247 -1 801 800 49 100 801 800 49 100 1000 1000 49 100 49 100 49 100 0 0
248 -1 901 900 49 100 901 900 49 100 1000 1000 49 100 49 100 49 100 0 0
249 -1 951 950 49 100 951 950 49 100 1000 1000 49 100 49 100 49 100 0 0
250 -1 1 0 50 100 1 0 50 100 1000 1000 50 100 50 100 50 100 0 0
251 -1 701 700 50 100 701 700 50 100 1000 1000 50 100 50 100 50 100 0 0
252 -1 801 800 50 100 801 800 50 100 1000 1000 50 100 50 100 50 100 0 0
253 -1 901 900 50 100 901 900 50 100 1000 1000 50 100 50 100 50 100 0 0
254 -1 951 950 50 100 951 950 50 100 1000 1000 50 100 50 100 50 100 0 0
255 -1 1 0 51 100 1 0 51 100 1000 1000 51 100 51 100 51 100 0 0
256 -1 701 700 51 100 701 700 51 100 1000 1000 51 100 51 100 51 100 0 0
257 -1 801 800 51 100 801 800 51 100 1000 1000 51 100 51 100 51 100 0 0
258 -1 901 900 51 100 901 900 51 100 1000 1000 51 100 51 100 51 100 0 0
259 -1 951 950 51 100 951 950 51 100 1000 1000 51 100 51 100 51 100 0 0
260 -1 1 0 52 100 1 0 52 100 1000 1000 52 100 52 100 52 100 0 0
261 -1 701 700 52 100 701 700 52 100 1000 1000 52 100 52 100 52 100 0 0
262 -1 801 800 52 100 801 800 52 100 1000 1000 52 100 52 100 52 100 0 0
263 -1 901 900 52 100 901 900 52 100 1000 1000 52 100 52 100 52 100 0 0
264 -1 951 950 52 100 951 950 52 100 1000 1000 52 100 52 100 52 100 0 0
265 -1 1 0 53 100 1 0 53 100 1000 1000 53 100 53 100 53 100 0 0
266 -1 701 700 53 100 701 700 53 100 1000 1000 53 100 53 100 53 100 0 0
267 -1 801 800 53 100 801 800 53 100 1000 1000 53 100 53 100 53 100 0 0
268 -1 901 900 53 100 901 900 53 100 1000 1000 53 100 53 100 53 100 0 0
269 -1 951 950 53 100 951 950 53 100 1000 1000 53 100 53 100 53 100 0 0
270 -1 1 0 54 100 1 0 54 100 1000 1000 54 100 54 100 54 100 0 0
271 -1 701 700 54 100 701 700 54 100 1000 1000 54 100 54 100 54 100 0 0
272 -1 801 800 54 100 801 800 54 100 1000 1000 54 100 54 100 54 100 0 0
273 -1 901 900 54 100 901 900 54 100 1000 1000 54 100 54 100 54 100 0 0
274 -1 951 950 54 100 951 950 54 100 1000 1000 54 100 54 100 54 100 0 0
275 -1 1 0 55 100 1 0 55 100 1000 1000 55 100 55 100 55 100 0 0
276 -1 701 700 55 100 701 700 55 100 1000 1000 55 100 55 100 55 100 0 0
277 -1 801 800 55 100 801 800 55 100 1000 1000 55 100 55 100 55 100 0 0
278 -1 901 900 55 100 901 900 55 100 1000 1000 55 100 55 100 55 100 0 0
279 -1 951 950 55 100 951 950 55 100 1000 1000 55 100 55 100 55 100 0 0
280 -1 1 0 56 100 1 0 56 100 1000 1000 56 100 56 100 56 100 0 0
281 -1 701 700 56 100 701 700 56 100 1000 1000 56 100 56 100 56 100 0 0
282 -1 801 800 56 100 801 800 56 100 1000 1000 56 100 56 100 56 100 0 0
283 -1 901 900 56 100 901 900 56 100 1000 1000 56 100 56 100 56 100 0 0
284 -1 951 950 56 100 951 950 56 100 1000 1000 56 100 56 100 56 100 0 0
285 -1 1 0 57 100 1 0 57 100 1000 1000 57 100 57 100 57 100 0 0
286 -1 701 700 57 100 701 700 57 100 1000 1000 57 100 57 100 57 100 0 0
287 -1 801 800 57 100 801 800 57 100 1000 1000 57 100 57 100 57 100 0 0
288 -1 901 900 57 100 901 900 57 100 1000 1000 57 100 57 100 57 100 0 0
289 -1 951 950 57 100 951 950 57 100 1000 1000 57 100 57 100 57 100 0 0
290 -1 1 0 58 100 1 0 58 100 1000 1000 58 100 58 100 58 100 0 0
291 -1 701 700 58 100 701 700 58 100 1000 1000 58 100 58 100 58 100 0 0
292 -1 801 800 58 100 801 800 58 100 1000 1000 58 100 58 100 58 100 0 0
293 -1 901 900 58 100 901 900 58 100 1000 1000 58 100 58 100 58 100 0 0
294 -1 951 950 58 100 951 950 58 100 1000 1000 58 100 58 100 58 100 0 0
295 -1 1 0 59 100 1 0 59 100 1000 1000 59 100 59 100 59 100 0 0
296 -1 701 700 59 100 701 700 59 100 1000 1000 59 100 59 100 59 100 0 0
297 -1 801 800 59 100 801 800 59 100 1000 1000 59 100 59 100 59 100 0 0
298 -1 901 900 59 100 901 900 59 100 1000 1000 59 100 59 100 59 100 0 0
299 -1 951 950 59 100 951 950 59 100 1000 1000 59 100 59 100 59 100 0 0
300 -1 1 0 60 100 1 0 60 100 1000 1000 60 100 60 100 60 100 0 0
301 -1 701 700 60 100 701 700 60 100 1000 1000 60 100 60 100 60 100 0 0
302 -1 801 800 60 100 801 800 60 100 1000 1000 60 100 60 100 60 100 0 0
303 -1 901 900 60 100 901 900 60 100 1000 1000 60 100 60 100 60 100 0 0
304 -1 951 950 60 100 951 950 60 100 1000 1000 60 100 60 100 60 100 0 0
305 -1 1 0 61 100 1 0 61 100 1000 1000 61 100 61 100 61 100 0 0
306 -1 701 700 61 100 701 700 61 100 1000 1000 61 100 61 100 61 100 0 0
307 -1 801 800 61 100 801 800 61 100 1000 1000 61 100 61 100 61 100 0 0
308 -1 901 900 61 100 901 900 61 100 1000 1000 61 100 61 100 61 100 0 0
309 -1 951 950 61 100 951 950 61 100 1000 1000 61 100 61 100 61 100 0 0
310 -1 1 0 62 100 1 0 62 100 1000 1000 62 100 62 100 62 100 0 0
311 -1 701 700 62 100 701 700 62 100 1000 1000 62 100 62 100 62 100 0 0
312 -1 801 800 62 100 801 800 62 100 1000 1000 62 100 62 100 62 100 0 0
313 -1 901 900 62 100 901 900 62 100 1000 1000 62 100 62 100 62 100 0 0
314 -1 951 950 62 100 951 950 62 100 1000 1000 62 100 62 100 62 100 0 0
315 -1 1 0 63 100 1 0 63 100 1000 1000 63 100 63 100 63 100 0 0
316 -1 701 700 63 100 701 700 63 100 1000 1000 63 100 63 100 63 100 0 0
317 -1 801 800 63 100 801 800 63 100 1000 1000 63 100 63 100 63 100 0 0
318 -1 901 900 63 100 901 900 63 100 1000 1000 63 100 63 100 63 100 0 0
319 -1 951 950 63 100 951 950 63 100 1000 1000 63 100 63 100 63 100 0 0
320 -1 1 0 64 100 1 0 64 100 1000 1000 64 100 64 100 64 100 0 0
321 -1 701 700 64 100 701 700 64 100 1000 1000 64 100 64 100 64 100 0 0
322 -1 801 800 64 100 801 800 64 100 1000 1000 64 100 64 100 64 100 0 0
323 -1 901 900 64 100 901 900 64 100 1000 1000 64 100 64 100 64 100 0 0
324 -1 951 950 64 100 951 950 64 100 1000 1000 64 100 64 100 64 100 0 0
325 -1 1 0 65 100 1 0 65 100 1000 1000 65 100 65 100 65 100 0 0
326 -1 701 700 65 100 701 700 65 100 1000 1000 65 100 65 100 65 100 0 0
327 -1 801 800 65 100 801 800 65 100 1000 1000 65 100 65 100 65 100 0 0
328 -1 901 900 65 100 901 900 65 100 1000 1000 65 100 65 100 65 100 0 0
329 -1 951 950 65 100 951 950 65 100 1000 1000 65 100 65 100 65 100 0 0
330 -1 1 0 66 100 1 0 66 100 1000 1000 66 100 66 100 66 100 0 0
331 -1 701 700 66 100 701 700 66 100 1000 1000 66 100 66 100 66 100 0 0
332 -1 801 800 66 100 801 800 66 100 1000 1000 66 100 66 100 66 100 0 0
333 -1 901 900 66 100 901 900 66 100 1000 1000 66 100 66 100 66 100 0 0
334 -1 951 950 66 100 951 950 66 100 1000 1000 66 100 66 100 66 100 0 0
335 -1 1 0 67 100 1 0 67 100 1000 1000 67 100 67 100 67 100 0 0
336 -1 701 700 67 100 701 700 67 100 1000 1000 67 100 67 100 67 100 0 0
337 -1 801 800 67 100 801 800 67 100 1000 1000 67 100 67 100 67 100 0 0
338 -1 901 900 67 100 901 900 67 100 1000 1000 67 100 67 100 67 100 0 0
339 -1 951 950 67 100 951 950 67 100 1000 1000 67 100 67 100 67 100 0 0
340 -1 1 0 68 100 1 0 68 100 1000 1000 68 100 68 100 68 100 0 0
341 -1 701 700 68 100 701 700 68 100 1000 1000 68 100 68 100 68 100 0 0
342 -1 801 800 68 100 801 800 68 100 1000 1000 68 100 68 100 68 100 0 0
343 -1 901 900 68 100 901 900 68 100 1000 1000 68 100 68 100 68 100 0 0
344 -1 951 950 68 100 951 950 68 100 1000 1000 68 100 68 100 68 100 0 0
345 -1 1 0 69 100 1 0 69 100 1000 1000 69 100 69 100 69 100 0 0
346 -1 701 700 69 100 701 700 69 100 1000 1000 69 100 69 100 69 100 0 0
347 -1 801 800 69 100 801 800 69 100 1000 1000 69 100 69 100 69 100 0 0
348 -1 901 900 69 100 901 900 69 100 1000 1000 69 100 69 100 69 100 0 0
349 -1 951 950 69 100 951 950 69 100 1000 1000 69 100 69 100 69 100 0 0
350 -1 1 0 70 100 1 0 70 100 1000 1000 70 100 70 100 70 100 0 0
351 -1 701 700 70 100 701 700 70 100 1000 1000 70 100 70 100 70 100 0 0
352 -1 801 800 70 100 801 800 70 100 1000 1000 70 100 70 100 70 100 0 0
353 -1 901 900 70 100 901 900 70 100 1000 1000 70 100 70 100 70 100 0 0
354 -1 951 950 70 100 951 950 70 100 1000 1000 70 100 70 100 70 100 0 0
355 -1 1 0 71 100 1 0 71 100 1000 1000 71 100 71 100 71 100 0 0
356 -1 701 700 71 100 701 700 71 100 1000 1000 71 100 71 100 71 100 0 0
357 -1 801 800 71 100 801 800 71 100 1000 1000 71 100 71 100 71 100 0 0
358 -1 901 900 71 100 901 900 71 100 1000 1000 71 100 71 100 71 100 0 0
359 -1 951 950 71 100 951 950 71 100 1000 1000 71 100 71 100 71 100 0 0
360 -1 1 0 72 100 1 0 72 100 1000 1000 72 100 72 100 72 100 0 0
361 -1 701 700 72 100 701 700 72 100 1000 1000 72 100 72 100 72 100 0 0
362 -1 801 800 72 100 801 800 72 100 1000 1000 72 100 72 100 72 100 0 0
363 -1 901 900 72 100 901 900 72 100 1000 1000 72 100 72 100 72 100 0 0
364 -1 951 950 72 100 951 950 72 100 1000 1000 72 100 72 100 72 100 0 0
365 -1 1 0 73 100 1 0 73 100 1000 1000 73 100 73 100 73 100 0 0
366 -1 701 700 73 100 701 700 73 100 1000 1000 73 100 73 100 73 100 0 0
367 -1 801 800 73 100 801 800 73 100 1000 1000 73 100 73 100 73 100 0 0
368 -1 901 900 73 100 901 900 73 100 1000 1000 73 100 73 100 73 100 0 0
369 -1 951 950 73 100 951 950 73 100 1000 1000 73 100 73 100 73 100 0 0
370 -1 1 0 74 100 1 0 74 100 1000 1000 74 100 74 100 74 100 0 0
371 -1 701 700 74 100 701 700 74 100 1000 1000 74 100 74 100 74 100 0 0
372 -1 801 800 74 100 801 800 74 100 1000 1000 74 100 74 100 74 100 0 0
373 -1 901 900 74 100 901 900 74 100 1000 1000 74 100 74 100 74 100 0 0
374 -1 951 950 74 100 951 950 74 100 1000 1000 74 100 74 100 74 100 0 0
375 -1 1 0 75 100 1 0 75 100 1000 1000 75 100 75 100 75 100 0 0
376 -1 701 700 75 100 701 700 75 100 1000 1000 75 100 75 100 75 100 0 0
377 -1 801 800 75 100 801 800 75 100 1000 1000 75 100 75 100 75 100 0 0
378 -1 901 900 75 100 901 900 75 100 1000 1000 75 100 75 100 75 100 0 0
379 -1 951 950 75 100 951 950 75 100 1000 1000 75 100 75 100 75 100 0 0
380 -1 1 0 76 100 1 0 76 100 1000 1000 76 100 76 100 76 100 0 0
381 -1 701 700 76 100 701 700 76 100 1000 1000 76 100 76 100 76 100 0 0
382 -1 801 800 76 100 801 800 76 100 1000 1000 76 100 76 100 76 100 0 0
383 -1 901 900 76 100 901 900 76 100 1000 1000 76 100 76 100 76 100 0 0
384 -1 951 950 76 100 951 950 76 100 1000 1000 76 100 76 100 76 100 0 0
385 -1 1 0 77 100 1 0 77 100 1000 1000 77 100 77 100 77 100 0 0
386 -1 701 700 77 100 701 700 77 100 1000 1000 77 100 77 100 77 100 0 0
387 -1 801 800 77 100 801 800 77 100 1000 1000 77 100 77 100 77 100 0 0
388 -1 901 900 77 100 901 900 77 100 1000 1000 77 100 77 100 77 100 0 0
389 -1 951 950 77 100 951 950 77 100 1000 1000 77 100 77 100 77 100 0 0
390 -1 1 0 78 100 1 0 78 100 1000 1000 78 100 78 100 78 100 0 0
391 -1 701 700 78 100 701 700 78 100 1000 1000 78 100 78 100 78 100 0 0
392 -1 801 800 78 100 801 800 78 100 1000 1000 78 100 78 100 78 100 0 0
393 -1 901 900 78 100 901 900 78 100 1000 1000 78 100 78 100 78 100 0 0
394 -1 951 950 78 100 951 950 78 100 1000 1000 78 100 78 100 78 100 0 0
395 -1 1 0 79 100 1 0 79 100 1000 1000 79 100 79 100 79 100 0 0
396 -1 701 700 79 100 701 700 79 100 1000 1000 79 100 79 100 79 100 0 0
397 -1 801 800 79 100 801 800 79 100 1000 1000 79 100 79 100 79 100 0 0
398 -1 901 900 79 100 901 900 79 100 1000 1000 79 100 79 100 79 100 0 0
399 -1 951 950 79 100 951 950 79 100 1000 1000 79 100 79 100 79 100 0 0
400 -1 1 0 80 100 1 0 80 100 1000 1000 80 100 80 100 80 100 0 0
401 -1 701 700 80 100 701 700 80 100 1000 1000 80 100 80 100 80 100 0 0
402 -1 801 800 80 100 801 800 80 100 1000 1000 80 100 80 100 80 100 0 0
403 -1 901 900 80 100 901 900 80 100 1000 1000 80 100 80 100 80 100 0 0
404 -1 951 950 80 100 951 950 80 100 1000 1000 80 100 80 100 80 100 0 0
405 -1 1 0 81 100 1 0 81 100 1000 1000 81 100 81 100 81 100 0 0
406 -1 701 700 81 100 701 700 81 100 1000 1000 81 100 81 100 81 100 0 0
407 -1 801 800 81 100 801 800 81 100 1000 1000 81 100 81 100 81 100 0 0
408 -1 901 900 81 100 901 900 81 100 1000 1000 81 100 81 100 81 100 0 0
409 -1 951 950 81 100 951 950 81 100 1000 1000 81 100 81 100 81 100 0 0
410 -1 1 0 82 100 1 0 82 100 1000 1000 82 100 82 100 82 100 0 0
411 -1 701 700 82 100 701 700 82 100 1000 1000 82 100 82 100 82 100 0 0
412 -1 801 800 82 100 801 800 82 100 1000 1000 82 100 82 100 82 100 0 0
413 -1 901 900 82 100 901 900 82 100 1000 1000 82 100 82 100 82 100 0 0
414 -1 951 950 82 100 951 950 82 100 1000 1000 82 100 82 100 82 100 0 0
415 -1 1 0 83 100 1 0 83 100 1000 1000 83 100 83 100 83 100 0 0
416 -1 701 700 83 100 701 700 83 100 1000 1000 83 100 83 100 83 100 0 0
417 -1 801 800 83 100 801 800 83 100 1000 1000 83 100 83 100 83 100 0 0
418 -1 901 900 83 100 901 900 83 100 1000 1000 83 100 83 100 83 100 0 0
419 -1 951 950 83 100 951 950 83 100 1000 1000 83 100 83 100 83 100 0 0
420 -1 1 0 84 100 1 0 84 100 1000 1000 84 100 84 100 84 100 0 0
421 -1 701 700 84 100 701 700 84 100 1000 1000 84 100 84 100 84 100 0 0
422 -1 801 800 84 100 801 800 84 100 1000 1000 84 100 84 100 84 100 0 0
423 -1 901 900 84 100 901 900 84 100 1000 1000 84 100 84 100 84 100 0 0
424 -1 951 950 84 100 951 950 84 100 1000 1000 84 100 84 100 84 100 0 0
425 -1 1 0 85 100 1 0 85 100 1000 1000 85 100 85 100 85 100 0 0
426 -1 701 700 85 100 701 700 85 100 1000 1000 85 100 85 100 85 100 0 0
427 -1 801 800 85 100 801 800 85 100 1000 1000 85 100 85 100 85 100 0 0
428 -1 901 900 85 100 901 900 85 100 1000 1000 85 100 85 100 85 100 0 0
429 -1 951 950 85 100 951 950 85 100 1000 1000 85 100 85 100 85 100 0 0
430 -1 1 0 86 100 1 0 86 100 1000 1000 86 100 86 100 86 100 0 0
431 -1 701 700 86 100 701 700 86 100 1000 1000 86 100 86 100 86 100 0 0
432 -1 801 800 86 100 801 800 86 100 1000 1000 86 100 86 100 86 100 0 0
433 -1 901 900 86 100 901 900 86 100 1000 1000 86 100 86 100 86 100 0 0
434 -1 951 950 86 100 951 950 86 100 1000 1000 86 100 86 100 86 100 0 0
435 -1 1 0 87 100 1 0 87 100 1000 1000 87 100 87 100 87 100 0 0
436 -1 701 700 87 100 701 700 87 100 1000 1000 87 100 87 100 87 100 0 0
437 -1 801 800 87 100 801 800 87 100 1000 1000 87 100 87 100 87 100 0 0
438 -1 901 900 87 100 901 900 87 100 1000 1000 87 100 87 100 87 100 0 0
439 -1 951 950 87 100 951 950 87 100 1000 1000 87 100 87 100 87 100 0 0
440 -1 1 0 88 100 1 0 88 100 1000 1000 88 100 88 100 88 100 0 0
441 -1 701 700 88 100 701 700 88 100 1000 1000 88 100 88 100 88 100 0 0
442 -1 801 800 88 100 801 800 88 100 1000 1000 88 100 88 100 88 100 0 0
443 -1 901 900 88 100 901 900 88 100 1000 1000 88 100 88 100 88 100 0 0
444 -1 951 950 88 100 951 950 88 100 1000 1000 88 100 88 100 88 100 0 0
445 -1 1 0 89 100 1 0 89 100 1000 1000 89 100 89 100 89 100 0 0
446 -1 701 700 89 100 701 700 89 100 1000 1000 89 100 89 100 89 100 0 0
447 -1 801 800 89 100 801 800 89 100 1000 1000 89 100 89 100 89 100 0 0
448 -1 901 900 89 100 901 900 89 100 1000 1000 89 100 89 100 89 100 0 0
449 -1 951 950 89 100 951 950 89 100 1000 1000 89 100 89 100 89 100 0 0
450 -1 1 0 90 100 1 0 90 100 1000 1000 90 100 90 100 90 100 0 0
451 -1 701 700 90 100 701 700 90 100 1000 1000 90 100 90 100 90 100 0 0
452 -1 801 800 90 100 801 800 90 100 1000 1000 90 100 90 100 90 100 0 0
453 -1 901 900 90 100 901 900 90 100 1000 1000 90 100 90 100 90 100 0 0
454 -1 951 950 90 100 951 950 90 100 1000 1000 90 100 90 100 90 100 0 0
455 -1 1 0 91 100 1 0 91 100 1000 1000 91 100 91 100 91 100 0 0
456 -1 701 700 91 100 701 700 91 100 1000 1000 91 100 91 100 91 100 0 0
457 -1 801 800 91 100 801 800 91 100 1000 1000 91 100 91 100 91 100 0 0
458 -1 901 900 91 100 901 900 91 100 1000 1000 91 100 91 100 91 100 0 0
459 -1 951 950 91 100 951 950 91 100 1000 1000 91 100 91 100 91 100 0 0
460 -1 1 0 92 100 1 0 92 100 1000 1000 92 100 92 100 92 100 0 0
461 -1 701 700 92 100 701 700 92 100 1000 1000 92 100 92 100 92 100 0 0
462 -1 801 800 92 100 801 800 92 100 1000 1000 92 100 92 100 92 100 0 0
463 -1 901 900 92 100 901 900 92 100 1000 1000 92 100 92 100 92 100 0 0
464 -1 951 950 92 100 951 950 92 100 1000 1000 92 100 92 100 92 100 0 0
465 -1 1 0 93 100 1 0 93 100 1000 1000 93 100 93 100 93 100 0 0
466 -1 701 700 93 100 701 700 93 100 1000 1000 93 100 93 100 93 100 0 0
467 -1 801 800 93 100 801 800 93 100 1000 1000 93 100 93 100 93 100 0 0
468 -1 901 900 93 100 901 900 93 100 1000 1000 93 100 93 100 93 100 0 0
469 -1 951 950 93 100 951 950 93 100 1000 1000 93 100 93 100 93 100 0 0
470 -1 1 0 94 100 1 0 94 100 1000 1000 94 100 94 100 94 100 0 0
471 -1 701 700 94 100 701 700 94 100 1000 1000 94 100 94 100 94 100 0 0
472 -1 801 800 94 100 801 800 94 100 1000 1000 94 100 94 100 94 100 0 0
473 -1 901 900 94 100 901 900 94 100 1000 1000 94 100 94 100 94 100 0 0
474 -1 951 950 94 100 951 950 94 100 1000 1000 94 100 94 100 94 100 0 0
475 -1 1 0 95 100 1 0 95 100 1000 1000 95 100 95 100 95 100 0 0
476 -1 701 700 95 100 701 700 95 100 1000 1000 95 100 95 100 95 100 0 0
477 -1 801 800 95 100 801 800 95 100 1000 1000 95 100 95 100 95 100 0 0
478 -1 901 900 95 100 901 900 95 100 1000 1000 95 100 95 100 95 100 0 0
479 -1 951 950 95 100 951 950 95 100 1000 1000 95 100 95 100 95 100 0 0
480 -1 1 0 96 100 1 0 96 100 1000 1000 96 100 96 100 96 100 0 0
481 -1 701 700 96 100 701 700 96 100 1000 1000 96 100 96 100 96 100 0 0
482 -1 801 800 96 100 801 800 96 100 1000 1000 96 100 96 100 96 100 0 0
483 -1 901 900 96 100 901 900 96 100 1000 1000 96 100 96 100 96 100 0 0
484 -1 951 950 96 100 951 950 96 100 1000 1000 96 100 96 100 96 100 0 0
485 -1 1 0 97 100 1 0 97 100 1000 1000 97 100 97 100 97 100 0 0
486 -1 701 700 97 100 701 700 97 100 1000 1000 97 100 97 100 97 100 0 0
487 -1 801 800 97 100 801 800 97 100 1000 1000 97 100 97 100 97 100 0 0
488 -1 901 900 97 100 901 900 97 100 1000 1000 97 100 97 100 97 100 0 0
489 -1 951 950 97 100 951 950 97 100 1000 1000 97 100 97 100 97 100 0 0
490 -1 1 0 98 100 1 0 98 100 1000 1000 98 100 98 100 98 100 0 0
491 -1 701 700 98 100 701 700 98 100 1000 1000 98 100 98 100 98 100 0 0
492 -1 801 800 98 100 801 800 98 100 1000 1000 98 100 98 100 98 100 0 0
493 -1 901 900 98 100 901 900 98 100 1000 1000 98 100 98 100 98 100 0 0
494 -1 951 950 98 100 951 950 98 100 1000 1000 98 100 98 100 98 100 0 0
495 -1 1 0 99 100 1 0 99 100 1000 1000 99 100 99 100 99 100 0 0
496 -1 701 700 99 100 701 700 99 100 1000 1000 99 100 99 100 99 100 0 0
497 -1 801 800 99 100 801 800 99 100 1000 1000 99 100 99 100 99 100 0 0
498 -1 901 900 99 100 901 900 99 100 1000 1000 99 100 99 100 99 100 0 0
499 -1 951 950 99 100 951 950 99 100 1000 1000 99 100 99 100 99 100 0 0
500 -1 1 0 100 100 1 0 100 100 1000 1000 100 100 100 100 100 100 0 0
501 -1 701 700 100 100 701 700 100 100 1000 1000 100 100 100 100 100 100 0 0
502 -1 801 800 100 100 801 800 100 100 1000 1000 100 100 100 100 100 100 0 0
503 -1 901 900 100 100 901 900 100 100 1000 1000 100 100 100 100 100 100 0 0
504 -1 951 950 100 100 951 950 100 100 1000 1000 100 100 100 100 100 100 0 0
505 -1 951 800 0 100 951 800 0 100 1000 1000 100 100 100 100 100 100 1 0
506 -1 901 0 0 100 901 0 0 100 1000 1000 0 100 0 100 0 100 0 1
507 -1 801 300 0 100 801 300 0 100 1000 1000 20 100 20 100 20 100 2 1
508 -1 951 300 50 100 951 300 50 100 1000 1000 5 100 5 100 5 100 2 1
509 -1 801 0 20 100 801 0 20 100 1000 1000 0 100 0 100 0 100 1 1
510 -1 701 300 50 100 701 300 50 100 1000 1000 5 100 5 100 5 100 1 0
511 -1 701 0 50 100 701 0 50 100 1000 1000 100 100 100 100 100 100 2 0
512 -1 701 300 50 100 701 300 50 100 1000 1000 10 100 10 100 10 100 0 1
513 -1 901 0 50 100 901 0 50 100 1000 1000 0 100 0 100 0 100 1 0
514 -1 801 600 100 100 801 600 100 100 1000 1000 5 100 5 100 5 100 2 0
515 -1 901 0 100 100 901 0 100 100 1000 1000 100 100 100 100 100 100 2 1
516 -1 801 800 100 100 801 800 100 100 1000 1000 20 100 20 100 20 100 1 1
517 -1 901 600 100 100 901 600 100 100 1000 1000 10 100 10 100 10 100 1 1
518 -1 901 0 0 100 901 0 0 100 1000 1000 15 100 15 100 15 100 2 0
519 -1 951 0 20 100 951 0 20 100 1000 1000 20 100 20 100 20 100 0 1
520 -1 901 800 50 100 901 800 50 100 1000 1000 20 100 20 100 20 100 1 0
521 -1 901 300 50 100 901 300 50 100 1000 1000 9 100 9 100 9 100 2 1
522 -1 801 300 50 100 801 300 50 100 1000 1000 20 100 20 100 20 100 1 0
523 -1 901 600 0 100 901 600 0 100 1000 1000 5 100 5 100 5 100 1 1
524 -1 701 0 20 100 701 0 20 100 1000 1000 5 100 5 100 5 100 0 1
525 -1 701 0 20 100 701 0 20 100 1000 1000 27 100 27 100 27 100 1 0
526 -1 1 0 50 100 1 0 50 100 1000 1000 9 100 9 100 9 100 0 1
527 -1 951 300 100 100 951 300 100 100 1000 1000 27 100 27 100 27 100 1 1
528 -1 701 600 80 100 701 600 80 100 1000 1000 0 100 0 100 0 100 1 1
529 -1 901 600 0 100 901 600 0 100 1000 1000 100 100 100 100 100 100 2 1
530 -1 901 300 80 100 901 300 80 100 1000 1000 20 100 20 100 20 100 2 1
531 -1 901 600 50 100 901 600 50 100 1000 1000 15 100 15 100 15 100 1 0
532 -1 1 0 100 100 1 0 100 100 1000 1000 27 100 27 100 27 100 2 1
533 -1 801 0 0 100 801 0 0 100 1000 1000 20 100 20 100 20 100 2 0
534 -1 801 600 100 100 801 600 100 100 1000 1000 0 100 0 100 0 100 2 0
535 -1 901 800 20 100 901 800 20 100 1000 1000 20 100 20 100 20 100 1 1
536 -1 901 600 0 100 901 600 0 100 1000 1000 9 100 9 100 9 100 0 0
537 -1 951 800 50 100 951 800 50 100 1000 1000 9 100 9 100 9 100 2 1
538 -1 801 600 50 100 801 600 50 100 1000 1000 9 100 9 100 9 100 2 1
539 -1 901 800 80 100 901 800 80 100 1000 1000 27 100 27 100 27 100 1 0
540 -1 801 300 0 100 801 300 0 100 1000 1000 27 100 27 100 27 100 1 1
541 -1 901 0 100 100 901 0 100 100 1000 1000 20 100 20 100 20 100 1 0
542 -1 701 0 80 100 701 0 80 100 1000 1000 0 100 0 100 0 100 0 1
543 -1 701 300 0 100 701 300 0 100 1000 1000 5 100 5 100 5 100 0 0
544 -1 901 0 50 100 901 0 50 100 1000 1000 5 100 5 100 5 100 0 1
545 -1 801 800 100 100 801 800 100 100 1000 1000 5 100 5 100 5 100 1 0
546 -1 701 300 50 100 701 300 50 100 1000 1000 0 100 0 100 0 100 1 0
547 -1 801 300 80 100 801 300 80 100 1000 1000 27 100 27 100 27 100 2 0
548 -1 951 0 80 100 951 0 80 100 1000 1000 15 100 15 100 15 100 2 0
549 -1 901 800 100 100 901 800 100 100 1000 1000 5 100 5 100 5 100 1 1
550 -1 801 300 50 100 801 300 50 100 1000 1000 15 100 15 100 15 100 0 1
551 -1 801 600 50 100 801 600 50 100 1000 1000 0 100 0 100 0 100 0 0
552 -1 701 600 100 100 701 600 100 100 1000 1000 0 100 0 100 0 100 1 0
553 -1 901 800 100 100 901 800 100 100 1000 1000 0 100 0 100 0 100 0 0
554 -1 801 0 100 100 801 0 100 100 1000 1000 100 100 100 100 100 100 2 1
555 -1 801 600 20 100 801 600 20 100 1000 1000 20 100 20 100 20 100 2 1
556 -1 901 0 100 100 901 0 100 100 1000 1000 20 100 20 100 20 100 0 1
557 -1 701 600 0 100 701 600 0 100 1000 1000 0 100 0 100 0 100 1 1
558 -1 901 600 0 100 901 600 0 100 1000 1000 0 100 0 100 0 100 0 0
559 -1 901 0 50 100 901 0 50 100 1000 1000 15 100 15 100 15 100 0 0
560 -1 951 800 100 100 951 800 100 100 1000 1000 10 100 10 100 10 100 2 1
561 -1 701 0 80 100 701 0 80 100 1000 1000 100 100 100 100 100 100 0 1
562 -1 951 300 100 100 951 300 100 100 1000 1000 0 100 0 100 0 100 2 0
563 -1 901 300 0 100 901 300 0 100 1000 1000 100 100 100 100 100 100 2 0
564 -1 701 600 80 100 701 600 80 100 1000 1000 9 100 9 100 9 100 0 1
565 -1 951 0 0 100 951 0 0 100 1000 1000 9 100 9 100 9 100 2 0
566 -1 951 0 0 100 951 0 0 100 1000 1000 9 100 9 100 9 100 0 1
567 -1 951 0 20 100 951 0 20 100 1000 1000 15 100 15 100 15 100 1 0
568 -1 801 800 100 100 801 800 100 100 1000 1000 9 100 9 100 9 100 1 1
569 -1 951 800 80 100 951 800 80 100 1000 1000 15 100 15 100 15 100 1 0
570 -1 901 800 100 100 901 800 100 100 1000 1000 10 100 10 100 10 100 1 1
571 -1 951 300 0 100 951 300 0 100 1000 1000 9 100 9 100 9 100 2 1
572 -1 1 0 20 100 1 0 20 100 1000 1000 15 100 15 100 15 100 0 1
573 -1 951 800 80 100 951 800 80 100 1000 1000 5 100 5 100 5 100 0 0
574 -1 701 300 20 100 701 300 20 100 1000 1000 9 100 9 100 9 100 2 0
575 -1 701 300 20 100 701 300 20 100 1000 1000 5 100 5 100 5 100 0 1
576 -1 951 0 20 100 951 0 20 100 1000 1000 5 100 5 100 5 100 1 1
577 -1 1 0 0 100 1 0 0 100 1000 1000 5 100 5 100 5 100 0 0
578 -1 801 300 0 100 801 300 0 100 1000 1000 9 100 9 100 9 100 1 0
579 -1 801 800 50 100 801 800 50 100 1000 1000 15 100 15 100 15 100 1 0
580 -1 801 0 100 100 801 0 100 100 1000 1000 0 100 0 100 0 100 2 0
581 -1 1 0 80 100 1 0 80 100 1000 1000 15 100 15 100 15 100 0 1
582 -1 951 600 0 100 951 600 0 100 1000 1000 20 100 20 100 20 100 0 0
583 -1 951 0 0 100 951 0 0 100 1000 1000 10 100 10 100 10 100 1 1
584 -1 701 600 0 100 701 600 0 100 1000 1000 0 100 0 100 0 100 2 0
585 -1 951 300 0 100 951 300 0 100 1000 1000 15 100 15 100 15 100 2 0
586 -1 801 600 50 100 801 600 50 100 1000 1000 20 100 20 100 20 100 2 0
587 -1 951 300 100 100 951 300 100 100 1000 1000 9 100 9 100 9 100 1 0
588 -1 951 600 100 100 951 600 100 100 1000 1000 15 100 15 100 15 100 1 1
589 -1 701 300 80 100 701 300 80 100 1000 1000 10 100 10 100 10 100 2 1
590 -1 951 600 50 100 951 600 50 100 1000 1000 15 100 15 100 15 100 2 1
591 -1 951 800 80 100 951 800 80 100 1000 1000 0 100 0 100 0 100 0 1
592 -1 1 0 50 100 1 0 50 100 1000 1000 0 100 0 100 0 100 1 1
593 -1 801 600 0 100 801 600 0 100 1000 1000 0 100 0 100 0 100 1 0
594 -1 801 300 80 100 801 300 80 100 1000 1000 10 100 10 100 10 100 0 1
595 -1 701 0 0 100 701 0 0 100 1000 1000 100 100 100 100 100 100 1 0
596 -1 801 800 20 100 801 800 20 100 1000 1000 5 100 5 100 5 100 1 1
597 -1 701 300 0 100 701 300 0 100 1000 1000 0 100 0 100 0 100 1 1
598 -1 701 600 80 100 701 600 80 100 1000 1000 20 100 20 100 20 100 1 1
599 -1 801 300 100 100 801 300 100 100 1000 1000 20 100 20 100 20 100 1 0
600 -1 951 800 50 100 951 800 50 100 1000 1000 100 100 100 100 100 100 1 0
601 -1 901 0 20 100 901 0 20 100 1000 1000 15 100 15 100 15 100 2 0
602 -1 1 0 50 100 1 0 50 100 1000 1000 5 100 5 100 5 100 1 0
603 -1 901 0 0 100 901 0 0 100 1000 1000 15 100 15 100 15 100 1 1
604 -1 1 0 50 100 1 0 50 100 1000 1000 10 100 10 100 10 100 0 0
605 -1 901 0 20 100 901 0 20 100 1000 1000 10 100 10 100 10 100 0 0
606 -1 901 300 80 100 901 300 80 100 1000 1000 20 100 20 100 20 100 1 1
607 -1 901 0 100 100 901 0 100 100 1000 1000 10 100 10 100 10 100 2 0
608 -1 901 600 0 100 901 600 0 100 1000 1000 10 100 10 100 10 100 1 1
609 -1 801 600 0 100 801 600 0 100 1000 1000 5 100 5 100 5 100 2 1
610 -1 701 0 50 100 701 0 50 100 1000 1000 27 100 27 100 27 100 1 1
611 -1 801 0 80 100 801 0 80 100 1000 1000 10 100 10 100 10 100 1 0
612 -1 951 300 50 100 951 300 50 100 1000 1000 0 100 0 100 0 100 0 1
613 -1 901 800 50 100 901 800 50 100 1000 1000 27 100 27 100 27 100 0 1
614 -1 801 600 20 100 801 600 20 100 1000 1000 15 100 15 100 15 100 0 0
615 -1 901 0 100 100 901 0 100 100 1000 1000 100 100 100 100 100 100 2 0
616 -1 801 0 20 100 801 0 20 100 1000 1000 27 100 27 100 27 100 1 1
617 -1 951 0 0 100 951 0 0 100 1000 1000 20 100 20 100 20 100 2 0
618 -1 951 800 80 100 951 800 80 100 1000 1000 9 100 9 100 9 100 2 0
619 -1 701 600 20 100 701 600 20 100 1000 1000 0 100 0 100 0 100 0 1
620 -1 801 300 100 100 801 300 100 100 1000 1000 10 100 10 100 10 100 2 0
621 -1 801 0 80 100 801 0 80 100 1000 1000 5 100 5 100 5 100 0 1
622 -1 951 800 50 100 951 800 50 100 1000 1000 20 100 20 100 20 100 2 1
623 -1 901 300 20 100 901 300 20 100 1000 1000 0 100 0 100 0 100 2 1
624 -1 951 0 100 100 951 0 100 100 1000 1000 20 100 20 100 20 100 1 1
625 -1 901 300 0 100 901 300 0 100 1000 1000 10 100 10 100 10 100 0 0
626 -1 1 0 20 100 1 0 20 100 1000 1000 9 100 9 100 9 100 1 0
627 -1 951 300 50 100 951 300 50 100 1000 1000 5 100 5 100 5 100 2 0
628 -1 1 0 0 100 1 0 0 100 1000 1000 10 100 10 100 10 100 0 0
629 -1 701 0 100 100 701 0 100 100 1000 1000 9 100 9 100 9 100 0 1
630 -1 701 600 80 100 701 600 80 100 1000 1000 0 100 0 100 0 100 1 0
631 -1 801 600 0 100 801 600 0 100 1000 1000 9 100 9 100 9 100 1 0
632 -1 951 600 100 100 951 600 100 100 1000 1000 5 100 5 100 5 100 1 1
633 -1 901 600 100 100 901 600 100 100 1000 1000 20 100 20 100 20 100 0 1
634 -1 901 600 50 100 901 600 50 100 1000 1000 100 100 100 100 100 100 0 0
635 -1 901 0 100 100 901 0 100 100 1000 1000 10 100 10 100 10 100 0 1
636 -1 951 300 50 100 951 300 50 100 1000 1000 0 100 0 100 0 100 2 0
637 -1 951 0 0 100 951 0 0 100 1000 1000 27 100 27 100 27 100 0 0
638 -1 801 0 80 100 801 0 80 100 1000 1000 100 100 100 100 100 100 2 0
639 -1 951 800 80 100 951 800 80 100 1000 1000 20 100 20 100 20 100 2 0
640 -1 701 600 100 100 701 600 100 100 1000 1000 15 100 15 100 15 100 2 1
641 -1 951 0 80 100 951 0 80 100 1000 1000 0 100 0 100 0 100 0 0
642 -1 901 600 80 100 901 600 80 100 1000 1000 15 100 15 100 15 100 1 0
643 -1 901 0 50 100 901 0 50 100 1000 1000 10 100 10 100 10 100 0 0
644 -1 951 300 20 100 951 300 20 100 1000 1000 10 100 10 100 10 100 1 1
645 -1 901 800 0 100 901 800 0 100 1000 1000 100 100 100 100 100 100 2 1
646 -1 901 0 80 100 901 0 80 100 1000 1000 27 100 27 100 27 100 2 1
647 -1 701 0 50 100 701 0 50 100 1000 1000 9 100 9 100 9 100 1 0
648 -1 801 800 0 100 801 800 0 100 1000 1000 9 100 9 100 9 100 1 1
649 -1 901 300 50 100 901 300 50 100 1000 1000 20 100 20 100 20 100 2 1
650 -1 701 0 20 100 701 0 20 100 1000 1000 100 100 100 100 100 100 0 0
651 -1 801 0 0 100 801 0 0 100 1000 1000 0 100 0 100 0 100 0 1
652 -1 801 300 20 100 801 300 20 100 1000 1000 5 100 5 100 5 100 0 1
653 -1 801 300 50 100 801 300 50 100 1000 1000 100 100 100 100 100 100 2 1
654 -1 801 800 20 100 801 800 20 100 1000 1000 0 100 0 100 0 100 1 1
655 -1 801 0 0 100 801 0 0 100 1000 1000 27 100 27 100 27 100 1 0
656 -1 701 300 80 100 701 300 80 100 1000 1000 5 100 5 100 5 100 1 0
657 -1 901 800 20 100 901 800 20 100 1000 1000 9 100 9 100 9 100 0 1
658 -1 1 0 20 100 1 0 20 100 1000 1000 9 100 9 100 9 100 2 0
659 -1 701 0 80 100 701 0 80 100 1000 1000 100 100 100 100 100 100 1 1
660 -1 901 800 0 100 901 800 0 100 1000 1000 27 100 27 100 27 100 1 1
661 -1 951 600 20 100 951 600 20 100 1000 1000 27 100 27 100 27 100 1 0
662 -1 901 800 100 100 901 800 100 100 1000 1000 10 100 10 100 10 100 1 0
663 -1 901 0 50 100 901 0 50 100 1000 1000 5 100 5 100 5 100 1 0
664 -1 901 300 20 100 901 300 20 100 1000 1000 10 100 10 100 10 100 2 0
665 -1 901 0 50 100 901 0 50 100 1000 1000 20 100 20 100 20 100 2 1
666 -1 901 300 0 100 901 300 0 100 1000 1000 15 100 15 100 15 100 1 0
667 -1 951 800 100 100 951 800 100 100 1000 1000 100 100 100 100 100 100 0 1
668 -1 701 300 50 100 701 300 50 100 1000 1000 10 100 10 100 10 100 1 0
669 -1 801 300 0 100 801 300 0 100 1000 1000 10 100 10 100 10 100 2 0
670 -1 1 0 80 100 1 0 80 100 1000 1000 0 100 0 100 0 100 2 0
671 -1 801 600 100 100 801 600 100 100 1000 1000 27 100 27 100 27 100 1 0
672 -1 801 0 100 100 801 0 100 100 1000 1000 15 100 15 100 15 100 1 0
673 -1 701 0 0 100 701 0 0 100 1000 1000 0 100 0 100 0 100 0 0
674 -1 951 0 20 100 951 0 20 100 1000 1000 5 100 5 100 5 100 2 1
675 -1 801 300 50 100 801 300 50 100 1000 1000 10 100 10 100 10 100 1 0
676 -1 951 600 80 100 951 600 80 100 1000 1000 100 100 100 100 100 100 1 1
677 -1 951 800 80 100 951 800 80 100 1000 1000 5 100 5 100 5 100 2 0
678 -1 951 800 100 100 951 800 100 100 1000 1000 0 100 0 100 0 100 0 0
679 -1 951 0 0 100 951 0 0 100 1000 1000 5 100 5 100 5 100 1 1
680 -1 901 800 80 100 901 800 80 100 1000 1000 20 100 20 100 20 100 1 0
681 -1 951 300 50 100 951 300 50 100 1000 1000 20 100 20 100 20 100 1 0
682 -1 901 300 50 100 901 300 50 100 1000 1000 15 100 15 100 15 100 1 0
683 -1 951 600 20 100 951 600 20 100 1000 1000 15 100 15 100 15 100 1 1
684 -1 901 800 0 100 901 800 0 100 1000 1000 15 100 15 100 15 100 2 1
685 -1 951 800 50 100 951 800 50 100 1000 1000 100 100 100 100 100 100 1 1
686 -1 951 800 0 100 951 800 0 100 1000 1000 5 100 5 100 5 100 0 1
687 -1 901 300 100 100 901 300 100 100 1000 1000 15 100 15 100 15 100 0 1
688 -1 801 800 100 100 801 800 100 100 1000 1000 9 100 9 100 9 100 2 0
689 -1 951 800 50 100 951 800 50 100 1000 1000 100 100 100 100 100 100 2 0
690 -1 801 300 0 100 801 300 0 100 1000 1000 100 100 100 100 100 100 2 1
691 -1 801 600 0 100 801 600 0 100 1000 1000 27 100 27 100 27 100 0 1
692 -1 801 300 100 100 801 300 100 100 1000 1000 27 100 27 100 27 100 1 1
693 -1 951 300 20 100 951 300 20 100 1000 1000 15 100 15 100 15 100 2 0
694 -1 1 0 100 100 1 0 100 100 1000 1000 27 100 27 100 27 100 0 1
695 -1 701 0 100 100 701 0 100 100 1000 1000 20 100 20 100 20 100 2 1
696 -1 701 600 0 100 701 600 0 100 1000 1000 100 100 100 100 100 100 0 1
697 -1 951 800 20 100 951 800 20 100 1000 1000 10 100 10 100 10 100 0 0
698 -1 951 0 20 100 951 0 20 100 1000 1000 15 100 15 100 15 100 2 1
699 -1 951 600 0 100 951 600 0 100 1000 1000 5 100 5 100 5 100 0 1
700 -1 1 0 0 100 1 0 0 100 1000 1000 9 100 9 100 9 100 2 1
701 -1 1 0 0 100 1 0 0 100 1000 1000 15 100 15 100 15 100 2 1
702 -1 951 600 80 100 951 600 80 100 1000 1000 100 100 100 100 100 100 2 0
703 -1 1 0 80 100 1 0 80 100 1000 1000 27 100 27 100 27 100 1 1
704 -1 951 600 0 100 951 600 0 100 1000 1000 100 100 100 100 100 100 2 1
705 -1 901 0 100 100 901 0 100 100 1000 1000 0 100 0 100 0 100 0 0
706 -1 701 0 0 100 701 0 0 100 1000 1000 10 100 10 100 10 100 1 0
707 -1 951 300 80 100 951 300 80 100 1000 1000 27 100 27 100 27 100 1 0
708 -1 801 300 20 100 801 300 20 100 1000 1000 9 100 9 100 9 100 1 0
709 -1 901 800 50 100 901 800 50 100 1000 1000 9 100 9 100 9 100 1 1
710 -1 801 800 100 100 801 800 100 100 1000 1000 27 100 27 100 27 100 1 1
711 -1 901 300 50 100 901 300 50 100 1000 1000 100 100 100 100 100 100 1 1
712 -1 701 600 80 100 701 600 80 100 1000 1000 5 100 5 100 5 100 1 0
713 -1 801 600 20 100 801 600 20 100 1000 1000 27 100 27 100 27 100 0 1
714 -1 901 300 100 100 901 300 100 100 1000 1000 5 100 5 100 5 100 1 0
715 -1 951 800 50 100 951 800 50 100 1000 1000 0 100 0 100 0 100 2 0
716 -1 901 600 0 100 901 600 0 100 1000 1000 27 100 27 100 27 100 2 0
717 -1 901 300 0 100 901 300 0 100 1000 1000 27 100 27 100 27 100 2 1
718 -1 701 300 50 100 701 300 50 100 1000 1000 9 100 9 100 9 100 0 1
719 -1 951 800 0 100 951 800 0 100 1000 1000 27 100 27 100 27 100 1 0
720 -1 701 300 20 100 701 300 20 100 1000 1000 5 100 5 100 5 100 2 1
721 -1 801 600 50 100 801 600 50 100 1000 1000 15 100 15 100 15 100 0 1
722 -1 901 0 50 100 901 0 50 100 1000 1000 5 100 5 100 5 100 2 0
723 -1 801 300 20 100 801 300 20 100 1000 1000 27 100 27 100 27 100 1 1
724 -1 801 600 100 100 801 600 100 100 1000 1000 9 100 9 100 9 100 2 1
725 -1 801 300 80 100 801 300 80 100 1000 1000 5 100 5 100 5 100 1 1
726 -1 901 300 0 100 901 300 0 100 1000 1000 100 100 100 100 100 100 2 1
727 -1 801 0 80 100 801 0 80 100 1000 1000 5 100 5 100 5 100 1 1
728 -1 801 300 20 100 801 300 20 100 1000 1000 9 100 9 100 9 100 2 1
729 -1 701 300 80 100 701 300 80 100 1000 1000 5 100 5 100 5 100 0 0
730 -1 801 800 20 100 801 800 20 100 1000 1000 9 100 9 100 9 100 1 1
731 -1 801 300 50 100 801 300 50 100 1000 1000 9 100 9 100 9 100 2 1
732 -1 801 300 100 100 801 300 100 100 1000 1000 5 100 5 100 5 100 1 1
733 -1 951 300 20 100 951 300 20 100 1000 1000 27 100 27 100 27 100 2 0
734 -1 901 600 50 100 901 600 50 100 1000 1000 9 100 9 100 9 100 0 0
735 -1 801 600 50 100 801 600 50 100 1000 1000 27 100 27 100 27 100 0 1
736 -1 801 0 20 100 801 0 20 100 1000 1000 27 100 27 100 27 100 0 1
737 -1 701 0 80 100 701 0 80 100 1000 1000 20 100 20 100 20 100 1 1
738 -1 701 0 20 100 701 0 20 100 1000 1000 9 100 9 100 9 100 2 0
739 -1 901 600 50 100 901 600 50 100 1000 1000 20 100 20 100 20 100 2 1
740 -1 901 600 100 100 901 600 100 100 1000 1000 15 100 15 100 15 100 0 1
741 -1 701 300 0 100 701 300 0 100 1000 1000 9 100 9 100 9 100 1 1
742 -1 801 600 20 100 801 600 20 100 1000 1000 5 100 5 100 5 100 1 0
743 -1 901 800 20 100 901 800 20 100 1000 1000 9 100 9 100 9 100 1 1
744 -1 701 600 50 100 701 600 50 100 1000 1000 5 100 5 100 5 100 0 0
745 -1 801 800 100 100 801 800 100 100 1000 1000 0 100 0 100 0 100 0 0
746 -1 901 0 80 100 901 0 80 100 1000 1000 10 100 10 100 10 100 0 1
747 -1 901 0 80 100 901 0 80 100 1000 1000 9 100 9 100 9 100 0 0
748 -1 701 0 20 100 701 0 20 100 1000 1000 27 100 27 100 27 100 1 1
749 -1 801 300 0 100 801 300 0 100 1000 1000 10 100 10 100 10 100 2 1
750 -1 951 800 0 100 951 800 0 100 1000 1000 15 100 15 100 15 100 0 1
751 -1 951 0 100 100 951 0 100 100 1000 1000 15 100 15 100 15 100 1 1
752 -1 801 300 80 100 801 300 80 100 1000 1000 5 100 5 100 5 100 2 1
753 -1 701 0 80 100 701 0 80 100 1000 1000 100 100 100 100 100 100 2 1
754 -1 951 600 50 100 951 600 50 100 1000 1000 0 100 0 100 0 100 2 1
755 -1 951 0 50 100 951 0 50 100 1000 1000 100 100 100 100 100 100 2 1
756 -1 801 600 100 100 801 600 100 100 1000 1000 100 100 100 100 100 100 2 0
757 -1 951 600 100 100 951 600 100 100 1000 1000 20 100 20 100 20 100 0 1
758 -1 801 800 50 100 801 800 50 100 1000 1000 20 100 20 100 20 100 2 1
759 -1 951 0 20 100 951 0 20 100 1000 1000 15 100 15 100 15 100 0 1
760 -1 801 600 80 100 801 600 80 100 1000 1000 10 100 10 100 10 100 1 1
761 -1 801 600 80 100 801 600 80 100 1000 1000 20 100 20 100 20 100 2 0
762 -1 901 0 0 100 901 0 0 100 1000 1000 27 100 27 100 27 100 0 0
763 -1 901 600 20 100 901 600 20 100 1000 1000 10 100 10 100 10 100 0 1
764 -1 951 300 50 100 951 300 50 100 1000 1000 5 100 5 100 5 100 1 0
765 -1 801 300 20 100 801 300 20 100 1000 1000 9 100 9 100 9 100 2 0
766 -1 801 800 0 100 801 800 0 100 1000 1000 20 100 20 100 20 100 1 1
767 -1 701 300 80 100 701 300 80 100 1000 1000 10 100 10 100 10 100 1 1
768 -1 1 0 0 100 1 0 0 100 1000 1000 5 100 5 100 5 100 2 0
769 -1 1 0 50 100 1 0 50 100 1000 1000 9 100 9 100 9 100 2 0
770 -1 901 800 80 100 901 800 80 100 1000 1000 20 100 20 100 20 100 0 1
771 -1 951 300 100 100 951 300 100 100 1000 1000 10 100 10 100 10 100 1 0
772 -1 901 300 50 100 901 300 50 100 1000 1000 10 100 10 100 10 100 0 1
773 -1 801 600 100 100 801 600 100 100 1000 1000 0 100 0 100 0 100 2 1
774 -1 801 0 100 100 801 0 100 100 1000 1000 10 100 10 100 10 100 0 1
775 -1 1 0 50 100 1 0 50 100 1000 1000 20 100 20 100 20 100 0 0
776 -1 701 300 20 100 701 300 20 100 1000 1000 20 100 20 100 20 100 1 0
777 -1 951 800 50 100 951 800 50 100 1000 1000 10 100 10 100 10 100 2 0
778 -1 801 800 100 100 801 800 100 100 1000 1000 100 100 100 100 100 100 0 1
779 -1 901 800 20 100 901 800 20 100 1000 1000 15 100 15 100 15 100 1 0
780 -1 701 0 50 100 701 0 50 100 1000 1000 10 100 10 100 10 100 2 1
781 -1 901 0 80 100 901 0 80 100 1000 1000 15 100 15 100 15 100 1 1
782 -1 701 0 50 100 701 0 50 100 1000 1000 15 100 15 100 15 100 2 1
783 -1 701 600 0 100 701 600 0 100 1000 1000 100 100 100 100 100 100 1 0
784 -1 901 800 80 100 901 800 80 100 1000 1000 0 100 0 100 0 100 1 0
785 -1 901 0 100 100 901 0 100 100 1000 1000 5 100 5 100 5 100 0 0
786 -1 701 300 100 100 701 300 100 100 1000 1000 5 100 5 100 5 100 1 1
787 -1 951 800 20 100 951 800 20 100 1000 1000 9 100 9 100 9 100 1 0
788 -1 801 300 0 100 801 300 0 100 1000 1000 10 100 10 100 10 100 0 0
789 -1 951 300 20 100 951 300 20 100 1000 1000 9 100 9 100 9 100 1 0
790 -1 801 0 80 100 801 0 80 100 1000 1000 10 100 10 100 10 100 0 0
791 -1 801 300 0 100 801 300 0 100 1000 1000 0 100 0 100 0 100 1 1
792 -1 951 0 50 100 951 0 50 100 1000 1000 20 100 20 100 20 100 2 0
793 -1 951 0 80 100 951 0 80 100 1000 1000 20 100 20 100 20 100 0 1
794 -1 901 300 100 100 901 300 100 100 1000 1000 5 100 5 100 5 100 1 1
795 -1 801 300 100 100 801 300 100 100 1000 1000 15 100 15 100 15 100 1 1
796 -1 1 0 100 100 1 0 100 100 1000 1000 10 100 10 100 10 100 2 0
797 -1 951 600 80 100 951 600 80 100 1000 1000 27 100 27 100 27 100 0 0
798 -1 801 800 0 100 801 800 0 100 1000 1000 10 100 10 100 10 100 1 1
799 -1 951 800 20 100 951 800 20 100 1000 1000 0 100 0 100 0 100 2 1
800 -1 951 300 50 100 951 300 50 100 1000 1000 100 100 100 100 100 100 0 0
801 -1 801 800 100 100 801 800 100 100 1000 1000 100 100 100 100 100 100 1 0
802 -1 951 800 20 100 951 800 20 100 1000 1000 27 100 27 100 27 100 1 1
803 -1 801 300 100 100 801 300 100 100 1000 1000 10 100 10 100 10 100 1 1
804 -1 801 300 20 100 801 300 20 100 1000 1000 15 100 15 100 15 100 0 1
805 -1 701 600 0 100 701 600 0 100 1000 1000 0 100 0 100 0 100 0 1
806 -1 901 600 100 100 901 600 100 100 1000 1000 27 100 27 100 27 100 2 0
807 -1 1 0 80 100 1 0 80 100 1000 1000 5 100 5 100 5 100 2 0
808 -1 901 300 100 100 901 300 100 100 1000 1000 10 100 10 100 10 100 0 1
809 -1 801 600 100 100 801 600 100 100 1000 1000 27 100 27 100 27 100 0 0
810 -1 901 300 0 100 901 300 0 100 1000 1000 9 100 9 100 9 100 2 1
811 -1 701 0 50 100 701 0 50 100 1000 1000 9 100 9 100 9 100 0 1
812 -1 901 600 50 100 901 600 50 100 1000 1000 100 100 100 100 100 100 2 1
813 -1 951 0 50 100 951 0 50 100 1000 1000 10 100 10 100 10 100 0 1
814 -1 901 300 50 100 901 300 50 100 1000 1000 27 100 27 100 27 100 2 0
815 -1 901 300 50 100 901 300 50 100 1000 1000 10 100 10 100 10 100 1 0
816 -1 801 800 100 100 801 800 100 100 1000 1000 5 100 5 100 5 100 1 1
817 -1 951 600 20 100 951 600 20 100 1000 1000 27 100 27 100 27 100 0 1
818 -1 951 600 20 100 951 600 20 100 1000 1000 5 100 5 100 5 100 1 1
819 -1 801 600 50 100 801 600 50 100 1000 1000 5 100 5 100 5 100 2 0
820 -1 801 300 80 100 801 300 80 100 1000 1000 9 100 9 100 9 100 0 1
821 -1 801 600 100 100 801 600 100 100 1000 1000 100 100 100 100 100 100 0 0
822 -1 901 300 0 100 901 300 0 100 1000 1000 20 100 20 100 20 100 2 1
823 -1 1 0 0 100 1 0 0 100 1000 1000 10 100 10 100 10 100 2 1
824 -1 951 600 100 100 951 600 100 100 1000 1000 100 100 100 100 100 100 0 0
825 -1 1 0 80 100 1 0 80 100 1000 1000 100 100 100 100 100 100 2 0
826 -1 951 800 80 100 951 800 80 100 1000 1000 20 100 20 100 20 100 0 1
827 -1 701 300 100 100 701 300 100 100 1000 1000 100 100 100 100 100 100 1 0
828 -1 901 300 50 100 901 300 50 100 1000 1000 0 100 0 100 0 100 1 0
829 -1 801 300 0 100 801 300 0 100 1000 1000 100 100 100 100 100 100 1 1
830 -1 701 0 0 100 701 0 0 100 1000 1000 20 100 20 100 20 100 1 1
831 -1 801 300 0 100 801 300 0 100 1000 1000 27 100 27 100 27 100 0 1
832 -1 801 800 20 100 801 800 20 100 1000 1000 10 100 10 100 10 100 0 0
833 -1 901 800 0 100 901 800 0 100 1000 1000 100 100 100 100 100 100 1 1
834 -1 901 800 20 100 901 800 20 100 1000 1000 27 100 27 100 27 100 0 1
835 -1 951 300 100 100 951 300 100 100 1000 1000 9 100 9 100 9 100 0 0
836 -1 801 800 50 100 801 800 50 100 1000 1000 20 100 20 100 20 100 2 0
837 -1 901 800 80 100 901 800 80 100 1000 1000 9 100 9 100 9 100 0 0
838 -1 901 0 80 100 901 0 80 100 1000 1000 100 100 100 100 100 100 1 0
839 -1 801 0 100 100 801 0 100 100 1000 1000 9 100 9 100 9 100 2 1
840 -1 801 800 20 100 801 800 20 100 1000 1000 5 100 5 100 5 100 0 1
841 -1 1 0 0 100 1 0 0 100 1000 1000 15 100 15 100 15 100 1 1
842 -1 801 600 100 100 801 600 100 100 1000 1000 10 100 10 100 10 100 2 1
843 -1 951 0 100 100 951 0 100 100 1000 1000 10 100 10 100 10 100 0 1
844 -1 701 600 0 100 701 600 0 100 1000 1000 20 100 20 100 20 100 1 1
845 -1 1 0 80 100 1 0 80 100 1000 1000 10 100 10 100 10 100 0 0
846 -1 951 600 100 100 951 600 100 100 1000 1000 5 100 5 100 5 100 2 0
847 -1 901 0 50 100 901 0 50 100 1000 1000 100 100 100 100 100 100 0 0
848 -1 801 0 20 100 801 0 20 100 1000 1000 100 100 100 100 100 100 1 0
849 -1 951 300 0 100 951 300 0 100 1000 1000 0 100 0 100 0 100 1 1
850 -1 801 0 50 100 801 0 50 100 1000 1000 9 100 9 100 9 100 1 1
851 -1 901 0 100 100 901 0 100 100 1000 1000 0 100 0 100 0 100 1 1
852 -1 1 0 100 100 1 0 100 100 1000 1000 5 100 5 100 5 100 2 0
853 -1 1 0 20 100 1 0 20 100 1000 1000 0 100 0 100 0 100 0 0
854 -1 801 600 20 100 801 600 20 100 1000 1000 5 100 5 100 5 100 0 1
855 -1 801 600 0 100 801 600 0 100 1000 1000 27 100 27 100 27 100 1 1
856 -1 801 300 80 100 801 300 80 100 1000 1000 100 100 100 100 100 100 0 0
857 -1 801 300 20 100 801 300 20 100 1000 1000 20 100 20 100 20 100 2 0
858 -1 801 0 0 100 801 0 0 100 1000 1000 10 100 10 100 10 100 2 0
859 -1 801 0 20 100 801 0 20 100 1000 1000 15 100 15 100 15 100 1 1
860 -1 801 800 20 100 801 800 20 100 1000 1000 15 100 15 100 15 100 0 0
861 -1 701 600 80 100 701 600 80 100 1000 1000 20 100 20 100 20 100 0 1
862 -1 901 600 50 100 901 600 50 100 1000 1000 10 100 10 100 10 100 1 1
863 -1 801 800 100 100 801 800 100 100 1000 1000 27 100 27 100 27 100 2 0
864 -1 801 300 20 100 801 300 20 100 1000 1000 10 100 10 100 10 100 2 1
865 -1 801 600 50 100 801 600 50 100 1000 1000 5 100 5 100 5 100 0 0
866 -1 901 600 0 100 901 600 0 100 1000 1000 0 100 0 100 0 100 0 1
867 -1 901 0 20 100 901 0 20 100 1000 1000 27 100 27 100 27 100 2 1
868 -1 901 0 0 100 901 0 0 100 1000 1000 20 100 20 100 20 100 1 0
869 -1 701 300 20 100 701 300 20 100 1000 1000 100 100 100 100 100 100 0 1
870 -1 951 0 20 100 951 0 20 100 1000 1000 9 100 9 100 9 100 0 0
871 -1 701 300 0 100 701 300 0 100 1000 1000 27 100 27 100 27 100 2 0
872 -1 951 800 20 100 951 800 20 100 1000 1000 27 100 27 100 27 100 2 1
873 -1 901 600 20 100 901 600 20 100 1000 1000 10 100 10 100 10 100 2 1
874 -1 901 300 50 100 901 300 50 100 1000 1000 0 100 0 100 0 100 0 0
875 -1 701 300 0 100 701 300 0 100 1000 1000 100 100 100 100 100 100 0 1
876 -1 901 600 0 100 901 600 0 100 1000 1000 100 100 100 100 100 100 1 0
877 -1 951 0 20 100 951 0 20 100 1000 1000 10 100 10 100 10 100 2 1
878 -1 801 800 100 100 801 800 100 100 1000 1000 100 100 100 100 100 100 2 1
879 -1 901 800 50 100 901 800 50 100 1000 1000 5 100 5 100 5 100 0 0
880 -1 951 600 0 100 951 600 0 100 1000 1000 0 100 0 100 0 100 2 0
881 -1 951 800 100 100 951 800 100 100 1000 1000 27 100 27 100 27 100 2 0
882 -1 801 300 100 100 801 300 100 100 1000 1000 0 100 0 100 0 100 1 1
883 -1 701 300 0 100 701 300 0 100 1000 1000 0 100 0 100 0 100 2 0
884 -1 951 300 0 100 951 300 0 100 1000 1000 15 100 15 100 15 100 0 0
885 -1 951 600 80 100 951 600 80 100 1000 1000 20 100 20 100 20 100 0 0
886 -1 901 600 80 100 901 600 80 100 1000 1000 9 100 9 100 9 100 2 0
887 -1 801 600 50 100 801 600 50 100 1000 1000 100 100 100 100 100 100 0 0
888 -1 801 600 80 100 801 600 80 100 1000 1000 100 100 100 100 100 100 1 1
889 -1 801 0 20 100 801 0 20 100 1000 1000 0 100 0 100 0 100 1 0
890 -1 901 0 0 100 901 0 0 100 1000 1000 5 100 5 100 5 100 1 1
891 -1 801 300 0 100 801 300 0 100 1000 1000 20 100 20 100 20 100 0 0
892 -1 1 0 20 100 1 0 20 100 1000 1000 0 100 0 100 0 100 1 0
893 -1 801 800 100 100 801 800 100 100 1000 1000 20 100 20 100 20 100 2 0
894 -1 951 300 20 100 951 300 20 100 1000 1000 100 100 100 100 100 100 0 1
895 -1 701 0 100 100 701 0 100 100 1000 1000 10 100 10 100 10 100 2 1
896 -1 801 800 0 100 801 800 0 100 1000 1000 5 100 5 100 5 100 1 1
897 -1 801 600 80 100 801 600 80 100 1000 1000 10 100 10 100 10 100 2 0
898 -1 901 300 20 100 901 300 20 100 1000 1000 5 100 5 100 5 100 2 1
899 -1 701 600 50 100 701 600 50 100 1000 1000 9 100 9 100 9 100 2 1
900 -1 951 800 80 100 951 800 80 100 1000 1000 9 100 9 100 9 100 0 1
901 -1 901 300 80 100 901 300 80 100 1000 1000 15 100 15 100 15 100 0 1
902 -1 951 0 100 100 951 0 100 100 1000 1000 10 100 10 100 10 100 0 0
903 -1 951 600 80 100 951 600 80 100 1000 1000 20 100 20 100 20 100 1 0
904 -1 801 0 20 100 801 0 20 100 1000 1000 15 100 15 100 15 100 0 1
905 -1 801 600 50 100 801 600 50 100 1000 1000 100 100 100 100 100 100 2 1
906 -1 801 800 20 100 801 800 20 100 1000 1000 10 100 10 100 10 100 1 0
907 -1 901 600 50 100 901 600 50 100 1000 1000 10 100 10 100 10 100 2 0
908 -1 951 300 0 100 951 300 0 100 1000 1000 20 100 20 100 20 100 1 1
909 -1 951 0 20 100 951 0 20 100 1000 1000 10 100 10 100 10 100 1 0
910 -1 701 0 80 100 701 0 80 100 1000 1000 10 100 10 100 10 100 2 1
911 -1 901 0 0 100 901 0 0 100 1000 1000 5 100 5 100 5 100 0 0
912 -1 701 600 100 100 701 600 100 100 1000 1000 20 100 20 100 20 100 1 1
913 -1 801 800 50 100 801 800 50 100 1000 1000 100 100 100 100 100 100 2 0
914 -1 701 300 0 100 701 300 0 100 1000 1000 9 100 9 100 9 100 0 1
915 -1 801 800 20 100 801 800 20 100 1000 1000 27 100 27 100 27 100 0 1
916 -1 701 300 50 100 701 300 50 100 1000 1000 9 100 9 100 9 100 1 1
917 -1 951 800 80 100 951 800 80 100 1000 1000 5 100 5 100 5 100 1 0
918 -1 801 600 0 100 801 600 0 100 1000 1000 0 100 0 100 0 100 0 1
919 -1 951 0 0 100 951 0 0 100 1000 1000 0 100 0 100 0 100 0 1
920 -1 1 0 80 100 1 0 80 100 1000 1000 0 100 0 100 0 100 0 1
921 -1 951 300 0 100 951 300 0 100 1000 1000 0 100 0 100 0 100 2 0
922 -1 901 300 100 100 901 300 100 100 1000 1000 10 100 10 100 10 100 0 0
923 -1 951 800 20 100 951 800 20 100 1000 1000 15 100 15 100 15 100 2 0
924 -1 701 600 80 100 701 600 80 100 1000 1000 5 100 5 100 5 100 2 0
925 -1 701 300 100 100 701 300 100 100 1000 1000 0 100 0 100 0 100 1 0
926 -1 801 800 50 100 801 800 50 100 1000 1000 27 100 27 100 27 100 2 1
927 -1 901 600 80 100 901 600 80 100 1000 1000 10 100 10 100 10 100 1 1
928 -1 801 300 100 100 801 300 100 100 1000 1000 100 100 100 100 100 100 2 1
929 -1 801 0 0 100 801 0 0 100 1000 1000 100 100 100 100 100 100 2 0
930 -1 951 300 100 100 951 300 100 100 1000 1000 10 100 10 100 10 100 2 0
931 -1 901 800 80 100 901 800 80 100 1000 1000 27 100 27 100 27 100 0 0
932 -1 801 800 0 100 801 800 0 100 1000 1000 0 100 0 100 0 100 1 0
933 -1 901 300 80 100 901 300 80 100 1000 1000 10 100 10 100 10 100 1 1
934 -1 701 300 20 100 701 300 20 100 1000 1000 15 100 15 100 15 100 1 1
935 -1 701 300 80 100 701 300 80 100 1000 1000 0 100 0 100 0 100 2 1
936 -1 701 600 100 100 701 600 100 100 1000 1000 20 100 20 100 20 100 0 1
937 -1 951 300 100 100 951 300 100 100 1000 1000 9 100 9 100 9 100 0 1
938 -1 951 800 20 100 951 800 20 100 1000 1000 20 100 20 100 20 100 1 1
939 -1 701 600 0 100 701 600 0 100 1000 1000 20 100 20 100 20 100 1 0
940 -1 701 600 80 100 701 600 80 100 1000 1000 100 100 100 100 100 100 1 1
941 -1 951 600 80 100 951 600 80 100 1000 1000 100 100 100 100 100 100 0 1
942 -1 701 600 80 100 701 600 80 100 1000 1000 10 100 10 100 10 100 2 0
943 -1 701 600 0 100 701 600 0 100 1000 1000 5 100 5 100 5 100 2 1
944 -1 901 800 20 100 901 800 20 100 1000 1000 9 100 9 100 9 100 1 0
945 -1 901 800 80 100 901 800 80 100 1000 1000 15 100 15 100 15 100 0 1
946 -1 801 800 100 100 801 800 100 100 1000 1000 100 100 100 100 100 100 1 1
947 -1 801 300 80 100 801 300 80 100 1000 1000 100 100 100 100 100 100 2 0
948 -1 901 0 0 100 901 0 0 100 1000 1000 5 100 5 100 5 100 1 0
949 -1 801 0 20 100 801 0 20 100 1000 1000 9 100 9 100 9 100 0 1
950 -1 951 0 50 100 951 0 50 100 1000 1000 100 100 100 100 100 100 1 0
951 -1 701 600 100 100 701 600 100 100 1000 1000 9 100 9 100 9 100 2 0
952 -1 701 300 100 100 701 300 100 100 1000 1000 27 100 27 100 27 100 2 1
953 -1 951 800 80 100 951 800 80 100 1000 1000 20 100 20 100 20 100 0 0
954 -1 901 800 20 100 901 800 20 100 1000 1000 100 100 100 100 100 100 0 1
955 -1 901 300 20 100 901 300 20 100 1000 1000 27 100 27 100 27 100 0 0
956 -1 801 600 20 100 801 600 20 100 1000 1000 10 100 10 100 10 100 1 1
957 -1 901 300 0 100 901 300 0 100 1000 1000 9 100 9 100 9 100 0 1
958 -1 951 300 0 100 951 300 0 100 1000 1000 15 100 15 100 15 100 2 1
959 -1 901 800 80 100 901 800 80 100 1000 1000 5 100 5 100 5 100 0 0
960 -1 701 600 100 100 701 600 100 100 1000 1000 9 100 9 100 9 100 0 1
961 -1 901 600 100 100 901 600 100 100 1000 1000 15 100 15 100 15 100 0 0
962 -1 701 0 80 100 701 0 80 100 1000 1000 15 100 15 100 15 100 1 1
963 -1 951 600 50 100 951 600 50 100 1000 1000 20 100 20 100 20 100 1 1
964 -1 901 0 80 100 901 0 80 100 1000 1000 0 100 0 100 0 100 1 1
965 -1 801 0 80 100 801 0 80 100 1000 1000 15 100 15 100 15 100 0 1
966 -1 801 800 100 100 801 800 100 100 1000 1000 27 100 27 100 27 100 1 0
967 -1 901 300 50 100 901 300 50 100 1000 1000 0 100 0 100 0 100 1 1
968 -1 951 800 20 100 951 800 20 100 1000 1000 5 100 5 100 5 100 2 1
969 -1 951 0 100 100 951 0 100 100 1000 1000 10 100 10 100 10 100 2 1
970 -1 701 300 80 100 701 300 80 100 1000 1000 5 100 5 100 5 100 2 0
971 -1 801 600 20 100 801 600 20 100 1000 1000 27 100 27 100 27 100 1 0
972 -1 801 0 50 100 801 0 50 100 1000 1000 10 100 10 100 10 100 0 1
973 -1 801 0 0 100 801 0 0 100 1000 1000 9 100 9 100 9 100 1 0
974 -1 901 600 20 100 901 600 20 100 1000 1000 15 100 15 100 15 100 1 1
975 -1 701 0 20 100 701 0 20 100 1000 1000 27 100 27 100 27 100 0 1
976 -1 901 600 20 100 901 600 20 100 1000 1000 100 100 100 100 100 100 2 0
977 -1 951 300 0 100 951 300 0 100 1000 1000 9 100 9 100 9 100 1 0
978 -1 901 600 100 100 901 600 100 100 1000 1000 15 100 15 100 15 100 1 0
979 -1 701 0 20 100 701 0 20 100 1000 1000 100 100 100 100 100 100 2 1
980 -1 901 800 50 100 901 800 50 100 1000 1000 0 100 0 100 0 100 2 0
981 -1 701 300 80 100 701 300 80 100 1000 1000 5 100 5 100 5 100 1 1
982 -1 801 0 100 100 801 0 100 100 1000 1000 5 100 5 100 5 100 2 0
983 -1 951 300 50 100 951 300 50 100 1000 1000 10 100 10 100 10 100 0 1
984 -1 801 300 80 100 801 300 80 100 1000 1000 27 100 27 100 27 100 2 1
985 -1 801 800 50 100 801 800 50 100 1000 1000 0 100 0 100 0 100 2 1
986 -1 901 800 50 100 901 800 50 100 1000 1000 10 100 10 100 10 100 0 0
987 -1 901 300 0 100 901 300 0 100 1000 1000 9 100 9 100 9 100 1 1
988 -1 801 0 50 100 801 0 50 100 1000 1000 9 100 9 100 9 100 0 1
989 -1 901 300 80 100 901 300 80 100 1000 1000 0 100 0 100 0 100 2 0
990 -1 951 800 50 100 951 800 50 100 1000 1000 0 100 0 100 0 100 0 1
991 -1 951 0 20 100 951 0 20 100 1000 1000 27 100 27 100 27 100 2 1
992 -1 701 600 20 100 701 600 20 100 1000 1000 10 100 10 100 10 100 0 0
993 -1 951 300 20 100 951 300 20 100 1000 1000 15 100 15 100 15 100 0 0
994 -1 801 300 80 100 801 300 80 100 1000 1000 0 100 0 100 0 100 0 1
995 -1 701 600 0 100 701 600 0 100 1000 1000 27 100 27 100 27 100 2 1
996 -1 951 600 80 100 951 600 80 100 1000 1000 27 100 27 100 27 100 0 1
997 -1 951 300 20 100 951 300 20 100 1000 1000 5 100 5 100 5 100 0 0
998 -1 901 600 20 100 901 600 20 100 1000 1000 9 100 9 100 9 100 2 1
999 -1 701 0 80 100 701 0 80 100 1000 1000 5 100 5 100 5 100 2 0
1000 -1 801 300 50 100 801 300 50 100 1000 1000 20 100 20 100 20 100 0 1
1001 -1 801 800 20 100 801 800 20 100 1000 1000 9 100 9 100 9 100 2 1
1002 -1 951 800 20 100 951 800 20 100 1000 1000 20 100 20 100 20 100 1 0
1003 -1 901 600 50 100 901 600 50 100 1000 1000 10 100 10 100 10 100 0 1
1004 -1 951 800 20 100 951 800 20 100 1000 1000 10 100 10 100 10 100 2 0
1005 -1 701 0 50 100 701 0 50 100 1000 1000 27 100 27 100 27 100 2 0
1006 -1 801 300 100 100 801 300 100 100 1000 1000 5 100 5 100 5 100 0 0
1007 -1 951 300 0 100 951 300 0 100 1000 1000 10 100 10 100 10 100 2 1
1008 -1 951 600 100 100 951 600 100 100 1000 1000 5 100 5 100 5 100 1 0
1009 -1 901 0 0 100 901 0 0 100 1000 1000 0 100 0 100 0 100 2 1
1010 -1 1 0 20 100 1 0 20 100 1000 1000 5 100 5 100 5 100 2 0
1011 -1 951 600 0 100 951 600 0 100 1000 1000 9 100 9 100 9 100 1 0
1012 -1 1 0 50 100 1 0 50 100 1000 1000 27 100 27 100 27 100 1 0
1013 -1 951 600 80 100 951 600 80 100 1000 1000 9 100 9 100 9 100 2 0
1014 -1 951 0 100 100 951 0 100 100 1000 1000 27 100 27 100 27 100 2 1
1015 -1 951 0 100 100 951 0 100 100 1000 1000 15 100 15 100 15 100 0 1
1016 -1 701 600 80 100 701 600 80 100 1000 1000 20 100 20 100 20 100 1 0
1017 -1 801 800 20 100 801 800 20 100 1000 1000 15 100 15 100 15 100 1 1
1018 -1 701 0 50 100 701 0 50 100 1000 1000 15 100 15 100 15 100 0 0
1019 -1 901 0 100 100 901 0 100 100 1000 1000 9 100 9 100 9 100 1 0
1020 -1 901 800 100 100 901 800 100 100 1000 1000 10 100 10 100 10 100 0 0
1021 -1 701 600 100 100 701 600 100 100 1000 1000 5 100 5 100 5 100 1 1
1022 -1 1 0 100 100 1 0 100 100 1000 1000 100 100 100 100 100 100 2 0
1023 -1 951 300 20 100 951 300 20 100 1000 1000 15 100 15 100 15 100 2 1
1024 -1 951 600 20 100 951 600 20 100 1000 1000 100 100 100 100 100 100 2 1
1025 -1 951 0 0 100 951 0 0 100 1000 1000 0 100 0 100 0 100 1 0
1026 -1 901 600 100 100 901 600 100 100 1000 1000 10 100 10 100 10 100 1 0
1027 -1 901 0 20 100 901 0 20 100 1000 1000 0 100 0 100 0 100 2 0
1028 -1 901 0 100 100 901 0 100 100 1000 1000 5 100 5 100 5 100 1 0
1029 -1 701 0 0 100 701 0 0 100 1000 1000 5 100 5 100 5 100 2 0
1030 -1 901 800 80 100 901 800 80 100 1000 1000 10 100 10 100 10 100 1 0
1031 -1 701 0 100 100 701 0 100 100 1000 1000 9 100 9 100 9 100 2 1
1032 -1 951 800 0 100 951 800 0 100 1000 1000 20 100 20 100 20 100 1 0
1033 -1 951 600 50 100 951 600 50 100 1000 1000 20 100 20 100 20 100 2 1
1034 -1 701 0 20 100 701 0 20 100 1000 1000 27 100 27 100 27 100 2 0
1035 -1 901 0 50 100 901 0 50 100 1000 1000 9 100 9 100 9 100 1 0
1036 -1 901 0 0 100 901 0 0 100 1000 1000 5 100 5 100 5 100 0 1
1037 -1 701 300 80 100 701 300 80 100 1000 1000 10 100 10 100 10 100 0 1
1038 -1 901 0 0 100 901 0 0 100 1000 1000 20 100 20 100 20 100 2 0
1039 -1 701 600 50 100 701 600 50 100 1000 1000 0 100 0 100 0 100 0 1
1040 -1 801 0 20 100 801 0 20 100 1000 1000 20 100 20 100 20 100 2 0
1041 -1 951 800 20 100 951 800 20 100 1000 1000 5 100 5 100 5 100 0 1
1042 -1 801 800 0 100 801 800 0 100 1000 1000 10 100 10 100 10 100 2 1
1043 -1 801 300 80 100 801 300 80 100 1000 1000 10 100 10 100 10 100 1 0
1044 -1 951 300 20 100 951 300 20 100 1000 1000 100 100 100 100 100 100 0 0
1045 -1 951 0 50 100 951 0 50 100 1000 1000 20 100 20 100 20 100 2 1
1046 -1 801 300 50 100 801 300 50 100 1000 1000 15 100 15 100 15 100 0 0
1047 -1 701 0 100 100 701 0 100 100 1000 1000 27 100 27 100 27 100 1 1
1048 -1 1 0 20 100 1 0 20 100 1000 1000 0 100 0 100 0 100 2 0
1049 -1 801 300 80 100 801 300 80 100 1000 1000 9 100 9 100 9 100 2 1
1050 -1 951 300 0 100 951 300 0 100 1000 1000 15 100 15 100 15 100 1 0
1051 -1 951 0 0 100 951 0 0 100 1000 1000 27 100 27 100 27 100 2 1
1052 -1 701 300 80 100 701 300 80 100 1000 1000 20 100 20 100 20 100 2 0
1053 -1 951 600 50 100 951 600 50 100 1000 1000 15 100 15 100 15 100 2 0
1054 -1 951 600 20 100 951 600 20 100 1000 1000 9 100 9 100 9 100 2 1
1055 -1 951 800 100 100 951 800 100 100 1000 1000 0 100 0 100 0 100 1 1
1056 -1 801 300 20 100 801 300 20 100 1000 1000 100 100 100 100 100 100 0 0
1057 -1 951 600 0 100 951 600 0 100 1000 1000 27 100 27 100 27 100 1 1
1058 -1 801 0 20 100 801 0 20 100 1000 1000 10 100 10 100 10 100 1 1
1059 -1 1 0 100 100 1 0 100 100 1000 1000 0 100 0 100 0 100 1 1
1060 -1 901 0 100 100 901 0 100 100 1000 1000 9 100 9 100 9 100 2 1
1061 -1 701 0 20 100 701 0 20 100 1000 1000 5 100 5 100 5 100 1 1
1062 -1 701 300 50 100 701 300 50 100 1000 1000 9 100 9 100 9 100 2 0
1063 -1 901 800 50 100 901 800 50 100 1000 1000 15 100 15 100 15 100 2 1
1064 -1 1 0 20 100 1 0 20 100 1000 1000 9 100 9 100 9 100 2 1
1065 -1 901 0 20 100 901 0 20 100 1000 1000 20 100 20 100 20 100 2 0
1066 -1 801 0 50 100 801 0 50 100 1000 1000 20 100 20 100 20 100 0 1
1067 -1 801 800 100 100 801 800 100 100 1000 1000 5 100 5 100 5 100 0 1
1068 -1 801 300 80 100 801 300 80 100 1000 1000 27 100 27 100 27 100 0 0
1069 -1 951 600 50 100 951 600 50 100 1000 1000 27 100 27 100 27 100 1 0
1070 -1 951 300 0 100 951 300 0 100 1000 1000 10 100 10 100 10 100 1 0
1071 -1 901 300 50 100 901 300 50 100 1000 1000 9 100 9 100 9 100 1 0
1072 -1 901 0 80 100 901 0 80 100 1000 1000 20 100 20 100 20 100 0 1
1073 -1 801 0 100 100 801 0 100 100 1000 1000 100 100 100 100 100 100 1 1
1074 -1 901 800 100 100 901 800 100 100 1000 1000 27 100 27 100 27 100 1 0
1075 -1 801 0 50 100 801 0 50 100 1000 1000 0 100 0 100 0 100 1 0
1076 -1 701 0 20 100 701 0 20 100 1000 1000 15 100 15 100 15 100 0 0
1077 -1 701 300 0 100 701 300 0 100 1000 1000 27 100 27 100 27 100 2 1
1078 -1 901 600 0 100 901 600 0 100 1000 1000 15 100 15 100 15 100 1 0
1079 -1 801 800 80 100 801 800 80 100 1000 1000 15 100 15 100 15 100 0 0
1080 -1 951 300 0 100 951 300 0 100 1000 1000 27 100 27 100 27 100 0 1
1081 -1 1 0 80 100 1 0 80 100 1000 1000 5 100 5 100 5 100 1 1
1082 -1 701 600 100 100 701 600 100 100 1000 1000 10 100 10 100 10 100 2 1
1083 -1 951 800 80 100 951 800 80 100 1000 1000 0 100 0 100 0 100 1 0
1084 -1 801 800 100 100 801 800 100 100 1000 1000 27 100 27 100 27 100 0 1
1085 -1 701 0 0 100 701 0 0 100 1000 1000 100 100 100 100 100 100 1 1
1086 -1 951 600 20 100 951 600 20 100 1000 1000 10 100 10 100 10 100 2 0
1087 -1 901 0 100 100 901 0 100 100 1000 1000 100 100 100 100 100 100 0 0
1088 -1 901 600 0 100 901 600 0 100 1000 1000 5 100 5 100 5 100 2 1
1089 -1 951 600 80 100 951 600 80 100 1000 1000 15 100 15 100 15 100 0 1
1090 -1 901 300 20 100 901 300 20 100 1000 1000 0 100 0 100 0 100 2 0
1091 -1 951 0 100 100 951 0 100 100 1000 1000 100 100 100 100 100 100 2 0
1092 -1 951 0 20 100 951 0 20 100 1000 1000 20 100 20 100 20 100 2 1
1093 -1 901 300 20 100 901 300 20 100 1000 1000 0 100 0 100 0 100 0 1
1094 -1 901 0 20 100 901 0 20 100 1000 1000 20 100 20 100 20 100 1 1
1095 -1 951 800 50 100 951 800 50 100 1000 1000 15 100 15 100 15 100 1 0
1096 -1 951 300 100 100 951 300 100 100 1000 1000 5 100 5 100 5 100 1 0
1097 -1 901 800 50 100 901 800 50 100 1000 1000 5 100 5 100 5 100 1 1
1098 -1 701 0 100 100 701 0 100 100 1000 1000 100 100 100 100 100 100 1 1
1099 -1 901 600 100 100 901 600 100 100 1000 1000 15 100 15 100 15 100 2 1
1100 -1 801 800 50 100 801 800 50 100 1000 1000 9 100 9 100 9 100 0 1
1101 -1 801 600 100 100 801 600 100 100 1000 1000 15 100 15 100 15 100 0 1
1102 -1 901 600 50 100 901 600 50 100 1000 1000 15 100 15 100 15 100 1 1
1103 -1 801 600 80 100 801 600 80 100 1000 1000 27 100 27 100 27 100 1 0
1104 -1 901 0 50 100 901 0 50 100 1000 1000 100 100 100 100 100 100 2 1
1105 -1 950 800 0 100 950 800 0 100 1000 1000 10 100 10 100 10 100 0 0
1106 -1 850 800 80 100 850 800 80 100 1000 1000 0 100 0 100 0 100 1 0
1107 -1 900 700 80 100 900 700 80 100 1000 1000 20 100 20 100 20 100 0 0
1108 -1 800 100 100 100 800 100 100 100 1000 1000 20 100 20 100 20 100 2 0
1109 -1 850 800 100 100 850 800 100 100 1000 1000 9 100 9 100 9 100 0 0
1110 -1 850 700 100 100 850 700 100 100 1000 1000 5 100 5 100 5 100 2 0
1111 -1 850 100 0 100 850 100 0 100 1000 1000 15 100 15 100 15 100 0 0
1112 -1 950 500 0 100 950 500 0 100 1000 1000 0 100 0 100 0 100 1 0
1113 -1 900 300 0 100 900 300 0 100 1000 1000 15 100 15 100 15 100 0 0
1114 -1 900 100 80 100 900 100 80 100 1000 1000 5 100 5 100 5 100 2 0
1115 -1 950 0 100 100 950 0 100 100 1000 1000 5 100 5 100 5 100 2 0
1116 -1 700 100 80 100 700 100 80 100 1000 1000 27 100 27 100 27 100 0 0
1117 -1 950 100 0 100 950 100 0 100 1000 1000 15 100 15 100 15 100 1 0
1118 -1 900 500 100 100 900 500 100 100 1000 1000 9 100 9 100 9 100 2 0
1119 -1 800 0 80 100 800 0 80 100 1000 1000 27 100 27 100 27 100 1 0
1120 -1 850 0 80 100 850 0 80 100 1000 1000 15 100 15 100 15 100 0 0
1121 -1 700 0 0 100 700 0 0 100 1000 1000 15 100 15 100 15 100 2 0
1122 -1 950 700 80 100 950 700 80 100 1000 1000 10 100 10 100 10 100 1 0
1123 -1 800 700 0 100 800 700 0 100 1000 1000 20 100 20 100 20 100 1 0
1124 -1 900 300 100 100 900 300 100 100 1000 1000 27 100 27 100 27 100 1 0
1125 -1 900 800 100 100 900 800 100 100 1000 1000 10 100 10 100 10 100 2 0
1126 -1 850 700 0 100 850 700 0 100 1000 1000 5 100 5 100 5 100 2 0
1127 -1 950 0 100 100 950 0 100 100 1000 1000 9 100 9 100 9 100 0 0
1128 -1 850 0 100 100 850 0 100 100 1000 1000 9 100 9 100 9 100 1 0
1129 -1 950 500 100 100 950 500 100 100 1000 1000 9 100 9 100 9 100 1 0
1130 -1 950 700 0 100 950 700 0 100 1000 1000 15 100 15 100 15 100 2 0
1131 -1 700 300 0 100 700 300 0 100 1000 1000 27 100 27 100 27 100 1 0
1132 -1 800 700 0 100 800 700 0 100 1000 1000 10 100 10 100 10 100 2 0
1133 -1 700 300 0 100 700 300 0 100 1000 1000 9 100 9 100 9 100 2 0
1134 -1 900 0 80 100 900 0 80 100 1000 1000 15 100 15 100 15 100 0 0
1135 -1 850 300 0 100 850 300 0 100 1000 1000 27 100 27 100 27 100 2 0
1136 -1 900 500 100 100 900 500 100 100 1000 1000 5 100 5 100 5 100 1 0
1137 -1 900 500 80 100 900 500 80 100 1000 1000 15 100 15 100 15 100 1 0
1138 -1 950 700 100 100 950 700 100 100 1000 1000 0 100 0 100 0 100 0 0
1139 -1 950 700 100 100 950 700 100 100 1000 1000 27 100 27 100 27 100 0 0
1140 -1 950 700 0 100 950 700 0 100 1000 1000 9 100 9 100 9 100 0 0
1141 -1 700 100 100 100 700 100 100 100 1000 1000 5 100 5 100 5 100 2 0
1142 -1 950 700 80 100 950 700 80 100 1000 1000 5 100 5 100 5 100 2 0
1143 -1 900 500 80 100 900 500 80 100 1000 1000 27 100 27 100 27 100 2 0
1144 -1 950 500 100 100 950 500 100 100 1000 1000 5 100 5 100 5 100 2 0
1145 -1 700 100 100 100 700 100 100 100 1000 1000 20 100 20 100 20 100 0 0
1146 -1 800 500 80 100 800 500 80 100 1000 1000 9 100 9 100 9 100 2 0
1147 -1 950 800 80 100 950 800 80 100 1000 1000 15 100 15 100 15 100 2 0
1148 -1 850 0 80 100 850 0 80 100 1000 1000 15 100 15 100 15 100 2 0
1149 -1 950 700 80 100 950 700 80 100 1000 1000 20 100 20 100 20 100 2 0
1150 -1 900 0 100 100 900 0 100 100 1000 1000 27 100 27 100 27 100 2 0
1151 -1 850 500 100 100 850 500 100 100 1000 1000 15 100 15 100 15 100 2 0
1152 -1 800 0 100 100 800 0 100 100 1000 1000 10 100 10 100 10 100 0 0
1153 -1 850 700 80 100 850 700 80 100 1000 1000 10 100 10 100 10 100 2 0
1154 -1 800 500 80 100 800 500 80 100 1000 1000 27 100 27 100 27 100 0 0
1155 -1 800 500 80 100 800 500 80 100 1000 1000 5 100 5 100 5 100 2 0
1156 -1 950 300 80 100 950 300 80 100 1000 1000 5 100 5 100 5 100 0 0
1157 -1 700 0 100 100 700 0 100 100 1000 1000 0 100 0 100 0 100 2 0
1158 -1 700 0 100 100 700 0 100 100 1000 1000 10 100 10 100 10 100 0 0
1159 -1 900 800 80 100 900 800 80 100 1000 1000 0 100 0 100 0 100 2 0
1160 -1 950 0 0 100 950 0 0 100 1000 1000 15 100 15 100 15 100 0 0
1161 -1 900 0 100 100 900 0 100 100 1000 1000 27 100 27 100 27 100 0 0
1162 -1 850 300 80 100 850 300 80 100 1000 1000 10 100 10 100 10 100 2 0
1163 -1 900 0 0 100 900 0 0 100 1000 1000 9 100 9 100 9 100 0 0
1164 -1 800 700 80 100 800 700 80 100 1000 1000 0 100 0 100 0 100 2 0
1165 -1 950 100 80 100 950 100 80 100 1000 1000 5 100 5 100 5 100 1 0
1166 -1 900 500 80 100 900 500 80 100 1000 1000 9 100 9 100 9 100 2 0
1167 -1 900 800 80 100 900 800 80 100 1000 1000 27 100 27 100 27 100 2 0
1168 -1 700 0 100 100 700 0 100 100 1000 1000 20 100 20 100 20 100 2 0
1169 -1 700 0 100 100 700 0 100 100 1000 1000 0 100 0 100 0 100 1 0
1170 -1 950 800 0 100 950 800 0 100 1000 1000 27 100 27 100 27 100 0 0
1171 -1 850 700 100 100 850 700 100 100 1000 1000 20 100 20 100 20 100 0 0
1172 -1 700 300 0 100 700 300 0 100 1000 1000 0 100 0 100 0 100 0 0
1173 -1 900 0 100 100 900 0 100 100 1000 1000 15 100 15 100 15 100 2 0
1174 -1 800 100 80 100 800 100 80 100 1000 1000 10 100 10 100 10 100 2 0
1175 -1 850 700 100 100 850 700 100 100 1000 1000 15 100 15 100 15 100 0 0
1176 -1 900 100 0 100 900 100 0 100 1000 1000 9 100 9 100 9 100 0 0
1177 -1 900 100 0 100 900 100 0 100 1000 1000 20 100 20 100 20 100 1 0
1178 -1 900 0 0 100 900 0 0 100 1000 1000 27 100 27 100 27 100 2 0
1179 -1 900 500 80 100 900 500 80 100 1000 1000 15 100 15 100 15 100 2 0
1180 -1 850 800 100 100 850 800 100 100 1000 1000 0 100 0 100 0 100 1 0
1181 -1 850 700 100 100 850 700 100 100 1000 1000 20 100 20 100 20 100 1 0
1182 -1 850 800 100 100 850 800 100 100 1000 1000 15 100 15 100 15 100 0 0
1183 -1 900 100 80 100 900 100 80 100 1000 1000 15 100 15 100 15 100 0 0
1184 -1 950 700 0 100 950 700 0 100 1000 1000 15 100 15 100 15 100 1 0
1185 -1 850 300 80 100 850 300 80 100 1000 1000 5 100 5 100 5 100 2 0
1186 -1 850 700 80 100 850 700 80 100 1000 1000 10 100 10 100 10 100 0 0
1187 -1 950 500 0 100 950 500 0 100 1000 1000 27 100 27 100 27 100 1 0
1188 -1 950 800 0 100 950 800 0 100 1000 1000 0 100 0 100 0 100 0 0
1189 -1 850 300 100 100 850 300 100 100 1000 1000 20 100 20 100 20 100 1 0
1190 -1 900 100 100 100 900 100 100 100 1000 1000 27 100 27 100 27 100 2 0
1191 -1 700 500 100 100 700 500 100 100 1000 1000 15 100 15 100 15 100 2 0
1192 -1 800 300 0 100 800 300 0 100 1000 1000 10 100 10 100 10 100 0 0
1193 -1 950 100 80 100 950 100 80 100 1000 1000 9 100 9 100 9 100 2 0
1194 -1 850 800 100 100 850 800 100 100 1000 1000 10 100 10 100 10 100 1 0
1195 -1 950 300 100 100 950 300 100 100 1000 1000 10 100 10 100 10 100 0 0
1196 -1 800 700 0 100 800 700 0 100 1000 1000 15 100 15 100 15 100 0 0
1197 -1 950 0 80 100 950 0 80 100 1000 1000 10 100 10 100 10 100 1 0
1198 -1 850 300 100 100 850 300 100 100 1000 1000 0 100 0 100 0 100 0 0
1199 -1 700 0 0 100 700 0 0 100 1000 1000 0 100 0 100 0 100 1 0
1200 -1 900 300 0 100 900 300 0 100 1000 1000 9 100 9 100 9 100 0 0
1201 -1 850 700 0 100 850 700 0 100 1000 1000 10 100 10 100 10 100 1 0
1202 -1 950 700 0 100 950 700 0 100 1000 1000 10 100 10 100 10 100 2 0
1203 -1 900 800 80 100 900 800 80 100 1000 1000 27 100 27 100 27 100 0 0
1204 -1 950 100 100 100 950 100 100 100 1000 1000 20 100 20 100 20 100 2 0
1205 -1 700 0 100 100 700 0 100 100 1000 1000 5 100 5 100 5 100 1 0
1206 -1 850 800 0 100 850 800 0 100 1000 1000 15 100 15 100 15 100 0 0
1207 -1 700 100 80 100 700 100 80 100 1000 1000 0 100 0 100 0 100 1 0
1208 -1 900 0 100 100 900 0 100 100 1000 1000 0 100 0 100 0 100 1 0
1209 -1 900 0 80 100 900 0 80 100 1000 1000 27 100 27 100 27 100 1 0
1210 -1 950 500 80 100 950 500 80 100 1000 1000 5 100 5 100 5 100 0 0
1211 -1 800 100 100 100 800 100 100 100 1000 1000 0 100 0 100 0 100 0 0
1212 -1 700 300 0 100 700 300 0 100 1000 1000 0 100 0 100 0 100 1 0
1213 -1 850 0 0 100 850 0 0 100 1000 1000 10 100 10 100 10 100 0 0
1214 -1 800 100 80 100 800 100 80 100 1000 1000 5 100 5 100 5 100 0 0
1215 -1 700 100 100 100 700 100 100 100 1000 1000 9 100 9 100 9 100 2 0
1216 -1 850 800 80 100 850 800 80 100 1000 1000 5 100 5 100 5 100 2 0
1217 -1 700 500 80 100 700 500 80 100 1000 1000 20 100 20 100 20 100 1 0
1218 -1 900 100 80 100 900 100 80 100 1000 1000 0 100 0 100 0 100 2 0
1219 -1 900 800 80 100 900 800 80 100 1000 1000 10 100 10 100 10 100 0 0
1220 -1 850 300 80 100 850 300 80 100 1000 1000 27 100 27 100 27 100 1 0
1221 -1 700 500 100 100 700 500 100 100 1000 1000 0 100 0 100 0 100 1 0
1222 -1 950 300 0 100 950 300 0 100 1000 1000 27 100 27 100 27 100 2 0
1223 -1 850 500 0 100 850 500 0 100 1000 1000 9 100 9 100 9 100 0 0
1224 -1 700 300 100 100 700 300 100 100 1000 1000 9 100 9 100 9 100 2 0
1225 -1 700 300 0 100 700 300 0 100 1000 1000 10 100 10 100 10 100 2 0
1226 -1 900 700 100 100 900 700 100 100 1000 1000 15 100 15 100 15 100 2 0
1227 -1 800 0 0 100 800 0 0 100 1000 1000 5 100 5 100 5 100 2 0
1228 -1 900 800 0 100 900 800 0 100 1000 1000 15 100 15 100 15 100 2 0
1229 -1 950 100 100 100 950 100 100 100 1000 1000 27 100 27 100 27 100 2 0
1230 -1 700 100 80 100 700 100 80 100 1000 1000 27 100 27 100 27 100 2 0
1231 -1 850 500 80 100 850 500 80 100 1000 1000 20 100 20 100 20 100 2 0
1232 -1 950 500 80 100 950 500 80 100 1000 1000 9 100 9 100 9 100 1 0
1233 -1 800 0 80 100 800 0 80 100 1000 1000 5 100 5 100 5 100 0 0
1234 -1 950 300 0 100 950 300 0 100 1000 1000 15 100 15 100 15 100 1 0
1235 -1 800 0 80 100 800 0 80 100 1000 1000 15 100 15 100 15 100 1 0
1236 -1 700 500 80 100 700 500 80 100 1000 1000 0 100 0 100 0 100 0 0
1237 -1 900 800 0 100 900 800 0 100 1000 1000 27 100 27 100 27 100 2 0
1238 -1 950 500 100 100 950 500 100 100 1000 1000 0 100 0 100 0 100 1 0
1239 -1 900 700 0 100 900 700 0 100 1000 1000 9 100 9 100 9 100 1 0
1240 -1 950 800 100 100 950 800 100 100 1000 1000 15 100 15 100 15 100 0 0
1241 -1 900 800 100 100 900 800 100 100 1000 1000 15 100 15 100 15 100 2 0
1242 -1 900 0 100 100 900 0 100 100 1000 1000 5 100 5 100 5 100 0 0
1243 -1 800 500 0 100 800 500 0 100 1000 1000 10 100 10 100 10 100 2 0
1244 -1 700 100 80 100 700 100 80 100 1000 1000 10 100 10 100 10 100 1 0
1245 -1 800 100 80 100 800 100 80 100 1000 1000 9 100 9 100 9 100 0 0
1246 -1 850 500 100 100 850 500 100 100 1000 1000 20 100 20 100 20 100 2 0
1247 -1 850 300 100 100 850 300 100 100 1000 1000 5 100 5 100 5 100 2 0
1248 -1 900 500 80 100 900 500 80 100 1000 1000 20 100 20 100 20 100 1 0
1249 -1 900 800 80 100 900 800 80 100 1000 1000 0 100 0 100 0 100 1 0
1250 -1 800 500 100 100 800 500 100 100 1000 1000 27 100 27 100 27 100 1 0
1251 -1 800 100 0 100 800 100 0 100 1000 1000 0 100 0 100 0 100 0 0
1252 -1 850 700 0 100 850 700 0 100 1000 1000 0 100 0 100 0 100 1 0
1253 -1 950 500 80 100 950 500 80 100 1000 1000 10 100 10 100 10 100 0 0
1254 -1 850 100 80 100 850 100 80 100 1000 1000 10 100 10 100 10 100 2 0
1255 -1 900 500 80 100 900 500 80 100 1000 1000 10 100 10 100 10 100 1 0
1256 -1 900 700 100 100 900 700 100 100 1000 1000 10 100 10 100 10 100 2 0
1257 -1 950 100 100 100 950 100 100 100 1000 1000 20 100 20 100 20 100 1 0
1258 -1 950 300 100 100 950 300 100 100 1000 1000 0 100 0 100 0 100 2 0
1259 -1 700 0 80 100 700 0 80 100 1000 1000 9 100 9 100 9 100 1 0
1260 -1 800 100 80 100 800 100 80 100 1000 1000 0 100 0 100 0 100 1 0
1261 -1 850 700 100 100 850 700 100 100 1000 1000 27 100 27 100 27 100 1 0
1262 -1 850 100 100 100 850 100 100 100 1000 1000 10 100 10 100 10 100 1 0
1263 -1 850 500 80 100 850 500 80 100 1000 1000 0 100 0 100 0 100 0 0
1264 -1 900 500 0 100 900 500 0 100 1000 1000 27 100 27 100 27 100 0 0
1265 -1 850 500 0 100 850 500 0 100 1000 1000 5 100 5 100 5 100 2 0
1266 -1 800 100 80 100 800 100 80 100 1000 1000 15 100 15 100 15 100 1 0
1267 -1 900 100 0 100 900 100 0 100 1000 1000 0 100 0 100 0 100 2 0
1268 -1 900 800 80 100 900 800 80 100 1000 1000 15 100 15 100 15 100 1 0
1269 -1 800 0 100 100 800 0 100 100 1000 1000 15 100 15 100 15 100 1 0
1270 -1 950 100 80 100 950 100 80 100 1000 1000 10 100 10 100 10 100 2 0
1271 -1 850 800 80 100 850 800 80 100 1000 1000 9 100 9 100 9 100 2 0
1272 -1 950 0 80 100 950 0 80 100 1000 1000 27 100 27 100 27 100 0 0
1273 -1 950 800 0 100 950 800 0 100 1000 1000 0 100 0 100 0 100 2 0
1274 -1 950 0 0 100 950 0 0 100 1000 1000 9 100 9 100 9 100 2 0
1275 -1 950 700 100 100 950 700 100 100 1000 1000 20 100 20 100 20 100 1 0
1276 -1 700 500 80 100 700 500 80 100 1000 1000 15 100 15 100 15 100 1 0
1277 -1 950 700 0 100 950 700 0 100 1000 1000 10 100 10 100 10 100 0 0
1278 -1 850 500 80 100 850 500 80 100 1000 1000 9 100 9 100 9 100 1 0
1279 -1 850 700 80 100 850 700 80 100 1000 1000 15 100 15 100 15 100 1 0
1280 -1 850 800 0 100 850 800 0 100 1000 1000 5 100 5 100 5 100 1 0
1281 -1 700 0 0 100 700 0 0 100 1000 1000 9 100 9 100 9 100 2 0
1282 -1 900 0 100 100 900 0 100 100 1000 1000 15 100 15 100 15 100 0 0
1283 -1 950 300 0 100 950 300 0 100 1000 1000 27 100 27 100 27 100 1 0
1284 -1 850 700 100 100 850 700 100 100 1000 1000 5 100 5 100 5 100 1 0
1285 -1 850 100 0 100 850 100 0 100 1000 1000 5 100 5 100 5 100 0 0
1286 -1 800 300 0 100 800 300 0 100 1000 1000 5 100 5 100 5 100 2 0
1287 -1 850 0 80 100 850 0 80 100 1000 1000 0 100 0 100 0 100 1 0
1288 -1 900 800 80 100 900 800 80 100 1000 1000 15 100 15 100 15 100 2 0
1289 -1 700 500 80 100 700 500 80 100 1000 1000 10 100 10 100 10 100 1 0
1290 -1 800 100 100 100 800 100 100 100 1000 1000 27 100 27 100 27 100 1 0
1291 -1 850 0 80 100 850 0 80 100 1000 1000 20 100 20 100 20 100 0 0
1292 -1 700 0 80 100 700 0 80 100 1000 1000 0 100 0 100 0 100 2 0
1293 -1 800 100 80 100 800 100 80 100 1000 1000 15 100 15 100 15 100 0 0
1294 -1 950 100 0 100 950 100 0 100 1000 1000 15 100 15 100 15 100 2 0
1295 -1 700 500 100 100 700 500 100 100 1000 1000 15 100 15 100 15 100 1 0
1296 -1 950 0 100 100 950 0 100 100 1000 1000 0 100 0 100 0 100 1 0
1297 -1 800 0 100 100 800 0 100 100 1000 1000 27 100 27 100 27 100 1 0
1298 -1 850 300 80 100 850 300 80 100 1000 1000 20 100 20 100 20 100 0 0
1299 -1 700 100 100 100 700 100 100 100 1000 1000 20 100 20 100 20 100 2 0
1300 -1 800 100 100 100 800 100 100 100 1000 1000 15 100 15 100 15 100 1 0
1301 -1 700 300 80 100 700 300 80 100 1000 1000 15 100 15 100 15 100 2 0
1302 -1 850 0 0 100 850 0 0 100 1000 1000 0 100 0 100 0 100 2 0
1303 -1 800 700 100 100 800 700 100 100 1000 1000 27 100 27 100 27 100 0 0
1304 -1 800 0 80 100 800 0 80 100 1000 1000 10 100 10 100 10 100 0 0
1305 -1 950 300 100 100 950 300 100 100 1000 1000 27 100 27 100 27 100 2 0
1306 -1 800 100 80 100 800 100 80 100 1000 1000 20 100 20 100 20 100 2 0
1307 -1 850 800 0 100 850 800 0 100 1000 1000 20 100 20 100 20 100 0 0
1308 -1 800 700 80 100 800 700 80 100 1000 1000 10 100 10 100 10 100 0 0
1309 -1 950 800 0 100 950 800 0 100 1000 1000 20 100 20 100 20 100 0 0
1310 -1 950 300 100 100 950 300 100 100 1000 1000 10 100 10 100 10 100 1 0
1311 -1 850 500 80 100 850 500 80 100 1000 1000 27 100 27 100 27 100 1 0
1312 -1 900 300 80 100 900 300 80 100 1000 1000 10 100 10 100 10 100 1 0
1313 -1 850 300 0 100 850 300 0 100 1000 1000 27 100 27 100 27 100 0 0
1314 -1 700 500 100 100 700 500 100 100 1000 1000 5 100 5 100 5 100 1 0
1315 -1 850 300 0 100 850 300 0 100 1000 1000 10 100 10 100 10 100 0 0
1316 -1 700 0 0 100 700 0 0 100 1000 1000 27 100 27 100 27 100 2 0
1317 -1 950 800 0 100 950 800 0 100 1000 1000 15 100 15 100 15 100 1 0
1318 -1 850 500 100 100 850 500 100 100 1000 1000 9 100 9 100 9 100 0 0
1319 -1 700 500 100 100 700 500 100 100 1000 1000 20 100 20 100 20 100 2 0
1320 -1 950 0 80 100 950 0 80 100 1000 1000 20 100 20 100 20 100 1 0
1321 -1 900 500 100 100 900 500 100 100 1000 1000 0 100 0 100 0 100 0 0
1322 -1 950 500 100 100 950 500 100 100 1000 1000 9 100 9 100 9 100 2 0
1323 -1 800 100 0 100 800 100 0 100 1000 1000 5 100 5 100 5 100 2 0
1324 -1 950 0 80 100 950 0 80 100 1000 1000 10 100 10 100 10 100 2 0
1325 -1 900 300 80 100 900 300 80 100 1000 1000 27 100 27 100 27 100 0 0
1326 -1 900 300 80 100 900 300 80 100 1000 1000 5 100 5 100 5 100 2 0
1327 -1 800 300 0 100 800 300 0 100 1000 1000 10 100 10 100 10 100 2 0
1328 -1 800 100 0 100 800 100 0 100 1000 1000 9 100 9 100 9 100 0 0
1329 -1 900 800 100 100 900 800 100 100 1000 1000 5 100 5 100 5 100 0 0
1330 -1 900 300 0 100 900 300 0 100 1000 1000 27 100 27 100 27 100 1 0
1331 -1 900 800 0 100 900 800 0 100 1000 1000 27 100 27 100 27 100 1 0
1332 -1 700 100 100 100 700 100 100 100 1000 1000 27 100 27 100 27 100 1 0
1333 -1 800 700 100 100 800 700 100 100 1000 1000 20 100 20 100 20 100 2 0
1334 -1 950 800 0 100 950 800 0 100 1000 1000 27 100 27 100 27 100 2 0
1335 -1 900 0 100 100 900 0 100 100 1000 1000 20 100 20 100 20 100 1 0
1336 -1 700 0 0 100 700 0 0 100 1000 1000 20 100 20 100 20 100 2 0
1337 -1 850 0 100 100 850 0 100 100 1000 1000 20 100 20 100 20 100 1 0
1338 -1 950 700 0 100 950 700 0 100 1000 1000 20 100 20 100 20 100 2 0
1339 -1 850 700 80 100 850 700 80 100 1000 1000 0 100 0 100 0 100 0 0
1340 -1 800 300 0 100 800 300 0 100 1000 1000 27 100 27 100 27 100 0 0
1341 -1 700 100 80 100 700 100 80 100 1000 1000 15 100 15 100 15 100 2 0
1342 -1 950 500 0 100 950 500 0 100 1000 1000 9 100 9 100 9 100 2 0
1343 -1 800 500 0 100 800 500 0 100 1000 1000 27 100 27 100 27 100 2 0
1344 -1 800 700 80 100 800 700 80 100 1000 1000 27 100 27 100 27 100 0 0
1345 -1 700 300 100 100 700 300 100 100 1000 1000 15 100 15 100 15 100 2 0
1346 -1 950 300 0 100 950 300 0 100 1000 1000 20 100 20 100 20 100 2 0
1347 -1 700 500 80 100 700 500 80 100 1000 1000 27 100 27 100 27 100 2 0
1348 -1 850 500 80 100 850 500 80 100 1000 1000 0 100 0 100 0 100 2 0
1349 -1 800 100 0 100 800 100 0 100 1000 1000 9 100 9 100 9 100 2 0
1350 -1 900 100 100 100 900 100 100 100 1000 1000 0 100 0 100 0 100 1 0
1351 -1 700 300 100 100 700 300 100 100 1000 1000 0 100 0 100 0 100 1 0
1352 -1 850 700 0 100 850 700 0 100 1000 1000 0 100 0 100 0 100 0 0
1353 -1 850 500 80 100 850 500 80 100 1000 1000 9 100 9 100 9 100 2 0
1354 -1 900 300 100 100 900 300 100 100 1000 1000 9 100 9 100 9 100 0 0
1355 -1 900 700 100 100 900 700 100 100 1000 1000 27 100 27 100 27 100 0 0
1356 -1 950 800 80 100 950 800 80 100 1000 1000 20 100 20 100 20 100 2 0
1357 -1 850 0 100 100 850 0 100 100 1000 1000 10 100 10 100 10 100 2 0
1358 -1 700 300 0 100 700 300 0 100 1000 1000 5 100 5 100 5 100 1 0
1359 -1 700 100 100 100 700 100 100 100 1000 1000 5 100 5 100 5 100 1 0
1360 -1 900 0 0 100 900 0 0 100 1000 1000 0 100 0 100 0 100 2 0
1361 -1 850 300 80 100 850 300 80 100 1000 1000 15 100 15 100 15 100 0 0
1362 -1 800 700 80 100 800 700 80 100 1000 1000 0 100 0 100 0 100 0 0
1363 -1 850 300 80 100 850 300 80 100 1000 1000 10 100 10 100 10 100 1 0
1364 -1 850 100 0 100 850 100 0 100 1000 1000 9 100 9 100 9 100 0 0
1365 -1 850 700 100 100 850 700 100 100 1000 1000 10 100 10 100 10 100 0 0
1366 -1 850 0 100 100 850 0 100 100 1000 1000 5 100 5 100 5 100 2 0
1367 -1 800 0 80 100 800 0 80 100 1000 1000 0 100 0 100 0 100 2 0
1368 -1 800 100 100 100 800 100 100 100 1000 1000 5 100 5 100 5 100 0 0
1369 -1 900 500 0 100 900 500 0 100 1000 1000 5 100 5 100 5 100 0 0
1370 -1 900 300 0 100 900 300 0 100 1000 1000 0 100 0 100 0 100 2 0
1371 -1 800 300 100 100 800 300 100 100 1000 1000 9 100 9 100 9 100 1 0
1372 -1 950 0 80 100 950 0 80 100 1000 1000 9 100 9 100 9 100 1 0
1373 -1 900 800 0 100 900 800 0 100 1000 1000 10 100 10 100 10 100 0 0
1374 -1 900 0 0 100 900 0 0 100 1000 1000 20 100 20 100 20 100 0 0
1375 -1 850 700 100 100 850 700 100 100 1000 1000 0 100 0 100 0 100 2 0
1376 -1 900 700 80 100 900 700 80 100 1000 1000 9 100 9 100 9 100 1 0
1377 -1 950 500 100 100 950 500 100 100 1000 1000 10 100 10 100 10 100 1 0
1378 -1 850 0 100 100 850 0 100 100 1000 1000 27 100 27 100 27 100 0 0
1379 -1 700 500 0 100 700 500 0 100 1000 1000 0 100 0 100 0 100 0 0
1380 -1 850 300 0 100 850 300 0 100 1000 1000 9 100 9 100 9 100 1 0
1381 -1 950 800 100 100 950 800 100 100 1000 1000 15 100 15 100 15 100 1 0
1382 -1 900 0 100 100 900 0 100 100 1000 1000 5 100 5 100 5 100 2 0
1383 -1 800 500 80 100 800 500 80 100 1000 1000 20 100 20 100 20 100 1 0
1384 -1 700 0 0 100 700 0 0 100 1000 1000 5 100 5 100 5 100 2 0
1385 -1 900 0 0 100 900 0 0 100 1000 1000 27 100 27 100 27 100 0 0
1386 -1 950 100 0 100 950 100 0 100 1000 1000 20 100 20 100 20 100 1 0
1387 -1 800 0 100 100 800 0 100 100 1000 1000 27 100 27 100 27 100 2 0
1388 -1 900 0 80 100 900 0 80 100 1000 1000 20 100 20 100 20 100 0 0
1389 -1 800 100 0 100 800 100 0 100 1000 1000 0 100 0 100 0 100 1 0
1390 -1 900 500 100 100 900 500 100 100 1000 1000 0 100 0 100 0 100 2 0
1391 -1 950 800 80 100 950 800 80 100 1000 1000 27 100 27 100 27 100 2 0
1392 -1 850 700 100 100 850 700 100 100 1000 1000 9 100 9 100 9 100 0 0
1393 -1 950 800 80 100 950 800 80 100 1000 1000 27 100 27 100 27 100 1 0
1394 -1 850 800 100 100 850 800 100 100 1000 1000 15 100 15 100 15 100 2 0
1395 -1 950 0 0 100 950 0 0 100 1000 1000 27 100 27 100 27 100 1 0
1396 -1 900 300 100 100 900 300 100 100 1000 1000 20 100 20 100 20 100 0 0
1397 -1 850 800 80 100 850 800 80 100 1000 1000 15 100 15 100 15 100 0 0
1398 -1 900 800 100 100 900 800 100 100 1000 1000 0 100 0 100 0 100 0 0
1399 -1 900 300 80 100 900 300 80 100 1000 1000 5 100 5 100 5 100 1 0
1400 -1 950 300 100 100 950 300 100 100 1000 1000 5 100 5 100 5 100 0 0
1401 -1 900 700 80 100 900 700 80 100 1000 1000 10 100 10 100 10 100 1 0
1402 -1 950 0 0 100 950 0 0 100 1000 1000 10 100 10 100 10 100 1 0
1403 -1 850 0 100 100 850 0 100 100 1000 1000 15 100 15 100 15 100 1 0
1404 -1 800 700 0 100 800 700 0 100 1000 1000 5 100 5 100 5 100 1 0
1405 -1 850 0 100 100 850 0 100 100 1000 1000 27 100 27 100 27 100 2 0
1406 -1 900 300 80 100 900 300 80 100 1000 1000 0 100 0 100 0 100 2 0
1407 -1 900 300 100 100 900 300 100 100 1000 1000 0 100 0 100 0 100 0 0
1408 -1 700 300 100 100 700 300 100 100 1000 1000 20 100 20 100 20 100 1 0
1409 -1 900 0 0 100 900 0 0 100 1000 1000 10 100 10 100 10 100 0 0
1410 -1 900 300 0 100 900 300 0 100 1000 1000 0 100 0 100 0 100 0 0
1411 -1 950 300 80 100 950 300 80 100 1000 1000 15 100 15 100 15 100 1 0
1412 -1 800 300 80 100 800 300 80 100 1000 1000 20 100 20 100 20 100 2 0
1413 -1 900 500 0 100 900 500 0 100 1000 1000 27 100 27 100 27 100 1 0
1414 -1 850 800 80 100 850 800 80 100 1000 1000 5 100 5 100 5 100 1 0
1415 -1 900 700 80 100 900 700 80 100 1000 1000 20 100 20 100 20 100 1 0
1416 -1 800 300 100 100 800 300 100 100 1000 1000 10 100 10 100 10 100 1 0
1417 -1 900 0 100 100 900 0 100 100 1000 1000 0 100 0 100 0 100 0 0
1418 -1 700 500 100 100 700 500 100 100 1000 1000 27 100 27 100 27 100 2 0
1419 -1 800 500 80 100 800 500 80 100 1000 1000 20 100 20 100 20 100 0 0
1420 -1 950 100 80 100 950 100 80 100 1000 1000 27 100 27 100 27 100 1 0
1421 -1 900 0 100 100 900 0 100 100 1000 1000 20 100 20 100 20 100 2 0
1422 -1 900 100 0 100 900 100 0 100 1000 1000 0 100 0 100 0 100 1 0
1423 -1 700 300 0 100 700 300 0 100 1000 1000 0 100 0 100 0 100 2 0
1424 -1 800 500 0 100 800 500 0 100 1000 1000 0 100 0 100 0 100 2 0
1425 -1 900 100 100 100 900 100 100 100 1000 1000 10 100 10 100 10 100 1 0
1426 -1 950 0 80 100 950 0 80 100 1000 1000 5 100 5 100 5 100 1 0
1427 -1 900 100 0 100 900 100 0 100 1000 1000 15 100 15 100 15 100 0 0
1428 -1 800 100 0 100 800 100 0 100 1000 1000 10 100 10 100 10 100 1 0
1429 -1 950 800 100 100 950 800 100 100 1000 1000 9 100 9 100 9 100 2 0
1430 -1 900 100 80 100 900 100 80 100 1000 1000 20 100 20 100 20 100 0 0
1431 -1 850 500 0 100 850 500 0 100 1000 1000 10 100 10 100 10 100 2 0
1432 -1 800 500 0 100 800 500 0 100 1000 1000 9 100 9 100 9 100 0 0
1433 -1 850 500 0 100 850 500 0 100 1000 1000 0 100 0 100 0 100 2 0
1434 -1 800 700 100 100 800 700 100 100 1000 1000 15 100 15 100 15 100 0 0
1435 -1 850 100 100 100 850 100 100 100 1000 1000 27 100 27 100 27 100 0 0
1436 -1 800 0 100 100 800 0 100 100 1000 1000 10 100 10 100 10 100 1 0
1437 -1 900 700 0 100 900 700 0 100 1000 1000 10 100 10 100 10 100 2 0
1438 -1 950 100 0 100 950 100 0 100 1000 1000 20 100 20 100 20 100 0 0
1439 -1 900 300 80 100 900 300 80 100 1000 1000 10 100 10 100 10 100 0 0
1440 -1 700 300 100 100 700 300 100 100 1000 1000 9 100 9 100 9 100 1 0
1441 -1 900 100 100 100 900 100 100 100 1000 1000 27 100 27 100 27 100 0 0
1442 -1 700 0 80 100 700 0 80 100 1000 1000 27 100 27 100 27 100 2 0
1443 -1 850 800 0 100 850 800 0 100 1000 1000 5 100 5 100 5 100 0 0
1444 -1 850 800 80 100 850 800 80 100 1000 1000 0 100 0 100 0 100 0 0
1445 -1 850 500 100 100 850 500 100 100 1000 1000 27 100 27 100 27 100 1 0
1446 -1 800 0 100 100 800 0 100 100 1000 1000 20 100 20 100 20 100 1 0
1447 -1 950 800 80 100 950 800 80 100 1000 1000 27 100 27 100 27 100 0 0
1448 -1 700 300 0 100 700 300 0 100 1000 1000 15 100 15 100 15 100 0 0
1449 -1 900 700 100 100 900 700 100 100 1000 1000 0 100 0 100 0 100 1 0
1450 -1 800 300 0 100 800 300 0 100 1000 1000 15 100 15 100 15 100 1 0
1451 -1 800 0 100 100 800 0 100 100 1000 1000 15 100 15 100 15 100 0 0
1452 -1 950 800 100 100 950 800 100 100 1000 1000 10 100 10 100 10 100 2 0
1453 -1 800 300 80 100 800 300 80 100 1000 1000 10 100 10 100 10 100 1 0
1454 -1 800 700 100 100 800 700 100 100 1000 1000 20 100 20 100 20 100 0 0
1455 -1 850 0 80 100 850 0 80 100 1000 1000 5 100 5 100 5 100 0 0
1456 -1 700 100 80 100 700 100 80 100 1000 1000 9 100 9 100 9 100 2 0
1457 -1 950 800 0 100 950 800 0 100 1000 1000 5 100 5 100 5 100 2 0
1458 -1 850 0 0 100 850 0 0 100 1000 1000 27 100 27 100 27 100 1 0
1459 -1 950 800 0 100 950 800 0 100 1000 1000 15 100 15 100 15 100 0 0
1460 -1 800 700 80 100 800 700 80 100 1000 1000 20 100 20 100 20 100 2 0
1461 -1 850 500 80 100 850 500 80 100 1000 1000 10 100 10 100 10 100 1 0
1462 -1 850 800 0 100 850 800 0 100 1000 1000 10 100 10 100 10 100 0 0
1463 -1 800 0 0 100 800 0 0 100 1000 1000 15 100 15 100 15 100 1 0
1464 -1 900 800 80 100 900 800 80 100 1000 1000 10 100 10 100 10 100 2 0
1465 -1 900 800 100 100 900 800 100 100 1000 1000 20 100 20 100 20 100 2 0
1466 -1 850 100 0 100 850 100 0 100 1000 1000 0 100 0 100 0 100 1 0
1467 -1 850 100 0 100 850 100 0 100 1000 1000 20 100 20 100 20 100 0 0
1468 -1 800 100 0 100 800 100 0 100 1000 1000 15 100 15 100 15 100 0 0
1469 -1 950 800 80 100 950 800 80 100 1000 1000 20 100 20 100 20 100 1 0
1470 -1 950 100 0 100 950 100 0 100 1000 1000 9 100 9 100 9 100 2 0
1471 -1 800 0 0 100 800 0 0 100 1000 1000 20 100 20 100 20 100 1 0
1472 -1 700 0 80 100 700 0 80 100 1000 1000 5 100 5 100 5 100 0 0
1473 -1 700 300 100 100 700 300 100 100 1000 1000 5 100 5 100 5 100 2 0
1474 -1 950 300 80 100 950 300 80 100 1000 1000 10 100 10 100 10 100 2 0
1475 -1 900 100 100 100 900 100 100 100 1000 1000 15 100 15 100 15 100 1 0
1476 -1 700 300 80 100 700 300 80 100 1000 1000 5 100 5 100 5 100 1 0
1477 -1 850 300 100 100 850 300 100 100 1000 1000 0 100 0 100 0 100 1 0
1478 -1 800 0 100 100 800 0 100 100 1000 1000 5 100 5 100 5 100 1 0
1479 -1 800 700 80 100 800 700 80 100 1000 1000 27 100 27 100 27 100 2 0
1480 -1 900 800 0 100 900 800 0 100 1000 1000 9 100 9 100 9 100 0 0
1481 -1 950 800 0 100 950 800 0 100 1000 1000 15 100 15 100 15 100 2 0
1482 -1 950 500 0 100 950 500 0 100 1000 1000 5 100 5 100 5 100 1 0
1483 -1 700 300 100 100 700 300 100 100 1000 1000 27 100 27 100 27 100 1 0
1484 -1 850 800 100 100 850 800 100 100 1000 1000 10 100 10 100 10 100 0 0
1485 -1 950 500 80 100 950 500 80 100 1000 1000 9 100 9 100 9 100 2 0
1486 -1 800 0 80 100 800 0 80 100 1000 1000 27 100 27 100 27 100 2 0
1487 -1 700 300 80 100 700 300 80 100 1000 1000 20 100 20 100 20 100 2 0
1488 -1 800 700 0 100 800 700 0 100 1000 1000 0 100 0 100 0 100 1 0
1489 -1 700 500 0 100 700 500 0 100 1000 1000 10 100 10 100 10 100 2 0
1490 -1 900 800 100 100 900 800 100 100 1000 1000 15 100 15 100 15 100 0 0
1491 -1 900 100 0 100 900 100 0 100 1000 1000 15 100 15 100 15 100 1 0
1492 -1 950 300 0 100 950 300 0 100 1000 1000 0 100 0 100 0 100 0 0
1493 -1 850 100 80 100 850 100 80 100 1000 1000 27 100 27 100 27 100 0 0
1494 -1 950 0 0 100 950 0 0 100 1000 1000 5 100 5 100 5 100 0 0
1495 -1 950 100 100 100 950 100 100 100 1000 1000 9 100 9 100 9 100 0 0
1496 -1 850 0 0 100 850 0 0 100 1000 1000 5 100 5 100 5 100 1 0
1497 -1 900 300 100 100 900 300 100 100 1000 1000 10 100 10 100 10 100 2 0
1498 -1 950 0 100 100 950 0 100 100 1000 1000 10 100 10 100 10 100 0 0
1499 -1 800 500 0 100 800 500 0 100 1000 1000 20 100 20 100 20 100 0 0
1500 -1 700 100 0 100 700 100 0 100 1000 1000 20 100 20 100 20 100 2 0
1501 -1 800 700 80 100 800 700 80 100 1000 1000 20 100 20 100 20 100 0 0
1502 -1 900 300 0 100 900 300 0 100 1000 1000 5 100 5 100 5 100 0 0
1503 -1 950 0 100 100 950 0 100 100 1000 1000 10 100 10 100 10 100 2 0
1504 -1 950 800 80 100 950 800 80 100 1000 1000 0 100 0 100 0 100 2 0
1505 -1 950 100 0 100 950 100 0 100 1000 1000 15 100 15 100 15 100 0 0
1506 -1 900 700 100 100 900 700 100 100 1000 1000 5 100 5 100 5 100 0 0
1507 -1 950 100 100 100 950 100 100 100 1000 1000 5 100 5 100 5 100 0 0
1508 -1 700 500 80 100 700 500 80 100 1000 1000 27 100 27 100 27 100 0 0
1509 -1 700 100 0 100 700 100 0 100 1000 1000 15 100 15 100 15 100 0 0
1510 -1 800 700 0 100 800 700 0 100 1000 1000 15 100 15 100 15 100 1 0
1511 -1 700 0 100 100 700 0 100 100 1000 1000 27 100 27 100 27 100 0 0
1512 -1 800 700 100 100 800 700 100 100 1000 1000 0 100 0 100 0 100 2 0
1513 -1 950 100 80 100 950 100 80 100 1000 1000 9 100 9 100 9 100 0 0
1514 -1 800 300 100 100 800 300 100 100 1000 1000 10 100 10 100 10 100 0 0
1515 -1 900 700 80 100 900 700 80 100 1000 1000 5 100 5 100 5 100 0 0
1516 -1 850 800 80 100 850 800 80 100 1000 1000 9 100 9 100 9 100 1 0
1517 -1 850 700 0 100 850 700 0 100 1000 1000 27 100 27 100 27 100 1 0
1518 -1 950 0 80 100 950 0 80 100 1000 1000 15 100 15 100 15 100 2 0
1519 -1 950 300 0 100 950 300 0 100 1000 1000 20 100 20 100 20 100 1 0
1520 -1 800 500 0 100 800 500 0 100 1000 1000 15 100 15 100 15 100 2 0
1521 -1 900 800 80 100 900 800 80 100 1000 1000 5 100 5 100 5 100 1 0
1522 -1 900 800 0 100 900 800 0 100 1000 1000 0 100 0 100 0 100 1 0
1523 -1 800 0 80 100 800 0 80 100 1000 1000 15 100 15 100 15 100 2 0
1524 -1 700 500 0 100 700 500 0 100 1000 1000 20 100 20 100 20 100 1 0
1525 -1 900 500 0 100 900 500 0 100 1000 1000 0 100 0 100 0 100 1 0
1526 -1 950 100 0 100 950 100 0 100 1000 1000 9 100 9 100 9 100 0 0
1527 -1 900 100 0 100 900 100 0 100 1000 1000 9 100 9 100 9 100 2 0
1528 -1 900 800 80 100 900 800 80 100 1000 1000 9 100 9 100 9 100 2 0
1529 -1 900 300 80 100 900 300 80 100 1000 1000 27 100 27 100 27 100 1 0
1530 -1 900 100 80 100 900 100 80 100 1000 1000 9 100 9 100 9 100 0 0
1531 -1 900 800 0 100 900 800 0 100 1000 1000 5 100 5 100 5 100 0 0
1532 -1 900 700 0 100 900 700 0 100 1000 1000 27 100 27 100 27 100 0 0
1533 -1 700 0 80 100 700 0 80 100 1000 1000 27 100 27 100 27 100 1 0
1534 -1 850 100 100 100 850 100 100 100 1000 1000 10 100 10 100 10 100 0 0
1535 -1 700 0 0 100 700 0 0 100 1000 1000 0 100 0 100 0 100 0 0
1536 -1 950 700 100 100 950 700 100 100 1000 1000 10 100 10 100 10 100 1 0
1537 -1 950 300 80 100 950 300 80 100 1000 1000 20 100 20 100 20 100 1 0
1538 -1 900 500 80 100 900 500 80 100 1000 1000 5 100 5 100 5 100 2 0
1539 -1 850 800 100 100 850 800 100 100 1000 1000 5 100 5 100 5 100 0 0
1540 -1 900 700 100 100 900 700 100 100 1000 1000 5 100 5 100 5 100 2 0
1541 -1 900 0 80 100 900 0 80 100 1000 1000 15 100 15 100 15 100 2 0
1542 -1 950 500 80 100 950 500 80 100 1000 1000 5 100 5 100 5 100 2 0
1543 -1 950 100 100 100 950 100 100 100 1000 1000 5 100 5 100 5 100 1 0
1544 -1 850 500 0 100 850 500 0 100 1000 1000 27 100 27 100 27 100 1 0
1545 -1 900 300 100 100 900 300 100 100 1000 1000 15 100 15 100 15 100 0 0
1546 -1 800 700 80 100 800 700 80 100 1000 1000 9 100 9 100 9 100 0 0
1547 -1 950 0 80 100 950 0 80 100 1000 1000 27 100 27 100 27 100 1 0
1548 -1 700 100 0 100 700 100 0 100 1000 1000 0 100 0 100 0 100 2 0
1549 -1 850 500 80 100 850 500 80 100 1000 1000 0 100 0 100 0 100 1 0
1550 -1 800 300 100 100 800 300 100 100 1000 1000 5 100 5 100 5 100 0 0
1551 -1 800 100 80 100 800 100 80 100 1000 1000 0 100 0 100 0 100 2 0
1552 -1 850 0 80 100 850 0 80 100 1000 1000 0 100 0 100 0 100 2 0
1553 -1 950 300 100 100 950 300 100 100 1000 1000 27 100 27 100 27 100 0 0
1554 -1 800 300 0 100 800 300 0 100 1000 1000 20 100 20 100 20 100 1 0
1555 -1 900 800 0 100 900 800 0 100 1000 1000 5 100 5 100 5 100 2 0
1556 -1 850 700 0 100 850 700 0 100 1000 1000 20 100 20 100 20 100 0 0
1557 -1 850 300 100 100 850 300 100 100 1000 1000 27 100 27 100 27 100 1 0
1558 -1 900 700 100 100 900 700 100 100 1000 1000 27 100 27 100 27 100 1 0
1559 -1 900 300 0 100 900 300 0 100 1000 1000 20 100 20 100 20 100 0 0
1560 -1 700 300 0 100 700 300 0 100 1000 1000 15 100 15 100 15 100 1 0
1561 -1 850 0 100 100 850 0 100 100 1000 1000 27 100 27 100 27 100 1 0
1562 -1 850 700 80 100 850 700 80 100 1000 1000 5 100 5 100 5 100 1 0
1563 -1 850 100 0 100 850 100 0 100 1000 1000 0 100 0 100 0 100 0 0
1564 -1 850 0 0 100 850 0 0 100 1000 1000 10 100 10 100 10 100 1 0
1565 -1 700 0 100 100 700 0 100 100 1000 1000 20 100 20 100 20 100 0 0
1566 -1 700 300 0 100 700 300 0 100 1000 1000 20 100 20 100 20 100 2 0
1567 -1 950 0 0 100 950 0 0 100 1000 1000 10 100 10 100 10 100 0 0
1568 -1 950 800 100 100 950 800 100 100 1000 1000 9 100 9 100 9 100 0 0
1569 -1 900 100 0 100 900 100 0 100 1000 1000 27 100 27 100 27 100 0 0
1570 -1 850 300 0 100 850 300 0 100 1000 1000 0 100 0 100 0 100 2 0
1571 -1 950 0 0 100 950 0 0 100 1000 1000 20 100 20 100 20 100 2 0
1572 -1 800 500 100 100 800 500 100 100 1000 1000 20 100 20 100 20 100 1 0
1573 -1 800 500 100 100 800 500 100 100 1000 1000 9 100 9 100 9 100 2 0
1574 -1 850 0 80 100 850 0 80 100 1000 1000 27 100 27 100 27 100 0 0
1575 -1 950 100 80 100 950 100 80 100 1000 1000 5 100 5 100 5 100 2 0
1576 -1 900 700 0 100 900 700 0 100 1000 1000 5 100 5 100 5 100 0 0
1577 -1 900 300 80 100 900 300 80 100 1000 1000 15 100 15 100 15 100 2 0
1578 -1 850 800 80 100 850 800 80 100 1000 1000 15 100 15 100 15 100 2 0
1579 -1 800 500 100 100 800 500 100 100 1000 1000 9 100 9 100 9 100 0 0
1580 -1 800 300 100 100 800 300 100 100 1000 1000 9 100 9 100 9 100 2 0
1581 -1 800 300 100 100 800 300 100 100 1000 1000 20 100 20 100 20 100 2 0
1582 -1 900 500 0 100 900 500 0 100 1000 1000 20 100 20 100 20 100 2 0
1583 -1 850 0 100 100 850 0 100 100 1000 1000 15 100 15 100 15 100 0 0
1584 -1 950 800 0 100 950 800 0 100 1000 1000 0 100 0 100 0 100 1 0
1585 -1 900 300 100 100 900 300 100 100 1000 1000 27 100 27 100 27 100 0 0
1586 -1 950 300 0 100 950 300 0 100 1000 1000 5 100 5 100 5 100 0 0
1587 -1 700 0 0 100 700 0 0 100 1000 1000 5 100 5 100 5 100 0 0
1588 -1 700 500 100 100 700 500 100 100 1000 1000 20 100 20 100 20 100 0 0
1589 -1 950 100 80 100 950 100 80 100 1000 1000 27 100 27 100 27 100 0 0
1590 -1 900 800 100 100 900 800 100 100 1000 1000 5 100 5 100 5 100 1 0
1591 -1 850 500 80 100 850 500 80 100 1000 1000 10 100 10 100 10 100 2 0
1592 -1 850 300 100 100 850 300 100 100 1000 1000 10 100 10 100 10 100 2 0
1593 -1 950 800 80 100 950 800 80 100 1000 1000 5 100 5 100 5 100 1 0
1594 -1 950 0 100 100 950 0 100 100 1000 1000 15 100 15 100 15 100 0 0
1595 -1 850 500 0 100 850 500 0 100 1000 1000 10 100 10 100 10 100 0 0
1596 -1 850 700 80 100 850 700 80 100 1000 1000 20 100 20 100 20 100 1 0
1597 -1 900 800 80 100 900 800 80 100 1000 1000 15 100 15 100 15 100 0 0
1598 -1 800 0 100 100 800 0 100 100 1000 1000 9 100 9 100 9 100 1 0
1599 -1 950 100 100 100 950 100 100 100 1000 1000 0 100 0 100 0 100 2 0
1600 -1 800 500 100 100 800 500 100 100 1000 1000 5 100 5 100 5 100 0 0
1601 -1 800 700 100 100 800 700 100 100 1000 1000 15 100 15 100 15 100 1 0
1602 -1 800 0 80 100 800 0 80 100 1000 1000 9 100 9 100 9 100 1 0
1603 -1 950 300 100 100 950 300 100 100 1000 1000 9 100 9 100 9 100 1 0
1604 -1 700 500 100 100 700 500 100 100 1000 1000 0 100 0 100 0 100 0 0
1605 -1 900 300 100 100 900 300 100 100 1000 1000 15 100 15 100 15 100 1 0
1606 -1 850 700 100 100 850 700 100 100 1000 1000 10 100 10 100 10 100 1 0
1607 -1 800 700 0 100 800 700 0 100 1000 1000 20 100 20 100 20 100 0 0
1608 -1 800 100 80 100 800 100 80 100 1000 1000 15 100 15 100 15 100 2 0
1609 -1 950 500 0 100 950 500 0 100 1000 1000 0 100 0 100 0 100 2 0
1610 -1 800 700 0 100 800 700 0 100 1000 1000 0 100 0 100 0 100 0 0
1611 -1 700 500 0 100 700 500 0 100 1000 1000 27 100 27 100 27 100 2 0
1612 -1 850 0 0 100 850 0 0 100 1000 1000 9 100 9 100 9 100 1 0
1613 -1 800 500 100 100 800 500 100 100 1000 1000 0 100 0 100 0 100 0 0
1614 -1 850 300 80 100 850 300 80 100 1000 1000 9 100 9 100 9 100 2 0
1615 -1 700 100 100 100 700 100 100 100 1000 1000 20 100 20 100 20 100 1 0
1616 -1 700 300 80 100 700 300 80 100 1000 1000 5 100 5 100 5 100 2 0
1617 -1 800 300 0 100 800 300 0 100 1000 1000 20 100 20 100 20 100 0 0
1618 -1 900 100 100 100 900 100 100 100 1000 1000 5 100 5 100 5 100 0 0
1619 -1 900 0 0 100 900 0 0 100 1000 1000 15 100 15 100 15 100 2 0
1620 -1 950 100 80 100 950 100 80 100 1000 1000 0 100 0 100 0 100 2 0
1621 -1 900 100 100 100 900 100 100 100 1000 1000 9 100 9 100 9 100 0 0
1622 -1 900 800 0 100 900 800 0 100 1000 1000 20 100 20 100 20 100 2 0
1623 -1 950 800 100 100 950 800 100 100 1000 1000 5 100 5 100 5 100 1 0
1624 -1 850 100 0 100 850 100 0 100 1000 1000 5 100 5 100 5 100 2 0
1625 -1 900 800 80 100 900 800 80 100 1000 1000 10 100 10 100 10 100 1 0
1626 -1 900 500 80 100 900 500 80 100 1000 1000 20 100 20 100 20 100 2 0
1627 -1 900 500 80 100 900 500 80 100 1000 1000 27 100 27 100 27 100 0 0
1628 -1 800 100 100 100 800 100 100 100 1000 1000 9 100 9 100 9 100 0 0
1629 -1 950 500 80 100 950 500 80 100 1000 1000 15 100 15 100 15 100 0 0
1630 -1 850 0 80 100 850 0 80 100 1000 1000 10 100 10 100 10 100 2 0
1631 -1 900 700 80 100 900 700 80 100 1000 1000 15 100 15 100 15 100 1 0
1632 -1 900 500 100 100 900 500 100 100 1000 1000 27 100 27 100 27 100 2 0
1633 -1 800 100 80 100 800 100 80 100 1000 1000 27 100 27 100 27 100 2 0
1634 -1 800 0 0 100 800 0 0 100 1000 1000 5 100 5 100 5 100 0 0
1635 -1 850 100 100 100 850 100 100 100 1000 1000 20 100 20 100 20 100 0 0
1636 -1 850 100 80 100 850 100 80 100 1000 1000 0 100 0 100 0 100 2 0
1637 -1 900 0 0 100 900 0 0 100 1000 1000 9 100 9 100 9 100 2 0
1638 -1 800 100 0 100 800 100 0 100 1000 1000 27 100 27 100 27 100 1 0
1639 -1 900 100 100 100 900 100 100 100 1000 1000 0 100 0 100 0 100 2 0
1640 -1 700 500 80 100 700 500 80 100 1000 1000 9 100 9 100 9 100 1 0
1641 -1 800 300 100 100 800 300 100 100 1000 1000 27 100 27 100 27 100 2 0
1642 -1 700 0 80 100 700 0 80 100 1000 1000 0 100 0 100 0 100 1 0
1643 -1 900 500 80 100 900 500 80 100 1000 1000 10 100 10 100 10 100 2 0
1644 -1 850 300 100 100 850 300 100 100 1000 1000 15 100 15 100 15 100 2 0
1645 -1 950 800 100 100 950 800 100 100 1000 1000 10 100 10 100 10 100 0 0
1646 -1 950 0 0 100 950 0 0 100 1000 1000 10 100 10 100 10 100 2 0
1647 -1 800 500 100 100 800 500 100 100 1000 1000 5 100 5 100 5 100 1 0
1648 -1 850 0 80 100 850 0 80 100 1000 1000 9 100 9 100 9 100 2 0
1649 -1 950 500 0 100 950 500 0 100 1000 1000 20 100 20 100 20 100 0 0
1650 -1 950 100 100 100 950 100 100 100 1000 1000 15 100 15 100 15 100 1 0
1651 -1 800 300 100 100 800 300 100 100 1000 1000 15 100 15 100 15 100 0 0
1652 -1 800 100 0 100 800 100 0 100 1000 1000 20 100 20 100 20 100 0 0
1653 -1 850 100 100 100 850 100 100 100 1000 1000 0 100 0 100 0 100 1 0
1654 -1 800 700 0 100 800 700 0 100 1000 1000 27 100 27 100 27 100 2 0
1655 -1 900 300 80 100 900 300 80 100 1000 1000 20 100 20 100 20 100 0 0
1656 -1 850 800 100 100 850 800 100 100 1000 1000 9 100 9 100 9 100 1 0
1657 -1 850 0 0 100 850 0 0 100 1000 1000 15 100 15 100 15 100 2 0
1658 -1 900 300 0 100 900 300 0 100 1000 1000 0 100 0 100 0 100 1 0
1659 -1 850 800 100 100 850 800 100 100 1000 1000 10 100 10 100 10 100 2 0
1660 -1 950 0 100 100 950 0 100 100 1000 1000 9 100 9 100 9 100 2 0
1661 -1 850 500 100 100 850 500 100 100 1000 1000 0 100 0 100 0 100 0 0
1662 -1 800 300 80 100 800 300 80 100 1000 1000 9 100 9 100 9 100 2 0
1663 -1 950 700 100 100 950 700 100 100 1000 1000 15 100 15 100 15 100 1 0
1664 -1 950 100 80 100 950 100 80 100 1000 1000 0 100 0 100 0 100 0 0
1665 -1 900 0 80 100 900 0 80 100 1000 1000 0 100 0 100 0 100 0 0
1666 -1 900 100 80 100 900 100 80 100 1000 1000 5 100 5 100 5 100 0 0
1667 -1 950 700 0 100 950 700 0 100 1000 1000 5 100 5 100 5 100 2 0
1668 -1 900 700 100 100 900 700 100 100 1000 1000 9 100 9 100 9 100 2 0
1669 -1 950 500 0 100 950 500 0 100 1000 1000 27 100 27 100 27 100 0 0
1670 -1 700 500 80 100 700 500 80 100 1000 1000 20 100 20 100 20 100 2 0
1671 -1 950 800 0 100 950 800 0 100 1000 1000 5 100 5 100 5 100 0 0
1672 -1 950 500 100 100 950 500 100 100 1000 1000 5 100 5 100 5 100 0 0
1673 -1 800 0 100 100 800 0 100 100 1000 1000 5 100 5 100 5 100 2 0
1674 -1 800 500 100 100 800 500 100 100 1000 1000 15 100 15 100 15 100 1 0
1675 -1 850 800 80 100 850 800 80 100 1000 1000 5 100 5 100 5 100 0 0
1676 -1 850 800 80 100 850 800 80 100 1000 1000 10 100 10 100 10 100 0 0
1677 -1 800 700 80 100 800 700 80 100 1000 1000 10 100 10 100 10 100 2 0
1678 -1 850 700 80 100 850 700 80 100 1000 1000 0 100 0 100 0 100 1 0
1679 -1 800 100 0 100 800 100 0 100 1000 1000 20 100 20 100 20 100 1 0
1680 -1 700 100 0 100 700 100 0 100 1000 1000 10 100 10 100 10 100 1 0
1681 -1 850 800 0 100 850 800 0 100 1000 1000 20 100 20 100 20 100 1 0
1682 -1 850 800 80 100 850 800 80 100 1000 1000 0 100 0 100 0 100 2 0
1683 -1 900 500 0 100 900 500 0 100 1000 1000 10 100 10 100 10 100 2 0
1684 -1 700 100 0 100 700 100 0 100 1000 1000 10 100 10 100 10 100 0 0
1685 -1 900 700 80 100 900 700 80 100 1000 1000 10 100 10 100 10 100 0 0
1686 -1 700 100 80 100 700 100 80 100 1000 1000 20 100 20 100 20 100 1 0
1687 -1 700 500 0 100 700 500 0 100 1000 1000 5 100 5 100 5 100 1 0
1688 -1 850 100 80 100 850 100 80 100 1000 1000 9 100 9 100 9 100 0 0
1689 -1 850 100 0 100 850 100 0 100 1000 1000 9 100 9 100 9 100 2 0
1690 -1 900 300 0 100 900 300 0 100 1000 1000 10 100 10 100 10 100 0 0
1691 -1 700 100 80 100 700 100 80 100 1000 1000 27 100 27 100 27 100 1 0
1692 -1 850 0 80 100 850 0 80 100 1000 1000 27 100 27 100 27 100 2 0
1693 -1 900 500 80 100 900 500 80 100 1000 1000 10 100 10 100 10 100 0 0
1694 -1 900 700 80 100 900 700 80 100 1000 1000 27 100 27 100 27 100 0 0
1695 -1 950 700 0 100 950 700 0 100 1000 1000 20 100 20 100 20 100 0 0
1696 -1 950 0 100 100 950 0 100 100 1000 1000 20 100 20 100 20 100 0 0
1697 -1 800 700 100 100 800 700 100 100 1000 1000 15 100 15 100 15 100 2 0
1698 -1 700 0 0 100 700 0 0 100 1000 1000 10 100 10 100 10 100 0 0
1699 -1 800 100 100 100 800 100 100 100 1000 1000 9 100 9 100 9 100 1 0
1700 -1 800 100 100 100 800 100 100 100 1000 1000 27 100 27 100 27 100 0 0
1701 -1 700 300 100 100 700 300 100 100 1000 1000 15 100 15 100 15 100 0 0
1702 -1 850 100 100 100 850 100 100 100 1000 1000 15 100 15 100 15 100 1 0
1703 -1 950 500 0 100 950 500 0 100 1000 1000 10 100 10 100 10 100 2 0
1704 -1 900 100 100 100 900 100 100 100 1000 1000 9 100 9 100 9 100 1 0
1705 -1 800 0 80 100 800 0 80 100 300 1000 10 60 10 -50 10 -50 1 1
1706 -1 700 0 80 100 700 0 80 100 700 1000 9 80 9 80 9 80 2 1
1707 -1 800 600 80 100 800 600 80 100 700 1000 5 100 5 -50 5 -50 2 1
1708 -1 800 0 80 100 800 0 80 100 500 1000 5 100 5 -80 5 -80 2 0
1709 -1 800 600 80 100 800 600 80 100 100 1000 9 -50 9 -30 9 -30 0 1
1710 -1 800 300 80 100 800 300 80 100 500 1000 20 -30 20 100 20 100 2 0
1711 -1 900 600 80 100 900 600 80 100 100 1000 10 100 10 -30 10 -30 1 0
1712 -1 900 300 80 100 900 300 80 100 500 1000 20 100 20 100 20 100 0 0
1713 -1 900 0 80 100 900 0 80 100 300 1000 5 60 5 -50 5 -50 2 0
1714 -1 800 0 80 100 800 0 80 100 700 1000 15 100 15 80 15 80 2 1
1715 -1 800 0 80 100 800 0 80 100 300 1000 10 80 10 -30 10 -30 0 0
1716 -1 800 600 80 100 800 600 80 100 700 1000 10 40 10 -80 10 -80 0 1
1717 -1 900 300 80 100 900 300 80 100 500 1000 10 -30 10 -30 10 -30 1 0
1718 -1 800 300 80 100 800 300 80 100 700 1000 5 -50 5 60 5 60 1 1
1719 -1 900 300 80 100 900 300 80 100 500 1000 15 -10 15 -80 15 -80 0 1
1720 -1 800 300 80 100 800 300 80 100 500 1000 9 -10 9 -50 9 -50 1 1
1721 -1 900 0 80 100 900 0 80 100 700 1000 10 100 10 100 10 100 2 1
1722 -1 900 300 80 100 900 300 80 100 100 1000 10 80 10 60 10 60 0 1
1723 -1 800 0 80 100 800 0 80 100 500 1000 15 80 15 -80 15 -80 0 1
1724 -1 900 0 80 100 900 0 80 100 500 1000 15 -50 15 -50 15 -50 1 1
1725 -1 800 0 80 100 800 0 80 100 700 1000 9 100 9 80 9 80 1 0
1726 -1 800 0 80 100 800 0 80 100 700 1000 5 60 5 -50 5 -50 1 0
1727 -1 800 0 80 100 800 0 80 100 100 1000 10 100 10 80 10 80 0 1
1728 -1 700 0 80 100 700 0 80 100 700 1000 5 40 5 -30 5 -30 0 0
1729 -1 800 300 80 100 800 300 80 100 700 1000 10 80 10 80 10 80 2 1
1730 -1 700 600 80 100 700 600 80 100 100 1000 5 -10 5 80 5 80 2 0
1731 -1 800 0 80 100 800 0 80 100 100 1000 20 -10 20 60 20 60 0 1
1732 -1 800 300 80 100 800 300 80 100 100 1000 20 -50 20 60 20 60 2 0
1733 -1 900 600 80 100 900 600 80 100 100 1000 10 -10 10 -80 10 -80 0 0
1734 -1 900 300 80 100 900 300 80 100 500 1000 20 80 20 80 20 80 0 1
1735 -1 800 600 80 100 800 600 80 100 100 1000 9 80 9 60 9 60 0 1
1736 -1 800 600 80 100 800 600 80 100 300 1000 20 -10 20 80 20 80 1 0
1737 -1 800 0 80 100 800 0 80 100 500 1000 9 60 9 -80 9 -80 1 1
1738 -1 900 0 80 100 900 0 80 100 700 1000 10 100 10 100 10 100 0 0
1739 -1 800 0 80 100 800 0 80 100 500 1000 15 80 15 -30 15 -30 1 1
1740 -1 800 300 80 100 800 300 80 100 700 1000 9 60 9 80 9 80 2 0
1741 -1 900 0 80 100 900 0 80 100 100 1000 20 80 20 -30 20 -30 0 0
1742 -1 800 600 80 100 800 600 80 100 300 1000 15 80 15 -50 15 -50 2 0
1743 -1 800 0 80 100 800 0 80 100 500 1000 10 100 10 60 10 60 2 0
1744 -1 900 600 80 100 900 600 80 100 100 1000 9 40 9 100 9 100 2 0
1745 -1 700 600 80 100 700 600 80 100 100 1000 5 -30 5 -30 5 -30 0 1
1746 -1 900 300 80 100 900 300 80 100 100 1000 15 40 15 80 15 80 0 1
1747 -1 800 300 80 100 800 300 80 100 500 1000 5 60 5 80 5 80 1 0
1748 -1 900 0 80 100 900 0 80 100 100 1000 20 -50 20 100 20 100 2 0
1749 -1 700 0 80 100 700 0 80 100 500 1000 15 100 15 100 15 100 0 1
1750 -1 800 300 80 100 800 300 80 100 700 1000 5 -50 5 80 5 80 1 0
1751 -1 800 300 80 100 800 300 80 100 700 1000 9 80 9 80 9 80 0 0
1752 -1 900 300 80 100 900 300 80 100 500 1000 10 -50 10 100 10 100 0 0
1753 -1 800 300 80 100 800 300 80 100 100 1000 15 -30 15 100 15 100 2 0
1754 -1 900 0 80 100 900 0 80 100 700 1000 10 -10 10 -80 10 -80 0 1
1755 -1 900 600 80 100 900 600 80 100 700 1000 20 -10 20 -80 20 -80 1 1
1756 -1 700 300 80 100 700 300 80 100 300 1000 5 -50 5 80 5 80 0 1
1757 -1 800 600 80 100 800 600 80 100 500 1000 20 -10 20 -50 20 -50 1 0
1758 -1 800 600 80 100 800 600 80 100 300 1000 20 80 20 -50 20 -50 2 1
1759 -1 700 600 80 100 700 600 80 100 100 1000 5 -30 5 100 5 100 0 1
1760 -1 800 300 80 100 800 300 80 100 700 1000 5 60 5 100 5 100 1 0
1761 -1 800 0 80 100 800 0 80 100 300 1000 9 60 9 -30 9 -30 1 1
1762 -1 800 0 80 100 800 0 80 100 700 1000 10 -10 10 -50 10 -50 0 0
1763 -1 900 0 80 100 900 0 80 100 100 1000 10 100 10 -80 10 -80 0 1
1764 -1 700 300 80 100 700 300 80 100 300 1000 10 -10 10 -80 10 -80 2 1
1765 -1 700 600 80 100 700 600 80 100 300 1000 9 100 9 60 9 60 2 1
1766 -1 800 0 80 100 800 0 80 100 300 1000 10 -30 10 80 10 80 0 0
1767 -1 800 0 80 100 800 0 80 100 300 1000 9 40 9 80 9 80 0 1
1768 -1 800 0 80 100 800 0 80 100 700 1000 5 -10 5 80 5 80 0 1
1769 -1 700 300 80 100 700 300 80 100 100 1000 9 -10 9 -50 9 -50 2 0
1770 -1 900 600 80 100 900 600 80 100 100 1000 10 -30 10 60 10 60 0 0
1771 -1 800 600 80 100 800 600 80 100 700 1000 9 -30 9 -50 9 -50 1 1
1772 -1 800 300 80 100 800 300 80 100 700 1000 20 60 20 100 20 100 2 1
1773 -1 900 0 80 100 900 0 80 100 100 1000 15 -10 15 60 15 60 1 0
1774 -1 800 300 80 100 800 300 80 100 700 1000 5 40 5 100 5 100 1 1
1775 -1 900 600 80 100 900 600 80 100 500 1000 9 -30 9 100 9 100 1 0
1776 -1 700 300 80 100 700 300 80 100 100 1000 5 60 5 80 5 80 0 0
1777 -1 700 300 80 100 700 300 80 100 100 1000 10 100 10 60 10 60 0 1
1778 -1 800 300 80 100 800 300 80 100 100 1000 9 -30 9 -50 9 -50 0 1
1779 -1 700 300 80 100 700 300 80 100 500 1000 15 -10 15 80 15 80 0 0
1780 -1 900 300 80 100 900 300 80 100 100 1000 15 -50 15 -30 15 -30 1 1
1781 -1 900 0 80 100 900 0 80 100 500 1000 5 40 5 80 5 80 0 0
1782 -1 700 600 80 100 700 600 80 100 100 1000 5 100 5 80 5 80 2 1
1783 -1 900 300 80 100 900 300 80 100 700 1000 10 80 10 -30 10 -30 0 0
1784 -1 900 0 80 100 900 0 80 100 700 1000 9 60 9 -80 9 -80 2 1
1785 -1 800 300 80 100 800 300 80 100 500 1000 15 -10 15 60 15 60 2 0
1786 -1 800 300 80 100 800 300 80 100 700 1000 9 60 9 80 9 80 2 1
1787 -1 800 600 80 100 800 600 80 100 300 1000 10 -50 10 -30 10 -30 2 1
1788 -1 900 600 80 100 900 600 80 100 500 1000 20 -30 20 100 20 100 0 0
1789 -1 900 600 80 100 900 600 80 100 500 1000 9 100 9 100 9 100 1 0
1790 -1 900 300 80 100 900 300 80 100 500 1000 9 100 9 -80 9 -80 2 1
1791 -1 700 600 80 100 700 600 80 100 700 1000 10 -30 10 80 10 80 1 1
1792 -1 800 0 80 100 800 0 80 100 100 1000 9 80 9 60 9 60 0 1
1793 -1 900 0 80 100 900 0 80 100 100 1000 9 -10 9 60 9 60 1 1
1794 -1 700 600 80 100 700 600 80 100 500 1000 15 -50 15 -80 15 -80 1 1
1795 -1 700 0 80 100 700 0 80 100 300 1000 15 -30 15 -30 15 -30 0 1
1796 -1 700 600 80 100 700 600 80 100 300 1000 5 60 5 -30 5 -30 1 1
1797 -1 800 0 80 100 800 0 80 100 100 1000 5 80 5 80 5 80 2 0
1798 -1 700 600 80 100 700 600 80 100 700 1000 9 80 9 80 9 80 1 1
1799 -1 800 300 80 100 800 300 80 100 700 1000 15 80 15 80 15 80 1 1
1800 -1 700 0 80 100 700 0 80 100 300 1000 5 60 5 -80 5 -80 1 1
1801 -1 700 0 80 100 700 0 80 100 100 1000 5 -50 5 -80 5 -80 1 0
1802 -1 800 0 80 100 800 0 80 100 500 1000 15 80 15 -30 15 -30 0 1
1803 -1 800 600 80 100 800 600 80 100 100 1000 15 100 15 100 15 100 1 1
1804 -1 800 600 80 100 800 600 80 100 300 1000 15 60 15 -50 15 -50 1 1
1805 -1 800 600 80 100 800 600 80 100 100 1000 10 80 10 -50 10 -50 0 0
1806 -1 900 0 80 100 900 0 80 100 700 1000 9 -10 9 -80 9 -80 1 0
1807 -1 800 300 80 100 800 300 80 100 700 1000 15 -10 15 60 15 60 2 1
1808 -1 900 600 80 100 900 600 80 100 300 1000 10 -10 10 80 10 80 2 1
1809 -1 900 300 80 100 900 300 80 100 500 1000 9 -50 9 100 9 100 2 0
1810 -1 900 300 80 100 900 300 80 100 500 1000 9 80 9 -30 9 -30 1 1
1811 -1 800 300 80 100 800 300 80 100 300 1000 5 40 5 -30 5 -30 1 1
1812 -1 700 300 80 100 700 300 80 100 100 1000 20 -10 20 80 20 80 0 1
1813 -1 900 600 80 100 900 600 80 100 300 1000 20 60 20 -80 20 -80 1 0
1814 -1 900 600 80 100 900 600 80 100 500 1000 9 -50 9 100 9 100 1 0
1815 -1 700 600 80 100 700 600 80 100 500 1000 15 -30 15 -80 15 -80 2 1
1816 -1 800 300 80 100 800 300 80 100 300 1000 5 100 5 -50 5 -50 1 1
1817 -1 900 0 80 100 900 0 80 100 100 1000 5 100 5 100 5 100 0 1
1818 -1 800 600 80 100 800 600 80 100 300 1000 5 40 5 -50 5 -50 2 1
1819 -1 700 300 80 100 700 300 80 100 100 1000 5 -10 5 -50 5 -50 2 0
1820 -1 800 0 80 100 800 0 80 100 300 1000 10 40 10 -30 10 -30 1 1
1821 -1 700 0 80 100 700 0 80 100 700 1000 10 -30 10 60 10 60 2 1
1822 -1 700 600 80 100 700 600 80 100 500 1000 5 -10 5 -50 5 -50 0 1
1823 -1 700 600 80 100 700 600 80 100 300 1000 20 60 20 -50 20 -50 1 1
1824 -1 900 300 80 100 900 300 80 100 700 1000 9 100 9 60 9 60 0 1
1825 -1 900 600 80 100 900 600 80 100 700 1000 10 80 10 80 10 80 2 1
1826 -1 800 300 80 100 800 300 80 100 100 1000 15 -30 15 80 15 80 2 1
1827 -1 700 600 80 100 700 600 80 100 100 1000 15 60 15 60 15 60 0 1
1828 -1 700 300 80 100 700 300 80 100 100 1000 5 100 5 -30 5 -30 0 1
1829 -1 900 300 80 100 900 300 80 100 100 1000 15 -50 15 -50 15 -50 2 0
1830 -1 900 600 80 100 900 600 80 100 700 1000 10 -30 10 100 10 100 0 0
1831 -1 800 300 80 100 800 300 80 100 500 1000 9 60 9 -80 9 -80 0 0
1832 -1 900 300 80 100 900 300 80 100 500 1000 5 -10 5 -30 5 -30 2 0
1833 -1 900 600 80 100 900 600 80 100 700 1000 5 -50 5 60 5 60 2 0
1834 -1 900 300 80 100 900 300 80 100 700 1000 5 -50 5 -50 5 -50 2 1
1835 -1 800 300 80 100 800 300 80 100 300 1000 9 100 9 -80 9 -80 1 0
1836 -1 900 600 80 100 900 600 80 100 700 1000 9 60 9 100 9 100 2 0
1837 -1 700 300 80 100 700 300 80 100 700 1000 9 -10 9 60 9 60 0 1
1838 -1 700 600 80 100 700 600 80 100 300 1000 20 100 20 -80 20 -80 1 1
1839 -1 800 600 80 100 800 600 80 100 500 1000 15 60 15 -30 15 -30 0 0
1840 -1 900 300 80 100 900 300 80 100 300 1000 15 60 15 100 15 100 2 1
1841 -1 700 300 80 100 700 300 80 100 500 1000 20 40 20 -50 20 -50 1 0
1842 -1 700 0 80 100 700 0 80 100 300 1000 10 60 10 -30 10 -30 2 1
1843 -1 800 600 80 100 800 600 80 100 300 1000 15 60 15 -50 15 -50 1 0
1844 -1 900 300 80 100 900 300 80 100 700 1000 10 100 10 -80 10 -80 2 0
1845 -1 700 600 80 100 700 600 80 100 100 1000 15 40 15 -80 15 -80 1 0
1846 -1 800 0 80 100 800 0 80 100 100 1000 10 80 10 60 10 60 0 1
1847 -1 900 600 80 100 900 600 80 100 100 1000 20 40 20 -30 20 -30 2 0
1848 -1 800 300 80 100 800 300 80 100 700 1000 10 60 10 -80 10 -80 1 1
1849 -1 800 600 80 100 800 600 80 100 300 1000 10 -30 10 -30 10 -30 2 1
1850 -1 800 600 80 100 800 600 80 100 500 1000 20 80 20 100 20 100 1 1
1851 -1 800 0 80 100 800 0 80 100 100 1000 5 -30 5 -50 5 -50 2 0
1852 -1 900 600 80 100 900 600 80 100 700 1000 20 80 20 -30 20 -30 1 1
1853 -1 800 300 80 100 800 300 80 100 700 1000 20 100 20 100 20 100 1 1
1854 -1 800 0 80 100 800 0 80 100 500 1000 9 100 9 80 9 80 1 0
1855 -1 800 300 80 100 800 300 80 100 700 1000 5 -50 5 -50 5 -50 0 0
1856 -1 700 300 80 100 700 300 80 100 300 1000 5 60 5 -50 5 -50 0 0
1857 -1 800 600 80 100 800 600 80 100 300 1000 9 -50 9 60 9 60 2 0
1858 -1 700 0 80 100 700 0 80 100 500 1000 15 60 15 60 15 60 2 0
1859 -1 800 0 80 100 800 0 80 100 700 1000 10 40 10 60 10 60 2 1
1860 -1 700 0 80 100 700 0 80 100 300 1000 15 -50 15 100 15 100 2 1
1861 -1 800 300 80 100 800 300 80 100 100 1000 15 -50 15 -50 15 -50 1 1
1862 -1 800 0 80 100 800 0 80 100 700 1000 9 40 9 80 9 80 2 1
1863 -1 800 300 80 100 800 300 80 100 500 1000 10 80 10 100 10 100 1 0
1864 -1 900 300 80 100 900 300 80 100 300 1000 15 -50 15 100 15 100 2 1
1865 -1 700 600 80 100 700 600 80 100 100 1000 10 -30 10 80 10 80 1 1
1866 -1 800 0 80 100 800 0 80 100 100 1000 20 80 20 60 20 60 2 1
1867 -1 700 600 80 100 700 600 80 100 500 1000 20 -50 20 80 20 80 0 1
1868 -1 900 600 80 100 900 600 80 100 700 1000 15 80 15 80 15 80 1 1
1869 -1 900 300 80 100 900 300 80 100 500 1000 20 -50 20 -50 20 -50 2 1
1870 -1 900 600 80 100 900 600 80 100 500 1000 15 100 15 80 15 80 2 1
1871 -1 700 0 80 100 700 0 80 100 100 1000 5 100 5 100 5 100 0 0
1872 -1 900 300 80 100 900 300 80 100 500 1000 10 -50 10 -50 10 -50 2 0
1873 -1 800 0 80 100 800 0 80 100 500 1000 9 -50 9 60 9 60 0 1
1874 -1 800 300 80 100 800 300 80 100 700 1000 20 80 20 -50 20 -50 2 0
1875 -1 900 600 80 100 900 600 80 100 300 1000 10 100 10 100 10 100 2 0
1876 -1 800 0 80 100 800 0 80 100 100 1000 15 60 15 -30 15 -30 0 0
1877 -1 800 600 80 100 800 600 80 100 100 1000 10 100 10 80 10 80 1 0
1878 -1 800 300 80 100 800 300 80 100 500 1000 20 40 20 -80 20 -80 0 0
1879 -1 900 0 80 100 900 0 80 100 300 1000 10 -30 10 -80 10 -80 1 1
1880 -1 900 300 80 100 900 300 80 100 100 1000 9 80 9 100 9 100 1 0
1881 -1 800 300 80 100 800 300 80 100 500 1000 15 -10 15 60 15 60 0 0
1882 -1 800 300 80 100 800 300 80 100 300 1000 9 -10 9 60 9 60 2 1
1883 -1 700 600 80 100 700 600 80 100 300 1000 9 -50 9 80 9 80 1 1
1884 -1 700 0 80 100 700 0 80 100 700 1000 9 -10 9 80 9 80 0 1
1885 -1 700 0 80 100 700 0 80 100 700 1000 9 40 9 -80 9 -80 1 1
1886 -1 900 0 80 100 900 0 80 100 100 1000 10 80 10 -30 10 -30 0 1
1887 -1 900 600 80 100 900 600 80 100 500 1000 15 -30 15 -50 15 -50 0 0
1888 -1 700 600 80 100 700 600 80 100 500 1000 10 60 10 100 10 100 0 0
1889 -1 900 0 80 100 900 0 80 100 300 1000 20 40 20 100 20 100 2 1
1890 -1 700 300 80 100 700 300 80 100 700 1000 9 60 9 -30 9 -30 1 1
1891 -1 700 300 80 100 700 300 80 100 300 1000 9 60 9 80 9 80 2 1
1892 -1 900 300 80 100 900 300 80 100 500 1000 15 -50 15 60 15 60 1 0
1893 -1 900 0 80 100 900 0 80 100 300 1000 20 -10 20 80 20 80 0 0
1894 -1 700 300 80 100 700 300 80 100 100 1000 20 -10 20 60 20 60 0 0
1895 -1 700 600 80 100 700 600 80 100 500 1000 10 40 10 80 10 80 0 1
1896 -1 800 0 80 100 800 0 80 100 700 1000 15 40 15 -30 15 -30 0 1
1897 -1 800 300 80 100 800 300 80 100 300 1000 15 80 15 100 15 100 0 1
1898 -1 900 600 80 100 900 600 80 100 500 1000 5 -30 5 -50 5 -50 1 0
1899 -1 900 300 80 100 900 300 80 100 500 1000 20 -50 20 -30 20 -30 1 0
1900 -1 900 600 80 100 900 600 80 100 100 1000 15 40 15 -80 15 -80 0 0
1901 -1 800 0 80 100 800 0 80 100 700 1000 5 -50 5 60 5 60 2 0
1902 -1 800 600 80 100 800 600 80 100 300 1000 10 -30 10 -50 10 -50 0 0
1903 -1 900 300 80 100 900 300 80 100 500 1000 10 60 10 100 10 100 1 1
1904 -1 800 300 80 100 800 300 80 100 500 1000 20 40 20 -30 20 -30 2 1
1905 -1 900 0 80 100 900 0 80 100 700 1000 15 100 15 -80 15 -80 0 1
1906 -1 800 300 80 100 800 300 80 100 300 1000 15 -10 15 80 15 80 0 1
1907 -1 700 600 80 100 700 600 80 100 300 1000 15 100 15 -50 15 -50 0 1
1908 -1 900 600 80 100 900 600 80 100 100 1000 5 80 5 -30 5 -30 2 1
1909 -1 700 600 80 100 700 600 80 100 500 1000 9 -10 9 80 9 80 1 1
1910 -1 900 300 80 100 900 300 80 100 700 1000 20 -30 20 80 20 80 1 1
1911 -1 900 600 80 100 900 600 80 100 500 1000 5 -50 5 -80 5 -80 2 0
1912 -1 900 0 80 100 900 0 80 100 300 1000 20 -30 20 60 20 60 2 1
1913 -1 800 0 80 100 800 0 80 100 500 1000 10 -10 10 60 10 60 0 1
1914 -1 900 300 80 100 900 300 80 100 100 1000 10 100 10 100 10 100 0 0
1915 -1 900 0 80 100 900 0 80 100 500 1000 15 -10 15 -80 15 -80 2 0
1916 -1 800 600 80 100 800 600 80 100 300 1000 5 100 5 -80 5 -80 2 1
1917 -1 700 300 80 100 700 300 80 100 300 1000 9 -30 9 -50 9 -50 0 0
1918 -1 900 600 80 100 900 600 80 100 700 1000 10 -30 10 -80 10 -80 0 0
1919 -1 800 600 80 100 800 600 80 100 300 1000 20 100 20 60 20 60 1 1
1920 -1 900 600 80 100 900 600 80 100 700 1000 5 -10 5 60 5 60 0 0
1921 -1 900 600 80 100 900 600 80 100 300 1000 20 -10 20 -30 20 -30 0 0
1922 -1 800 600 80 100 800 600 80 100 700 1000 15 -30 15 80 15 80 0 1
1923 -1 800 300 80 100 800 300 80 100 100 1000 9 -50 9 -80 9 -80 0 0
1924 -1 700 300 80 100 700 300 80 100 300 1000 9 -10 9 60 9 60 0 0
1925 -1 800 300 80 100 800 300 80 100 500 1000 9 100 9 100 9 100 2 1
1926 -1 900 600 80 100 900 600 80 100 300 1000 20 -10 20 -80 20 -80 2 0
1927 -1 700 600 80 100 700 600 80 100 100 1000 15 40 15 -30 15 -30 0 0
1928 -1 900 0 80 100 900 0 80 100 500 1000 9 80 9 100 9 100 2 0
1929 -1 700 0 80 100 700 0 80 100 300 1000 20 -30 20 100 20 100 2 0
1930 -1 800 0 80 100 800 0 80 100 700 1000 20 60 20 60 20 60 0 0
1931 -1 800 0 80 100 800 0 80 100 500 1000 15 -50 15 -30 15 -30 2 1
1932 -1 900 600 80 100 900 600 80 100 300 1000 9 -30 9 -80 9 -80 2 1
1933 -1 800 0 80 100 800 0 80 100 300 1000 10 60 10 60 10 60 2 1
1934 -1 700 600 80 100 700 600 80 100 100 1000 20 100 20 -50 20 -50 0 1
1935 -1 700 300 80 100 700 300 80 100 100 1000 10 80 10 80 10 80 2 1
1936 -1 800 300 80 100 800 300 80 100 300 1000 9 80 9 -30 9 -30 1 1
1937 -1 800 600 80 100 800 600 80 100 300 1000 9 80 9 80 9 80 1 1
1938 -1 900 600 80 100 900 600 80 100 300 1000 15 80 15 -80 15 -80 0 1
1939 -1 700 600 80 100 700 600 80 100 300 1000 20 -10 20 -80 20 -80 2 0
1940 -1 900 0 80 100 900 0 80 100 100 1000 10 60 10 -30 10 -30 0 0
1941 -1 700 300 80 100 700 300 80 100 700 1000 15 60 15 100 15 100 1 0
1942 -1 700 600 80 100 700 600 80 100 500 1000 15 -10 15 60 15 60 0 0
1943 -1 700 300 80 100 700 300 80 100 500 1000 15 40 15 -50 15 -50 2 1
1944 -1 800 600 80 100 800 600 80 100 500 1000 5 -10 5 -30 5 -30 2 0
1945 -1 800 600 80 100 800 600 80 100 700 1000 5 40 5 80 5 80 0 1
1946 -1 700 600 80 100 700 600 80 100 100 1000 20 -10 20 -30 20 -30 1 0
1947 -1 800 300 80 100 800 300 80 100 300 1000 9 100 9 -50 9 -50 2 1
1948 -1 700 600 80 100 700 600 80 100 100 1000 15 80 15 60 15 60 0 0
1949 -1 900 0 80 100 900 0 80 100 700 1000 20 40 20 -30 20 -30 0 0
1950 -1 700 600 80 100 700 600 80 100 700 1000 5 -10 5 80 5 80 0 1
1951 -1 900 0 80 100 900 0 80 100 300 1000 5 -50 5 100 5 100 0 1
1952 -1 900 600 80 100 900 600 80 100 100 1000 9 80 9 60 9 60 0 0
1953 -1 900 600 80 100 900 600 80 100 500 1000 10 60 10 60 10 60 2 1
1954 -1 700 0 80 100 700 0 80 100 700 1000 9 40 9 80 9 80 0 0
1955 -1 900 300 80 100 900 300 80 100 500 1000 9 40 9 -30 9 -30 2 1
1956 -1 800 0 80 100 800 0 80 100 100 1000 5 100 5 -30 5 -30 0 1
1957 -1 700 600 80 100 700 600 80 100 100 1000 15 -10 15 80 15 80 1 0
1958 -1 700 600 80 100 700 600 80 100 300 1000 15 -30 15 -30 15 -30 2 0
1959 -1 900 600 80 100 900 600 80 100 300 1000 9 -30 9 60 9 60 2 0
1960 -1 800 0 80 100 800 0 80 100 100 1000 10 60 10 60 10 60 0 1
1961 -1 900 600 80 100 900 600 80 100 300 1000 5 100 5 -80 5 -80 2 0
1962 -1 800 0 80 100 800 0 80 100 500 1000 5 40 5 80 5 80 2 1
1963 -1 700 600 80 100 700 600 80 100 300 1000 20 100 20 80 20 80 1 1
1964 -1 900 0 80 100 900 0 80 100 300 1000 15 -30 15 100 15 100 0 0
1965 -1 800 0 80 100 800 0 80 100 700 1000 10 80 10 100 10 100 1 1
1966 -1 900 300 80 100 900 300 80 100 500 1000 20 100 20 -80 20 -80 0 0
1967 -1 800 300 80 100 800 300 80 100 700 1000 5 40 5 -80 5 -80 0 1
1968 -1 900 600 80 100 900 600 80 100 500 1000 20 -30 20 -30 20 -30 0 0
1969 -1 700 600 80 100 700 600 80 100 300 1000 10 -30 10 -30 10 -30 2 0
1970 -1 800 300 80 100 800 300 80 100 300 1000 5 100 5 -30 5 -30 0 0
1971 -1 800 0 80 100 800 0 80 100 300 1000 5 -30 5 -80 5 -80 1 1
1972 -1 700 0 80 100 700 0 80 100 500 1000 9 -10 9 60 9 60 0 0
1973 -1 900 0 80 100 900 0 80 100 100 1000 20 -10 20 -80 20 -80 0 1
1974 -1 900 0 80 100 900 0 80 100 500 1000 15 -50 15 -50 15 -50 0 0
1975 -1 900 600 80 100 900 600 80 100 500 1000 10 40 10 -80 10 -80 0 1
1976 -1 700 600 80 100 700 600 80 100 300 1000 20 60 20 100 20 100 0 1
1977 -1 800 600 80 100 800 600 80 100 100 1000 10 80 10 -50 10 -50 0 1
1978 -1 800 0 80 100 800 0 80 100 300 1000 10 100 10 100 10 100 1 0
1979 -1 700 0 80 100 700 0 80 100 500 1000 15 -50 15 80 15 80 1 1
1980 -1 800 600 80 100 800 600 80 100 300 1000 10 100 10 -50 10 -50 1 1
1981 -1 700 0 80 100 700 0 80 100 500 1000 10 -50 10 -80 10 -80 1 0
1982 -1 800 600 80 100 800 600 80 100 100 1000 20 -30 20 60 20 60 1 1
1983 -1 800 300 80 100 800 300 80 100 100 1000 15 100 15 80 15 80 0 0
1984 -1 900 300 80 100 900 300 80 100 100 1000 20 60 20 60 20 60 0 1
1985 -1 700 300 80 100 700 300 80 100 100 1000 20 40 20 -30 20 -30 2 1
1986 -1 900 300 80 100 900 300 80 100 300 1000 20 100 20 60 20 60 0 0
1987 -1 700 300 80 100 700 300 80 100 700 1000 10 100 10 -50 10 -50 0 0
1988 -1 800 300 80 100 800 300 80 100 500 1000 9 -10 9 -30 9 -30 2 0
1989 -1 700 300 80 100 700 300 80 100 500 1000 10 -50 10 80 10 80 0 1
1990 -1 900 300 80 100 900 300 80 100 100 1000 9 -10 9 -80 9 -80 0 1
1991 -1 900 0 80 100 900 0 80 100 500 1000 15 60 15 100 15 100 1 0
1992 -1 800 0 80 100 800 0 80 100 500 1000 9 100 9 60 9 60 2 0
1993 -1 900 600 80 100 900 600 80 100 100 1000 9 -50 9 -30 9 -30 0 0
1994 -1 700 0 80 100 700 0 80 100 300 1000 20 -50 20 100 20 100 0 1
1995 -1 800 600 80 100 800 600 80 100 100 1000 20 -10 20 -80 20 -80 2 1
1996 -1 800 300 80 100 800 300 80 100 500 1000 20 -30 20 -50 20 -50 1 0
1997 -1 800 300 80 100 800 300 80 100 700 1000 20 -10 20 100 20 100 0 1
1998 -1 900 300 80 100 900 300 80 100 700 1000 20 -10 20 -30 20 -30 1 1
1999 -1 800 600 80 100 800 600 80 100 100 1000 9 60 9 100 9 100 2 1
2000 -1 900 0 80 100 900 0 80 100 700 1000 5 -50 5 -80 5 -80 2 1
2001 -1 700 0 80 100 700 0 80 100 500 1000 5 80 5 -80 5 -80 0 1
2002 -1 700 300 80 100 700 300 80 100 300 1000 9 -30 9 -80 9 -80 0 0
2003 -1 900 300 80 100 900 300 80 100 300 1000 9 100 9 60 9 60 2 0
2004 -1 700 0 80 100 700 0 80 100 500 1000 5 -10 5 80 5 80 2 1
2005 -1 800 600 80 100 800 600 80 100 500 1000 20 -10 20 -50 20 -50 0 0
2006 -1 800 600 80 100 800 600 80 100 500 1000 10 -30 10 80 10 80 2 1
2007 -1 700 600 80 100 700 600 80 100 700 1000 10 80 10 -50 10 -50 0 0
2008 -1 700 0 80 100 700 0 80 100 700 1000 9 40 9 60 9 60 2 1
2009 -1 800 600 80 100 800 600 80 100 100 1000 10 80 10 -50 10 -50 2 1
2010 -1 700 600 80 100 700 600 80 100 500 1000 5 -30 5 80 5 80 2 1
2011 -1 700 300 80 100 700 300 80 100 500 1000 10 -30 10 80 10 80 2 0
2012 -1 700 600 80 100 700 600 80 100 500 1000 10 -50 10 -30 10 -30 1 1
2013 -1 800 300 80 100 800 300 80 100 500 1000 9 40 9 60 9 60 1 0
2014 -1 800 300 80 100 800 300 80 100 500 1000 9 100 9 100 9 100 0 1
2015 -1 900 300 80 100 900 300 80 100 100 1000 5 80 5 100 5 100 0 1
2016 -1 800 600 80 100 800 600 80 100 100 1000 20 -30 20 -30 20 -30 0 1
2017 -1 900 300 80 100 900 300 80 100 700 1000 5 60 5 -50 5 -50 1 0
2018 -1 700 600 80 100 700 600 80 100 100 1000 10 80 10 100 10 100 1 1
2019 -1 900 600 80 100 900 600 80 100 100 1000 20 -30 20 60 20 60 2 0
2020 -1 800 600 80 100 800 600 80 100 100 1000 20 100 20 -30 20 -30 0 0
2021 -1 800 600 80 100 800 600 80 100 100 1000 15 60 15 -80 15 -80 1 1
2022 -1 800 0 80 100 800 0 80 100 100 1000 15 -30 15 60 15 60 2 0
2023 -1 800 0 80 100 800 0 80 100 300 1000 5 40 5 -80 5 -80 0 0
2024 -1 900 0 80 100 900 0 80 100 700 1000 9 40 9 -30 9 -30 1 0
2025 -1 700 600 80 100 700 600 80 100 100 1000 15 80 15 60 15 60 2 1
2026 -1 700 600 80 100 700 600 80 100 300 1000 10 80 10 60 10 60 0 1
2027 -1 900 600 80 100 900 600 80 100 100 1000 10 -50 10 80 10 80 2 0
2028 -1 700 600 80 100 700 600 80 100 100 1000 15 40 15 -50 15 -50 1 0
2029 -1 900 600 80 100 900 600 80 100 500 1000 5 -10 5 -80 5 -80 0 0
2030 -1 800 600 80 100 800 600 80 100 500 1000 20 -50 20 80 20 80 1 0
2031 -1 700 300 80 100 700 300 80 100 500 1000 20 40 20 60 20 60 1 1
2032 -1 800 0 80 100 800 0 80 100 300 1000 15 -10 15 -50 15 -50 1 1
2033 -1 800 300 80 100 800 300 80 100 100 1000 9 100 9 -30 9 -30 2 0
2034 -1 700 0 80 100 700 0 80 100 100 1000 15 -50 15 -80 15 -80 2 0
2035 -1 800 300 80 100 800 300 80 100 300 1000 15 40 15 100 15 100 0 0
2036 -1 800 300 80 100 800 300 80 100 500 1000 10 80 10 -80 10 -80 1 1
2037 -1 800 0 80 100 800 0 80 100 300 1000 10 -10 10 100 10 100 0 0
2038 -1 800 600 80 100 800 600 80 100 100 1000 5 -30 5 -30 5 -30 2 1
2039 -1 700 0 80 100 700 0 80 100 700 1000 9 40 9 -80 9 -80 0 1
2040 -1 900 0 80 100 900 0 80 100 300 1000 9 -50 9 -80 9 -80 2 1
2041 -1 900 300 80 100 900 300 80 100 100 1000 20 40 20 80 20 80 2 0
2042 -1 900 300 80 100 900 300 80 100 700 1000 9 100 9 60 9 60 2 1
2043 -1 900 0 80 100 900 0 80 100 300 1000 9 100 9 -50 9 -50 2 0
2044 -1 700 300 80 100 700 300 80 100 300 1000 20 -50 20 100 20 100 1 1
2045 -1 800 0 80 100 800 0 80 100 700 1000 15 100 15 100 15 100 2 0
2046 -1 900 600 80 100 900 600 80 100 100 1000 5 -30 5 60 5 60 1 1
2047 -1 700 0 80 100 700 0 80 100 300 1000 5 -50 5 100 5 100 2 0
2048 -1 800 0 80 100 800 0 80 100 300 1000 10 -30 10 -50 10 -50 2 0
2049 -1 800 300 80 100 800 300 80 100 300 1000 20 -10 20 -30 20 -30 2 1
2050 -1 700 600 80 100 700 600 80 100 300 1000 15 60 15 80 15 80 1 0
2051 -1 800 600 80 100 800 600 80 100 700 1000 10 80 10 80 10 80 1 0
2052 -1 700 600 80 100 700 600 80 100 300 1000 10 40 10 100 10 100 2 0
2053 -1 800 0 80 100 800 0 80 100 300 1000 9 100 9 80 9 80 0 0
2054 -1 900 600 80 100 900 600 80 100 700 1000 5 -50 5 -80 5 -80 2 0
2055 -1 800 0 80 100 800 0 80 100 700 1000 10 60 10 -50 10 -50 0 1
2056 -1 900 0 80 100 900 0 80 100 300 1000 9 -10 9 60 9 60 1 0
2057 -1 800 600 80 100 800 600 80 100 500 1000 9 100 9 100 9 100 2 1
2058 -1 900 300 80 100 900 300 80 100 300 1000 20 40 20 60 20 60 1 1
2059 -1 900 600 80 100 900 600 80 100 300 1000 10 -30 10 60 10 60 1 1
2060 -1 900 0 80 100 900 0 80 100 300 1000 20 -10 20 -80 20 -80 0 0
2061 -1 900 300 80 100 900 300 80 100 500 1000 20 -50 20 60 20 60 2 0
2062 -1 700 0 80 100 700 0 80 100 500 1000 10 80 10 -30 10 -30 0 0
2063 -1 700 600 80 100 700 600 80 100 100 1000 5 60 5 60 5 60 0 1
2064 -1 800 0 80 100 800 0 80 100 500 1000 10 -10 10 80 10 80 1 1
2065 -1 900 300 80 100 900 300 80 100 100 1000 20 -50 20 -80 20 -80 0 0
2066 -1 700 600 80 100 700 600 80 100 700 1000 20 -30 20 -30 20 -30 1 1
2067 -1 900 0 80 100 900 0 80 100 100 1000 15 -50 15 -30 15 -30 2 0
2068 -1 800 600 80 100 800 600 80 100 700 1000 15 -50 15 -80 15 -80 1 0
2069 -1 700 300 80 100 700 300 80 100 700 1000 9 -50 9 60 9 60 1 0
2070 -1 800 300 80 100 800 300 80 100 700 1000 15 -30 15 -30 15 -30 2 0
2071 -1 800 0 80 100 800 0 80 100 700 1000 5 -10 5 -30 5 -30 1 1
2072 -1 700 600 80 100 700 600 80 100 100 1000 9 -50 9 -50 9 -50 1 0
2073 -1 800 600 80 100 800 600 80 100 300 1000 15 80 15 -30 15 -30 2 0
2074 -1 800 0 80 100 800 0 80 100 500 1000 15 -50 15 -50 15 -50 0 1
2075 -1 700 0 80 100 700 0 80 100 700 1000 10 40 10 -50 10 -50 2 0
2076 -1 900 300 80 100 900 300 80 100 500 1000 5 40 5 -80 5 -80 2 1
2077 -1 800 600 80 100 800 600 80 100 700 1000 20 80 20 80 20 80 0 0
2078 -1 700 0 80 100 700 0 80 100 300 1000 10 40 10 60 10 60 2 0
2079 -1 700 0 80 100 700 0 80 100 300 1000 10 80 10 -80 10 -80 1 0
2080 -1 700 0 80 100 700 0 80 100 300 1000 5 -30 5 -50 5 -50 1 1
2081 -1 900 600 80 100 900 600 80 100 100 1000 10 60 10 -50 10 -50 0 0
2082 -1 900 300 80 100 900 300 80 100 700 1000 20 -30 20 -30 20 -30 1 1
2083 -1 900 600 80 100 900 600 80 100 500 1000 10 80 10 80 10 80 2 1
2084 -1 900 300 80 100 900 300 80 100 100 1000 10 40 10 100 10 100 1 1
2085 -1 800 600 80 100 800 600 80 100 500 1000 20 100 20 80 20 80 0 0
2086 -1 800 600 80 100 800 600 80 100 700 1000 20 -10 20 -80 20 -80 1 1
2087 -1 800 600 80 100 800 600 80 100 700 1000 9 40 9 -50 9 -50 0 0
2088 -1 800 0 80 100 800 0 80 100 100 1000 20 40 20 -50 20 -50 2 0
2089 -1 800 600 80 100 800 600 80 100 300 1000 9 -50 9 -80 9 -80 2 0
2090 -1 700 300 80 100 700 300 80 100 500 1000 9 -10 9 80 9 80 0 1
2091 -1 900 0 80 100 900 0 80 100 700 1000 15 40 15 100 15 100 1 1
2092 -1 900 0 80 100 900 0 80 100 500 1000 15 100 15 60 15 60 0 1
2093 -1 900 0 80 100 900 0 80 100 300 1000 20 100 20 -50 20 -50 2 1
2094 -1 900 300 80 100 900 300 80 100 100 1000 10 -10 10 100 10 100 0 1
2095 -1 800 0 80 100 800 0 80 100 100 1000 10 60 10 -50 10 -50 1 0
2096 -1 700 600 80 100 700 600 80 100 100 1000 10 80 10 60 10 60 2 0
2097 -1 900 300 80 100 900 300 80 100 300 1000 5 100 5 -50 5 -50 1 0
2098 -1 700 600 80 100 700 600 80 100 300 1000 10 80 10 60 10 60 2 0
2099 -1 800 600 80 100 800 600 80 100 500 1000 9 40 9 -30 9 -30 1 0
2100 -1 700 300 80 100 700 300 80 100 700 1000 20 40 20 60 20 60 2 1
2101 -1 700 600 80 100 700 600 80 100 300 1000 10 60 10 80 10 80 2 0
2102 -1 700 600 80 100 700 600 80 100 500 1000 10 100 10 -50 10 -50 2 1
2103 -1 800 600 80 100 800 600 80 100 700 1000 15 100 15 -50 15 -50 1 1
2104 -1 900 0 80 100 900 0 80 100 100 1000 20 60 20 80 20 80 0 0
2105 -1 900 300 80 100 900 300 80 100 300 1000 9 -30 9 -80 9 -80 2 0
2106 -1 700 0 80 100 700 0 80 100 100 1000 10 40 10 -80 10 -80 1 1
2107 -1 800 300 80 100 800 300 80 100 700 1000 9 40 9 -50 9 -50 1 1
2108 -1 700 0 80 100 700 0 80 100 700 1000 15 40 15 -30 15 -30 1 1
2109 -1 900 600 80 100 900 600 80 100 500 1000 9 80 9 -30 9 -30 2 1
2110 -1 800 300 80 100 800 300 80 100 300 1000 20 80 20 100 20 100 2 0
2111 -1 700 0 80 100 700 0 80 100 100 1000 10 60 10 -30 10 -30 0 0
2112 -1 900 0 80 100 900 0 80 100 100 1000 20 100 20 100 20 100 0 0
2113 -1 800 300 80 100 800 300 80 100 500 1000 9 40 9 -50 9 -50 0 1
2114 -1 800 300 80 100 800 300 80 100 300 1000 5 60 5 100 5 100 2 0
2115 -1 900 0 80 100 900 0 80 100 700 1000 20 60 20 60 20 60 1 0
2116 -1 700 600 80 100 700 600 80 100 500 1000 9 100 9 -80 9 -80 1 0
2117 -1 700 600 80 100 700 600 80 100 700 1000 15 -10 15 100 15 100 1 0
2118 -1 800 0 80 100 800 0 80 100 500 1000 9 -50 9 80 9 80 0 0
2119 -1 900 0 80 100 900 0 80 100 300 1000 20 -10 20 100 20 100 0 0
2120 -1 800 600 80 100 800 600 80 100 700 1000 9 80 9 -80 9 -80 1 1
2121 -1 800 0 80 100 800 0 80 100 700 1000 20 -30 20 100 20 100 2 0
2122 -1 800 300 80 100 800 300 80 100 500 1000 20 80 20 -30 20 -30 1 0
2123 -1 900 300 80 100 900 300 80 100 500 1000 5 100 5 100 5 100 0 0
2124 -1 800 600 80 100 800 600 80 100 100 1000 10 100 10 -80 10 -80 0 1
2125 -1 900 0 80 100 900 0 80 100 100 1000 20 -50 20 -80 20 -80 0 1
2126 -1 800 0 80 100 800 0 80 100 300 1000 15 80 15 -80 15 -80 2 1
2127 -1 800 0 80 100 800 0 80 100 500 1000 5 -30 5 -50 5 -50 0 0
2128 -1 700 300 80 100 700 300 80 100 500 1000 15 80 15 -80 15 -80 0 1
2129 -1 700 600 80 100 700 600 80 100 300 1000 20 -50 20 80 20 80 0 0
2130 -1 700 0 80 100 700 0 80 100 500 1000 10 40 10 -50 10 -50 2 1
2131 -1 700 300 80 100 700 300 80 100 500 1000 9 80 9 60 9 60 2 1
2132 -1 800 600 80 100 800 600 80 100 500 1000 10 -50 10 -50 10 -50 1 1
2133 -1 800 600 80 100 800 600 80 100 500 1000 20 40 20 -50 20 -50 0 0
2134 -1 800 300 80 100 800 300 80 100 300 1000 9 -50 9 100 9 100 0 0
2135 -1 800 300 80 100 800 300 80 100 500 1000 9 80 9 100 9 100 1 1
2136 -1 800 300 80 100 800 300 80 100 100 1000 9 80 9 -30 9 -30 1 1
2137 -1 700 0 80 100 700 0 80 100 300 1000 9 -50 9 -30 9 -30 0 0
2138 -1 700 600 80 100 700 600 80 100 100 1000 20 -10 20 100 20 100 2 0
2139 -1 700 600 80 100 700 600 80 100 500 1000 15 40 15 100 15 100 2 1
2140 -1 800 600 80 100 800 600 80 100 700 1000 15 -30 15 -30 15 -30 1 0
2141 -1 800 0 80 100 800 0 80 100 700 1000 9 60 9 -50 9 -50 1 1
2142 -1 800 300 80 100 800 300 80 100 100 1000 5 60 5 60 5 60 0 0
2143 -1 700 300 80 100 700 300 80 100 300 1000 15 100 15 60 15 60 0 1
2144 -1 900 300 80 100 900 300 80 100 500 1000 9 60 9 -50 9 -50 2 1
2145 -1 800 600 80 100 800 600 80 100 500 1000 5 -50 5 -30 5 -30 2 0
2146 -1 700 600 80 100 700 600 80 100 500 1000 15 -30 15 -50 15 -50 1 0
2147 -1 700 300 80 100 700 300 80 100 700 1000 20 -10 20 -50 20 -50 0 0
2148 -1 700 0 80 100 700 0 80 100 700 1000 20 -50 20 -50 20 -50 2 1
2149 -1 700 600 80 100 700 600 80 100 300 1000 10 100 10 80 10 80 0 0
2150 -1 800 300 80 100 800 300 80 100 100 1000 10 -50 10 -30 10 -30 0 1
2151 -1 800 300 80 100 800 300 80 100 300 1000 20 -30 20 60 20 60 2 1
2152 -1 700 600 80 100 700 600 80 100 500 1000 9 -50 9 60 9 60 2 0
2153 -1 900 600 80 100 900 600 80 100 500 1000 20 100 20 60 20 60 1 1
2154 -1 700 600 80 100 700 600 80 100 500 1000 9 -10 9 80 9 80 2 0
2155 -1 700 300 80 100 700 300 80 100 100 1000 9 -50 9 100 9 100 2 0
2156 -1 800 300 80 100 800 300 80 100 500 1000 10 -30 10 100 10 100 1 1
2157 -1 900 300 80 100 900 300 80 100 700 1000 15 40 15 -80 15 -80 1 0
2158 -1 700 300 80 100 700 300 80 100 100 1000 5 -30 5 80 5 80 0 0
2159 -1 800 600 80 100 800 600 80 100 100 1000 20 100 20 -80 20 -80 2 1
2160 -1 800 0 80 100 800 0 80 100 500 1000 10 -50 10 -80 10 -80 0 0
2161 -1 800 600 80 100 800 600 80 100 700 1000 5 -30 5 -80 5 -80 1 1
2162 -1 900 300 80 100 900 300 80 100 300 1000 20 100 20 -50 20 -50 0 1
2163 -1 900 0 80 100 900 0 80 100 500 1000 9 40 9 80 9 80 2 1
2164 -1 800 0 80 100 800 0 80 100 700 1000 9 -50 9 -50 9 -50 2 0
2165 -1 800 600 80 100 800 600 80 100 500 1000 5 -10 5 -80 5 -80 2 1
2166 -1 800 300 80 100 800 300 80 100 300 1000 20 100 20 60 20 60 1 0
2167 -1 700 600 80 100 700 600 80 100 700 1000 10 60 10 -80 10 -80 2 1
2168 -1 800 0 80 100 800 0 80 100 100 1000 5 -10 5 80 5 80 2 1
2169 -1 700 300 80 100 700 300 80 100 300 1000 5 40 5 60 5 60 1 0
2170 -1 800 0 80 100 800 0 80 100 100 1000 10 60 10 80 10 80 2 1
2171 -1 900 0 80 100 900 0 80 100 300 1000 20 -30 20 -80 20 -80 1 1
2172 -1 900 300 80 100 900 300 80 100 300 1000 5 -50 5 -80 5 -80 0 1
2173 -1 900 600 80 100 900 600 80 100 300 1000 5 60 5 80 5 80 0 0
2174 -1 700 0 80 100 700 0 80 100 100 1000 15 40 15 -50 15 -50 0 0
2175 -1 900 300 80 100 900 300 80 100 500 1000 15 100 15 -30 15 -30 1 1
2176 -1 800 600 80 100 800 600 80 100 500 1000 9 -30 9 -50 9 -50 2 0
2177 -1 700 600 80 100 700 600 80 100 700 1000 9 100 9 -80 9 -80 2 0
2178 -1 800 0 80 100 800 0 80 100 700 1000 20 40 20 80 20 80 2 0
2179 -1 900 0 80 100 900 0 80 100 300 1000 10 40 10 60 10 60 0 1
2180 -1 700 300 80 100 700 300 80 100 100 1000 20 -10 20 -30 20 -30 0 1
2181 -1 800 0 80 100 800 0 80 100 500 1000 15 100 15 -50 15 -50 1 0
2182 -1 700 0 80 100 700 0 80 100 300 1000 10 60 10 -80 10 -80 1 1
2183 -1 800 0 80 100 800 0 80 100 700 1000 20 60 20 -80 20 -80 1 1
2184 -1 700 300 80 100 700 300 80 100 100 1000 15 -30 15 60 15 60 1 1
2185 -1 700 0 80 100 700 0 80 100 700 1000 10 80 10 -80 10 -80 1 0
2186 -1 800 600 80 100 800 600 80 100 300 1000 10 -10 10 -50 10 -50 0 1
2187 -1 700 300 80 100 700 300 80 100 100 1000 15 -30 15 -80 15 -80 1 1
2188 -1 800 0 80 100 800 0 80 100 300 1000 10 100 10 -50 10 -50 0 0
2189 -1 900 0 80 100 900 0 80 100 500 1000 9 -30 9 80 9 80 2 1
2190 -1 800 600 80 100 800 600 80 100 500 1000 10 80 10 60 10 60 1 0
2191 -1 900 300 80 100 900 300 80 100 700 1000 20 40 20 -50 20 -50 1 0
2192 -1 700 300 80 100 700 300 80 100 100 1000 5 -10 5 -50 5 -50 2 1
2193 -1 900 0 80 100 900 0 80 100 700 1000 5 100 5 -80 5 -80 2 0
2194 -1 900 300 80 100 900 300 80 100 700 1000 9 -10 9 100 9 100 2 0
2195 -1 700 300 80 100 700 300 80 100 500 1000 15 80 15 80 15 80 2 0
2196 -1 800 600 80 100 800 600 80 100 300 1000 9 40 9 100 9 100 2 1
2197 -1 900 0 80 100 900 0 80 100 500 1000 10 -50 10 60 10 60 0 0
2198 -1 900 0 80 100 900 0 80 100 300 1000 15 -30 15 100 15 100 0 1
2199 -1 700 600 80 100 700 600 80 100 700 1000 20 80 20 -50 20 -50 0 1
2200 -1 800 300 80 100 800 300 80 100 700 1000 9 -30 9 60 9 60 0 1
2201 -1 800 300 80 100 800 300 80 100 300 1000 9 80 9 80 9 80 0 1
2202 -1 700 300 80 100 700 300 80 100 700 1000 20 100 20 -80 20 -80 1 0
2203 -1 700 0 80 100 700 0 80 100 100 1000 20 40 20 100 20 100 0 1
2204 -1 700 600 80 100 700 600 80 100 500 1000 20 -30 20 -30 20 -30 1 1
2205 -1 900 300 80 100 900 300 80 100 500 1000 5 60 5 80 5 80 0 1
2206 -1 800 0 80 100 800 0 80 100 700 1000 10 -30 10 100 10 100 0 1
2207 -1 900 300 80 100 900 300 80 100 300 1000 10 80 10 80 10 80 2 0
2208 -1 800 300 80 100 800 300 80 100 500 1000 10 -10 10 80 10 80 0 1
2209 -1 900 0 80 100 900 0 80 100 100 1000 5 -10 5 -50 5 -50 0 1
2210 -1 800 0 80 100 800 0 80 100 700 1000 5 60 5 -50 5 -50 2 1
2211 -1 700 0 80 100 700 0 80 100 700 1000 15 -10 15 100 15 100 1 0
2212 -1 800 300 80 100 800 300 80 100 100 1000 15 100 15 80 15 80 2 0
2213 -1 800 600 80 100 800 600 80 100 700 1000 9 60 9 100 9 100 0 1
2214 -1 800 600 80 100 800 600 80 100 700 1000 9 40 9 -30 9 -30 0 1
2215 -1 900 0 80 100 900 0 80 100 100 1000 9 -30 9 80 9 80 0 0
2216 -1 700 0 80 100 700 0 80 100 300 1000 20 100 20 -50 20 -50 2 0
2217 -1 900 0 80 100 900 0 80 100 100 1000 15 40 15 -80 15 -80 1 1
2218 -1 700 0 80 100 700 0 80 100 700 1000 5 100 5 -50 5 -50 2 0
2219 -1 700 600 80 100 700 600 80 100 300 1000 10 -30 10 80 10 80 2 0
2220 -1 800 300 80 100 800 300 80 100 700 1000 5 80 5 60 5 60 0 0
2221 -1 900 300 80 100 900 300 80 100 300 1000 15 80 15 -30 15 -30 2 1
2222 -1 900 300 80 100 900 300 80 100 100 1000 15 60 15 100 15 100 1 1
2223 -1 900 0 80 100 900 0 80 100 500 1000 10 -10 10 -50 10 -50 1 1
2224 -1 700 600 80 100 700 600 80 100 700 1000 9 40 9 -80 9 -80 2 0
2225 -1 700 0 80 100 700 0 80 100 100 1000 20 60 20 -80 20 -80 0 1
2226 -1 900 300 80 100 900 300 80 100 500 1000 15 40 15 80 15 80 1 0
2227 -1 700 0 80 100 700 0 80 100 500 1000 20 -50 20 -30 20 -30 2 1
2228 -1 800 600 80 100 800 600 80 100 300 1000 5 100 5 -30 5 -30 0 0
2229 -1 800 0 80 100 800 0 80 100 300 1000 9 40 9 60 9 60 0 1
2230 -1 900 600 80 100 900 600 80 100 700 1000 5 -50 5 100 5 100 2 0
2231 -1 900 0 80 100 900 0 80 100 100 1000 20 -10 20 -50 20 -50 2 1
2232 -1 800 600 80 100 800 600 80 100 300 1000 10 40 10 100 10 100 2 1
2233 -1 700 300 80 100 700 300 80 100 100 1000 15 -30 15 -80 15 -80 1 0
2234 -1 800 600 80 100 800 600 80 100 100 1000 15 60 15 80 15 80 0 0
2235 -1 700 300 80 100 700 300 80 100 300 1000 10 -50 10 -50 10 -50 2 0
2236 -1 700 0 80 100 700 0 80 100 300 1000 10 -30 10 -50 10 -50 2 1
2237 -1 900 300 80 100 900 300 80 100 100 1000 5 80 5 -50 5 -50 2 0
2238 -1 700 600 80 100 700 600 80 100 300 1000 9 80 9 100 9 100 2 0
2239 -1 900 0 80 100 900 0 80 100 700 1000 20 -30 20 -80 20 -80 1 0
2240 -1 800 300 80 100 800 300 80 100 700 1000 15 -30 15 80 15 80 0 0
2241 -1 800 0 80 100 800 0 80 100 500 1000 15 -10 15 -50 15 -50 0 0
2242 -1 700 0 80 100 700 0 80 100 300 1000 20 -30 20 100 20 100 2 1
2243 -1 800 0 80 100 800 0 80 100 700 1000 9 100 9 60 9 60 0 0
2244 -1 900 600 80 100 900 600 80 100 700 1000 5 -30 5 -50 5 -50 0 1
2245 -1 800 600 80 100 800 600 80 100 100 1000 20 -50 20 -80 20 -80 1 0
2246 -1 900 300 80 100 900 300 80 100 700 1000 20 60 20 -30 20 -30 0 1
2247 -1 800 0 80 100 800 0 80 100 300 1000 9 -50 9 -30 9 -30 2 1
2248 -1 700 300 80 100 700 300 80 100 100 1000 20 -50 20 100 20 100 1 0
2249 -1 800 600 80 100 800 600 80 100 500 1000 10 60 10 -30 10 -30 1 1
2250 -1 700 300 80 100 700 300 80 100 100 1000 9 -50 9 -50 9 -50 1 1
2251 -1 700 0 80 100 700 0 80 100 700 1000 9 -30 9 -50 9 -50 1 1
2252 -1 700 600 80 100 700 600 80 100 300 1000 9 -10 9 80 9 80 1 0
2253 -1 700 600 80 100 700 600 80 100 100 1000 20 -30 20 100 20 100 0 1
2254 -1 700 600 80 100 700 600 80 100 700 1000 20 40 20 -50 20 -50 1 0
2255 -1 900 0 80 100 900 0 80 100 700 1000 15 -10 15 80 15 80 1 1
2256 -1 700 300 80 100 700 300 80 100 300 1000 9 60 9 100 9 100 2 1
2257 -1 800 0 80 100 800 0 80 100 500 1000 15 -50 15 80 15 80 0 0
2258 -1 700 600 80 100 700 600 80 100 500 1000 5 -50 5 -50 5 -50 1 1
2259 -1 700 300 80 100 700 300 80 100 500 1000 9 -30 9 -80 9 -80 0 0
2260 -1 900 600 80 100 900 600 80 100 500 1000 9 -10 9 -50 9 -50 0 0
2261 -1 700 600 80 100 700 600 80 100 300 1000 10 40 10 -50 10 -50 2 1
2262 -1 800 300 80 100 800 300 80 100 100 1000 9 80 9 60 9 60 0 1
2263 -1 700 300 80 100 700 300 80 100 500 1000 15 -50 15 -30 15 -30 0 1
2264 -1 700 600 80 100 700 600 80 100 300 1000 5 100 5 100 5 100 2 0
2265 -1 900 300 80 100 900 300 80 100 300 1000 9 -50 9 -30 9 -30 0 1
2266 -1 900 0 80 100 900 0 80 100 100 1000 10 -30 10 80 10 80 1 0
2267 -1 900 0 80 100 900 0 80 100 300 1000 15 100 15 -50 15 -50 1 0
2268 -1 700 300 80 100 700 300 80 100 700 1000 10 80 10 -30 10 -30 1 1
2269 -1 800 300 80 100 800 300 80 100 300 1000 9 40 9 100 9 100 1 1
2270 -1 800 600 80 100 800 600 80 100 100 1000 15 80 15 100 15 100 0 1
2271 -1 700 0 80 100 700 0 80 100 100 1000 5 -50 5 100 5 100 0 0
2272 -1 800 600 80 100 800 600 80 100 700 1000 10 40 10 60 10 60 1 0
2273 -1 900 300 80 100 900 300 80 100 500 1000 10 -10 10 -30 10 -30 1 1
2274 -1 700 0 80 100 700 0 80 100 500 1000 5 100 5 -50 5 -50 1 1
2275 -1 700 300 80 100 700 300 80 100 100 1000 5 100 5 80 5 80 0 1
2276 -1 800 0 80 100 800 0 80 100 500 1000 20 60 20 100 20 100 1 1
2277 -1 900 0 80 100 900 0 80 100 300 1000 5 80 5 80 5 80 1 1
2278 -1 900 300 80 100 900 300 80 100 300 1000 20 60 20 -50 20 -50 0 0
2279 -1 700 600 80 100 700 600 80 100 100 1000 10 -50 10 80 10 80 2 0
2280 -1 700 0 80 100 700 0 80 100 700 1000 9 -50 9 80 9 80 1 1
2281 -1 700 600 80 100 700 600 80 100 300 1000 20 -50 20 -50 20 -50 2 0
2282 -1 800 600 80 100 800 600 80 100 300 1000 9 -30 9 60 9 60 0 1
2283 -1 800 0 80 100 800 0 80 100 300 1000 9 40 9 -50 9 -50 2 1
2284 -1 900 300 80 100 900 300 80 100 300 1000 20 -30 20 100 20 100 1 1
2285 -1 900 600 80 100 900 600 80 100 500 1000 9 60 9 80 9 80 0 1
2286 -1 900 300 80 100 900 300 80 100 100 1000 15 100 15 60 15 60 0 1
2287 -1 900 0 80 100 900 0 80 100 700 1000 10 40 10 -80 10 -80 0 1
2288 -1 900 600 80 100 900 600 80 100 500 1000 10 -30 10 -80 10 -80 1 1
2289 -1 700 0 80 100 700 0 80 100 700 1000 15 80 15 -80 15 -80 0 0
2290 -1 800 300 80 100 800 300 80 100 500 1000 20 -10 20 -50 20 -50 2 0
2291 -1 900 300 80 100 900 300 80 100 100 1000 20 60 20 80 20 80 2 0
2292 -1 700 600 80 100 700 600 80 100 100 1000 20 40 20 -50 20 -50 1 0
2293 -1 900 300 80 100 900 300 80 100 300 1000 9 -50 9 -50 9 -50 2 1
2294 -1 800 600 80 100 800 600 80 100 500 1000 20 -30 20 -30 20 -30 0 1
2295 -1 700 300 80 100 700 300 80 100 500 1000 10 -10 10 -50 10 -50 2 0
2296 -1 900 300 80 100 900 300 80 100 700 1000 9 60 9 60 9 60 0 0
2297 -1 800 300 80 100 800 300 80 100 700 1000 20 -10 20 100 20 100 2 1
2298 -1 900 300 80 100 900 300 80 100 700 1000 20 80 20 -30 20 -30 2 1
2299 -1 900 600 80 100 900 600 80 100 300 1000 20 100 20 80 20 80 1 1
2300 -1 800 0 80 100 800 0 80 100 300 1000 9 100 9 80 9 80 2 1
2301 -1 700 0 80 100 700 0 80 100 500 1000 10 -10 10 100 10 100 1 0
2302 -1 900 300 80 100 900 300 80 100 700 1000 20 80 20 -80 20 -80 1 0
2303 -1 900 0 80 100 900 0 80 100 300 1000 9 80 9 60 9 60 0 0
2304 -1 700 0 80 100 700 0 80 100 500 1000 5 -30 5 100 5 100 0 0
2305 -1 800 300 100 100 800 300 100 100 200 700 5 40 9 60 20 100 1 0
2306 -1 900 300 100 100 900 300 100 100 100 700 10 -30 15 60 15 -80 0 0
2307 -1 800 0 100 100 800 0 100 100 100 500 10 -30 15 80 20 -80 0 0
2308 -1 900 300 100 100 900 300 100 100 100 500 10 -30 9 60 20 -80 0 0
2309 -1 900 300 100 100 900 300 100 100 100 500 9 -30 15 80 20 -80 0 0
2310 -1 900 300 100 100 900 300 100 100 100 500 5 40 9 80 15 100 0 0
2311 -1 900 300 100 100 900 300 100 100 200 700 5 -30 15 60 20 -80 1 0
2312 -1 900 300 100 100 900 300 100 100 200 700 5 -30 9 80 20 100 0 0
2313 -1 800 0 100 100 800 0 100 100 100 700 9 40 15 60 20 100 1 0
2314 -1 800 300 100 100 800 300 100 100 100 500 9 40 9 60 20 -80 1 0
2315 -1 900 300 100 100 900 300 100 100 100 500 5 40 15 80 20 -80 1 0
2316 -1 800 300 100 100 800 300 100 100 200 500 10 -30 9 80 15 100 0 0
2317 -1 800 0 100 100 800 0 100 100 100 500 9 40 9 60 15 -80 1 0
2318 -1 900 300 100 100 900 300 100 100 200 500 5 40 15 80 20 -80 0 0
2319 -1 800 300 100 100 800 300 100 100 100 500 9 -30 15 80 20 -80 1 0
2320 -1 800 300 100 100 800 300 100 100 200 700 9 -30 9 80 15 -80 1 0
2321 -1 800 300 100 100 800 300 100 100 200 500 5 -30 9 60 15 -80 1 0
2322 -1 800 300 100 100 800 300 100 100 200 700 5 -30 9 60 15 -80 0 0
2323 -1 800 300 100 100 800 300 100 100 100 700 5 -30 15 60 20 -80 0 0
2324 -1 900 0 100 100 900 0 100 100 100 500 9 -30 15 60 15 100 0 0
2325 -1 900 0 100 100 900 0 100 100 200 500 9 40 15 60 20 100 0 0
2326 -1 800 300 100 100 800 300 100 100 100 700 9 40 9 60 20 100 1 0
2327 -1 900 0 100 100 900 0 100 100 100 500 10 -30 9 80 15 -80 1 0
2328 -1 900 0 100 100 900 0 100 100 100 500 10 -30 15 80 15 -80 1 0
2329 -1 800 0 100 100 800 0 100 100 200 700 9 -30 15 80 20 100 0 0
2330 -1 800 300 100 100 800 300 100 100 200 700 9 40 15 60 20 100 0 0
2331 -1 900 0 100 100 900 0 100 100 200 700 10 40 15 80 20 100 1 0
2332 -1 900 300 100 100 900 300 100 100 100 500 9 -30 9 80 15 100 1 0
2333 -1 900 0 100 100 900 0 100 100 200 500 9 40 15 60 20 -80 0 0
2334 -1 800 300 100 100 800 300 100 100 200 700 5 -30 9 80 15 100 0 0
2335 -1 800 0 100 100 800 0 100 100 200 500 5 -30 15 80 20 -80 0 0
2336 -1 900 300 100 100 900 300 100 100 100 700 10 40 15 80 20 -80 1 0
2337 -1 800 300 100 100 800 300 100 100 200 500 5 -30 9 60 15 100 1 0
2338 -1 800 0 100 100 800 0 100 100 200 700 5 40 9 60 15 100 0 0
2339 -1 900 300 100 100 900 300 100 100 100 700 10 -30 15 60 15 -80 1 0
2340 -1 900 0 100 100 900 0 100 100 100 700 5 -30 9 80 15 -80 0 0
2341 -1 900 300 100 100 900 300 100 100 100 500 10 40 9 80 20 -80 1 0
2342 -1 800 0 100 100 800 0 100 100 200 700 9 -30 15 60 20 100 1 0
2343 -1 800 0 100 100 800 0 100 100 200 500 10 40 15 80 15 -80 0 0
2344 -1 900 300 100 100 900 300 100 100 200 500 5 40 15 60 15 -80 1 0
2345 -1 900 0 100 100 900 0 100 100 200 500 9 -30 15 60 15 -80 0 0
2346 -1 900 300 100 100 900 300 100 100 100 700 5 40 9 60 15 100 1 0
2347 -1 900 300 100 100 900 300 100 100 200 500 9 40 15 60 20 100 0 0
2348 -1 800 300 100 100 800 300 100 100 100 500 5 40 15 60 15 100 1 0
2349 -1 900 0 100 100 900 0 100 100 200 500 10 40 15 80 20 -80 1 0
2350 -1 900 300 100 100 900 300 100 100 200 700 5 -30 15 80 20 100 1 0
2351 -1 900 300 100 100 900 300 100 100 100 500 9 40 9 60 20 -80 1 0
2352 -1 800 0 100 100 800 0 100 100 100 700 5 -30 9 60 20 -80 1 0
2353 -1 800 0 100 100 800 0 100 100 200 500 9 -30 15 60 15 -80 1 0
2354 -1 800 0 100 100 800 0 100 100 100 700 9 40 15 80 20 -80 1 0
2355 -1 900 300 100 100 900 300 100 100 100 700 9 40 15 80 15 100 1 0
2356 -1 800 300 100 100 800 300 100 100 100 500 5 -30 15 60 15 -80 0 0
2357 -1 900 0 100 100 900 0 100 100 100 500 5 40 9 80 15 100 1 0
2358 -1 800 300 100 100 800 300 100 100 100 700 10 40 15 80 15 -80 1 0
2359 -1 800 300 100 100 800 300 100 100 200 700 10 -30 9 60 15 100 1 0
2360 -1 800 300 100 100 800 300 100 100 100 500 10 40 15 80 15 100 1 0
2361 -1 900 0 100 100 900 0 100 100 200 500 5 40 15 60 15 100 1 0
2362 -1 800 0 100 100 800 0 100 100 200 500 5 -30 9 80 20 -80 1 0
2363 -1 800 300 100 100 800 300 100 100 100 700 5 40 15 80 20 100 1 0
2364 -1 800 300 100 100 800 300 100 100 100 700 9 40 9 80 15 -80 0 0
2365 -1 800 300 100 100 800 300 100 100 200 500 5 -30 9 80 15 -80 0 0
2366 -1 900 300 100 100 900 300 100 100 100 500 5 -30 15 60 15 -80 0 0
2367 -1 900 0 100 100 900 0 100 100 100 700 5 40 9 60 15 -80 0 0
2368 -1 900 0 100 100 900 0 100 100 200 500 5 40 9 60 15 -80 1 0
2369 -1 900 300 100 100 900 300 100 100 200 500 5 40 15 60 20 100 0 0
2370 -1 900 300 100 100 900 300 100 100 200 500 5 -30 9 80 20 100 0 0
2371 -1 900 0 100 100 900 0 100 100 100 500 5 -30 15 60 15 100 1 0
2372 -1 900 300 100 100 900 300 100 100 200 500 5 -30 15 60 20 100 0 0
2373 -1 900 0 100 100 900 0 100 100 100 500 10 40 9 80 20 -80 1 0
2374 -1 900 300 100 100 900 300 100 100 200 500 10 40 15 80 15 100 1 0
2375 -1 800 300 100 100 800 300 100 100 100 700 9 40 15 80 20 100 0 0
2376 -1 900 0 100 100 900 0 100 100 100 700 9 -30 9 80 15 100 1 0
2377 -1 900 0 100 100 900 0 100 100 200 700 10 -30 9 80 15 100 0 0
2378 -1 800 300 100 100 800 300 100 100 200 700 10 40 9 80 15 -80 1 0
2379 -1 900 300 100 100 900 300 100 100 200 500 5 40 9 80 15 -80 0 0
2380 -1 800 300 100 100 800 300 100 100 200 500 5 40 9 80 15 -80 1 0
2381 -1 800 0 100 100 800 0 100 100 200 500 10 -30 15 80 20 100 0 0
2382 -1 800 300 100 100 800 300 100 100 200 500 5 -30 9 60 20 -80 1 0
2383 -1 900 300 100 100 900 300 100 100 200 500 10 -30 15 80 20 -80 1 0
2384 -1 900 0 100 100 900 0 100 100 200 500 9 -30 15 80 20 -80 1 0
2385 -1 800 0 100 100 800 0 100 100 200 700 9 -30 9 60 15 -80 0 0
2386 -1 900 300 100 100 900 300 100 100 200 700 9 40 9 80 20 -80 0 0
2387 -1 800 0 100 100 800 0 100 100 100 500 5 40 15 80 20 -80 0 0
2388 -1 900 300 100 100 900 300 100 100 100 500 10 40 15 60 20 -80 0 0
2389 -1 900 0 100 100 900 0 100 100 100 700 9 40 15 60 15 -80 0 0
2390 -1 800 300 100 100 800 300 100 100 200 500 5 -30 9 80 20 100 0 0
2391 -1 900 0 100 100 900 0 100 100 100 700 5 -30 9 60 20 -80 0 0
2392 -1 900 0 100 100 900 0 100 100 200 500 5 -30 9 60 20 100 0 0
2393 -1 900 300 100 100 900 300 100 100 100 500 5 -30 15 60 20 100 0 0
2394 -1 800 0 100 100 800 0 100 100 100 700 10 -30 9 80 20 -80 0 0
2395 -1 800 0 100 100 800 0 100 100 100 500 5 40 9 80 15 100 0 0
2396 -1 900 300 100 100 900 300 100 100 100 500 10 -30 15 80 20 100 1 0
2397 -1 900 300 100 100 900 300 100 100 200 700 10 -30 9 80 20 -80 1 0
2398 -1 900 0 100 100 900 0 100 100 200 700 9 -30 9 60 15 100 1 0
2399 -1 900 300 100 100 900 300 100 100 100 500 9 40 15 80 15 100 1 0
2400 -1 900 300 100 100 900 300 100 100 100 500 10 -30 15 60 15 -80 1 0
2401 -1 900 0 100 100 900 0 100 100 200 500 9 -30 15 80 15 -80 1 0
2402 -1 800 300 100 100 800 300 100 100 100 700 5 40 9 60 20 100 0 0
2403 -1 800 300 100 100 800 300 100 100 200 700 9 -30 15 60 15 -80 1 0
2404 -1 800 300 100 100 800 300 100 100 100 500 9 40 15 60 20 100 0 0
2405 -1 800 0 100 100 800 0 100 100 100 700 5 40 15 60 15 -80 1 0
2406 -1 900 300 100 100 900 300 100 100 100 500 9 40 9 80 15 100 0 0
2407 -1 900 300 100 100 900 300 100 100 100 700 9 40 15 60 20 -80 1 0
2408 -1 800 300 100 100 800 300 100 100 200 500 9 -30 9 80 15 100 0 0
2409 -1 800 0 100 100 800 0 100 100 200 700 10 40 15 80 15 100 0 0
2410 -1 800 0 100 100 800 0 100 100 100 500 10 40 9 80 15 100 1 0
2411 -1 800 300 100 100 800 300 100 100 200 700 9 -30 9 60 20 100 0 0
2412 -1 800 0 100 100 800 0 100 100 200 700 9 40 9 80 20 100 1 0
2413 -1 800 0 100 100 800 0 100 100 200 500 5 -30 15 80 20 -80 1 0
2414 -1 900 0 100 100 900 0 100 100 100 700 10 40 9 60 20 100 0 0
2415 -1 900 0 100 100 900 0 100 100 200 500 5 -30 9 80 20 100 1 0
2416 -1 800 300 100 100 800 300 100 100 200 500 10 40 9 60 15 100 0 0
2417 -1 900 300 100 100 900 300 100 100 200 500 9 40 15 80 15 -80 1 0
2418 -1 900 300 100 100 900 300 100 100 200 700 10 40 9 60 20 -80 1 0
2419 -1 900 0 100 100 900 0 100 100 200 500 9 -30 15 60 20 -80 0 0
2420 -1 800 300 100 100 800 300 100 100 200 500 10 -30 9 60 20 -80 1 0
2421 -1 900 300 100 100 900 300 100 100 200 500 9 40 15 80 20 100 1 0
2422 -1 900 300 100 100 900 300 100 100 200 700 9 -30 9 60 15 -80 0 0
2423 -1 900 300 100 100 900 300 100 100 200 500 9 -30 15 60 20 -80 1 0
2424 -1 800 0 100 100 800 0 100 100 200 700 10 40 15 80 20 100 0 0
2425 -1 900 300 100 100 900 300 100 100 200 500 5 -30 15 80 20 100 0 0
2426 -1 900 300 100 100 900 300 100 100 200 700 5 -30 9 80 20 -80 1 0
2427 -1 900 300 100 100 900 300 100 100 200 700 5 40 9 60 20 -80 1 0
2428 -1 800 300 100 100 800 300 100 100 200 700 5 40 15 60 15 100 0 0
2429 -1 900 300 100 100 900 300 100 100 200 500 10 40 15 60 15 -80 0 0
2430 -1 800 0 100 100 800 0 100 100 200 500 5 -30 15 80 15 -80 1 0
2431 -1 900 300 100 100 900 300 100 100 100 500 5 40 9 80 20 100 0 0
2432 -1 900 300 100 100 900 300 100 100 200 500 9 -30 9 80 20 -80 1 0
2433 -1 800 0 100 100 800 0 100 100 100 700 5 -30 15 80 20 -80 0 0
2434 -1 900 0 100 100 900 0 100 100 100 500 9 40 9 80 15 100 0 0
2435 -1 800 300 100 100 800 300 100 100 200 500 9 40 9 60 20 100 1 0
2436 -1 900 300 100 100 900 300 100 100 200 700 10 40 9 60 20 100 1 0
2437 -1 900 300 100 100 900 300 100 100 200 500 5 -30 15 80 15 -80 1 0
2438 -1 800 0 100 100 800 0 100 100 100 700 10 -30 15 80 20 100 1 0
2439 -1 800 0 100 100 800 0 100 100 200 500 9 40 15 80 15 -80 0 0
2440 -1 800 0 100 100 800 0 100 100 200 500 5 -30 9 60 15 -80 0 0
2441 -1 800 0 100 100 800 0 100 100 100 700 10 40 15 60 15 -80 0 0
2442 -1 900 0 100 100 900 0 100 100 100 700 5 40 9 80 15 100 0 0
2443 -1 800 300 100 100 800 300 100 100 100 700 10 -30 15 80 15 100 1 0
2444 -1 900 0 100 100 900 0 100 100 200 700 10 -30 9 60 20 100 0 0
2445 -1 900 0 100 100 900 0 100 100 100 500 5 -30 9 80 20 100 1 0
2446 -1 900 0 100 100 900 0 100 100 200 700 10 -30 9 60 20 100 1 0
2447 -1 900 300 100 100 900 300 100 100 100 500 9 -30 15 60 15 100 0 0
2448 -1 900 0 100 100 900 0 100 100 100 500 9 -30 9 80 20 100 0 0
2449 -1 800 0 100 100 800 0 100 100 100 700 9 -30 9 60 15 100 1 0
2450 -1 900 0 100 100 900 0 100 100 100 500 5 40 9 80 20 100 1 0
2451 -1 800 0 100 100 800 0 100 100 200 500 5 40 15 60 15 -80 1 0
2452 -1 800 0 100 100 800 0 100 100 100 700 9 40 15 60 20 -80 1 0
2453 -1 800 0 100 100 800 0 100 100 100 700 10 40 9 60 20 -80 0 0
2454 -1 800 300 100 100 800 300 100 100 200 500 5 -30 15 60 20 -80 1 0
2455 -1 900 300 100 100 900 300 100 100 200 700 9 40 15 60 20 100 0 0
2456 -1 800 300 100 100 800 300 100 100 100 500 9 -30 9 60 15 100 1 0
2457 -1 800 300 100 100 800 300 100 100 200 700 9 -30 15 60 20 100 0 0
2458 -1 800 300 100 100 800 300 100 100 200 500 5 40 9 60 15 100 1 0
2459 -1 900 300 100 100 900 300 100 100 100 700 10 -30 9 80 15 100 1 0
2460 -1 800 300 100 100 800 300 100 100 100 500 5 -30 9 60 20 100 0 0
2461 -1 800 0 100 100 800 0 100 100 100 500 10 40 9 60 15 -80 0 0
2462 -1 800 0 100 100 800 0 100 100 100 700 9 40 15 60 15 -80 1 0
2463 -1 900 0 100 100 900 0 100 100 100 700 10 40 15 60 15 100 1 0
2464 -1 900 300 100 100 900 300 100 100 100 500 5 -30 15 60 20 -80 1 0
2465 -1 900 300 100 100 900 300 100 100 100 700 5 -30 15 80 15 -80 0 0
2466 -1 800 0 100 100 800 0 100 100 200 700 9 -30 9 80 15 100 1 0
2467 -1 900 0 100 100 900 0 100 100 100 500 5 40 15 60 15 -80 0 0
2468 -1 800 0 100 100 800 0 100 100 200 500 9 -30 15 60 20 100 1 0
2469 -1 800 0 100 100 800 0 100 100 200 500 10 40 15 60 20 -80 0 0
2470 -1 900 0 100 100 900 0 100 100 100 700 9 -30 9 60 15 100 0 0
2471 -1 800 300 100 100 800 300 100 100 200 500 9 -30 9 60 20 100 0 0
2472 -1 800 0 100 100 800 0 100 100 100 500 10 -30 9 80 15 100 0 0
2473 -1 900 0 100 100 900 0 100 100 200 500 10 40 9 60 20 100 0 0
2474 -1 900 0 100 100 900 0 100 100 200 700 5 -30 9 80 20 -80 1 0
2475 -1 800 300 100 100 800 300 100 100 100 500 5 -30 15 80 20 -80 0 0
2476 -1 900 0 100 100 900 0 100 100 200 500 5 -30 9 60 15 -80 1 0
2477 -1 900 300 100 100 900 300 100 100 100 700 10 40 15 80 15 100 0 0
2478 -1 900 300 100 100 900 300 100 100 200 700 9 -30 9 60 20 100 1 0
2479 -1 800 0 100 100 800 0 100 100 200 500 9 40 15 80 15 100 0 0
2480 -1 800 300 100 100 800 300 100 100 100 500 10 40 9 60 15 100 1 0
2481 -1 800 300 100 100 800 300 100 100 200 500 5 -30 15 80 20 100 0 0
2482 -1 800 0 100 100 800 0 100 100 100 500 9 40 15 60 20 -80 0 0
2483 -1 800 300 100 100 800 300 100 100 200 700 9 -30 15 60 20 100 1 0
2484 -1 800 300 100 100 800 300 100 100 200 700 9 -30 15 80 20 -80 0 0
2485 -1 800 0 100 100 800 0 100 100 200 700 10 -30 9 80 20 -80 0 0
2486 -1 900 0 100 100 900 0 100 100 100 700 9 -30 9 60 20 -80 1 0
2487 -1 900 300 100 100 900 300 100 100 100 500 10 40 9 80 20 100 1 0
2488 -1 800 300 100 100 800 300 100 100 200 700 5 -30 15 80 15 100 1 0
2489 -1 800 0 100 100 800 0 100 100 200 700 5 -30 15 80 15 -80 0 0
2490 -1 900 300 100 100 900 300 100 100 200 700 10 -30 9 80 20 -80 0 0
2491 -1 900 300 100 100 900 300 100 100 200 700 10 40 9 60 15 100 0 0
2492 -1 800 300 100 100 800 300 100 100 100 500 10 -30 9 60 20 -80 1 0
2493 -1 900 0 100 100 900 0 100 100 100 700 9 40 9 80 15 100 0 0
2494 -1 800 300 100 100 800 300 100 100 200 700 10 40 15 60 15 -80 1 0
2495 -1 900 300 100 100 900 300 100 100 200 700 10 40 15 80 20 -80 0 0
2496 -1 900 0 100 100 900 0 100 100 200 500 5 -30 9 80 20 100 0 0
2497 -1 900 0 100 100 900 0 100 100 100 700 10 40 15 60 20 100 0 0
2498 -1 900 300 100 100 900 300 100 100 200 500 5 -30 9 60 15 100 1 0
2499 -1 800 0 100 100 800 0 100 100 100 500 9 -30 15 80 15 100 1 0
2500 -1 900 0 100 100 900 0 100 100 200 700 10 -30 9 60 15 100 0 0
2501 -1 900 300 100 100 900 300 100 100 100 500 10 40 9 80 20 100 0 0
2502 -1 900 300 100 100 900 300 100 100 100 500 5 -30 15 80 15 100 0 0
2503 -1 900 0 100 100 900 0 100 100 100 500 9 40 9 80 15 -80 1 0
2504 -1 900 300 100 100 900 300 100 100 200 700 5 -30 15 60 20 -80 0 0
2505 -1 800 0 100 100 800 0 100 100 200 700 5 40 15 80 15 -80 0 0
2506 -1 900 300 100 100 900 300 100 100 200 700 10 40 15 60 15 -80 1 0
2507 -1 800 0 100 100 800 0 100 100 200 700 10 -30 15 60 15 -80 1 0
2508 -1 900 0 100 100 900 0 100 100 100 700 9 -30 9 60 15 100 1 0
2509 -1 900 0 100 100 900 0 100 100 100 500 5 -30 15 80 20 100 1 0
2510 -1 900 0 100 100 900 0 100 100 200 500 10 40 15 80 20 100 1 0
2511 -1 900 0 100 100 900 0 100 100 100 700 5 40 15 80 15 -80 0 0
2512 -1 900 300 100 100 900 300 100 100 100 500 10 -30 9 80 15 -80 0 0
2513 -1 900 300 100 100 900 300 100 100 100 500 5 -30 9 60 20 -80 1 0
2514 -1 800 0 100 100 800 0 100 100 200 700 5 40 9 80 20 100 0 0
2515 -1 800 0 100 100 800 0 100 100 100 500 10 40 15 80 20 100 0 0
2516 -1 900 300 100 100 900 300 100 100 200 500 9 -30 15 80 15 100 1 0
2517 -1 800 300 100 100 800 300 100 100 200 700 9 40 15 80 15 100 1 0
2518 -1 800 0 100 100 800 0 100 100 100 700 5 40 15 80 15 100 1 0
2519 -1 800 300 100 100 800 300 100 100 100 500 5 -30 9 80 15 100 1 0
2520 -1 800 0 100 100 800 0 100 100 200 700 10 -30 9 80 20 100 1 0
2521 -1 800 300 100 100 800 300 100 100 100 700 10 -30 15 80 15 -80 0 0
2522 -1 800 300 100 100 800 300 100 100 100 500 5 -30 9 60 20 -80 1 0
2523 -1 800 0 100 100 800 0 100 100 100 500 9 40 9 60 15 100 0 0
2524 -1 800 0 100 100 800 0 100 100 100 500 5 -30 9 80 20 -80 1 0
2525 -1 800 300 100 100 800 300 100 100 100 700 5 -30 9 60 15 -80 1 0
2526 -1 900 0 100 100 900 0 100 100 200 700 10 40 9 80 15 -80 0 0
2527 -1 900 0 100 100 900 0 100 100 100 700 10 40 15 80 15 -80 0 0
2528 -1 800 0 100 100 800 0 100 100 200 500 9 -30 9 60 15 100 0 0
2529 -1 800 300 100 100 800 300 100 100 200 500 5 40 9 60 20 100 0 0
2530 -1 900 0 100 100 900 0 100 100 100 500 5 -30 9 80 20 -80 1 0
2531 -1 800 0 100 100 800 0 100 100 200 500 5 -30 9 60 20 -80 1 0
2532 -1 900 0 100 100 900 0 100 100 100 700 5 -30 15 80 15 -80 1 0
2533 -1 800 300 100 100 800 300 100 100 200 700 9 40 15 60 20 -80 0 0
2534 -1 900 0 100 100 900 0 100 100 100 700 9 -30 9 80 20 100 1 0
2535 -1 900 0 100 100 900 0 100 100 200 700 5 -30 9 60 15 100 0 0
2536 -1 900 0 100 100 900 0 100 100 200 500 5 40 9 80 20 100 1 0
2537 -1 900 300 100 100 900 300 100 100 100 500 9 -30 15 60 20 100 0 0
2538 -1 900 300 100 100 900 300 100 100 100 500 5 40 9 60 15 -80 1 0
2539 -1 800 0 100 100 800 0 100 100 100 500 5 -30 9 60 15 -80 1 0
2540 -1 900 300 100 100 900 300 100 100 100 700 5 -30 9 80 15 -80 1 0
2541 -1 800 0 100 100 800 0 100 100 200 500 5 40 15 60 20 -80 1 0
2542 -1 800 0 100 100 800 0 100 100 100 500 5 40 15 60 15 100 1 0
2543 -1 800 0 100 100 800 0 100 100 100 500 5 -30 15 60 15 100 0 0
2544 -1 800 300 100 100 800 300 100 100 100 500 9 -30 9 80 20 100 0 0
2545 -1 900 300 100 100 900 300 100 100 200 500 10 40 9 60 15 100 1 0
2546 -1 800 0 100 100 800 0 100 100 100 500 10 -30 9 60 15 100 1 0
2547 -1 900 300 100 100 900 300 100 100 100 500 10 -30 15 60 20 100 0 0
2548 -1 800 0 100 100 800 0 100 100 200 500 5 -30 9 60 20 100 0 0
2549 -1 900 0 100 100 900 0 100 100 200 500 9 40 15 80 20 -80 0 0
2550 -1 900 300 100 100 900 300 100 100 100 500 10 40 15 80 20 -80 1 0
2551 -1 900 0 100 100 900 0 100 100 200 500 5 -30 9 60 20 -80 1 0
2552 -1 900 300 100 100 900 300 100 100 100 700 9 -30 15 80 15 -80 1 0
2553 -1 800 300 100 100 800 300 100 100 100 700 9 -30 15 60 20 100 1 0
2554 -1 900 0 100 100 900 0 100 100 100 700 10 -30 9 60 15 -80 1 0
2555 -1 900 0 100 100 900 0 100 100 200 700 9 -30 15 80 20 100 1 0
2556 -1 800 300 100 100 800 300 100 100 100 700 9 -30 9 60 20 -80 1 0
2557 -1 900 0 100 100 900 0 100 100 100 700 5 -30 9 80 15 100 1 0
2558 -1 900 300 100 100 900 300 100 100 200 700 5 40 15 60 15 -80 0 0
2559 -1 800 0 100 100 800 0 100 100 100 500 5 40 9 80 20 -80 0 0
2560 -1 900 300 100 100 900 300 100 100 100 500 10 -30 15 80 20 -80 1 0
2561 -1 800 300 100 100 800 300 100 100 200 700 9 -30 15 60 20 -80 0 0
2562 -1 800 300 100 100 800 300 100 100 100 500 5 -30 15 60 20 -80 1 0
2563 -1 800 300 100 100 800 300 100 100 100 700 10 -30 9 80 15 -80 0 0
2564 -1 900 0 100 100 900 0 100 100 100 500 10 -30 9 80 20 100 1 0
2565 -1 900 300 100 100 900 300 100 100 100 700 9 40 9 80 20 -80 1 0
2566 -1 900 300 100 100 900 300 100 100 200 500 10 40 15 80 20 100 0 0
2567 -1 800 300 100 100 800 300 100 100 200 700 5 -30 15 60 15 -80 0 0
2568 -1 800 0 100 100 800 0 100 100 200 700 9 40 15 60 15 100 0 0
2569 -1 800 300 100 100 800 300 100 100 100 700 10 40 9 80 20 100 0 0
2570 -1 800 300 100 100 800 300 100 100 100 500 5 -30 9 80 15 -80 0 0
2571 -1 800 0 100 100 800 0 100 100 100 500 5 -30 15 80 15 -80 0 0
2572 -1 900 300 100 100 900 300 100 100 200 500 5 40 15 60 20 -80 0 0
2573 -1 800 300 100 100 800 300 100 100 100 500 10 40 15 80 15 -80 0 0
2574 -1 800 300 100 100 800 300 100 100 200 500 9 40 9 60 15 100 0 0
2575 -1 800 300 100 100 800 300 100 100 100 700 10 -30 9 60 15 100 0 0
2576 -1 800 300 100 100 800 300 100 100 100 700 10 40 15 80 20 -80 1 0
2577 -1 800 0 100 100 800 0 100 100 200 700 5 40 9 60 15 -80 1 0
2578 -1 800 300 100 100 800 300 100 100 100 700 5 40 15 60 20 -80 1 0
2579 -1 900 0 100 100 900 0 100 100 200 500 10 40 9 60 20 -80 0 0
2580 -1 900 300 100 100 900 300 100 100 100 700 5 40 15 80 20 -80 0 0
2581 -1 900 0 100 100 900 0 100 100 200 500 10 -30 15 60 15 100 0 0
2582 -1 900 300 100 100 900 300 100 100 200 700 5 -30 15 60 15 100 1 0
2583 -1 900 0 100 100 900 0 100 100 100 700 9 -30 15 60 15 100 1 0
2584 -1 900 300 100 100 900 300 100 100 200 500 10 -30 9 60 20 -80 0 0
2585 -1 800 300 100 100 800 300 100 100 200 700 10 -30 9 60 20 100 0 0
2586 -1 900 300 100 100 900 300 100 100 100 500 5 40 15 80 15 -80 0 0
2587 -1 800 300 100 100 800 300 100 100 100 700 5 -30 9 60 20 -80 1 0
2588 -1 900 0 100 100 900 0 100 100 200 700 9 -30 9 80 20 100 1 0
2589 -1 900 300 100 100 900 300 100 100 200 700 5 40 9 60 15 100 0 0
2590 -1 900 0 100 100 900 0 100 100 100 500 10 40 15 80 20 -80 1 0
2591 -1 900 0 100 100 900 0 100 100 100 500 9 -30 15 60 15 100 1 0
2592 -1 800 0 100 100 800 0 100 100 200 500 10 40 15 80 15 100 0 0
2593 -1 800 0 100 100 800 0 100 100 100 700 9 40 9 60 15 -80 1 0
2594 -1 900 300 100 100 900 300 100 100 100 500 10 -30 9 60 20 100 1 0
2595 -1 900 300 100 100 900 300 100 100 200 500 5 -30 15 80 15 -80 0 0
2596 -1 800 300 100 100 800 300 100 100 200 700 5 -30 9 60 15 100 0 0
2597 -1 800 0 100 100 800 0 100 100 200 500 10 40 15 60 15 100 1 0
2598 -1 900 300 100 100 900 300 100 100 200 700 10 40 9 80 15 100 1 0
2599 -1 800 0 100 100 800 0 100 100 200 500 10 40 15 80 15 100 1 0
2600 -1 900 300 100 100 900 300 100 100 200 700 9 -30 9 60 20 100 0 0
2601 -1 900 300 100 100 900 300 100 100 100 700 10 -30 15 80 20 100 1 0
2602 -1 800 300 100 100 800 300 100 100 200 500 10 -30 15 60 15 100 0 0
2603 -1 800 0 100 100 800 0 100 100 200 700 10 40 15 60 20 100 1 0
2604 -1 800 300 100 100 800 300 100 100 200 500 10 40 9 80 20 -80 0 0
2605 -1 900 0 100 100 900 0 100 100 100 500 9 -30 9 80 20 -80 1 0
2606 -1 900 300 100 100 900 300 100 100 100 500 9 40 9 60 15 100 0 0
2607 -1 800 0 100 100 800 0 100 100 200 700 5 -30 15 80 20 -80 1 0
2608 -1 900 300 100 100 900 300 100 100 200 700 9 -30 15 60 20 100 0 0
2609 -1 800 0 100 100 800 0 100 100 100 500 5 40 15 60 20 -80 1 0
2610 -1 900 300 100 100 900 300 100 100 100 700 10 40 15 60 15 100 1 0
2611 -1 800 0 100 100 800 0 100 100 200 700 5 40 15 60 15 -80 0 0
2612 -1 900 300 100 100 900 300 100 100 200 500 5 -30 9 80 15 100 1 0
2613 -1 800 0 100 100 800 0 100 100 200 500 5 40 9 60 15 -80 0 0
2614 -1 800 0 100 100 800 0 100 100 200 700 10 -30 9 60 15 100 1 0
2615 -1 800 300 100 100 800 300 100 100 100 700 9 -30 9 80 20 -80 0 0
2616 -1 800 0 100 100 800 0 100 100 200 700 5 -30 9 60 20 100 0 0
2617 -1 800 0 100 100 800 0 100 100 100 700 5 -30 15 60 20 -80 0 0
2618 -1 900 300 100 100 900 300 100 100 200 700 9 -30 15 80 20 -80 1 0
2619 -1 800 300 100 100 800 300 100 100 100 500 9 -30 15 60 20 100 0 0
2620 -1 900 0 100 100 900 0 100 100 200 500 9 -30 9 80 15 100 0 0
2621 -1 800 300 100 100 800 300 100 100 100 500 5 -30 9 60 15 -80 1 0
2622 -1 800 300 100 100 800 300 100 100 100 500 5 40 9 80 15 100 1 0
2623 -1 800 0 100 100 800 0 100 100 100 700 9 -30 15 60 15 100 0 0
2624 -1 800 300 100 100 800 300 100 100 200 700 10 40 15 80 20 -80 1 0
2625 -1 900 0 100 100 900 0 100 100 200 700 5 -30 9 80 20 100 0 0
2626 -1 800 0 100 100 800 0 100 100 100 500 5 -30 15 80 20 100 1 0
2627 -1 800 0 100 100 800 0 100 100 200 700 10 40 9 60 15 -80 0 0
2628 -1 800 0 100 100 800 0 100 100 100 500 5 40 9 80 20 100 0 0
2629 -1 800 300 100 100 800 300 100 100 100 500 5 40 9 80 15 100 0 0
2630 -1 900 300 100 100 900 300 100 100 200 700 10 -30 9 60 20 100 1 0
2631 -1 800 0 100 100 800 0 100 100 200 700 10 -30 9 80 15 -80 1 0
2632 -1 800 0 100 100 800 0 100 100 200 700 9 -30 9 60 15 100 0 0
2633 -1 800 300 100 100 800 300 100 100 100 700 9 40 15 80 20 -80 1 0
2634 -1 900 0 100 100 900 0 100 100 100 500 9 -30 9 60 15 -80 0 0
2635 -1 900 0 100 100 900 0 100 100 200 700 9 40 9 60 15 -80 0 0
2636 -1 900 0 100 100 900 0 100 100 100 700 10 40 9 60 15 -80 0 0
2637 -1 900 0 100 100 900 0 100 100 200 500 9 -30 9 80 15 -80 1 0
2638 -1 800 300 100 100 800 300 100 100 100 500 9 40 9 60 15 -80 0 0
2639 -1 800 0 100 100 800 0 100 100 100 700 5 -30 15 60 20 -80 1 0
2640 -1 800 0 100 100 800 0 100 100 200 500 10 -30 9 60 20 100 1 0
2641 -1 900 300 100 100 900 300 100 100 100 700 9 40 9 60 20 100 1 0
2642 -1 900 300 100 100 900 300 100 100 200 700 5 40 15 80 20 -80 0 0
2643 -1 900 0 100 100 900 0 100 100 100 700 10 40 15 60 15 100 0 0
2644 -1 900 0 100 100 900 0 100 100 200 700 5 -30 15 80 15 100 0 0
2645 -1 900 300 100 100 900 300 100 100 200 500 9 40 9 60 15 -80 0 0
2646 -1 900 300 100 100 900 300 100 100 100 500 10 40 15 60 20 -80 1 0
2647 -1 800 300 100 100 800 300 100 100 200 700 9 40 9 80 20 -80 0 0
2648 -1 900 300 100 100 900 300 100 100 100 700 10 -30 15 60 20 100 0 0
2649 -1 900 300 100 100 900 300 100 100 100 700 10 -30 9 80 15 -80 1 0
2650 -1 900 300 100 100 900 300 100 100 200 700 10 -30 15 80 15 -80 1 0
2651 -1 800 0 100 100 800 0 100 100 200 500 5 -30 15 60 15 -80 1 0
2652 -1 900 0 100 100 900 0 100 100 100 700 9 40 9 60 20 -80 1 0
2653 -1 800 300 100 100 800 300 100 100 100 500 10 40 15 60 15 -80 0 0
2654 -1 800 300 100 100 800 300 100 100 200 500 10 -30 9 80 20 -80 0 0
2655 -1 900 0 100 100 900 0 100 100 200 700 9 -30 9 60 15 -80 0 0
2656 -1 900 300 100 100 900 300 100 100 100 500 5 -30 9 60 20 -80 0 0
2657 -1 900 300 100 100 900 300 100 100 200 700 5 -30 9 60 20 100 0 0
2658 -1 900 300 100 100 900 300 100 100 100 700 5 40 15 80 15 -80 0 0
2659 -1 900 300 100 100 900 300 100 100 100 500 9 -30 9 80 15 100 0 0
2660 -1 900 300 100 100 900 300 100 100 100 700 9 40 9 80 15 -80 1 0
2661 -1 900 300 100 100 900 300 100 100 200 700 5 40 15 60 20 100 1 0
2662 -1 900 0 100 100 900 0 100 100 200 700 5 40 15 80 20 -80 1 0
2663 -1 800 300 100 100 800 300 100 100 200 700 9 40 15 60 20 -80 1 0
2664 -1 900 300 100 100 900 300 100 100 100 500 10 -30 15 80 15 -80 0 0
2665 -1 900 300 100 100 900 300 100 100 200 700 10 40 15 60 20 100 1 0
2666 -1 800 0 100 100 800 0 100 100 100 500 9 -30 9 60 20 -80 0 0
2667 -1 800 300 100 100 800 300 100 100 200 500 5 -30 9 60 15 100 0 0
2668 -1 800 300 100 100 800 300 100 100 100 700 9 40 15 80 20 -80 0 0
2669 -1 800 0 100 100 800 0 100 100 100 700 5 -30 9 80 15 100 0 0
2670 -1 800 300 100 100 800 300 100 100 100 700 10 40 15 80 20 100 0 0
2671 -1 800 0 100 100 800 0 100 100 100 700 10 40 9 60 20 -80 1 0
2672 -1 900 0 100 100 900 0 100 100 200 700 9 -30 9 60 20 100 0 0
2673 -1 900 0 100 100 900 0 100 100 200 500 9 40 9 80 15 100 1 0
2674 -1 800 300 100 100 800 300 100 100 100 500 10 40 15 80 20 -80 1 0
2675 -1 900 0 100 100 900 0 100 100 100 700 5 -30 9 60 20 100 1 0
2676 -1 900 0 100 100 900 0 100 100 100 500 9 -30 15 60 20 -80 0 0
2677 -1 800 0 100 100 800 0 100 100 100 500 9 -30 9 60 20 100 0 0
2678 -1 800 0 100 100 800 0 100 100 200 500 10 -30 9 80 20 100 0 0
2679 -1 900 0 100 100 900 0 100 100 200 700 5 40 9 80 20 100 0 0
2680 -1 800 300 100 100 800 300 100 100 200 700 5 40 9 60 15 -80 0 0
2681 -1 800 0 100 100 800 0 100 100 200 500 5 40 15 60 15 100 1 0
2682 -1 900 0 100 100 900 0 100 100 100 500 9 40 9 80 15 100 1 0
2683 -1 800 300 100 100 800 300 100 100 100 500 10 -30 15 60 20 -80 1 0
2684 -1 900 300 100 100 900 300 100 100 200 700 10 -30 15 80 20 100 0 0
2685 -1 900 300 100 100 900 300 100 100 200 500 9 -30 15 80 20 -80 1 0
2686 -1 800 0 100 100 800 0 100 100 100 500 9 -30 9 60 15 100 1 0
2687 -1 900 300 100 100 900 300 100 100 200 700 10 -30 9 80 15 -80 1 0
2688 -1 900 300 100 100 900 300 100 100 200 700 9 40 9 80 20 100 1 0
2689 -1 800 300 100 100 800 300 100 100 200 500 5 40 9 80 20 -80 1 0
2690 -1 900 0 100 100 900 0 100 100 200 700 5 40 9 60 20 -80 1 0
2691 -1 900 300 100 100 900 300 100 100 100 700 10 -30 9 60 15 -80 1 0
2692 -1 900 0 100 100 900 0 100 100 100 500 10 40 15 60 15 100 0 0
2693 -1 900 300 100 100 900 300 100 100 200 700 5 -30 15 80 15 100 1 0
2694 -1 900 300 100 100 900 300 100 100 200 700 5 -30 15 80 15 -80 1 0
2695 -1 800 0 100 100 800 0 100 100 100 500 10 40 15 60 15 100 1 0
2696 -1 800 0 100 100 800 0 100 100 100 500 5 -30 15 60 15 100 1 0
2697 -1 900 300 100 100 900 300 100 100 200 500 9 -30 9 80 15 100 0 0
2698 -1 900 0 100 100 900 0 100 100 200 500 10 -30 9 60 20 -80 1 0
2699 -1 900 300 100 100 900 300 100 100 100 500 9 40 9 60 15 -80 0 0
2700 -1 900 0 100 100 900 0 100 100 100 700 9 40 15 80 15 100 0 0
2701 -1 800 300 100 100 800 300 100 100 200 500 9 -30 9 80 20 -80 1 0
2702 -1 900 300 100 100 900 300 100 100 100 700 10 -30 9 80 15 100 0 0
2703 -1 800 300 100 100 800 300 100 100 200 500 10 40 9 80 20 -80 1 0
2704 -1 900 300 100 100 900 300 100 100 100 700 9 40 15 80 15 100 0 0
2705 -1 800 0 100 100 800 0 100 100 200 500 5 -30 9 80 15 100 0 0
2706 -1 800 300 100 100 800 300 100 100 100 700 5 -30 9 60 20 -80 0 0
2707 -1 900 300 100 100 900 300 100 100 100 700 10 40 15 80 15 -80 0 0
2708 -1 900 0 100 100 900 0 100 100 100 500 9 -30 15 60 15 -80 1 0
2709 -1 900 300 100 100 900 300 100 100 100 700 5 -30 9 80 15 100 0 0
2710 -1 800 300 100 100 800 300 100 100 200 500 5 40 9 60 15 -80 0 0
2711 -1 900 0 100 100 900 0 100 100 200 700 5 40 9 60 15 100 1 0
2712 -1 800 300 100 100 800 300 100 100 200 500 10 40 15 60 20 100 1 0
2713 -1 900 300 100 100 900 300 100 100 100 500 9 -30 15 80 15 100 1 0
2714 -1 900 300 100 100 900 300 100 100 200 700 9 -30 15 60 15 100 0 0
2715 -1 800 0 100 100 800 0 100 100 100 700 10 -30 15 80 15 100 0 0
2716 -1 900 0 100 100 900 0 100 100 100 500 10 -30 15 60 20 -80 1 0
2717 -1 900 300 100 100 900 300 100 100 100 700 5 -30 9 60 20 100 1 0
2718 -1 900 300 100 100 900 300 100 100 100 500 5 -30 9 60 15 100 1 0
2719 -1 800 300 100 100 800 300 100 100 200 500 9 -30 15 60 20 -80 1 0
2720 -1 800 300 100 100 800 300 100 100 100 700 10 40 15 60 15 100 1 0
2721 -1 900 300 100 100 900 300 100 100 200 700 5 -30 9 60 15 -80 0 0
2722 -1 800 0 100 100 800 0 100 100 200 700 10 40 9 60 20 -80 1 0
2723 -1 800 0 100 100 800 0 100 100 200 700 9 -30 15 80 15 -80 1 0
2724 -1 800 300 100 100 800 300 100 100 100 700 5 -30 9 80 15 100 0 0
2725 -1 800 300 100 100 800 300 100 100 200 700 9 40 9 80 15 -80 1 0
2726 -1 900 0 100 100 900 0 100 100 100 500 5 40 9 60 20 -80 0 0
2727 -1 800 0 100 100 800 0 100 100 200 500 10 40 9 80 15 100 1 0
2728 -1 800 0 100 100 800 0 100 100 200 700 9 40 15 80 20 -80 1 0
2729 -1 800 0 100 100 800 0 100 100 200 500 9 40 15 60 15 100 0 0
2730 -1 900 300 100 100 900 300 100 100 200 700 5 -30 9 80 15 100 1 0
2731 -1 900 0 100 100 900 0 100 100 200 500 9 -30 9 60 20 -80 0 0
2732 -1 800 0 100 100 800 0 100 100 100 500 9 40 9 80 20 100 1 0
2733 -1 800 300 100 100 800 300 100 100 100 700 10 -30 9 60 20 -80 0 0
2734 -1 900 0 100 100 900 0 100 100 200 500 10 40 9 80 20 100 0 0
2735 -1 800 0 100 100 800 0 100 100 200 700 10 40 9 80 15 -80 1 0
2736 -1 800 300 100 100 800 300 100 100 200 500 5 40 15 80 15 -80 1 0
2737 -1 800 300 100 100 800 300 100 100 200 500 9 -30 15 60 15 -80 0 0
2738 -1 800 300 100 100 800 300 100 100 200 500 5 40 15 80 15 100 0 0
2739 -1 800 0 100 100 800 0 100 100 200 500 10 40 9 80 20 100 0 0
2740 -1 900 300 100 100 900 300 100 100 200 700 10 40 9 80 15 -80 0 0
2741 -1 900 300 100 100 900 300 100 100 200 700 10 -30 9 60 20 100 0 0
2742 -1 800 0 100 100 800 0 100 100 100 500 5 -30 9 60 20 -80 1 0
2743 -1 800 300 100 100 800 300 100 100 200 500 5 -30 15 80 15 -80 1 0
2744 -1 900 0 100 100 900 0 100 100 200 700 9 -30 15 60 20 100 0 0
2745 -1 900 0 100 100 900 0 100 100 200 500 10 -30 9 80 15 100 0 0
2746 -1 900 0 100 100 900 0 100 100 200 500 10 40 15 80 20 100 0 0
2747 -1 900 300 100 100 900 300 100 100 100 700 9 -30 9 80 15 -80 1 0
2748 -1 900 0 100 100 900 0 100 100 100 500 9 40 15 80 20 100 1 0
2749 -1 900 300 100 100 900 300 100 100 100 500 9 -30 9 60 20 100 0 0
2750 -1 900 0 100 100 900 0 100 100 100 700 10 40 15 60 20 -80 0 0
2751 -1 800 300 100 100 800 300 100 100 200 700 10 40 9 60 15 -80 1 0
2752 -1 900 300 100 100 900 300 100 100 100 500 5 40 9 80 20 100 1 0
2753 -1 800 0 100 100 800 0 100 100 200 500 10 40 9 60 20 100 1 0
2754 -1 900 300 100 100 900 300 100 100 100 500 9 40 9 80 15 -80 1 0
2755 -1 900 0 100 100 900 0 100 100 100 700 10 40 9 60 15 100 0 0
2756 -1 800 300 100 100 800 300 100 100 100 500 10 40 9 80 15 -80 0 0
2757 -1 800 0 100 100 800 0 100 100 200 500 9 40 9 60 15 -80 0 0
2758 -1 800 0 100 100 800 0 100 100 100 500 5 -30 9 80 20 -80 0 0
2759 -1 900 300 100 100 900 300 100 100 200 700 9 40 15 60 15 -80 0 0
2760 -1 900 300 100 100 900 300 100 100 100 700 10 -30 9 60 20 -80 1 0
2761 -1 800 300 100 100 800 300 100 100 100 700 9 40 15 60 20 100 1 0
2762 -1 800 0 100 100 800 0 100 100 100 700 5 40 15 60 20 100 0 0
2763 -1 800 0 100 100 800 0 100 100 100 700 9 40 9 60 20 100 1 0
2764 -1 900 300 100 100 900 300 100 100 200 500 5 40 9 80 15 100 0 0
2765 -1 800 0 100 100 800 0 100 100 200 500 5 -30 15 60 20 -80 1 0
2766 -1 800 300 100 100 800 300 100 100 200 700 5 -30 15 80 15 -80 1 0
2767 -1 800 0 100 100 800 0 100 100 100 500 9 -30 9 80 20 100 0 0
2768 -1 900 0 100 100 900 0 100 100 100 500 9 -30 9 80 20 -80 0 0
2769 -1 800 300 100 100 800 300 100 100 100 700 5 40 15 80 20 -80 0 0
2770 -1 800 300 100 100 800 300 100 100 100 700 5 40 15 60 15 100 0 0
2771 -1 900 300 100 100 900 300 100 100 100 500 9 40 15 60 15 -80 1 0
2772 -1 900 300 100 100 900 300 100 100 100 500 5 -30 9 80 15 100 1 0
2773 -1 900 0 100 100 900 0 100 100 100 700 9 -30 15 60 15 100 0 0
2774 -1 800 0 100 100 800 0 100 100 200 700 9 40 15 80 20 100 1 0
2775 -1 900 300 100 100 900 300 100 100 200 700 10 40 15 80 15 100 0 0
2776 -1 800 0 100 100 800 0 100 100 100 500 9 40 9 80 20 100 0 0
2777 -1 900 0 100 100 900 0 100 100 100 700 9 40 15 60 15 -80 1 0
2778 -1 900 0 100 100 900 0 100 100 100 500 10 -30 9 80 20 -80 1 0
2779 -1 900 0 100 100 900 0 100 100 200 700 5 40 15 60 20 -80 0 0
2780 -1 900 300 100 100 900 300 100 100 100 500 5 40 15 80 20 -80 0 0
2781 -1 800 0 100 100 800 0 100 100 200 700 9 -30 15 60 15 100 0 0
2782 -1 800 300 100 100 800 300 100 100 100 500 10 -30 9 80 15 100 0 0
2783 -1 800 0 100 100 800 0 100 100 200 700 9 40 9 60 15 -80 1 0
2784 -1 900 0 100 100 900 0 100 100 100 700 10 -30 15 60 15 100 0 0
2785 -1 800 0 100 100 800 0 100 100 100 700 5 40 15 80 15 -80 0 0
2786 -1 800 0 100 100 800 0 100 100 200 500 9 40 9 80 20 100 1 0
2787 -1 900 300 100 100 900 300 100 100 100 500 10 40 15 80 20 100 0 0
2788 -1 800 300 100 100 800 300 100 100 200 700 10 40 9 60 20 100 0 0
2789 -1 900 0 100 100 900 0 100 100 200 700 10 40 15 60 15 100 1 0
2790 -1 800 0 100 100 800 0 100 100 200 500 5 40 15 80 20 100 0 0
2791 -1 900 0 100 100 900 0 100 100 200 700 10 40 9 80 20 -80 1 0
2792 -1 900 0 100 100 900 0 100 100 100 700 9 -30 15 80 15 -80 0 0
2793 -1 900 0 100 100 900 0 100 100 200 500 5 -30 9 60 20 -80 0 0
2794 -1 900 0 100 100 900 0 100 100 100 500 10 40 9 60 15 -80 0 0
2795 -1 900 0 100 100 900 0 100 100 200 700 9 40 15 80 15 100 0 0
2796 -1 900 300 100 100 900 300 100 100 100 500 10 -30 15 60 20 100 1 0
2797 -1 800 0 100 100 800 0 100 100 200 700 10 -30 15 80 20 100 1 0
2798 -1 900 0 100 100 900 0 100 100 100 700 9 -30 9 80 15 100 0 0
2799 -1 800 0 100 100 800 0 100 100 200 500 9 -30 15 60 15 -80 0 0
2800 -1 900 0 100 100 900 0 100 100 200 500 10 40 9 80 20 -80 0 0
2801 -1 800 300 100 100 800 300 100 100 200 700 9 40 15 60 15 -80 0 0
2802 -1 900 0 100 100 900 0 100 100 200 500 10 -30 15 80 15 -80 0 0
2803 -1 800 300 100 100 800 300 100 100 100 700 5 -30 15 60 15 -80 0 0
2804 -1 800 0 100 100 800 0 100 100 200 500 10 -30 15 80 15 -80 1 0
2805 -1 800 300 100 100 800 300 100 100 100 500 9 40 15 80 15 100 0 0
2806 -1 800 0 100 100 800 0 100 100 200 700 9 -30 9 60 15 100 1 0
2807 -1 800 300 100 100 800 300 100 100 100 500 10 40 15 60 15 100 0 0
2808 -1 900 0 100 100 900 0 100 100 100 500 5 40 9 80 20 -80 0 0
2809 -1 800 300 100 100 800 300 100 100 100 700 9 -30 15 60 15 -80 1 0
2810 -1 900 300 100 100 900 300 100 100 100 500 5 40 15 80 15 100 0 0
2811 -1 800 0 100 100 800 0 100 100 200 500 9 40 9 80 15 -80 0 0
2812 -1 900 0 100 100 900 0 100 100 200 700 10 -30 9 80 15 100 1 0
2813 -1 900 300 100 100 900 300 100 100 200 500 5 -30 15 60 20 -80 0 0
2814 -1 800 300 100 100 800 300 100 100 200 700 10 -30 9 80 20 -80 1 0
2815 -1 900 0 100 100 900 0 100 100 100 500 10 40 15 80 20 100 0 0
2816 -1 800 0 100 100 800 0 100 100 100 700 9 40 9 80 15 -80 0 0
2817 -1 800 300 100 100 800 300 100 100 100 700 10 40 9 80 20 -80 1 0
2818 -1 900 300 100 100 900 300 100 100 100 500 5 40 9 80 15 -80 1 0
2819 -1 900 0 100 100 900 0 100 100 200 500 5 -30 15 60 15 -80 0 0
2820 -1 800 300 100 100 800 300 100 100 200 700 10 -30 9 80 15 100 1 0
2821 -1 800 0 100 100 800 0 100 100 200 700 10 -30 15 80 15 -80 0 0
2822 -1 900 0 100 100 900 0 100 100 100 700 5 -30 15 80 15 100 0 0
2823 -1 800 300 100 100 800 300 100 100 200 700 9 40 9 60 20 100 0 0
2824 -1 800 300 100 100 800 300 100 100 100 500 9 40 9 60 15 -80 1 0
2825 -1 900 300 100 100 900 300 100 100 200 700 5 -30 15 80 20 -80 1 0
2826 -1 900 0 100 100 900 0 100 100 100 500 9 -30 9 60 15 100 1 0
2827 -1 900 300 100 100 900 300 100 100 100 700 9 -30 9 60 15 100 1 0
2828 -1 900 0 100 100 900 0 100 100 200 700 5 -30 9 80 15 -80 1 0
2829 -1 800 300 100 100 800 300 100 100 200 500 9 -30 15 60 20 -80 0 0
2830 -1 800 0 100 100 800 0 100 100 200 500 9 40 9 60 20 100 1 0
2831 -1 900 0 100 100 900 0 100 100 100 700 9 -30 9 60 15 -80 1 0
2832 -1 800 300 100 100 800 300 100 100 200 700 10 40 15 60 15 -80 0 0
2833 -1 900 0 100 100 900 0 100 100 200 500 10 40 15 60 15 100 0 0
2834 -1 800 300 100 100 800 300 100 100 200 700 5 40 15 60 20 100 1 0
2835 -1 800 300 100 100 800 300 100 100 100 500 10 40 9 80 20 -80 1 0
2836 -1 900 300 100 100 900 300 100 100 100 700 5 -30 15 60 20 -80 1 0
2837 -1 900 300 100 100 900 300 100 100 200 500 9 -30 9 60 15 -80 1 0
2838 -1 800 0 100 100 800 0 100 100 200 500 5 -30 15 60 20 100 0 0
2839 -1 800 300 100 100 800 300 100 100 100 500 9 40 9 80 15 100 0 0
2840 -1 900 300 100 100 900 300 100 100 200 700 10 40 15 80 20 100 0 0
2841 -1 900 300 100 100 900 300 100 100 200 500 5 40 9 80 20 100 0 0
2842 -1 800 0 100 100 800 0 100 100 200 500 5 40 9 60 20 -80 0 0
2843 -1 800 300 100 100 800 300 100 100 100 500 10 40 9 60 20 100 1 0
2844 -1 900 300 100 100 900 300 100 100 200 700 9 40 9 60 15 -80 0 0
2845 -1 800 0 100 100 800 0 100 100 100 500 10 -30 9 80 15 -80 1 0
2846 -1 900 300 100 100 900 300 100 100 100 500 5 -30 9 80 20 -80 1 0
2847 -1 800 0 100 100 800 0 100 100 100 700 5 40 9 60 20 100 0 0
2848 -1 900 0 100 100 900 0 100 100 100 500 10 -30 15 80 15 100 0 0
2849 -1 800 0 100 100 800 0 100 100 100 500 5 40 9 80 20 100 1 0
2850 -1 900 300 100 100 900 300 100 100 100 500 10 40 15 80 20 100 1 0
2851 -1 800 0 100 100 800 0 100 100 100 500 9 -30 9 80 15 100 0 0
2852 -1 800 300 100 100 800 300 100 100 200 500 5 40 9 80 15 100 1 0
2853 -1 800 0 100 100 800 0 100 100 200 500 10 -30 9 80 15 -80 1 0
2854 -1 800 0 100 100 800 0 100 100 100 500 5 -30 9 60 20 -80 0 0
2855 -1 900 300 100 100 900 300 100 100 200 500 5 -30 15 60 15 -80 1 0
2856 -1 800 0 100 100 800 0 100 100 100 700 5 40 9 80 15 -80 0 0
2857 -1 800 300 100 100 800 300 100 100 200 500 5 -30 9 60 20 -80 0 0
2858 -1 800 300 100 100 800 300 100 100 100 500 5 -30 9 60 20 -80 0 0
2859 -1 800 300 100 100 800 300 100 100 200 700 10 -30 15 80 15 -80 0 0
2860 -1 800 300 100 100 800 300 100 100 200 700 9 -30 9 80 20 -80 0 0
2861 -1 900 300 100 100 900 300 100 100 100 700 9 -30 15 80 15 100 0 0
2862 -1 900 0 100 100 900 0 100 100 200 500 5 -30 15 60 20 100 1 0
2863 -1 800 0 100 100 800 0 100 100 100 700 10 -30 9 60 15 100 1 0
2864 -1 800 300 100 100 800 300 100 100 100 700 10 -30 9 80 20 -80 1 0
2865 -1 800 0 100 100 800 0 100 100 200 500 9 -30 9 80 15 -80 1 0
2866 -1 900 0 100 100 900 0 100 100 200 700 9 -30 15 80 15 100 1 0
2867 -1 800 300 100 100 800 300 100 100 200 700 10 -30 9 80 20 -80 0 0
2868 -1 900 300 100 100 900 300 100 100 100 500 10 40 15 60 15 -80 1 0
2869 -1 900 300 100 100 900 300 100 100 200 500 10 -30 15 60 15 -80 1 0
2870 -1 800 0 100 100 800 0 100 100 200 700 10 -30 15 60 15 100 0 0
2871 -1 900 300 100 100 900 300 100 100 200 700 10 -30 15 60 20 -80 1 0
2872 -1 900 300 100 100 900 300 100 100 200 500 10 40 15 60 15 100 0 0
2873 -1 900 0 100 100 900 0 100 100 100 500 5 40 9 80 15 100 0 0
2874 -1 800 300 100 100 800 300 100 100 200 500 9 40 15 60 20 -80 0 0
2875 -1 900 0 100 100 900 0 100 100 100 700 5 -30 9 60 20 -80 1 0
2876 -1 900 300 100 100 900 300 100 100 100 700 10 -30 9 80 20 -80 0 0
2877 -1 800 300 100 100 800 300 100 100 100 500 9 -30 9 60 20 -80 1 0
2878 -1 800 300 100 100 800 300 100 100 100 500 9 -30 15 60 15 -80 0 0
2879 -1 900 0 100 100 900 0 100 100 100 500 5 40 9 80 15 -80 1 0
2880 -1 800 300 100 100 800 300 100 100 200 500 10 -30 15 80 15 -80 1 0
2881 -1 900 0 100 100 900 0 100 100 200 700 5 40 15 60 20 -80 1 0
2882 -1 800 0 100 100 800 0 100 100 100 700 10 40 15 60 15 100 1 0
2883 -1 800 0 100 100 800 0 100 100 100 500 9 -30 15 80 15 -80 0 0
2884 -1 800 300 100 100 800 300 100 100 200 500 9 40 9 80 20 -80 0 0
2885 -1 800 0 100 100 800 0 100 100 100 500 9 -30 9 60 20 -80 1 0
2886 -1 800 0 100 100 800 0 100 100 100 700 9 -30 9 60 20 -80 1 0
2887 -1 800 300 100 100 800 300 100 100 200 500 5 40 15 60 20 100 1 0
2888 -1 800 300 100 100 800 300 100 100 200 500 5 40 15 80 20 100 0 0
2889 -1 800 300 100 100 800 300 100 100 100 700 10 -30 15 80 15 -80 1 0
2890 -1 800 0 100 100 800 0 100 100 100 500 5 -30 15 60 15 -80 1 0
2891 -1 900 300 100 100 900 300 100 100 100 700 9 40 9 60 15 -80 1 0
2892 -1 900 0 100 100 900 0 100 100 200 700 5 -30 15 60 15 -80 0 0
2893 -1 900 0 100 100 900 0 100 100 100 500 9 -30 15 80 15 100 0 0
2894 -1 800 0 100 100 800 0 100 100 100 500 5 -30 15 60 20 -80 1 0
2895 -1 800 300 100 100 800 300 100 100 100 500 9 40 9 80 15 -80 1 0
2896 -1 900 0 100 100 900 0 100 100 100 500 9 -30 15 80 15 -80 1 0
2897 -1 900 0 100 100 900 0 100 100 100 700 10 40 15 80 20 100 1 0
2898 -1 800 300 100 100 800 300 100 100 200 700 10 -30 9 80 20 100 0 0
2899 -1 800 300 100 100 800 300 100 100 100 500 10 40 9 80 20 100 0 0
2900 -1 900 0 100 100 900 0 100 100 200 500 5 -30 15 80 15 -80 0 0
2901 -1 900 300 100 100 900 300 100 100 200 700 5 40 15 80 20 -80 1 0
2902 -1 800 0 100 100 800 0 100 100 100 700 9 40 9 80 15 100 0 0
2903 -1 800 0 100 100 800 0 100 100 200 700 9 40 9 60 20 100 0 0
2904 -1 900 300 100 100 900 300 100 100 100 500 10 40 15 60 15 100 1 0
2905 4 900 100 0 100 900 0 80 100 1000 1000 20 100 20 100 20 100 1 0
2906 6 800 100 100 100 800 0 80 100 1000 1000 15 100 15 100 15 100 0 1
2907 6 700 300 0 100 700 0 100 100 1000 1000 9 100 9 100 9 100 1 1
2908 4 700 300 0 100 700 0 100 100 1000 1000 9 100 9 100 9 100 1 1
2909 4 700 300 0 100 700 0 20 100 1000 1000 10 100 10 100 10 100 1 0
2910 3 700 100 80 100 700 0 100 100 1000 1000 9 100 9 100 9 100 0 1
2911 4 800 100 0 100 800 0 20 100 1000 1000 20 100 20 100 20 100 2 0
2912 6 800 0 0 100 800 0 80 100 1000 1000 15 100 15 100 15 100 1 0
2913 3 800 100 80 100 800 0 15 100 1000 1000 10 100 10 100 10 100 1 0
2914 4 800 100 0 100 800 0 100 100 1000 1000 5 100 5 100 5 100 2 0
2915 3 900 600 80 100 900 0 100 100 1000 1000 5 100 5 100 5 100 2 0
2916 4 700 100 100 100 700 0 100 100 1000 1000 5 100 5 100 5 100 0 0
2917 4 900 300 0 100 900 0 100 100 1000 1000 15 100 15 100 15 100 2 0
2918 3 800 300 80 100 800 0 80 100 1000 1000 9 100 9 100 9 100 1 0
2919 6 700 300 80 100 700 0 40 100 1000 1000 5 100 5 100 5 100 2 1
2920 4 700 0 100 100 700 0 0 100 1000 1000 15 100 15 100 15 100 0 0
2921 3 700 100 80 100 700 0 15 100 1000 1000 9 100 9 100 9 100 2 1
2922 3 700 300 80 100 700 0 0 100 1000 1000 10 100 10 100 10 100 1 1
2923 3 900 600 0 100 900 0 20 100 1000 1000 5 100 5 100 5 100 0 0
2924 4 900 300 80 100 900 0 100 100 1000 1000 15 100 15 100 15 100 0 0
2925 3 800 100 0 100 800 0 100 100 1000 1000 20 100 20 100 20 100 0 1
2926 4 800 600 100 100 800 0 100 100 1000 1000 15 100 15 100 15 100 0 1
2927 6 900 600 0 100 900 0 0 100 1000 1000 5 100 5 100 5 100 0 0
2928 3 700 0 0 100 700 0 0 100 1000 1000 9 100 9 100 9 100 0 0
2929 6 800 300 100 100 800 0 20 100 1000 1000 5 100 5 100 5 100 0 0
2930 6 700 100 100 100 700 0 15 100 1000 1000 15 100 15 100 15 100 2 0
2931 3 700 0 0 100 700 0 80 100 1000 1000 15 100 15 100 15 100 1 1
2932 4 700 300 0 100 700 0 40 100 1000 1000 15 100 15 100 15 100 0 1
2933 4 800 100 80 100 800 0 40 100 1000 1000 5 100 5 100 5 100 0 0
2934 3 700 300 80 100 700 0 40 100 1000 1000 5 100 5 100 5 100 2 1
2935 4 800 600 80 100 800 0 100 100 1000 1000 10 100 10 100 10 100 2 1
2936 6 700 0 80 100 700 0 100 100 1000 1000 5 100 5 100 5 100 1 0
2937 3 700 0 80 100 700 0 15 100 1000 1000 5 100 5 100 5 100 2 0
2938 6 700 0 0 100 700 0 15 100 1000 1000 10 100 10 100 10 100 0 0
2939 4 800 0 0 100 800 0 80 100 1000 1000 20 100 20 100 20 100 1 1
2940 4 900 600 0 100 900 0 80 100 1000 1000 10 100 10 100 10 100 1 1
2941 4 800 100 80 100 800 0 15 100 1000 1000 20 100 20 100 20 100 1 0
2942 3 900 0 100 100 900 0 0 100 1000 1000 9 100 9 100 9 100 0 1
2943 6 800 600 0 100 800 0 0 100 1000 1000 15 100 15 100 15 100 2 0
2944 6 700 300 100 100 700 0 0 100 1000 1000 20 100 20 100 20 100 2 1
2945 6 700 0 100 100 700 0 80 100 1000 1000 15 100 15 100 15 100 2 0
2946 3 800 0 0 100 800 0 100 100 1000 1000 5 100 5 100 5 100 0 1
2947 3 800 100 80 100 800 0 20 100 1000 1000 20 100 20 100 20 100 2 0
2948 4 900 100 0 100 900 0 40 100 1000 1000 15 100 15 100 15 100 1 0
2949 4 700 0 100 100 700 0 100 100 1000 1000 10 100 10 100 10 100 1 1
2950 4 900 100 100 100 900 0 20 100 1000 1000 20 100 20 100 20 100 2 0
2951 6 800 300 0 100 800 0 40 100 1000 1000 20 100 20 100 20 100 1 1
2952 3 700 300 100 100 700 0 20 100 1000 1000 9 100 9 100 9 100 2 0
2953 4 900 100 100 100 900 0 0 100 1000 1000 20 100 20 100 20 100 1 1
2954 3 700 300 80 100 700 0 15 100 1000 1000 5 100 5 100 5 100 1 1
2955 4 700 0 80 100 700 0 15 100 1000 1000 9 100 9 100 9 100 1 0
2956 6 900 600 100 100 900 0 0 100 1000 1000 20 100 20 100 20 100 2 0
2957 4 700 600 0 100 700 0 15 100 1000 1000 15 100 15 100 15 100 1 0
2958 6 900 100 100 100 900 0 80 100 1000 1000 15 100 15 100 15 100 1 0
2959 6 800 300 80 100 800 0 20 100 1000 1000 9 100 9 100 9 100 1 0
2960 6 800 600 0 100 800 0 40 100 1000 1000 15 100 15 100 15 100 1 0
2961 6 800 600 100 100 800 0 80 100 1000 1000 20 100 20 100 20 100 1 0
2962 6 700 0 80 100 700 0 20 100 1000 1000 20 100 20 100 20 100 1 1
2963 4 700 100 80 100 700 0 40 100 1000 1000 5 100 5 100 5 100 1 1
2964 6 800 0 100 100 800 0 15 100 1000 1000 5 100 5 100 5 100 0 1
2965 4 900 600 100 100 900 0 100 100 1000 1000 10 100 10 100 10 100 1 1
2966 6 800 300 80 100 800 0 40 100 1000 1000 15 100 15 100 15 100 2 1
2967 3 900 600 0 100 900 0 15 100 1000 1000 20 100 20 100 20 100 0 1
2968 3 800 300 80 100 800 0 80 100 1000 1000 5 100 5 100 5 100 2 1
2969 4 800 100 0 100 800 0 20 100 1000 1000 5 100 5 100 5 100 1 1
2970 3 800 600 100 100 800 0 0 100 1000 1000 9 100 9 100 9 100 0 0
2971 4 700 600 0 100 700 0 0 100 1000 1000 5 100 5 100 5 100 1 0
2972 4 900 300 80 100 900 0 20 100 1000 1000 9 100 9 100 9 100 1 0
2973 4 900 100 100 100 900 0 100 100 1000 1000 9 100 9 100 9 100 1 0
2974 3 700 300 80 100 700 0 100 100 1000 1000 10 100 10 100 10 100 2 1
2975 6 900 600 100 100 900 0 20 100 1000 1000 20 100 20 100 20 100 1 0
2976 4 700 100 0 100 700 0 80 100 1000 1000 5 100 5 100 5 100 1 1
2977 4 700 600 100 100 700 0 80 100 1000 1000 10 100 10 100 10 100 1 1
2978 6 800 600 0 100 800 0 20 100 1000 1000 9 100 9 100 9 100 2 1
2979 4 800 600 100 100 800 0 20 100 1000 1000 10 100 10 100 10 100 0 1
2980 6 800 0 80 100 800 0 40 100 1000 1000 5 100 5 100 5 100 0 0
2981 4 700 0 80 100 700 0 0 100 1000 1000 20 100 20 100 20 100 1 0
2982 6 700 300 80 100 700 0 100 100 1000 1000 10 100 10 100 10 100 1 1
2983 3 700 0 100 100 700 0 100 100 1000 1000 9 100 9 100 9 100 0 1
2984 3 800 300 0 100 800 0 20 100 1000 1000 9 100 9 100 9 100 2 1
2985 4 700 0 0 100 700 0 0 100 1000 1000 9 100 9 100 9 100 2 1
2986 6 900 600 100 100 900 0 80 100 1000 1000 10 100 10 100 10 100 2 1
2987 3 900 600 80 100 900 0 40 100 1000 1000 9 100 9 100 9 100 2 0
2988 6 900 100 100 100 900 0 20 100 1000 1000 10 100 10 100 10 100 1 0
2989 4 700 0 100 100 700 0 15 100 1000 1000 15 100 15 100 15 100 0 1
2990 4 700 300 80 100 700 0 0 100 1000 1000 5 100 5 100 5 100 1 0
2991 4 900 0 100 100 900 0 40 100 1000 1000 15 100 15 100 15 100 0 1
2992 4 900 600 80 100 900 0 40 100 1000 1000 10 100 10 100 10 100 1 1
2993 4 800 600 80 100 800 0 100 100 1000 1000 9 100 9 100 9 100 2 1
2994 6 800 0 0 100 800 0 100 100 1000 1000 5 100 5 100 5 100 0 1
2995 6 900 100 0 100 900 0 20 100 1000 1000 10 100 10 100 10 100 0 1
2996 4 700 300 80 100 700 0 40 100 1000 1000 10 100 10 100 10 100 1 1
2997 4 700 300 80 100 700 0 20 100 1000 1000 10 100 10 100 10 100 1 1
2998 3 800 300 0 100 800 0 40 100 1000 1000 20 100 20 100 20 100 2 1
2999 4 700 600 80 100 700 0 15 100 1000 1000 20 100 20 100 20 100 0 1
3000 3 700 100 100 100 700 0 100 100 1000 1000 5 100 5 100 5 100 2 0
3001 6 700 100 80 100 700 0 15 100 1000 1000 10 100 10 100 10 100 0 0
3002 3 700 100 80 100 700 0 15 100 1000 1000 10 100 10 100 10 100 1 1
3003 4 900 0 80 100 900 0 15 100 1000 1000 9 100 9 100 9 100 2 0
3004 6 900 300 80 100 900 0 15 100 1000 1000 20 100 20 100 20 100 0 0
3005 6 800 300 100 100 800 0 40 100 1000 1000 10 100 10 100 10 100 2 1
3006 4 800 100 100 100 800 0 40 100 1000 1000 5 100 5 100 5 100 1 0
3007 3 800 600 100 100 800 0 20 100 1000 1000 9 100 9 100 9 100 0 0
3008 3 900 600 100 100 900 0 15 100 1000 1000 15 100 15 100 15 100 1 1
3009 6 700 100 100 100 700 0 20 100 1000 1000 5 100 5 100 5 100 0 0
3010 6 700 600 0 100 700 0 0 100 1000 1000 20 100 20 100 20 100 2 1
3011 4 700 600 100 100 700 0 40 100 1000 1000 5 100 5 100 5 100 2 0
3012 4 800 0 80 100 800 0 40 100 1000 1000 5 100 5 100 5 100 0 0
3013 6 800 0 80 100 800 0 15 100 1000 1000 20 100 20 100 20 100 0 0
3014 6 800 0 100 100 800 0 40 100 1000 1000 15 100 15 100 15 100 2 0
3015 4 800 100 100 100 800 0 40 100 1000 1000 5 100 5 100 5 100 1 1
3016 4 900 300 100 100 900 0 20 100 1000 1000 5 100 5 100 5 100 1 1
3017 6 800 600 80 100 800 0 80 100 1000 1000 20 100 20 100 20 100 0 0
3018 6 900 600 0 100 900 0 80 100 1000 1000 10 100 10 100 10 100 0 0
3019 6 800 0 0 100 800 0 15 100 1000 1000 10 100 10 100 10 100 0 0
3020 6 900 100 0 100 900 0 80 100 1000 1000 9 100 9 100 9 100 2 0
3021 6 800 600 80 100 800 0 20 100 1000 1000 5 100 5 100 5 100 0 0
3022 3 800 100 0 100 800 0 80 100 1000 1000 20 100 20 100 20 100 2 1
3023 4 800 300 100 100 800 0 0 100 1000 1000 9 100 9 100 9 100 1 0
3024 6 900 300 100 100 900 0 40 100 1000 1000 10 100 10 100 10 100 1 0
3025 6 800 100 100 100 800 0 0 100 1000 1000 20 100 20 100 20 100 1 1
3026 6 700 600 0 100 700 0 20 100 1000 1000 10 100 10 100 10 100 1 1
3027 3 900 100 0 100 900 0 80 100 1000 1000 9 100 9 100 9 100 1 0
3028 3 800 0 0 100 800 0 80 100 1000 1000 9 100 9 100 9 100 2 0
3029 4 700 300 0 100 700 0 80 100 1000 1000 10 100 10 100 10 100 0 0
3030 4 800 300 100 100 800 0 20 100 1000 1000 15 100 15 100 15 100 0 0
3031 3 800 0 80 100 800 0 100 100 1000 1000 10 100 10 100 10 100 1 0
3032 3 800 100 0 100 800 0 80 100 1000 1000 20 100 20 100 20 100 1 0
3033 6 900 0 80 100 900 0 100 100 1000 1000 9 100 9 100 9 100 2 1
3034 4 700 100 100 100 700 0 80 100 1000 1000 5 100 5 100 5 100 2 0
3035 4 700 0 100 100 700 0 40 100 1000 1000 15 100 15 100 15 100 0 0
3036 3 700 0 80 100 700 0 100 100 1000 1000 9 100 9 100 9 100 1 0
3037 6 900 100 0 100 900 0 40 100 1000 1000 20 100 20 100 20 100 1 0
3038 6 800 300 80 100 800 0 40 100 1000 1000 5 100 5 100 5 100 2 1
3039 6 900 100 80 100 900 0 100 100 1000 1000 10 100 10 100 10 100 2 0
3040 3 700 0 0 100 700 0 100 100 1000 1000 5 100 5 100 5 100 1 0
3041 6 800 300 0 100 800 0 0 100 1000 1000 9 100 9 100 9 100 2 1
3042 3 900 0 80 100 900 0 40 100 1000 1000 10 100 10 100 10 100 0 0
3043 3 900 300 100 100 900 0 15 100 1000 1000 10 100 10 100 10 100 1 1
3044 3 700 100 80 100 700 0 0 100 1000 1000 10 100 10 100 10 100 2 0
3045 4 800 100 80 100 800 0 15 100 1000 1000 9 100 9 100 9 100 0 0
3046 4 700 0 80 100 700 0 100 100 1000 1000 9 100 9 100 9 100 1 1
3047 4 900 100 0 100 900 0 40 100 1000 1000 5 100 5 100 5 100 1 1
3048 4 800 600 100 100 800 0 100 100 1000 1000 20 100 20 100 20 100 0 1
3049 4 700 300 100 100 700 0 100 100 1000 1000 15 100 15 100 15 100 1 0
3050 4 900 300 80 100 900 0 100 100 1000 1000 5 100 5 100 5 100 1 0
3051 6 700 0 0 100 700 0 0 100 1000 1000 9 100 9 100 9 100 2 0
3052 3 800 600 0 100 800 0 100 100 1000 1000 20 100 20 100 20 100 0 1
3053 6 700 600 80 100 700 0 40 100 1000 1000 15 100 15 100 15 100 1 1
3054 6 700 600 100 100 700 0 0 100 1000 1000 5 100 5 100 5 100 2 0
3055 3 900 100 80 100 900 0 15 100 1000 1000 5 100 5 100 5 100 0 0
3056 6 900 100 80 100 900 0 15 100 1000 1000 9 100 9 100 9 100 1 1
3057 3 900 600 0 100 900 0 15 100 1000 1000 9 100 9 100 9 100 0 1
3058 6 800 0 100 100 800 0 0 100 1000 1000 9 100 9 100 9 100 0 0
3059 4 700 600 100 100 700 0 15 100 1000 1000 5 100 5 100 5 100 2 1
3060 3 700 300 0 100 700 0 0 100 1000 1000 20 100 20 100 20 100 2 0
3061 6 900 0 0 100 900 0 0 100 1000 1000 10 100 10 100 10 100 0 0
3062 4 900 100 0 100 900 0 15 100 1000 1000 9 100 9 100 9 100 2 1
3063 4 700 100 0 100 700 0 80 100 1000 1000 9 100 9 100 9 100 0 0
3064 4 900 0 80 100 900 0 20 100 1000 1000 5 100 5 100 5 100 0 0
3065 4 700 600 80 100 700 0 15 100 1000 1000 5 100 5 100 5 100 1 1
3066 3 700 300 100 100 700 0 80 100 1000 1000 15 100 15 100 15 100 2 1
3067 4 700 600 80 100 700 0 20 100 1000 1000 5 100 5 100 5 100 0 1
3068 4 700 600 100 100 700 0 40 100 1000 1000 15 100 15 100 15 100 0 0
3069 3 800 600 80 100 800 0 0 100 1000 1000 20 100 20 100 20 100 2 0
3070 4 900 600 0 100 900 0 80 100 1000 1000 15 100 15 100 15 100 2 0
3071 4 900 600 0 100 900 0 40 100 1000 1000 15 100 15 100 15 100 1 1
3072 4 700 100 80 100 700 0 100 100 1000 1000 9 100 9 100 9 100 1 1
3073 6 700 600 0 100 700 0 0 100 1000 1000 10 100 10 100 10 100 1 1
3074 3 700 300 80 100 700 0 80 100 1000 1000 9 100 9 100 9 100 1 1
3075 6 700 0 80 100 700 0 80 100 1000 1000 10 100 10 100 10 100 1 1
3076 3 700 600 100 100 700 0 40 100 1000 1000 10 100 10 100 10 100 2 1
3077 3 800 100 0 100 800 0 0 100 1000 1000 9 100 9 100 9 100 1 0
3078 6 700 300 100 100 700 0 40 100 1000 1000 9 100 9 100 9 100 1 1
3079 6 900 0 80 100 900 0 0 100 1000 1000 20 100 20 100 20 100 0 0
3080 4 900 600 0 100 900 0 100 100 1000 1000 15 100 15 100 15 100 0 1
3081 6 900 300 0 100 900 0 40 100 1000 1000 9 100 9 100 9 100 0 0
3082 3 700 100 80 100 700 0 20 100 1000 1000 5 100 5 100 5 100 1 0
3083 6 800 300 0 100 800 0 40 100 1000 1000 5 100 5 100 5 100 2 1
3084 3 800 600 100 100 800 0 0 100 1000 1000 9 100 9 100 9 100 2 1
3085 4 800 0 80 100 800 0 40 100 1000 1000 20 100 20 100 20 100 2 0
3086 4 900 600 0 100 900 0 100 100 1000 1000 9 100 9 100 9 100 2 0
3087 3 800 300 0 100 800 0 100 100 1000 1000 15 100 15 100 15 100 1 0
3088 4 700 300 100 100 700 0 100 100 1000 1000 5 100 5 100 5 100 0 1
3089 3 800 300 80 100 800 0 0 100 1000 1000 5 100 5 100 5 100 1 1
3090 6 700 600 0 100 700 0 100 100 1000 1000 15 100 15 100 15 100 2 1
3091 4 800 300 0 100 800 0 15 100 1000 1000 15 100 15 100 15 100 2 1
3092 4 700 100 0 100 700 0 15 100 1000 1000 15 100 15 100 15 100 1 0
3093 6 700 300 80 100 700 0 0 100 1000 1000 10 100 10 100 10 100 1 0
3094 3 800 0 0 100 800 0 15 100 1000 1000 20 100 20 100 20 100 2 0
3095 4 700 0 0 100 700 0 100 100 1000 1000 9 100 9 100 9 100 1 1
3096 3 700 0 80 100 700 0 80 100 1000 1000 20 100 20 100 20 100 0 1
3097 4 900 300 0 100 900 0 20 100 1000 1000 10 100 10 100 10 100 2 1
3098 4 800 100 0 100 800 0 100 100 1000 1000 10 100 10 100 10 100 2 1
3099 6 900 300 0 100 900 0 15 100 1000 1000 5 100 5 100 5 100 1 0
3100 3 900 600 0 100 900 0 20 100 1000 1000 9 100 9 100 9 100 1 1
3101 6 700 600 100 100 700 0 15 100 1000 1000 5 100 5 100 5 100 2 0
3102 4 700 100 80 100 700 0 20 100 1000 1000 10 100 10 100 10 100 1 1
3103 6 800 300 0 100 800 0 40 100 1000 1000 15 100 15 100 15 100 1 0
3104 3 800 600 80 100 800 0 0 100 1000 1000 5 100 5 100 5 100 1 1
3105 3 900 600 0 100 900 0 40 100 1000 1000 15 100 15 100 15 100 1 1
3106 6 900 300 100 100 900 0 20 100 1000 1000 15 100 15 100 15 100 1 1
3107 6 700 100 80 100 700 0 15 100 1000 1000 15 100 15 100 15 100 0 0
3108 6 700 300 100 100 700 0 0 100 1000 1000 9 100 9 100 9 100 1 1
3109 4 700 300 100 100 700 0 100 100 1000 1000 15 100 15 100 15 100 2 0
3110 3 800 300 100 100 800 0 15 100 1000 1000 10 100 10 100 10 100 1 1
3111 4 700 300 100 100 700 0 20 100 1000 1000 9 100 9 100 9 100 1 0
3112 3 700 300 80 100 700 0 100 100 1000 1000 5 100 5 100 5 100 1 1
3113 4 800 100 80 100 800 0 15 100 1000 1000 15 100 15 100 15 100 1 1
3114 6 800 100 80 100 800 0 100 100 1000 1000 9 100 9 100 9 100 0 0
3115 6 900 600 0 100 900 0 100 100 1000 1000 20 100 20 100 20 100 1 1
3116 3 700 300 80 100 700 0 80 100 1000 1000 15 100 15 100 15 100 0 0
3117 3 900 600 100 100 900 0 100 100 1000 1000 9 100 9 100 9 100 0 0
3118 6 900 300 100 100 900 0 20 100 1000 1000 10 100 10 100 10 100 2 0
3119 6 700 300 0 100 700 0 15 100 1000 1000 20 100 20 100 20 100 1 1
3120 6 700 600 100 100 700 0 100 100 1000 1000 5 100 5 100 5 100 1 1
3121 6 700 300 100 100 700 0 0 100 1000 1000 5 100 5 100 5 100 1 0
3122 6 700 100 100 100 700 0 0 100 1000 1000 15 100 15 100 15 100 2 1
3123 3 800 0 80 100 800 0 100 100 1000 1000 15 100 15 100 15 100 2 1
3124 4 800 0 80 100 800 0 20 100 1000 1000 5 100 5 100 5 100 2 0
3125 4 800 0 80 100 800 0 40 100 1000 1000 20 100 20 100 20 100 2 1
3126 3 700 0 0 100 700 0 0 100 1000 1000 20 100 20 100 20 100 2 1
3127 3 800 100 100 100 800 0 0 100 1000 1000 20 100 20 100 20 100 2 0
3128 3 800 0 80 100 800 0 20 100 1000 1000 10 100 10 100 10 100 0 0
3129 3 700 100 100 100 700 0 20 100 1000 1000 10 100 10 100 10 100 2 1
3130 6 800 600 80 100 800 0 40 100 1000 1000 15 100 15 100 15 100 0 1
3131 3 800 100 0 100 800 0 20 100 1000 1000 15 100 15 100 15 100 2 1
3132 6 900 0 80 100 900 0 40 100 1000 1000 10 100 10 100 10 100 1 1
3133 4 900 0 0 100 900 0 0 100 1000 1000 10 100 10 100 10 100 2 1
3134 3 800 0 0 100 800 0 0 100 1000 1000 10 100 10 100 10 100 2 1
3135 3 900 600 80 100 900 0 15 100 1000 1000 20 100 20 100 20 100 1 1
3136 6 700 600 80 100 700 0 100 100 1000 1000 20 100 20 100 20 100 0 1
3137 4 800 0 100 100 800 0 80 100 1000 1000 5 100 5 100 5 100 0 0
3138 6 800 0 100 100 800 0 80 100 1000 1000 20 100 20 100 20 100 1 1
3139 3 800 100 80 100 800 0 20 100 1000 1000 20 100 20 100 20 100 0 0
3140 6 900 0 80 100 900 0 40 100 1000 1000 20 100 20 100 20 100 0 1
3141 4 900 300 80 100 900 0 0 100 1000 1000 15 100 15 100 15 100 0 1
3142 3 700 0 0 100 700 0 0 100 1000 1000 5 100 5 100 5 100 2 0
3143 4 800 600 0 100 800 0 15 100 1000 1000 5 100 5 100 5 100 2 1
3144 6 800 600 100 100 800 0 100 100 1000 1000 10 100 10 100 10 100 0 0
3145 6 700 600 80 100 700 0 40 100 1000 1000 9 100 9 100 9 100 2 1
3146 3 900 0 80 100 900 0 0 100 1000 1000 5 100 5 100 5 100 0 1
3147 6 900 100 100 100 900 0 40 100 1000 1000 15 100 15 100 15 100 0 0
3148 3 700 100 80 100 700 0 15 100 1000 1000 10 100 10 100 10 100 2 1
3149 4 700 300 0 100 700 0 20 100 1000 1000 10 100 10 100 10 100 0 1
3150 4 900 100 100 100 900 0 20 100 1000 1000 5 100 5 100 5 100 1 0
3151 3 700 0 80 100 700 0 15 100 1000 1000 15 100 15 100 15 100 2 0
3152 3 700 600 80 100 700 0 100 100 1000 1000 15 100 15 100 15 100 2 0
3153 3 700 100 80 100 700 0 100 100 1000 1000 20 100 20 100 20 100 1 1
3154 3 800 0 80 100 800 0 20 100 1000 1000 9 100 9 100 9 100 1 1
3155 4 800 100 100 100 800 0 0 100 1000 1000 5 100 5 100 5 100 0 0
3156 3 900 300 80 100 900 0 15 100 1000 1000 5 100 5 100 5 100 0 0
3157 3 900 0 80 100 900 0 15 100 1000 1000 20 100 20 100 20 100 2 0
3158 6 900 600 100 100 900 0 80 100 1000 1000 5 100 5 100 5 100 0 0
3159 4 800 100 80 100 800 0 0 100 1000 1000 15 100 15 100 15 100 2 1
3160 3 700 600 80 100 700 0 20 100 1000 1000 9 100 9 100 9 100 1 1
3161 3 800 600 0 100 800 0 100 100 1000 1000 10 100 10 100 10 100 1 0
3162 4 800 300 0 100 800 0 100 100 1000 1000 5 100 5 100 5 100 0 1
3163 4 800 600 100 100 800 0 15 100 1000 1000 20 100 20 100 20 100 0 1
3164 4 900 300 80 100 900 0 100 100 1000 1000 10 100 10 100 10 100 1 1
3165 4 900 300 100 100 900 0 15 100 1000 1000 15 100 15 100 15 100 0 0
3166 4 900 100 0 100 900 0 80 100 1000 1000 20 100 20 100 20 100 2 0
3167 4 700 0 100 100 700 0 0 100 1000 1000 10 100 10 100 10 100 0 0
3168 4 900 300 100 100 900 0 80 100 1000 1000 5 100 5 100 5 100 2 1
3169 3 800 100 100 100 800 0 20 100 1000 1000 15 100 15 100 15 100 0 1
3170 6 700 0 0 100 700 0 0 100 1000 1000 20 100 20 100 20 100 1 0
3171 6 700 100 100 100 700 0 20 100 1000 1000 15 100 15 100 15 100 1 0
3172 3 900 0 100 100 900 0 15 100 1000 1000 15 100 15 100 15 100 2 0
3173 3 700 300 100 100 700 0 15 100 1000 1000 9 100 9 100 9 100 0 1
3174 4 700 300 100 100 700 0 0 100 1000 1000 15 100 15 100 15 100 2 0
3175 4 900 300 100 100 900 0 40 100 1000 1000 15 100 15 100 15 100 0 0
3176 6 900 300 0 100 900 0 15 100 1000 1000 5 100 5 100 5 100 1 1
3177 4 800 600 0 100 800 0 20 100 1000 1000 15 100 15 100 15 100 2 1
3178 4 900 100 0 100 900 0 80 100 1000 1000 9 100 9 100 9 100 1 0
3179 6 900 0 80 100 900 0 80 100 1000 1000 15 100 15 100 15 100 2 1
3180 3 800 0 80 100 800 0 100 100 1000 1000 10 100 10 100 10 100 0 1
3181 4 800 0 0 100 800 0 40 100 1000 1000 10 100 10 100 10 100 0 1
3182 4 900 300 80 100 900 0 15 100 1000 1000 15 100 15 100 15 100 1 1
3183 3 800 100 80 100 800 0 80 100 1000 1000 10 100 10 100 10 100 1 0
3184 3 700 100 0 100 700 0 0 100 1000 1000 9 100 9 100 9 100 1 0
3185 4 900 100 0 100 900 0 100 100 1000 1000 20 100 20 100 20 100 1 0
3186 6 800 100 80 100 800 0 20 100 1000 1000 10 100 10 100 10 100 2 1
3187 4 900 100 100 100 900 0 0 100 1000 1000 5 100 5 100 5 100 2 1
3188 6 900 100 0 100 900 0 0 100 1000 1000 5 100 5 100 5 100 2 0
3189 6 900 0 100 100 900 0 80 100 1000 1000 10 100 10 100 10 100 0 0
3190 3 900 600 100 100 900 0 100 100 1000 1000 9 100 9 100 9 100 2 0
3191 3 900 0 100 100 900 0 100 100 1000 1000 10 100 10 100 10 100 0 1
3192 4 700 300 80 100 700 0 80 100 1000 1000 5 100 5 100 5 100 0 1
3193 6 900 0 100 100 900 0 0 100 1000 1000 20 100 20 100 20 100 2 1
3194 3 800 600 0 100 800 0 20 100 1000 1000 5 100 5 100 5 100 0 0
3195 3 800 600 100 100 800 0 100 100 1000 1000 5 100 5 100 5 100 1 1
3196 6 700 600 100 100 700 0 15 100 1000 1000 10 100 10 100 10 100 0 0
3197 6 900 0 80 100 900 0 15 100 1000 1000 10 100 10 100 10 100 2 0
3198 4 800 0 100 100 800 0 100 100 1000 1000 9 100 9 100 9 100 1 0
3199 3 800 600 100 100 800 0 80 100 1000 1000 10 100 10 100 10 100 1 0
3200 3 900 0 80 100 900 0 20 100 1000 1000 9 100 9 100 9 100 2 1
3201 4 700 100 0 100 700 0 20 100 1000 1000 9 100 9 100 9 100 2 1
3202 4 800 300 0 100 800 0 15 100 1000 1000 5 100 5 100 5 100 2 0
3203 6 900 0 0 100 900 0 0 100 1000 1000 9 100 9 100 9 100 2 1
3204 4 900 0 100 100 900 0 0 100 1000 1000 9 100 9 100 9 100 2 0
3205 4 800 100 0 100 800 0 20 100 1000 1000 9 100 9 100 9 100 0 1
3206 4 700 600 80 100 700 0 20 100 1000 1000 20 100 20 100 20 100 0 0
3207 3 800 100 80 100 800 0 40 100 1000 1000 5 100 5 100 5 100 2 0
3208 3 700 0 80 100 700 0 80 100 1000 1000 9 100 9 100 9 100 0 0
3209 6 900 300 0 100 900 0 20 100 1000 1000 20 100 20 100 20 100 0 0
3210 3 800 100 0 100 800 0 0 100 1000 1000 9 100 9 100 9 100 1 1
3211 4 800 0 0 100 800 0 0 100 1000 1000 15 100 15 100 15 100 2 1
3212 4 800 100 100 100 800 0 15 100 1000 1000 20 100 20 100 20 100 0 1
3213 4 900 100 100 100 900 0 40 100 1000 1000 15 100 15 100 15 100 1 0
3214 3 800 100 80 100 800 0 100 100 1000 1000 15 100 15 100 15 100 1 0
3215 3 800 300 80 100 800 0 20 100 1000 1000 5 100 5 100 5 100 1 0
3216 4 900 300 0 100 900 0 80 100 1000 1000 5 100 5 100 5 100 0 0
3217 6 700 300 0 100 700 0 15 100 1000 1000 10 100 10 100 10 100 2 1
3218 3 800 0 0 100 800 0 0 100 1000 1000 5 100 5 100 5 100 0 1
3219 4 900 100 100 100 900 0 15 100 1000 1000 9 100 9 100 9 100 2 0
3220 6 700 600 0 100 700 0 20 100 1000 1000 20 100 20 100 20 100 2 0
3221 3 900 0 0 100 900 0 0 100 1000 1000 5 100 5 100 5 100 0 0
3222 4 700 300 0 100 700 0 0 100 1000 1000 5 100 5 100 5 100 0 0
3223 4 900 300 80 100 900 0 100 100 1000 1000 5 100 5 100 5 100 2 1
3224 6 900 300 0 100 900 0 40 100 1000 1000 10 100 10 100 10 100 0 0
3225 6 800 100 80 100 800 0 100 100 1000 1000 15 100 15 100 15 100 2 1
3226 4 700 0 100 100 700 0 0 100 1000 1000 15 100 15 100 15 100 0 1
3227 6 800 300 0 100 800 0 15 100 1000 1000 20 100 20 100 20 100 2 0
3228 4 900 0 100 100 900 0 0 100 1000 1000 15 100 15 100 15 100 2 1
3229 6 800 0 80 100 800 0 20 100 1000 1000 15 100 15 100 15 100 1 1
3230 4 900 600 100 100 900 0 100 100 1000 1000 15 100 15 100 15 100 0 1
3231 3 700 0 80 100 700 0 20 100 1000 1000 9 100 9 100 9 100 0 0
3232 6 700 600 100 100 700 0 15 100 1000 1000 15 100 15 100 15 100 0 0
3233 3 800 600 100 100 800 0 15 100 1000 1000 15 100 15 100 15 100 2 1
3234 3 900 0 0 100 900 0 20 100 1000 1000 15 100 15 100 15 100 0 0
3235 4 900 0 80 100 900 0 40 100 1000 1000 5 100 5 100 5 100 2 1
3236 3 800 300 0 100 800 0 80 100 1000 1000 9 100 9 100 9 100 2 0
3237 3 700 600 80 100 700 0 20 100 1000 1000 5 100 5 100 5 100 1 1
3238 6 800 100 80 100 800 0 40 100 1000 1000 10 100 10 100 10 100 2 1
3239 6 800 300 80 100 800 0 40 100 1000 1000 5 100 5 100 5 100 0 0
3240 4 700 300 0 100 700 0 20 100 1000 1000 10 100 10 100 10 100 2 1
3241 4 700 100 100 100 700 0 0 100 1000 1000 5 100 5 100 5 100 1 1
3242 3 900 0 0 100 900 0 80 100 1000 1000 5 100 5 100 5 100 0 0
3243 6 800 300 100 100 800 0 20 100 1000 1000 20 100 20 100 20 100 2 1
3244 3 800 300 100 100 800 0 40 100 1000 1000 10 100 10 100 10 100 1 0
3245 3 800 600 100 100 800 0 80 100 1000 1000 5 100 5 100 5 100 2 0
3246 3 900 300 0 100 900 0 40 100 1000 1000 10 100 10 100 10 100 0 0
3247 3 800 100 0 100 800 0 80 100 1000 1000 15 100 15 100 15 100 1 0
3248 4 800 0 0 100 800 0 40 100 1000 1000 9 100 9 100 9 100 0 1
3249 6 900 300 0 100 900 0 15 100 1000 1000 10 100 10 100 10 100 1 1
3250 3 700 100 80 100 700 0 80 100 1000 1000 10 100 10 100 10 100 1 1
3251 6 900 600 0 100 900 0 100 100 1000 1000 10 100 10 100 10 100 2 1
3252 3 700 100 0 100 700 0 15 100 1000 1000 5 100 5 100 5 100 0 1
3253 4 800 0 0 100 800 0 15 100 1000 1000 5 100 5 100 5 100 0 0
3254 3 900 0 0 100 900 0 0 100 1000 1000 20 100 20 100 20 100 1 0
3255 3 900 0 80 100 900 0 0 100 1000 1000 20 100 20 100 20 100 1 0
3256 3 800 600 100 100 800 0 15 100 1000 1000 5 100 5 100 5 100 0 1
3257 3 800 600 100 100 800 0 15 100 1000 1000 20 100 20 100 20 100 0 1
3258 6 700 300 0 100 700 0 0 100 1000 1000 10 100 10 100 10 100 1 0
3259 3 700 100 80 100 700 0 100 100 1000 1000 5 100 5 100 5 100 0 0
3260 6 700 0 100 100 700 0 0 100 1000 1000 15 100 15 100 15 100 0 0
3261 6 700 100 80 100 700 0 20 100 1000 1000 5 100 5 100 5 100 1 0
3262 4 800 100 100 100 800 0 100 100 1000 1000 20 100 20 100 20 100 2 0
3263 4 900 0 100 100 900 0 80 100 1000 1000 9 100 9 100 9 100 0 0
3264 6 800 600 80 100 800 0 0 100 1000 1000 5 100 5 100 5 100 0 0
3265 3 900 600 80 100 900 0 20 100 1000 1000 20 100 20 100 20 100 2 1
3266 6 900 100 100 100 900 0 40 100 1000 1000 10 100 10 100 10 100 0 1
3267 4 700 600 0 100 700 0 100 100 1000 1000 15 100 15 100 15 100 2 1
3268 3 900 0 80 100 900 0 100 100 1000 1000 9 100 9 100 9 100 1 1
3269 4 800 100 0 100 800 0 80 100 1000 1000 15 100 15 100 15 100 2 1
3270 6 700 300 0 100 700 0 20 100 1000 1000 10 100 10 100 10 100 2 1
3271 3 800 0 0 100 800 0 40 100 1000 1000 10 100 10 100 10 100 2 1
3272 4 700 300 80 100 700 0 15 100 1000 1000 10 100 10 100 10 100 2 0
3273 6 900 100 80 100 900 0 80 100 1000 1000 15 100 15 100 15 100 2 1
3274 6 900 300 100 100 900 0 0 100 1000 1000 5 100 5 100 5 100 1 0
3275 6 900 100 100 100 900 0 15 100 1000 1000 9 100 9 100 9 100 2 0
3276 6 800 600 0 100 800 0 15 100 1000 1000 9 100 9 100 9 100 2 0
3277 4 800 300 0 100 800 0 0 100 1000 1000 5 100 5 100 5 100 1 1
3278 4 800 300 100 100 800 0 100 100 1000 1000 9 100 9 100 9 100 1 1
3279 4 800 100 80 100 800 0 80 100 1000 1000 10 100 10 100 10 100 2 0
3280 6 800 100 0 100 800 0 100 100 1000 1000 20 100 20 100 20 100 2 0
3281 3 700 100 80 100 700 0 20 100 1000 1000 15 100 15 100 15 100 0 0
3282 4 700 100 80 100 700 0 40 100 1000 1000 5 100 5 100 5 100 0 0
3283 4 700 600 80 100 700 0 15 100 1000 1000 15 100 15 100 15 100 0 0
3284 6 800 300 100 100 800 0 40 100 1000 1000 9 100 9 100 9 100 1 0
3285 4 800 600 80 100 800 0 100 100 1000 1000 15 100 15 100 15 100 2 1
3286 4 700 300 100 100 700 0 0 100 1000 1000 15 100 15 100 15 100 1 0
3287 4 800 100 100 100 800 0 100 100 1000 1000 10 100 10 100 10 100 0 0
3288 6 700 600 0 100 700 0 80 100 1000 1000 5 100 5 100 5 100 2 1
3289 3 800 300 80 100 800 0 100 100 1000 1000 10 100 10 100 10 100 2 0
3290 3 800 300 0 100 800 0 80 100 1000 1000 5 100 5 100 5 100 2 0
3291 6 700 100 0 100 700 0 80 100 1000 1000 20 100 20 100 20 100 0 0
3292 4 800 600 0 100 800 0 80 100 1000 1000 5 100 5 100 5 100 2 1
3293 4 700 0 0 100 700 0 100 100 1000 1000 20 100 20 100 20 100 0 0
3294 4 900 0 0 100 900 0 100 100 1000 1000 20 100 20 100 20 100 1 0
3295 3 700 100 100 100 700 0 40 100 1000 1000 5 100 5 100 5 100 1 0
3296 6 700 100 80 100 700 0 0 100 1000 1000 20 100 20 100 20 100 0 1
3297 3 700 600 0 100 700 0 15 100 1000 1000 10 100 10 100 10 100 0 1
3298 4 900 100 0 100 900 0 80 100 1000 1000 9 100 9 100 9 100 0 1
3299 4 800 0 80 100 800 0 15 100 1000 1000 20 100 20 100 20 100 0 0
3300 3 800 300 100 100 800 0 80 100 1000 1000 20 100 20 100 20 100 0 1
3301 4 700 300 0 100 700 0 100 100 1000 1000 9 100 9 100 9 100 1 0
3302 6 800 300 0 100 800 0 40 100 1000 1000 10 100 10 100 10 100 2 0
3303 6 700 0 0 100 700 0 100 100 1000 1000 9 100 9 100 9 100 2 0
3304 3 800 100 80 100 800 0 0 100 1000 1000 5 100 5 100 5 100 2 0
3305 3 900 100 100 100 900 0 0 100 1000 1000 5 100 5 100 5 100 0 0
3306 6 800 0 0 100 800 0 20 100 1000 1000 9 100 9 100 9 100 2 0
3307 3 800 600 80 100 800 0 40 100 1000 1000 15 100 15 100 15 100 2 0
3308 4 700 100 100 100 700 0 40 100 1000 1000 10 100 10 100 10 100 1 0
3309 6 700 600 100 100 700 0 20 100 1000 1000 15 100 15 100 15 100 0 0
3310 4 900 300 0 100 900 0 0 100 1000 1000 10 100 10 100 10 100 1 0
3311 3 900 300 100 100 900 0 20 100 1000 1000 20 100 20 100 20 100 1 1
3312 3 700 100 100 100 700 0 0 100 1000 1000 10 100 10 100 10 100 0 0
3313 6 900 600 100 100 900 0 80 100 1000 1000 9 100 9 100 9 100 1 0
3314 4 700 0 0 100 700 0 0 100 1000 1000 20 100 20 100 20 100 2 1
3315 4 700 300 100 100 700 0 0 100 1000 1000 9 100 9 100 9 100 2 0
3316 3 800 300 0 100 800 0 0 100 1000 1000 5 100 5 100 5 100 0 1
3317 4 900 0 80 100 900 0 100 100 1000 1000 9 100 9 100 9 100 1 0
3318 6 800 100 0 100 800 0 100 100 1000 1000 10 100 10 100 10 100 0 0
3319 6 800 100 100 100 800 0 40 100 1000 1000 15 100 15 100 15 100 1 0
3320 4 900 0 80 100 900 0 100 100 1000 1000 15 100 15 100 15 100 2 0
3321 6 700 100 0 100 700 0 0 100 1000 1000 5 100 5 100 5 100 2 1
3322 6 700 100 100 100 700 0 20 100 1000 1000 9 100 9 100 9 100 2 1
3323 4 700 100 0 100 700 0 20 100 1000 1000 15 100 15 100 15 100 2 1
3324 3 900 300 0 100 900 0 15 100 1000 1000 15 100 15 100 15 100 0 1
3325 6 700 100 0 100 700 0 40 100 1000 1000 10 100 10 100 10 100 0 0
3326 4 900 300 100 100 900 0 15 100 1000 1000 20 100 20 100 20 100 2 0
3327 4 800 600 100 100 800 0 100 100 1000 1000 5 100 5 100 5 100 2 1
3328 3 700 300 0 100 700 0 20 100 1000 1000 20 100 20 100 20 100 2 1
3329 6 800 0 100 100 800 0 80 100 1000 1000 5 100 5 100 5 100 0 1
3330 6 900 600 0 100 900 0 15 100 1000 1000 20 100 20 100 20 100 0 1
3331 6 700 600 0 100 700 0 15 100 1000 1000 15 100 15 100 15 100 0 0
3332 6 700 600 80 100 700 0 100 100 1000 1000 9 100 9 100 9 100 2 0
3333 3 900 100 0 100 900 0 20 100 1000 1000 15 100 15 100 15 100 1 1
3334 6 700 100 80 100 700 0 100 100 1000 1000 5 100 5 100 5 100 0 0
3335 3 700 600 80 100 700 0 20 100 1000 1000 15 100 15 100 15 100 1 0
3336 4 900 100 80 100 900 0 0 100 1000 1000 10 100 10 100 10 100 1 0
3337 6 700 600 100 100 700 0 40 100 1000 1000 20 100 20 100 20 100 2 0
3338 6 800 0 80 100 800 0 40 100 1000 1000 10 100 10 100 10 100 1 1
3339 3 800 0 100 100 800 0 100 100 1000 1000 9 100 9 100 9 100 2 1
3340 3 900 600 100 100 900 0 40 100 1000 1000 10 100 10 100 10 100 1 0
3341 3 900 600 0 100 900 0 80 100 1000 1000 5 100 5 100 5 100 2 0
3342 6 800 600 0 100 800 0 80 100 1000 1000 10 100 10 100 10 100 0 1
3343 6 900 0 100 100 900 0 0 100 1000 1000 10 100 10 100 10 100 0 0
3344 6 700 300 100 100 700 0 20 100 1000 1000 9 100 9 100 9 100 0 0
3345 4 700 600 0 100 700 0 80 100 1000 1000 5 100 5 100 5 100 0 1
3346 4 900 600 0 100 900 0 100 100 1000 1000 9 100 9 100 9 100 0 0
3347 4 700 600 0 100 700 0 0 100 1000 1000 15 100 15 100 15 100 0 1
3348 3 800 0 100 100 800 0 80 100 1000 1000 9 100 9 100 9 100 2 0
3349 4 800 300 0 100 800 0 20 100 1000 1000 9 100 9 100 9 100 0 1
3350 4 800 600 100 100 800 0 80 100 1000 1000 10 100 10 100 10 100 0 0
3351 3 800 600 80 100 800 0 100 100 1000 1000 15 100 15 100 15 100 2 0
3352 3 800 0 100 100 800 0 40 100 1000 1000 10 100 10 100 10 100 2 0
3353 3 900 0 0 100 900 0 15 100 1000 1000 10 100 10 100 10 100 2 1
3354 3 800 600 100 100 800 0 15 100 1000 1000 10 100 10 100 10 100 1 1
3355 3 700 0 80 100 700 0 100 100 1000 1000 10 100 10 100 10 100 1 1
3356 6 800 300 0 100 800 0 100 100 1000 1000 9 100 9 100 9 100 1 0
3357 6 700 100 80 100 700 0 0 100 1000 1000 5 100 5 100 5 100 2 0
3358 4 800 600 80 100 800 0 80 100 1000 1000 9 100 9 100 9 100 2 1
3359 3 900 600 80 100 900 0 20 100 1000 1000 5 100 5 100 5 100 2 0
3360 4 900 600 80 100 900 0 0 100 1000 1000 15 100 15 100 15 100 0 0
3361 3 900 0 80 100 900 0 20 100 1000 1000 9 100 9 100 9 100 1 0
3362 4 900 300 100 100 900 0 20 100 1000 1000 15 100 15 100 15 100 2 0
3363 3 900 0 0 100 900 0 80 100 1000 1000 5 100 5 100 5 100 1 0
3364 3 800 300 100 100 800 0 0 100 1000 1000 10 100 10 100 10 100 1 0
3365 4 700 300 100 100 700 0 40 100 1000 1000 5 100 5 100 5 100 0 0
3366 3 900 100 80 100 900 0 80 100 1000 1000 15 100 15 100 15 100 1 1
3367 6 800 0 0 100 800 0 20 100 1000 1000 15 100 15 100 15 100 1 0
3368 6 900 0 80 100 900 0 80 100 1000 1000 5 100 5 100 5 100 1 0
3369 6 800 0 80 100 800 0 0 100 1000 1000 9 100 9 100 9 100 0 0
3370 6 800 600 0 100 800 0 100 100 1000 1000 20 100 20 100 20 100 1 0
3371 3 800 0 80 100 800 0 40 100 1000 1000 20 100 20 100 20 100 0 0
3372 6 700 600 80 100 700 0 40 100 1000 1000 9 100 9 100 9 100 1 1
3373 6 900 100 0 100 900 0 20 100 1000 1000 5 100 5 100 5 100 2 1
3374 3 900 0 100 100 900 0 40 100 1000 1000 20 100 20 100 20 100 0 0
3375 3 700 600 100 100 700 0 20 100 1000 1000 20 100 20 100 20 100 2 0
3376 3 900 600 0 100 900 0 80 100 1000 1000 9 100 9 100 9 100 0 0
3377 4 800 0 100 100 800 0 0 100 1000 1000 5 100 5 100 5 100 0 1
3378 3 900 600 0 100 900 0 15 100 1000 1000 5 100 5 100 5 100 1 0
3379 4 700 300 80 100 700 0 80 100 1000 1000 20 100 20 100 20 100 0 0
3380 3 900 600 80 100 900 0 0 100 1000 1000 10 100 10 100 10 100 2 1
3381 4 700 600 80 100 700 0 15 100 1000 1000 20 100 20 100 20 100 1 0
3382 6 900 600 100 100 900 0 0 100 1000 1000 20 100 20 100 20 100 0 1
3383 3 800 300 80 100 800 0 40 100 1000 1000 10 100 10 100 10 100 0 1
3384 4 700 100 0 100 700 0 80 100 1000 1000 9 100 9 100 9 100 2 1
3385 6 700 300 100 100 700 0 100 100 1000 1000 9 100 9 100 9 100 0 1
3386 4 800 100 0 100 800 0 20 100 1000 1000 10 100 10 100 10 100 1 0
3387 6 700 600 100 100 700 0 20 100 1000 1000 20 100 20 100 20 100 2 1
3388 6 900 0 100 100 900 0 20 100 1000 1000 9 100 9 100 9 100 1 1
3389 3 700 100 80 100 700 0 40 100 1000 1000 5 100 5 100 5 100 0 1
3390 4 900 100 100 100 900 0 100 100 1000 1000 5 100 5 100 5 100 1 0
3391 4 700 100 0 100 700 0 80 100 1000 1000 9 100 9 100 9 100 2 0
3392 3 900 600 0 100 900 0 80 100 1000 1000 5 100 5 100 5 100 2 1
3393 4 700 100 0 100 700 0 100 100 1000 1000 10 100 10 100 10 100 1 1
3394 4 700 100 0 100 700 0 40 100 1000 1000 5 100 5 100 5 100 1 0
3395 6 700 100 100 100 700 0 80 100 1000 1000 15 100 15 100 15 100 1 0
3396 4 800 300 0 100 800 0 80 100 1000 1000 5 100 5 100 5 100 1 1
3397 3 800 0 80 100 800 0 40 100 1000 1000 9 100 9 100 9 100 0 0
3398 3 900 600 100 100 900 0 80 100 1000 1000 5 100 5 100 5 100 1 0
3399 4 900 0 100 100 900 0 80 100 1000 1000 20 100 20 100 20 100 2 1
3400 4 800 300 100 100 800 0 20 100 1000 1000 9 100 9 100 9 100 1 0
3401 6 800 600 0 100 800 0 0 100 1000 1000 5 100 5 100 5 100 1 1
3402 4 700 0 80 100 700 0 40 100 1000 1000 9 100 9 100 9 100 1 1
3403 3 800 0 80 100 800 0 80 100 1000 1000 5 100 5 100 5 100 1 1
3404 3 700 600 100 100 700 0 40 100 1000 1000 15 100 15 100 15 100 1 0
3405 6 900 300 100 100 900 0 15 100 1000 1000 15 100 15 100 15 100 0 0
3406 6 800 600 0 100 800 0 100 100 1000 1000 15 100 15 100 15 100 0 0
3407 4 700 0 80 100 700 0 20 100 1000 1000 15 100 15 100 15 100 1 1
3408 6 700 100 100 100 700 0 0 100 1000 1000 5 100 5 100 5 100 0 0
3409 3 700 0 100 100 700 0 15 100 1000 1000 20 100 20 100 20 100 0 0
3410 4 800 0 100 100 800 0 100 100 1000 1000 5 100 5 100 5 100 1 0
3411 6 700 600 80 100 700 0 80 100 1000 1000 9 100 9 100 9 100 1 1
3412 4 700 300 0 100 700 0 20 100 1000 1000 15 100 15 100 15 100 1 0
3413 6 900 300 0 100 900 0 15 100 1000 1000 5 100 5 100 5 100 0 0
3414 6 900 600 100 100 900 0 15 100 1000 1000 9 100 9 100 9 100 0 0
3415 4 800 100 100 100 800 0 20 100 1000 1000 10 100 10 100 10 100 1 0
3416 6 800 600 0 100 800 0 100 100 1000 1000 9 100 9 100 9 100 0 1
3417 3 900 0 0 100 900 0 15 100 1000 1000 15 100 15 100 15 100 2 0
3418 3 900 100 80 100 900 0 80 100 1000 1000 5 100 5 100 5 100 2 1
3419 4 900 0 80 100 900 0 80 100 1000 1000 10 100 10 100 10 100 2 1
3420 6 700 0 80 100 700 0 100 100 1000 1000 9 100 9 100 9 100 2 0
3421 3 800 0 100 100 800 0 20 100 1000 1000 20 100 20 100 20 100 0 1
3422 3 800 600 0 100 800 0 0 100 1000 1000 20 100 20 100 20 100 2 1
3423 3 800 0 80 100 800 0 100 100 1000 1000 10 100 10 100 10 100 2 1
3424 4 900 0 80 100 900 0 15 100 1000 1000 9 100 9 100 9 100 1 1
3425 6 800 0 100 100 800 0 40 100 1000 1000 15 100 15 100 15 100 2 1
3426 6 700 300 0 100 700 0 0 100 1000 1000 5 100 5 100 5 100 2 0
3427 4 800 0 0 100 800 0 20 100 1000 1000 5 100 5 100 5 100 1 0
3428 6 700 0 0 100 700 0 15 100 1000 1000 15 100 15 100 15 100 0 1
3429 6 800 600 100 100 800 0 80 100 1000 1000 5 100 5 100 5 100 0 0
3430 3 800 600 0 100 800 0 40 100 1000 1000 5 100 5 100 5 100 0 0
3431 4 700 100 100 100 700 0 15 100 1000 1000 15 100 15 100 15 100 2 1
3432 3 700 100 80 100 700 0 100 100 1000 1000 20 100 20 100 20 100 0 0
3433 3 900 300 100 100 900 0 100 100 1000 1000 20 100 20 100 20 100 0 1
3434 4 900 0 80 100 900 0 15 100 1000 1000 15 100 15 100 15 100 0 0
3435 3 700 100 100 100 700 0 0 100 1000 1000 5 100 5 100 5 100 2 0
3436 3 800 300 0 100 800 0 15 100 1000 1000 9 100 9 100 9 100 0 1
3437 4 900 300 80 100 900 0 80 100 1000 1000 10 100 10 100 10 100 2 1
3438 6 700 0 100 100 700 0 40 100 1000 1000 9 100 9 100 9 100 1 1
3439 6 700 0 0 100 700 0 80 100 1000 1000 15 100 15 100 15 100 0 1
3440 3 700 600 100 100 700 0 0 100 1000 1000 10 100 10 100 10 100 2 0
3441 4 700 300 0 100 700 0 20 100 1000 1000 20 100 20 100 20 100 2 1
3442 6 800 300 80 100 800 0 100 100 1000 1000 10 100 10 100 10 100 0 0
3443 3 700 300 100 100 700 0 15 100 1000 1000 15 100 15 100 15 100 2 1
3444 4 700 600 100 100 700 0 40 100 1000 1000 5 100 5 100 5 100 1 0
3445 4 900 300 80 100 900 0 40 100 1000 1000 5 100 5 100 5 100 2 1
3446 6 900 100 80 100 900 0 0 100 1000 1000 10 100 10 100 10 100 0 0
3447 3 900 600 0 100 900 0 20 100 1000 1000 20 100 20 100 20 100 1 1
3448 6 700 600 0 100 700 0 20 100 1000 1000 9 100 9 100 9 100 1 1
3449 6 900 600 0 100 900 0 15 100 1000 1000 15 100 15 100 15 100 0 0
3450 4 800 300 100 100 800 0 20 100 1000 1000 9 100 9 100 9 100 1 1
3451 3 900 300 0 100 900 0 20 100 1000 1000 20 100 20 100 20 100 0 1
3452 3 700 600 0 100 700 0 0 100 1000 1000 15 100 15 100 15 100 1 1
3453 6 900 100 80 100 900 0 100 100 1000 1000 15 100 15 100 15 100 1 1
3454 3 800 100 100 100 800 0 80 100 1000 1000 5 100 5 100 5 100 2 1
3455 3 800 100 0 100 800 0 40 100 1000 1000 15 100 15 100 15 100 2 0
3456 3 900 0 80 100 900 0 40 100 1000 1000 5 100 5 100 5 100 1 0
3457 4 900 600 100 100 900 0 15 100 1000 1000 9 100 9 100 9 100 2 1
3458 3 800 0 0 100 800 0 0 100 1000 1000 5 100 5 100 5 100 0 0
3459 4 900 300 0 100 900 0 0 100 1000 1000 20 100 20 100 20 100 2 0
3460 6 700 0 80 100 700 0 15 100 1000 1000 15 100 15 100 15 100 1 0
3461 3 700 0 100 100 700 0 100 100 1000 1000 9 100 9 100 9 100 1 1
3462 6 800 600 0 100 800 0 20 100 1000 1000 15 100 15 100 15 100 0 0
3463 3 900 100 0 100 900 0 0 100 1000 1000 20 100 20 100 20 100 1 1
3464 6 800 0 100 100 800 0 0 100 1000 1000 5 100 5 100 5 100 2 1
3465 3 800 600 100 100 800 0 100 100 1000 1000 20 100 20 100 20 100 2 0
3466 4 800 300 0 100 800 0 80 100 1000 1000 9 100 9 100 9 100 2 0
3467 6 700 600 0 100 700 0 80 100 1000 1000 10 100 10 100 10 100 0 0
3468 4 900 0 0 100 900 0 0 100 1000 1000 15 100 15 100 15 100 1 1
3469 4 900 300 80 100 900 0 100 100 1000 1000 20 100 20 100 20 100 1 0
3470 4 900 100 0 100 900 0 100 100 1000 1000 9 100 9 100 9 100 0 1
3471 6 700 100 100 100 700 0 20 100 1000 1000 20 100 20 100 20 100 0 1
3472 4 700 0 0 100 700 0 20 100 1000 1000 10 100 10 100 10 100 0 0
3473 3 700 100 100 100 700 0 100 100 1000 1000 15 100 15 100 15 100 2 0
3474 4 900 100 100 100 900 0 100 100 1000 1000 20 100 20 100 20 100 2 0
3475 3 900 100 0 100 900 0 100 100 1000 1000 9 100 9 100 9 100 2 0
3476 4 700 0 100 100 700 0 40 100 1000 1000 9 100 9 100 9 100 2 0
3477 3 700 600 0 100 700 0 100 100 1000 1000 10 100 10 100 10 100 0 0
3478 4 900 100 80 100 900 0 40 100 1000 1000 10 100 10 100 10 100 1 0
3479 4 700 0 0 100 700 0 15 100 1000 1000 10 100 10 100 10 100 1 1
3480 6 900 0 80 100 900 0 0 100 1000 1000 15 100 15 100 15 100 2 1
3481 3 900 0 100 100 900 0 20 100 1000 1000 5 100 5 100 5 100 1 1
3482 6 800 600 80 100 800 0 80 100 1000 1000 15 100 15 100 15 100 1 1
3483 3 800 0 0 100 800 0 0 100 1000 1000 10 100 10 100 10 100 1 1
3484 6 700 100 0 100 700 0 0 100 1000 1000 15 100 15 100 15 100 2 1
3485 4 800 100 80 100 800 0 40 100 1000 1000 10 100 10 100 10 100 2 0
3486 4 700 0 0 100 700 0 40 100 1000 1000 9 100 9 100 9 100 0 1
3487 4 800 300 100 100 800 0 20 100 1000 1000 5 100 5 100 5 100 0 0
3488 3 900 600 0 100 900 0 100 100 1000 1000 20 100 20 100 20 100 2 0
3489 4 900 0 0 100 900 0 0 100 1000 1000 10 100 10 100 10 100 1 1
3490 6 700 300 80 100 700 0 15 100 1000 1000 9 100 9 100 9 100 1 1
3491 6 900 600 80 100 900 0 15 100 1000 1000 10 100 10 100 10 100 0 1
3492 6 900 0 0 100 900 0 40 100 1000 1000 9 100 9 100 9 100 2 0
3493 3 800 0 100 100 800 0 100 100 1000 1000 15 100 15 100 15 100 1 1
3494 6 700 300 100 100 700 0 40 100 1000 1000 5 100 5 100 5 100 0 1
3495 4 700 300 0 100 700 0 80 100 1000 1000 10 100 10 100 10 100 1 0
3496 4 700 600 0 100 700 0 20 100 1000 1000 10 100 10 100 10 100 0 1
3497 4 700 300 100 100 700 0 15 100 1000 1000 9 100 9 100 9 100 2 0
3498 4 900 600 80 100 900 0 0 100 1000 1000 10 100 10 100 10 100 2 1
3499 6 900 300 100 100 900 0 20 100 1000 1000 9 100 9 100 9 100 1 1
3500 3 700 600 80 100 700 0 0 100 1000 1000 15 100 15 100 15 100 2 1
3501 4 700 600 80 100 700 0 80 100 1000 1000 20 100 20 100 20 100 1 0
3502 4 900 600 100 100 900 0 20 100 1000 1000 15 100 15 100 15 100 0 1
3503 3 800 0 0 100 800 0 80 100 1000 1000 15 100 15 100 15 100 0 1
3504 4 700 600 100 100 700 0 15 100 1000 1000 10 100 10 100 10 100 1 1
3505 -1 951 950 4 100 951 950 6 100 1000 1000 6 100 6 100 6 100 0 0
3506 -1 951 950 5 100 951 950 6 100 1000 1000 6 100 6 100 6 100 0 0
3507 -1 951 950 7 100 951 950 6 100 1000 1000 6 100 6 100 6 100 0 0
3508 -1 951 950 8 100 951 950 6 100 1000 1000 6 100 6 100 6 100 0 0
3509 -1 951 950 6 100 951 950 4 100 1000 1000 6 100 6 100 6 100 0 0
3510 -1 951 950 6 100 951 950 5 100 1000 1000 6 100 6 100 6 100 0 0
3511 -1 951 950 6 100 951 950 7 100 1000 1000 6 100 6 100 6 100 0 0
3512 -1 951 950 6 100 951 950 8 100 1000 1000 6 100 6 100 6 100 0 0
3513 -1 951 950 6 100 951 950 6 100 1000 1000 4 100 6 100 6 100 0 0
3514 -1 951 950 6 100 951 950 6 100 1000 1000 5 100 6 100 6 100 0 0
3515 -1 951 950 6 100 951 950 6 100 1000 1000 7 100 6 100 6 100 0 0
3516 -1 951 950 6 100 951 950 6 100 1000 1000 8 100 6 100 6 100 0 0
3517 -1 951 950 6 100 951 950 6 100 1000 1000 6 100 4 100 6 100 0 0
3518 -1 951 950 6 100 951 950 6 100 1000 1000 6 100 5 100 6 100 0 0
3519 -1 951 950 6 100 951 950 6 100 1000 1000 6 100 7 100 6 100 0 0
3520 -1 951 950 6 100 951 950 6 100 1000 1000 6 100 8 100 6 100 0 0
3521 -1 951 950 6 100 951 950 6 100 1000 1000 6 100 6 100 4 100 0 0
3522 -1 951 950 6 100 951 950 6 100 1000 1000 6 100 6 100 5 100 0 0
3523 -1 951 950 6 100 951 950 6 100 1000 1000 6 100 6 100 7 100 0 0
3524 -1 951 950 6 100 951 950 6 100 1000 1000 6 100 6 100 8 100 0 0
3525 -1 961 950 6 100 951 950 6 100 1000 1000 6 100 6 100 6 100 0 0
3526 -1 971 950 6 100 951 950 6 100 1000 1000 6 100 6 100 6 100 0 0
3527 -1 951 930 6 100 951 950 6 100 1000 1000 6 100 6 100 6 100 0 0
3528 -1 951 940 6 100 951 950 6 100 1000 1000 6 100 6 100 6 100 0 0
3529 -1 951 950 6 100 961 950 6 100 1000 1000 6 100 6 100 6 100 0 0
3530 -1 951 950 6 100 971 950 6 100 1000 1000 6 100 6 100 6 100 0 0
3531 -1 951 950 6 100 951 930 6 100 1000 1000 6 100 6 100 6 100 0 0
3532 -1 951 950 6 100 951 940 6 100 1000 1000 6 100 6 100 6 100 0 0
3533 -1 951 950 6 100 951 950 6 100 980 1000 6 100 6 100 6 100 0 0
3534 -1 951 950 6 100 951 950 6 100 990 1000 6 100 6 100 6 100 0 0
3535 -1 951 950 5 100 951 950 7 100 1000 1000 7 100 7 100 7 100 0 0
3536 -1 951 950 6 100 951 950 7 100 1000 1000 7 100 7 100 7 100 0 0
3537 -1 951 950 8 100 951 950 7 100 1000 1000 7 100 7 100 7 100 0 0
3538 -1 951 950 9 100 951 950 7 100 1000 1000 7 100 7 100 7 100 0 0
3539 -1 951 950 7 100 951 950 5 100 1000 1000 7 100 7 100 7 100 0 0
3540 -1 951 950 7 100 951 950 6 100 1000 1000 7 100 7 100 7 100 0 0
3541 -1 951 950 7 100 951 950 8 100 1000 1000 7 100 7 100 7 100 0 0
3542 -1 951 950 7 100 951 950 9 100 1000 1000 7 100 7 100 7 100 0 0
3543 -1 951 950 7 100 951 950 7 100 1000 1000 5 100 7 100 7 100 0 0
3544 -1 951 950 7 100 951 950 7 100 1000 1000 6 100 7 100 7 100 0 0
3545 -1 951 950 7 100 951 950 7 100 1000 1000 8 100 7 100 7 100 0 0
3546 -1 951 950 7 100 951 950 7 100 1000 1000 9 100 7 100 7 100 0 0
3547 -1 951 950 7 100 951 950 7 100 1000 1000 7 100 5 100 7 100 0 0
3548 -1 951 950 7 100 951 950 7 100 1000 1000 7 100 6 100 7 100 0 0
3549 -1 951 950 7 100 951 950 7 100 1000 1000 7 100 8 100 7 100 0 0
3550 -1 951 950 7 100 951 950 7 100 1000 1000 7 100 9 100 7 100 0 0
3551 -1 951 950 7 100 951 950 7 100 1000 1000 7 100 7 100 5 100 0 0
3552 -1 951 950 7 100 951 950 7 100 1000 1000 7 100 7 100 6 100 0 0
3553 -1 951 950 7 100 951 950 7 100 1000 1000 7 100 7 100 8 100 0 0
3554 -1 951 950 7 100 951 950 7 100 1000 1000 7 100 7 100 9 100 0 0
3555 -1 961 950 7 100 951 950 7 100 1000 1000 7 100 7 100 7 100 0 0
3556 -1 971 950 7 100 951 950 7 100 1000 1000 7 100 7 100 7 100 0 0
3557 -1 951 930 7 100 951 950 7 100 1000 1000 7 100 7 100 7 100 0 0
3558 -1 951 940 7 100 951 950 7 100 1000 1000 7 100 7 100 7 100 0 0
3559 -1 951 950 7 100 961 950 7 100 1000 1000 7 100 7 100 7 100 0 0
3560 -1 951 950 7 100 971 950 7 100 1000 1000 7 100 7 100 7 100 0 0
3561 -1 951 950 7 100 951 930 7 100 1000 1000 7 100 7 100 7 100 0 0
3562 -1 951 950 7 100 951 940 7 100 1000 1000 7 100 7 100 7 100 0 0
3563 -1 951 950 7 100 951 950 7 100 980 1000 7 100 7 100 7 100 0 0
3564 -1 951 950 7 100 951 950 7 100 990 1000 7 100 7 100 7 100 0 0
3565 -1 951 950 6 100 951 950 8 100 1000 1000 8 100 8 100 8 100 0 0
3566 -1 951 950 7 100 951 950 8 100 1000 1000 8 100 8 100 8 100 0 0
3567 -1 951 950 9 100 951 950 8 100 1000 1000 8 100 8 100 8 100 0 0
3568 -1 951 950 10 100 951 950 8 100 1000 1000 8 100 8 100 8 100 0 0
3569 -1 951 950 8 100 951 950 6 100 1000 1000 8 100 8 100 8 100 0 0
3570 -1 951 950 8 100 951 950 7 100 1000 1000 8 100 8 100 8 100 0 0
3571 -1 951 950 8 100 951 950 9 100 1000 1000 8 100 8 100 8 100 0 0
3572 -1 951 950 8 100 951 950 10 100 1000 1000 8 100 8 100 8 100 0 0
3573 -1 951 950 8 100 951 950 8 100 1000 1000 6 100 8 100 8 100 0 0
3574 -1 951 950 8 100 951 950 8 100 1000 1000 7 100 8 100 8 100 0 0
3575 -1 951 950 8 100 951 950 8 100 1000 1000 9 100 8 100 8 100 0 0
3576 -1 951 950 8 100 951 950 8 100 1000 1000 10 100 8 100 8 100 0 0
3577 -1 951 950 8 100 951 950 8 100 1000 1000 8 100 6 100 8 100 0 0
3578 -1 951 950 8 100 951 950 8 100 1000 1000 8 100 7 100 8 100 0 0
3579 -1 951 950 8 100 951 950 8 100 1000 1000 8 100 9 100 8 100 0 0
3580 -1 951 950 8 100 951 950 8 100 1000 1000 8 100 10 100 8 100 0 0
3581 -1 951 950 8 100 951 950 8 100 1000 1000 8 100 8 100 6 100 0 0
3582 -1 951 950 8 100 951 950 8 100 1000 1000 8 100 8 100 7 100 0 0
3583 -1 951 950 8 100 951 950 8 100 1000 1000 8 100 8 100 9 100 0 0
3584 -1 951 950 8 100 951 950 8 100 1000 1000 8 100 8 100 10 100 0 0
3585 -1 961 950 8 100 951 950 8 100 1000 1000 8 100 8 100 8 100 0 0
3586 -1 971 950 8 100 951 950 8 100 1000 1000 8 100 8 100 8 100 0 0
3587 -1 951 930 8 100 951 950 8 100 1000 1000 8 100 8 100 8 100 0 0
3588 -1 951 940 8 100 951 950 8 100 1000 1000 8 100 8 100 8 100 0 0
3589 -1 951 950 8 100 961 950 8 100 1000 1000 8 100 8 100 8 100 0 0
3590 -1 951 950 8 100 971 950 8 100 1000 1000 8 100 8 100 8 100 0 0
3591 -1 951 950 8 100 951 930 8 100 1000 1000 8 100 8 100 8 100 0 0
3592 -1 951 950 8 100 951 940 8 100 1000 1000 8 100 8 100 8 100 0 0
3593 -1 951 950 8 100 951 950 8 100 980 1000 8 100 8 100 8 100 0 0
3594 -1 951 950 8 100 951 950 8 100 990 1000 8 100 8 100 8 100 0 0
3595 -1 1 0 13 100 1 0 15 100 1000 1000 15 100 15 100 15 100 0 0
3596 -1 1 0 14 100 1 0 15 100 1000 1000 15 100 15 100 15 100 0 0
3597 -1 1 0 16 100 1 0 15 100 1000 1000 15 100 15 100 15 100 0 0
3598 -1 1 0 17 100 1 0 15 100 1000 1000 15 100 15 100 15 100 0 0
3599 -1 1 0 15 100 1 0 13 100 1000 1000 15 100 15 100 15 100 0 0
3600 -1 1 0 15 100 1 0 14 100 1000 1000 15 100 15 100 15 100 0 0
3601 -1 1 0 15 100 1 0 16 100 1000 1000 15 100 15 100 15 100 0 0
3602 -1 1 0 15 100 1 0 17 100 1000 1000 15 100 15 100 15 100 0 0
3603 -1 1 0 15 100 1 0 15 100 1000 1000 13 100 15 100 15 100 0 0
3604 -1 1 0 15 100 1 0 15 100 1000 1000 14 100 15 100 15 100 0 0
3605 -1 1 0 15 100 1 0 15 100 1000 1000 16 100 15 100 15 100 0 0
3606 -1 1 0 15 100 1 0 15 100 1000 1000 17 100 15 100 15 100 0 0
3607 -1 1 0 15 100 1 0 15 100 1000 1000 15 100 13 100 15 100 0 0
3608 -1 1 0 15 100 1 0 15 100 1000 1000 15 100 14 100 15 100 0 0
3609 -1 1 0 15 100 1 0 15 100 1000 1000 15 100 16 100 15 100 0 0
3610 -1 1 0 15 100 1 0 15 100 1000 1000 15 100 17 100 15 100 0 0
3611 -1 1 0 15 100 1 0 15 100 1000 1000 15 100 15 100 13 100 0 0
3612 -1 1 0 15 100 1 0 15 100 1000 1000 15 100 15 100 14 100 0 0
3613 -1 1 0 15 100 1 0 15 100 1000 1000 15 100 15 100 16 100 0 0
3614 -1 1 0 15 100 1 0 15 100 1000 1000 15 100 15 100 17 100 0 0
3615 -1 11 0 15 100 1 0 15 100 1000 1000 15 100 15 100 15 100 0 0
3616 -1 21 0 15 100 1 0 15 100 1000 1000 15 100 15 100 15 100 0 0
3617 -1 1 0 15 100 11 0 15 100 1000 1000 15 100 15 100 15 100 0 0
3618 -1 1 0 15 100 21 0 15 100 1000 1000 15 100 15 100 15 100 0 0
3619 -1 1 0 15 100 1 0 15 100 980 1000 15 100 15 100 15 100 0 0
3620 -1 1 0 15 100 1 0 15 100 990 1000 15 100 15 100 15 100 0 0
3621 -1 1 0 98 100 1 0 100 100 1000 1000 100 100 100 100 100 100 0 0
3622 -1 1 0 99 100 1 0 100 100 1000 1000 100 100 100 100 100 100 0 0
3623 -1 1 0 100 100 1 0 98 100 1000 1000 100 100 100 100 100 100 0 0
3624 -1 1 0 100 100 1 0 99 100 1000 1000 100 100 100 100 100 100 0 0
3625 -1 1 0 100 100 1 0 100 100 1000 1000 98 100 100 100 100 100 0 0
3626 -1 1 0 100 100 1 0 100 100 1000 1000 99 100 100 100 100 100 0 0
3627 -1 1 0 100 100 1 0 100 100 1000 1000 100 100 98 100 100 100 0 0
3628 -1 1 0 100 100 1 0 100 100 1000 1000 100 100 99 100 100 100 0 0
3629 -1 1 0 100 100 1 0 100 100 1000 1000 100 100 100 100 98 100 0 0
3630 -1 1 0 100 100 1 0 100 100 1000 1000 100 100 100 100 99 100 0 0
3631 -1 11 0 100 100 1 0 100 100 1000 1000 100 100 100 100 100 100 0 0
3632 -1 21 0 100 100 1 0 100 100 1000 1000 100 100 100 100 100 100 0 0
3633 -1 1 0 100 100 11 0 100 100 1000 1000 100 100 100 100 100 100 0 0
3634 -1 1 0 100 100 21 0 100 100 1000 1000 100 100 100 100 100 100 0 0
3635 -1 1 0 100 100 1 0 100 100 980 1000 100 100 100 100 100 100 0 0
3636 -1 1 0 100 100 1 0 100 100 990 1000 100 100 100 100 100 100 0 0
3637 -1 1 0 48 100 1 0 50 100 1000 1000 9 100 9 100 9 100 0 1
3638 -1 1 0 49 100 1 0 50 100 1000 1000 9 100 9 100 9 100 0 1
3639 -1 1 0 51 100 1 0 50 100 1000 1000 9 100 9 100 9 100 0 1
3640 -1 1 0 52 100 1 0 50 100 1000 1000 9 100 9 100 9 100 0 1
3641 -1 1 0 50 100 1 0 48 100 1000 1000 9 100 9 100 9 100 0 1
3642 -1 1 0 50 100 1 0 49 100 1000 1000 9 100 9 100 9 100 0 1
3643 -1 1 0 50 100 1 0 51 100 1000 1000 9 100 9 100 9 100 0 1
3644 -1 1 0 50 100 1 0 52 100 1000 1000 9 100 9 100 9 100 0 1
3645 -1 1 0 50 100 1 0 50 100 1000 1000 7 100 9 100 9 100 0 1
3646 -1 1 0 50 100 1 0 50 100 1000 1000 8 100 9 100 9 100 0 1
3647 -1 1 0 50 100 1 0 50 100 1000 1000 10 100 9 100 9 100 0 1
3648 -1 1 0 50 100 1 0 50 100 1000 1000 11 100 9 100 9 100 0 1
3649 -1 1 0 50 100 1 0 50 100 1000 1000 9 100 7 100 9 100 0 1
3650 -1 1 0 50 100 1 0 50 100 1000 1000 9 100 8 100 9 100 0 1
3651 -1 1 0 50 100 1 0 50 100 1000 1000 9 100 10 100 9 100 0 1
3652 -1 1 0 50 100 1 0 50 100 1000 1000 9 100 11 100 9 100 0 1
3653 -1 1 0 50 100 1 0 50 100 1000 1000 9 100 9 100 7 100 0 1
3654 -1 1 0 50 100 1 0 50 100 1000 1000 9 100 9 100 8 100 0 1
3655 -1 1 0 50 100 1 0 50 100 1000 1000 9 100 9 100 10 100 0 1
3656 -1 1 0 50 100 1 0 50 100 1000 1000 9 100 9 100 11 100 0 1
3657 -1 11 0 50 100 1 0 50 100 1000 1000 9 100 9 100 9 100 0 1
3658 -1 21 0 50 100 1 0 50 100 1000 1000 9 100 9 100 9 100 0 1
3659 -1 1 0 50 100 11 0 50 100 1000 1000 9 100 9 100 9 100 0 1
3660 -1 1 0 50 100 21 0 50 100 1000 1000 9 100 9 100 9 100 0 1
3661 -1 1 0 50 100 1 0 50 100 980 1000 9 100 9 100 9 100 0 1
3662 -1 1 0 50 100 1 0 50 100 990 1000 9 100 9 100 9 100 0 1
3663 -1 951 800 48 100 951 800 50 100 1000 1000 9 100 9 100 9 100 2 1
3664 -1 951 800 49 100 951 800 50 100 1000 1000 9 100 9 100 9 100 2 1
3665 -1 951 800 51 100 951 800 50 100 1000 1000 9 100 9 100 9 100 2 1
3666 -1 951 800 52 100 951 800 50 100 1000 1000 9 100 9 100 9 100 2 1
3667 -1 951 800 50 100 951 800 48 100 1000 1000 9 100 9 100 9 100 2 1
3668 -1 951 800 50 100 951 800 49 100 1000 1000 9 100 9 100 9 100 2 1
3669 -1 951 800 50 100 951 800 51 100 1000 1000 9 100 9 100 9 100 2 1
3670 -1 951 800 50 100 951 800 52 100 1000 1000 9 100 9 100 9 100 2 1
3671 -1 951 800 50 100 951 800 50 100 1000 1000 7 100 9 100 9 100 2 1
3672 -1 951 800 50 100 951 800 50 100 1000 1000 8 100 9 100 9 100 2 1
3673 -1 951 800 50 100 951 800 50 100 1000 1000 10 100 9 100 9 100 2 1
3674 -1 951 800 50 100 951 800 50 100 1000 1000 11 100 9 100 9 100 2 1
3675 -1 951 800 50 100 951 800 50 100 1000 1000 9 100 7 100 9 100 2 1
3676 -1 951 800 50 100 951 800 50 100 1000 1000 9 100 8 100 9 100 2 1
3677 -1 951 800 50 100 951 800 50 100 1000 1000 9 100 10 100 9 100 2 1
3678 -1 951 800 50 100 951 800 50 100 1000 1000 9 100 11 100 9 100 2 1
3679 -1 951 800 50 100 951 800 50 100 1000 1000 9 100 9 100 7 100 2 1
3680 -1 951 800 50 100 951 800 50 100 1000 1000 9 100 9 100 8 100 2 1
3681 -1 951 800 50 100 951 800 50 100 1000 1000 9 100 9 100 10 100 2 1
3682 -1 951 800 50 100 951 800 50 100 1000 1000 9 100 9 100 11 100 2 1
3683 -1 931 800 50 100 951 800 50 100 1000 1000 9 100 9 100 9 100 2 1
3684 -1 941 800 50 100 951 800 50 100 1000 1000 9 100 9 100 9 100 2 1
3685 -1 961 800 50 100 951 800 50 100 1000 1000 9 100 9 100 9 100 2 1
3686 -1 971 800 50 100 951 800 50 100 1000 1000 9 100 9 100 9 100 2 1
3687 -1 951 780 50 100 951 800 50 100 1000 1000 9 100 9 100 9 100 2 1
3688 -1 951 790 50 100 951 800 50 100 1000 1000 9 100 9 100 9 100 2 1
3689 -1 951 810 50 100 951 800 50 100 1000 1000 9 100 9 100 9 100 2 1
3690 -1 951 820 50 100 951 800 50 100 1000 1000 9 100 9 100 9 100 2 1
3691 -1 951 800 50 100 931 800 50 100 1000 1000 9 100 9 100 9 100 2 1
3692 -1 951 800 50 100 941 800 50 100 1000 1000 9 100 9 100 9 100 2 1
3693 -1 951 800 50 100 961 800 50 100 1000 1000 9 100 9 100 9 100 2 1
3694 -1 951 800 50 100 971 800 50 100 1000 1000 9 100 9 100 9 100 2 1
3695 -1 951 800 50 100 951 780 50 100 1000 1000 9 100 9 100 9 100 2 1
3696 -1 951 800 50 100 951 790 50 100 1000 1000 9 100 9 100 9 100 2 1
3697 -1 951 800 50 100 951 810 50 100 1000 1000 9 100 9 100 9 100 2 1
3698 -1 951 800 50 100 951 820 50 100 1000 1000 9 100 9 100 9 100 2 1
3699 -1 951 800 50 100 951 800 50 100 980 1000 9 100 9 100 9 100 2 1
3700 -1 951 800 50 100 951 800 50 100 990 1000 9 100 9 100 9 100 2 1
3701 -1 801 800 98 100 801 800 100 100 1000 1000 5 100 5 100 5 100 1 0
3702 -1 801 800 99 100 801 800 100 100 1000 1000 5 100 5 100 5 100 1 0
3703 -1 801 800 100 100 801 800 98 100 1000 1000 5 100 5 100 5 100 1 0
3704 -1 801 800 100 100 801 800 99 100 1000 1000 5 100 5 100 5 100 1 0
3705 -1 801 800 100 100 801 800 100 100 1000 1000 3 100 5 100 5 100 1 0
3706 -1 801 800 100 100 801 800 100 100 1000 1000 4 100 5 100 5 100 1 0
3707 -1 801 800 100 100 801 800 100 100 1000 1000 6 100 5 100 5 100 1 0
3708 -1 801 800 100 100 801 800 100 100 1000 1000 7 100 5 100 5 100 1 0
3709 -1 801 800 100 100 801 800 100 100 1000 1000 5 100 3 100 5 100 1 0
3710 -1 801 800 100 100 801 800 100 100 1000 1000 5 100 4 100 5 100 1 0
3711 -1 801 800 100 100 801 800 100 100 1000 1000 5 100 6 100 5 100 1 0
3712 -1 801 800 100 100 801 800 100 100 1000 1000 5 100 7 100 5 100 1 0
3713 -1 801 800 100 100 801 800 100 100 1000 1000 5 100 5 100 3 100 1 0
3714 -1 801 800 100 100 801 800 100 100 1000 1000 5 100 5 100 4 100 1 0
3715 -1 801 800 100 100 801 800 100 100 1000 1000 5 100 5 100 6 100 1 0
3716 -1 801 800 100 100 801 800 100 100 1000 1000 5 100 5 100 7 100 1 0
3717 -1 811 800 100 100 801 800 100 100 1000 1000 5 100 5 100 5 100 1 0
3718 -1 821 800 100 100 801 800 100 100 1000 1000 5 100 5 100 5 100 1 0
3719 -1 801 780 100 100 801 800 100 100 1000 1000 5 100 5 100 5 100 1 0
3720 -1 801 790 100 100 801 800 100 100 1000 1000 5 100 5 100 5 100 1 0
3721 -1 801 800 100 100 811 800 100 100 1000 1000 5 100 5 100 5 100 1 0
3722 -1 801 800 100 100 821 800 100 100 1000 1000 5 100 5 100 5 100 1 0
3723 -1 801 800 100 100 801 780 100 100 1000 1000 5 100 5 100 5 100 1 0
3724 -1 801 800 100 100 801 790 100 100 1000 1000 5 100 5 100 5 100 1 0
3725 -1 801 800 100 100 801 800 100 100 980 1000 5 100 5 100 5 100 1 0
3726 -1 801 800 100 100 801 800 100 100 990 1000 5 100 5 100 5 100 1 0
3727 -1 901 800 98 100 901 800 100 100 1000 1000 5 100 5 100 5 100 1 1
3728 -1 901 800 99 100 901 800 100 100 1000 1000 5 100 5 100 5 100 1 1
3729 -1 901 800 100 100 901 800 98 100 1000 1000 5 100 5 100 5 100 1 1
3730 -1 901 800 100 100 901 800 99 100 1000 1000 5 100 5 100 5 100 1 1
3731 -1 901 800 100 100 901 800 100 100 1000 1000 3 100 5 100 5 100 1 1
3732 -1 901 800 100 100 901 800 100 100 1000 1000 4 100 5 100 5 100 1 1
3733 -1 901 800 100 100 901 800 100 100 1000 1000 6 100 5 100 5 100 1 1
3734 -1 901 800 100 100 901 800 100 100 1000 1000 7 100 5 100 5 100 1 1
3735 -1 901 800 100 100 901 800 100 100 1000 1000 5 100 3 100 5 100 1 1
3736 -1 901 800 100 100 901 800 100 100 1000 1000 5 100 4 100 5 100 1 1
3737 -1 901 800 100 100 901 800 100 100 1000 1000 5 100 6 100 5 100 1 1
3738 -1 901 800 100 100 901 800 100 100 1000 1000 5 100 7 100 5 100 1 1
3739 -1 901 800 100 100 901 800 100 100 1000 1000 5 100 5 100 3 100 1 1
3740 -1 901 800 100 100 901 800 100 100 1000 1000 5 100 5 100 4 100 1 1
3741 -1 901 800 100 100 901 800 100 100 1000 1000 5 100 5 100 6 100 1 1
3742 -1 901 800 100 100 901 800 100 100 1000 1000 5 100 5 100 7 100 1 1
3743 -1 881 800 100 100 901 800 100 100 1000 1000 5 100 5 100 5 100 1 1
3744 -1 891 800 100 100 901 800 100 100 1000 1000 5 100 5 100 5 100 1 1
3745 -1 911 800 100 100 901 800 100 100 1000 1000 5 100 5 100 5 100 1 1
3746 -1 921 800 100 100 901 800 100 100 1000 1000 5 100 5 100 5 100 1 1
3747 -1 901 780 100 100 901 800 100 100 1000 1000 5 100 5 100 5 100 1 1
3748 -1 901 790 100 100 901 800 100 100 1000 1000 5 100 5 100 5 100 1 1
3749 -1 901 810 100 100 901 800 100 100 1000 1000 5 100 5 100 5 100 1 1
3750 -1 901 820 100 100 901 800 100 100 1000 1000 5 100 5 100 5 100 1 1
3751 -1 901 800 100 100 881 800 100 100 1000 1000 5 100 5 100 5 100 1 1
3752 -1 901 800 100 100 891 800 100 100 1000 1000 5 100 5 100 5 100 1 1
3753 -1 901 800 100 100 911 800 100 100 1000 1000 5 100 5 100 5 100 1 1
3754 -1 901 800 100 100 921 800 100 100 1000 1000 5 100 5 100 5 100 1 1
3755 -1 901 800 100 100 901 780 100 100 1000 1000 5 100 5 100 5 100 1 1
3756 -1 901 800 100 100 901 790 100 100 1000 1000 5 100 5 100 5 100 1 1
3757 -1 901 800 100 100 901 810 100 100 1000 1000 5 100 5 100 5 100 1 1
3758 -1 901 800 100 100 901 820 100 100 1000 1000 5 100 5 100 5 100 1 1
3759 -1 901 800 100 100 901 800 100 100 980 1000 5 100 5 100 5 100 1 1
3760 -1 901 800 100 100 901 800 100 100 990 1000 5 100 5 100 5 100 1 1
3761 -1 951 800 98 100 951 800 100 100 1000 1000 10 100 10 100 10 100 2 1
3762 -1 951 800 99 100 951 800 100 100 1000 1000 10 100 10 100 10 100 2 1
3763 -1 951 800 100 100 951 800 98 100 1000 1000 10 100 10 100 10 100 2 1
3764 -1 951 800 100 100 951 800 99 100 1000 1000 10 100 10 100 10 100 2 1
3765 -1 951 800 100 100 951 800 100 100 1000 1000 8 100 10 100 10 100 2 1
3766 -1 951 800 100 100 951 800 100 100 1000 1000 9 100 10 100 10 100 2 1
3767 -1 951 800 100 100 951 800 100 100 1000 1000 11 100 10 100 10 100 2 1
3768 -1 951 800 100 100 951 800 100 100 1000 1000 12 100 10 100 10 100 2 1
3769 -1 951 800 100 100 951 800 100 100 1000 1000 10 100 8 100 10 100 2 1
3770 -1 951 800 100 100 951 800 100 100 1000 1000 10 100 9 100 10 100 2 1
3771 -1 951 800 100 100 951 800 100 100 1000 1000 10 100 11 100 10 100 2 1
3772 -1 951 800 100 100 951 800 100 100 1000 1000 10 100 12 100 10 100 2 1
3773 -1 951 800 100 100 951 800 100 100 1000 1000 10 100 10 100 8 100 2 1
3774 -1 951 800 100 100 951 800 100 100 1000 1000 10 100 10 100 9 100 2 1
3775 -1 951 800 100 100 951 800 100 100 1000 1000 10 100 10 100 11 100 2 1
3776 -1 951 800 100 100 951 800 100 100 1000 1000 10 100 10 100 12 100 2 1
3777 -1 931 800 100 100 951 800 100 100 1000 1000 10 100 10 100 10 100 2 1
3778 -1 941 800 100 100 951 800 100 100 1000 1000 10 100 10 100 10 100 2 1
3779 -1 961 800 100 100 951 800 100 100 1000 1000 10 100 10 100 10 100 2 1
3780 -1 971 800 100 100 951 800 100 100 1000 1000 10 100 10 100 10 100 2 1
3781 -1 951 780 100 100 951 800 100 100 1000 1000 10 100 10 100 10 100 2 1
3782 -1 951 790 100 100 951 800 100 100 1000 1000 10 100 10 100 10 100 2 1
3783 -1 951 810 100 100 951 800 100 100 1000 1000 10 100 10 100 10 100 2 1
3784 -1 951 820 100 100 951 800 100 100 1000 1000 10 100 10 100 10 100 2 1
3785 -1 951 800 100 100 931 800 100 100 1000 1000 10 100 10 100 10 100 2 1
3786 -1 951 800 100 100 941 800 100 100 1000 1000 10 100 10 100 10 100 2 1
3787 -1 951 800 100 100 961 800 100 100 1000 1000 10 100 10 100 10 100 2 1
3788 -1 951 800 100 100 971 800 100 100 1000 1000 10 100 10 100 10 100 2 1
3789 -1 951 800 100 100 951 780 100 100 1000 1000 10 100 10 100 10 100 2 1
3790 -1 951 800 100 100 951 790 100 100 1000 1000 10 100 10 100 10 100 2 1
3791 -1 951 800 100 100 951 810 100 100 1000 1000 10 100 10 100 10 100 2 1
3792 -1 951 800 100 100 951 820 100 100 1000 1000 10 100 10 100 10 100 2 1
3793 -1 951 800 100 100 951 800 100 100 980 1000 10 100 10 100 10 100 2 1
3794 -1 951 800 100 100 951 800 100 100 990 1000 10 100 10 100 10 100 2 1
3795 -1 801 800 98 100 801 800 100 100 1000 1000 9 100 9 100 9 100 1 1
3796 -1 801 800 99 100 801 800 100 100 1000 1000 9 100 9 100 9 100 1 1
3797 -1 801 800 100 100 801 800 98 100 1000 1000 9 100 9 100 9 100 1 1
3798 -1 801 800 100 100 801 800 99 100 1000 1000 9 100 9 100 9 100 1 1
3799 -1 801 800 100 100 801 800 100 100 1000 1000 7 100 9 100 9 100 1 1
3800 -1 801 800 100 100 801 800 100 100 1000 1000 8 100 9 100 9 100 1 1
3801 -1 801 800 100 100 801 800 100 100 1000 1000 10 100 9 100 9 100 1 1
3802 -1 801 800 100 100 801 800 100 100 1000 1000 11 100 9 100 9 100 1 1
3803 -1 801 800 100 100 801 800 100 100 1000 1000 9 100 7 100 9 100 1 1
3804 -1 801 800 100 100 801 800 100 100 1000 1000 9 100 8 100 9 100 1 1
3805 -1 801 800 100 100 801 800 100 100 1000 1000 9 100 10 100 9 100 1 1
3806 -1 801 800 100 100 801 800 100 100 1000 1000 9 100 11 100 9 100 1 1
3807 -1 801 800 100 100 801 800 100 100 1000 1000 9 100 9 100 7 100 1 1
3808 -1 801 800 100 100 801 800 100 100 1000 1000 9 100 9 100 8 100 1 1
3809 -1 801 800 100 100 801 800 100 100 1000 1000 9 100 9 100 10 100 1 1
3810 -1 801 800 100 100 801 800 100 100 1000 1000 9 100 9 100 11 100 1 1
3811 -1 811 800 100 100 801 800 100 100 1000 1000 9 100 9 100 9 100 1 1
3812 -1 821 800 100 100 801 800 100 100 1000 1000 9 100 9 100 9 100 1 1
3813 -1 801 780 100 100 801 800 100 100 1000 1000 9 100 9 100 9 100 1 1
3814 -1 801 790 100 100 801 800 100 100 1000 1000 9 100 9 100 9 100 1 1
3815 -1 801 800 100 100 811 800 100 100 1000 1000 9 100 9 100 9 100 1 1
3816 -1 801 800 100 100 821 800 100 100 1000 1000 9 100 9 100 9 100 1 1
3817 -1 801 800 100 100 801 780 100 100 1000 1000 9 100 9 100 9 100 1 1
3818 -1 801 800 100 100 801 790 100 100 1000 1000 9 100 9 100 9 100 1 1
3819 -1 801 800 100 100 801 800 100 100 980 1000 9 100 9 100 9 100 1 1
3820 -1 801 800 100 100 801 800 100 100 990 1000 9 100 9 100 9 100 1 1
3821 -1 901 800 98 100 901 800 100 100 1000 1000 10 100 10 100 10 100 1 1
3822 -1 901 800 99 100 901 800 100 100 1000 1000 10 100 10 100 10 100 1 1
3823 -1 901 800 100 100 901 800 98 100 1000 1000 10 100 10 100 10 100 1 1
3824 -1 901 800 100 100 901 800 99 100 1000 1000 10 100 10 100 10 100 1 1
3825 -1 901 800 100 100 901 800 100 100 1000 1000 8 100 10 100 10 100 1 1
3826 -1 901 800 100 100 901 800 100 100 1000 1000 9 100 10 100 10 100 1 1
3827 -1 901 800 100 100 901 800 100 100 1000 1000 11 100 10 100 10 100 1 1
3828 -1 901 800 100 100 901 800 100 100 1000 1000 12 100 10 100 10 100 1 1
3829 -1 901 800 100 100 901 800 100 100 1000 1000 10 100 8 100 10 100 1 1
3830 -1 901 800 100 100 901 800 100 100 1000 1000 10 100 9 100 10 100 1 1
3831 -1 901 800 100 100 901 800 100 100 1000 1000 10 100 11 100 10 100 1 1
3832 -1 901 800 100 100 901 800 100 100 1000 1000 10 100 12 100 10 100 1 1
3833 -1 901 800 100 100 901 800 100 100 1000 1000 10 100 10 100 8 100 1 1
3834 -1 901 800 100 100 901 800 100 100 1000 1000 10 100 10 100 9 100 1 1
3835 -1 901 800 100 100 901 800 100 100 1000 1000 10 100 10 100 11 100 1 1
3836 -1 901 800 100 100 901 800 100 100 1000 1000 10 100 10 100 12 100 1 1
3837 -1 881 800 100 100 901 800 100 100 1000 1000 10 100 10 100 10 100 1 1
3838 -1 891 800 100 100 901 800 100 100 1000 1000 10 100 10 100 10 100 1 1
3839 -1 911 800 100 100 901 800 100 100 1000 1000 10 100 10 100 10 100 1 1
3840 -1 921 800 100 100 901 800 100 100 1000 1000 10 100 10 100 10 100 1 1
3841 -1 901 780 100 100 901 800 100 100 1000 1000 10 100 10 100 10 100 1 1
3842 -1 901 790 100 100 901 800 100 100 1000 1000 10 100 10 100 10 100 1 1
3843 -1 901 810 100 100 901 800 100 100 1000 1000 10 100 10 100 10 100 1 1
3844 -1 901 820 100 100 901 800 100 100 1000 1000 10 100 10 100 10 100 1 1
3845 -1 901 800 100 100 881 800 100 100 1000 1000 10 100 10 100 10 100 1 1
3846 -1 901 800 100 100 891 800 100 100 1000 1000 10 100 10 100 10 100 1 1
3847 -1 901 800 100 100 911 800 100 100 1000 1000 10 100 10 100 10 100 1 1
3848 -1 901 800 100 100 921 800 100 100 1000 1000 10 100 10 100 10 100 1 1
3849 -1 901 800 100 100 901 780 100 100 1000 1000 10 100 10 100 10 100 1 1
3850 -1 901 800 100 100 901 790 100 100 1000 1000 10 100 10 100 10 100 1 1
3851 -1 901 800 100 100 901 810 100 100 1000 1000 10 100 10 100 10 100 1 1
3852 -1 901 800 100 100 901 820 100 100 1000 1000 10 100 10 100 10 100 1 1
3853 -1 901 800 100 100 901 800 100 100 980 1000 10 100 10 100 10 100 1 1
3854 -1 901 800 100 100 901 800 100 100 990 1000 10 100 10 100 10 100 1 1
3855 -1 951 800 78 100 951 800 80 100 1000 1000 5 100 5 100 5 100 0 0
3856 -1 951 800 79 100 951 800 80 100 1000 1000 5 100 5 100 5 100 0 0
3857 -1 951 800 81 100 951 800 80 100 1000 1000 5 100 5 100 5 100 0 0
3858 -1 951 800 82 100 951 800 80 100 1000 1000 5 100 5 100 5 100 0 0
3859 -1 951 800 80 100 951 800 78 100 1000 1000 5 100 5 100 5 100 0 0
3860 -1 951 800 80 100 951 800 79 100 1000 1000 5 100 5 100 5 100 0 0
3861 -1 951 800 80 100 951 800 81 100 1000 1000 5 100 5 100 5 100 0 0
3862 -1 951 800 80 100 951 800 82 100 1000 1000 5 100 5 100 5 100 0 0
3863 -1 951 800 80 100 951 800 80 100 1000 1000 3 100 5 100 5 100 0 0
3864 -1 951 800 80 100 951 800 80 100 1000 1000 4 100 5 100 5 100 0 0
3865 -1 951 800 80 100 951 800 80 100 1000 1000 6 100 5 100 5 100 0 0
3866 -1 951 800 80 100 951 800 80 100 1000 1000 7 100 5 100 5 100 0 0
3867 -1 951 800 80 100 951 800 80 100 1000 1000 5 100 3 100 5 100 0 0
3868 -1 951 800 80 100 951 800 80 100 1000 1000 5 100 4 100 5 100 0 0
3869 -1 951 800 80 100 951 800 80 100 1000 1000 5 100 6 100 5 100 0 0
3870 -1 951 800 80 100 951 800 80 100 1000 1000 5 100 7 100 5 100 0 0
3871 -1 951 800 80 100 951 800 80 100 1000 1000 5 100 5 100 3 100 0 0
3872 -1 951 800 80 100 951 800 80 100 1000 1000 5 100 5 100 4 100 0 0
3873 -1 951 800 80 100 951 800 80 100 1000 1000 5 100 5 100 6 100 0 0
3874 -1 951 800 80 100 951 800 80 100 1000 1000 5 100 5 100 7 100 0 0
3875 -1 931 800 80 100 951 800 80 100 1000 1000 5 100 5 100 5 100 0 0
3876 -1 941 800 80 100 951 800 80 100 1000 1000 5 100 5 100 5 100 0 0
3877 -1 961 800 80 100 951 800 80 100 1000 1000 5 100 5 100 5 100 0 0
3878 -1 971 800 80 100 951 800 80 100 1000 1000 5 100 5 100 5 100 0 0
3879 -1 951 780 80 100 951 800 80 100 1000 1000 5 100 5 100 5 100 0 0
3880 -1 951 790 80 100 951 800 80 100 1000 1000 5 100 5 100 5 100 0 0
3881 -1 951 810 80 100 951 800 80 100 1000 1000 5 100 5 100 5 100 0 0
3882 -1 951 820 80 100 951 800 80 100 1000 1000 5 100 5 100 5 100 0 0
3883 -1 951 800 80 100 931 800 80 100 1000 1000 5 100 5 100 5 100 0 0
3884 -1 951 800 80 100 941 800 80 100 1000 1000 5 100 5 100 5 100 0 0
3885 -1 951 800 80 100 961 800 80 100 1000 1000 5 100 5 100 5 100 0 0
3886 -1 951 800 80 100 971 800 80 100 1000 1000 5 100 5 100 5 100 0 0
3887 -1 951 800 80 100 951 780 80 100 1000 1000 5 100 5 100 5 100 0 0
3888 -1 951 800 80 100 951 790 80 100 1000 1000 5 100 5 100 5 100 0 0
3889 -1 951 800 80 100 951 810 80 100 1000 1000 5 100 5 100 5 100 0 0
3890 -1 951 800 80 100 951 820 80 100 1000 1000 5 100 5 100 5 100 0 0
3891 -1 951 800 80 100 951 800 80 100 980 1000 5 100 5 100 5 100 0 0
3892 -1 951 800 80 100 951 800 80 100 990 1000 5 100 5 100 5 100 0 0
3893 -1 901 800 98 100 901 800 100 100 1000 1000 10 100 10 100 10 100 1 0
3894 -1 901 800 99 100 901 800 100 100 1000 1000 10 100 10 100 10 100 1 0
3895 -1 901 800 100 100 901 800 98 100 1000 1000 10 100 10 100 10 100 1 0
3896 -1 901 800 100 100 901 800 99 100 1000 1000 10 100 10 100 10 100 1 0
3897 -1 901 800 100 100 901 800 100 100 1000 1000 8 100 10 100 10 100 1 0
3898 -1 901 800 100 100 901 800 100 100 1000 1000 9 100 10 100 10 100 1 0
3899 -1 901 800 100 100 901 800 100 100 1000 1000 11 100 10 100 10 100 1 0
3900 -1 901 800 100 100 901 800 100 100 1000 1000 12 100 10 100 10 100 1 0
3901 -1 901 800 100 100 901 800 100 100 1000 1000 10 100 8 100 10 100 1 0
3902 -1 901 800 100 100 901 800 100 100 1000 1000 10 100 9 100 10 100 1 0
3903 -1 901 800 100 100 901 800 100 100 1000 1000 10 100 11 100 10 100 1 0
3904 -1 901 800 100 100 901 800 100 100 1000 1000 10 100 12 100 10 100 1 0
3905 -1 901 800 100 100 901 800 100 100 1000 1000 10 100 10 100 8 100 1 0
3906 -1 901 800 100 100 901 800 100 100 1000 1000 10 100 10 100 9 100 1 0
3907 -1 901 800 100 100 901 800 100 100 1000 1000 10 100 10 100 11 100 1 0
3908 -1 901 800 100 100 901 800 100 100 1000 1000 10 100 10 100 12 100 1 0
3909 -1 881 800 100 100 901 800 100 100 1000 1000 10 100 10 100 10 100 1 0
3910 -1 891 800 100 100 901 800 100 100 1000 1000 10 100 10 100 10 100 1 0
3911 -1 911 800 100 100 901 800 100 100 1000 1000 10 100 10 100 10 100 1 0
3912 -1 921 800 100 100 901 800 100 100 1000 1000 10 100 10 100 10 100 1 0
3913 -1 901 780 100 100 901 800 100 100 1000 1000 10 100 10 100 10 100 1 0
3914 -1 901 790 100 100 901 800 100 100 1000 1000 10 100 10 100 10 100 1 0
3915 -1 901 810 100 100 901 800 100 100 1000 1000 10 100 10 100 10 100 1 0
3916 -1 901 820 100 100 901 800 100 100 1000 1000 10 100 10 100 10 100 1 0
3917 -1 901 800 100 100 881 800 100 100 1000 1000 10 100 10 100 10 100 1 0
3918 -1 901 800 100 100 891 800 100 100 1000 1000 10 100 10 100 10 100 1 0
3919 -1 901 800 100 100 911 800 100 100 1000 1000 10 100 10 100 10 100 1 0
3920 -1 901 800 100 100 921 800 100 100 1000 1000 10 100 10 100 10 100 1 0
3921 -1 901 800 100 100 901 780 100 100 1000 1000 10 100 10 100 10 100 1 0
3922 -1 901 800 100 100 901 790 100 100 1000 1000 10 100 10 100 10 100 1 0
3923 -1 901 800 100 100 901 810 100 100 1000 1000 10 100 10 100 10 100 1 0
3924 -1 901 800 100 100 901 820 100 100 1000 1000 10 100 10 100 10 100 1 0
3925 -1 901 800 100 100 901 800 100 100 980 1000 10 100 10 100 10 100 1 0
3926 -1 901 800 100 100 901 800 100 100 990 1000 10 100 10 100 10 100 1 0
3927 -1 801 800 98 100 801 800 100 100 1000 1000 9 100 9 100 9 100 2 0
3928 -1 801 800 99 100 801 800 100 100 1000 1000 9 100 9 100 9 100 2 0
3929 -1 801 800 100 100 801 800 98 100 1000 1000 9 100 9 100 9 100 2 0
3930 -1 801 800 100 100 801 800 99 100 1000 1000 9 100 9 100 9 100 2 0
3931 -1 801 800 100 100 801 800 100 100 1000 1000 7 100 9 100 9 100 2 0
3932 -1 801 800 100 100 801 800 100 100 1000 1000 8 100 9 100 9 100 2 0
3933 -1 801 800 100 100 801 800 100 100 1000 1000 10 100 9 100 9 100 2 0
3934 -1 801 800 100 100 801 800 100 100 1000 1000 11 100 9 100 9 100 2 0
3935 -1 801 800 100 100 801 800 100 100 1000 1000 9 100 7 100 9 100 2 0
3936 -1 801 800 100 100 801 800 100 100 1000 1000 9 100 8 100 9 100 2 0
3937 -1 801 800 100 100 801 800 100 100 1000 1000 9 100 10 100 9 100 2 0
3938 -1 801 800 100 100 801 800 100 100 1000 1000 9 100 11 100 9 100 2 0
3939 -1 801 800 100 100 801 800 100 100 1000 1000 9 100 9 100 7 100 2 0
3940 -1 801 800 100 100 801 800 100 100 1000 1000 9 100 9 100 8 100 2 0
3941 -1 801 800 100 100 801 800 100 100 1000 1000 9 100 9 100 10 100 2 0
3942 -1 801 800 100 100 801 800 100 100 1000 1000 9 100 9 100 11 100 2 0
3943 -1 811 800 100 100 801 800 100 100 1000 1000 9 100 9 100 9 100 2 0
3944 -1 821 800 100 100 801 800 100 100 1000 1000 9 100 9 100 9 100 2 0
3945 -1 801 780 100 100 801 800 100 100 1000 1000 9 100 9 100 9 100 2 0
3946 -1 801 790 100 100 801 800 100 100 1000 1000 9 100 9 100 9 100 2 0
3947 -1 801 800 100 100 811 800 100 100 1000 1000 9 100 9 100 9 100 2 0
3948 -1 801 800 100 100 821 800 100 100 1000 1000 9 100 9 100 9 100 2 0
3949 -1 801 800 100 100 801 780 100 100 1000 1000 9 100 9 100 9 100 2 0
3950 -1 801 800 100 100 801 790 100 100 1000 1000 9 100 9 100 9 100 2 0
3951 -1 801 800 100 100 801 800 100 100 980 1000 9 100 9 100 9 100 2 0
3952 -1 801 800 100 100 801 800 100 100 990 1000 9 100 9 100 9 100 2 0
3953 -1 901 800 48 100 901 800 50 100 1000 1000 9 100 9 100 9 100 1 1
3954 -1 901 800 49 100 901 800 50 100 1000 1000 9 100 9 100 9 100 1 1
3955 -1 901 800 51 100 901 800 50 100 1000 1000 9 100 9 100 9 100 1 1
3956 -1 901 800 52 100 901 800 50 100 1000 1000 9 100 9 100 9 100 1 1
3957 -1 901 800 50 100 901 800 48 100 1000 1000 9 100 9 100 9 100 1 1
3958 -1 901 800 50 100 901 800 49 100 1000 1000 9 100 9 100 9 100 1 1
3959 -1 901 800 50 100 901 800 51 100 1000 1000 9 100 9 100 9 100 1 1
3960 -1 901 800 50 100 901 800 52 100 1000 1000 9 100 9 100 9 100 1 1
3961 -1 901 800 50 100 901 800 50 100 1000 1000 7 100 9 100 9 100 1 1
3962 -1 901 800 50 100 901 800 50 100 1000 1000 8 100 9 100 9 100 1 1
3963 -1 901 800 50 100 901 800 50 100 1000 1000 10 100 9 100 9 100 1 1
3964 -1 901 800 50 100 901 800 50 100 1000 1000 11 100 9 100 9 100 1 1
3965 -1 901 800 50 100 901 800 50 100 1000 1000 9 100 7 100 9 100 1 1
3966 -1 901 800 50 100 901 800 50 100 1000 1000 9 100 8 100 9 100 1 1
3967 -1 901 800 50 100 901 800 50 100 1000 1000 9 100 10 100 9 100 1 1
3968 -1 901 800 50 100 901 800 50 100 1000 1000 9 100 11 100 9 100 1 1
3969 -1 901 800 50 100 901 800 50 100 1000 1000 9 100 9 100 7 100 1 1
3970 -1 901 800 50 100 901 800 50 100 1000 1000 9 100 9 100 8 100 1 1
3971 -1 901 800 50 100 901 800 50 100 1000 1000 9 100 9 100 10 100 1 1
3972 -1 901 800 50 100 901 800 50 100 1000 1000 9 100 9 100 11 100 1 1
3973 -1 881 800 50 100 901 800 50 100 1000 1000 9 100 9 100 9 100 1 1
3974 -1 891 800 50 100 901 800 50 100 1000 1000 9 100 9 100 9 100 1 1
3975 -1 911 800 50 100 901 800 50 100 1000 1000 9 100 9 100 9 100 1 1
3976 -1 921 800 50 100 901 800 50 100 1000 1000 9 100 9 100 9 100 1 1
3977 -1 901 780 50 100 901 800 50 100 1000 1000 9 100 9 100 9 100 1 1
3978 -1 901 790 50 100 901 800 50 100 1000 1000 9 100 9 100 9 100 1 1
3979 -1 901 810 50 100 901 800 50 100 1000 1000 9 100 9 100 9 100 1 1
3980 -1 901 820 50 100 901 800 50 100 1000 1000 9 100 9 100 9 100 1 1
3981 -1 901 800 50 100 881 800 50 100 1000 1000 9 100 9 100 9 100 1 1
3982 -1 901 800 50 100 891 800 50 100 1000 1000 9 100 9 100 9 100 1 1
3983 -1 901 800 50 100 911 800 50 100 1000 1000 9 100 9 100 9 100 1 1
3984 -1 901 800 50 100 921 800 50 100 1000 1000 9 100 9 100 9 100 1 1
3985 -1 901 800 50 100 901 780 50 100 1000 1000 9 100 9 100 9 100 1 1
3986 -1 901 800 50 100 901 790 50 100 1000 1000 9 100 9 100 9 100 1 1
3987 -1 901 800 50 100 901 810 50 100 1000 1000 9 100 9 100 9 100 1 1
3988 -1 901 800 50 100 901 820 50 100 1000 1000 9 100 9 100 9 100 1 1
3989 -1 901 800 50 100 901 800 50 100 980 1000 9 100 9 100 9 100 1 1
3990 -1 901 800 50 100 901 800 50 100 990 1000 9 100 9 100 9 100 1 1
3991 -1 951 800 48 100 951 800 50 100 1000 1000 10 100 10 100 10 100 2 0
3992 -1 951 800 49 100 951 800 50 100 1000 1000 10 100 10 100 10 100 2 0
3993 -1 951 800 51 100 951 800 50 100 1000 1000 10 100 10 100 10 100 2 0
3994 -1 951 800 52 100 951 800 50 100 1000 1000 10 100 10 100 10 100 2 0
3995 -1 951 800 50 100 951 800 48 100 1000 1000 10 100 10 100 10 100 2 0
3996 -1 951 800 50 100 951 800 49 100 1000 1000 10 100 10 100 10 100 2 0
3997 -1 951 800 50 100 951 800 51 100 1000 1000 10 100 10 100 10 100 2 0
3998 -1 951 800 50 100 951 800 52 100 1000 1000 10 100 10 100 10 100 2 0
3999 -1 951 800 50 100 951 800 50 100 1000 1000 8 100 10 100 10 100 2 0
4000 -1 951 800 50 100 951 800 50 100 1000 1000 9 100 10 100 10 100 2 0
4001 -1 951 800 50 100 951 800 50 100 1000 1000 11 100 10 100 10 100 2 0
4002 -1 951 800 50 100 951 800 50 100 1000 1000 12 100 10 100 10 100 2 0
4003 -1 951 800 50 100 951 800 50 100 1000 1000 10 100 8 100 10 100 2 0
4004 -1 951 800 50 100 951 800 50 100 1000 1000 10 100 9 100 10 100 2 0
4005 -1 951 800 50 100 951 800 50 100 1000 1000 10 100 11 100 10 100 2 0
4006 -1 951 800 50 100 951 800 50 100 1000 1000 10 100 12 100 10 100 2 0
4007 -1 951 800 50 100 951 800 50 100 1000 1000 10 100 10 100 8 100 2 0
4008 -1 951 800 50 100 951 800 50 100 1000 1000 10 100 10 100 9 100 2 0
4009 -1 951 800 50 100 951 800 50 100 1000 1000 10 100 10 100 11 100 2 0
4010 -1 951 800 50 100 951 800 50 100 1000 1000 10 100 10 100 12 100 2 0
4011 -1 931 800 50 100 951 800 50 100 1000 1000 10 100 10 100 10 100 2 0
4012 -1 941 800 50 100 951 800 50 100 1000 1000 10 100 10 100 10 100 2 0
4013 -1 961 800 50 100 951 800 50 100 1000 1000 10 100 10 100 10 100 2 0
4014 -1 971 800 50 100 951 800 50 100 1000 1000 10 100 10 100 10 100 2 0
4015 -1 951 780 50 100 951 800 50 100 1000 1000 10 100 10 100 10 100 2 0
4016 -1 951 790 50 100 951 800 50 100 1000 1000 10 100 10 100 10 100 2 0
4017 -1 951 810 50 100 951 800 50 100 1000 1000 10 100 10 100 10 100 2 0
4018 -1 951 820 50 100 951 800 50 100 1000 1000 10 100 10 100 10 100 2 0
4019 -1 951 800 50 100 931 800 50 100 1000 1000 10 100 10 100 10 100 2 0
4020 -1 951 800 50 100 941 800 50 100 1000 1000 10 100 10 100 10 100 2 0
4021 -1 951 800 50 100 961 800 50 100 1000 1000 10 100 10 100 10 100 2 0
4022 -1 951 800 50 100 971 800 50 100 1000 1000 10 100 10 100 10 100 2 0
4023 -1 951 800 50 100 951 780 50 100 1000 1000 10 100 10 100 10 100 2 0
4024 -1 951 800 50 100 951 790 50 100 1000 1000 10 100 10 100 10 100 2 0
4025 -1 951 800 50 100 951 810 50 100 1000 1000 10 100 10 100 10 100 2 0
4026 -1 951 800 50 100 951 820 50 100 1000 1000 10 100 10 100 10 100 2 0
4027 -1 951 800 50 100 951 800 50 100 980 1000 10 100 10 100 10 100 2 0
4028 -1 951 800 50 100 951 800 50 100 990 1000 10 100 10 100 10 100 2 0
4029 -1 1 0 98 100 1 0 100 100 1000 1000 10 100 10 100 10 100 2 0
4030 -1 1 0 99 100 1 0 100 100 1000 1000 10 100 10 100 10 100 2 0
4031 -1 1 0 100 100 1 0 98 100 1000 1000 10 100 10 100 10 100 2 0
4032 -1 1 0 100 100 1 0 99 100 1000 1000 10 100 10 100 10 100 2 0
4033 -1 1 0 100 100 1 0 100 100 1000 1000 8 100 10 100 10 100 2 0
4034 -1 1 0 100 100 1 0 100 100 1000 1000 9 100 10 100 10 100 2 0
4035 -1 1 0 100 100 1 0 100 100 1000 1000 11 100 10 100 10 100 2 0
4036 -1 1 0 100 100 1 0 100 100 1000 1000 12 100 10 100 10 100 2 0
4037 -1 1 0 100 100 1 0 100 100 1000 1000 10 100 8 100 10 100 2 0
4038 -1 1 0 100 100 1 0 100 100 1000 1000 10 100 9 100 10 100 2 0
4039 -1 1 0 100 100 1 0 100 100 1000 1000 10 100 11 100 10 100 2 0
4040 -1 1 0 100 100 1 0 100 100 1000 1000 10 100 12 100 10 100 2 0
4041 -1 1 0 100 100 1 0 100 100 1000 1000 10 100 10 100 8 100 2 0
4042 -1 1 0 100 100 1 0 100 100 1000 1000 10 100 10 100 9 100 2 0
4043 -1 1 0 100 100 1 0 100 100 1000 1000 10 100 10 100 11 100 2 0
4044 -1 1 0 100 100 1 0 100 100 1000 1000 10 100 10 100 12 100 2 0
4045 -1 11 0 100 100 1 0 100 100 1000 1000 10 100 10 100 10 100 2 0
4046 -1 21 0 100 100 1 0 100 100 1000 1000 10 100 10 100 10 100 2 0
4047 -1 1 0 100 100 11 0 100 100 1000 1000 10 100 10 100 10 100 2 0
4048 -1 1 0 100 100 21 0 100 100 1000 1000 10 100 10 100 10 100 2 0
4049 -1 1 0 100 100 1 0 100 100 980 1000 10 100 10 100 10 100 2 0
4050 -1 1 0 100 100 1 0 100 100 990 1000 10 100 10 100 10 100 2 0
4051 -1 801 800 98 100 801 800 100 100 1000 1000 5 100 5 100 5 100 1 1
4052 -1 801 800 99 100 801 800 100 100 1000 1000 5 100 5 100 5 100 1 1
4053 -1 801 800 100 100 801 800 98 100 1000 1000 5 100 5 100 5 100 1 1
4054 -1 801 800 100 100 801 800 99 100 1000 1000 5 100 5 100 5 100 1 1
4055 -1 801 800 100 100 801 800 100 100 1000 1000 3 100 5 100 5 100 1 1
4056 -1 801 800 100 100 801 800 100 100 1000 1000 4 100 5 100 5 100 1 1
4057 -1 801 800 100 100 801 800 100 100 1000 1000 6 100 5 100 5 100 1 1
4058 -1 801 800 100 100 801 800 100 100 1000 1000 7 100 5 100 5 100 1 1
4059 -1 801 800 100 100 801 800 100 100 1000 1000 5 100 3 100 5 100 1 1
4060 -1 801 800 100 100 801 800 100 100 1000 1000 5 100 4 100 5 100 1 1
4061 -1 801 800 100 100 801 800 100 100 1000 1000 5 100 6 100 5 100 1 1
4062 -1 801 800 100 100 801 800 100 100 1000 1000 5 100 7 100 5 100 1 1
4063 -1 801 800 100 100 801 800 100 100 1000 1000 5 100 5 100 3 100 1 1
4064 -1 801 800 100 100 801 800 100 100 1000 1000 5 100 5 100 4 100 1 1
4065 -1 801 800 100 100 801 800 100 100 1000 1000 5 100 5 100 6 100 1 1
4066 -1 801 800 100 100 801 800 100 100 1000 1000 5 100 5 100 7 100 1 1
4067 -1 811 800 100 100 801 800 100 100 1000 1000 5 100 5 100 5 100 1 1
4068 -1 821 800 100 100 801 800 100 100 1000 1000 5 100 5 100 5 100 1 1
4069 -1 801 780 100 100 801 800 100 100 1000 1000 5 100 5 100 5 100 1 1
4070 -1 801 790 100 100 801 800 100 100 1000 1000 5 100 5 100 5 100 1 1
4071 -1 801 800 100 100 811 800 100 100 1000 1000 5 100 5 100 5 100 1 1
4072 -1 801 800 100 100 821 800 100 100 1000 1000 5 100 5 100 5 100 1 1
4073 -1 801 800 100 100 801 780 100 100 1000 1000 5 100 5 100 5 100 1 1
4074 -1 801 800 100 100 801 790 100 100 1000 1000 5 100 5 100 5 100 1 1
4075 -1 801 800 100 100 801 800 100 100 980 1000 5 100 5 100 5 100 1 1
4076 -1 801 800 100 100 801 800 100 100 990 1000 5 100 5 100 5 100 1 1
4077 -1 901 800 78 100 901 800 80 100 1000 1000 9 100 9 100 9 100 0 0
4078 -1 901 800 79 100 901 800 80 100 1000 1000 9 100 9 100 9 100 0 0
4079 -1 901 800 81 100 901 800 80 100 1000 1000 9 100 9 100 9 100 0 0
4080 -1 901 800 82 100 901 800 80 100 1000 1000 9 100 9 100 9 100 0 0
4081 -1 901 800 80 100 901 800 78 100 1000 1000 9 100 9 100 9 100 0 0
4082 -1 901 800 80 100 901 800 79 100 1000 1000 9 100 9 100 9 100 0 0
4083 -1 901 800 80 100 901 800 81 100 1000 1000 9 100 9 100 9 100 0 0
4084 -1 901 800 80 100 901 800 82 100 1000 1000 9 100 9 100 9 100 0 0
4085 -1 901 800 80 100 901 800 80 100 1000 1000 7 100 9 100 9 100 0 0
4086 -1 901 800 80 100 901 800 80 100 1000 1000 8 100 9 100 9 100 0 0
4087 -1 901 800 80 100 901 800 80 100 1000 1000 10 100 9 100 9 100 0 0
4088 -1 901 800 80 100 901 800 80 100 1000 1000 11 100 9 100 9 100 0 0
4089 -1 901 800 80 100 901 800 80 100 1000 1000 9 100 7 100 9 100 0 0
4090 -1 901 800 80 100 901 800 80 100 1000 1000 9 100 8 100 9 100 0 0
4091 -1 901 800 80 100 901 800 80 100 1000 1000 9 100 10 100 9 100 0 0
4092 -1 901 800 80 100 901 800 80 100 1000 1000 9 100 11 100 9 100 0 0
4093 -1 901 800 80 100 901 800 80 100 1000 1000 9 100 9 100 7 100 0 0
4094 -1 901 800 80 100 901 800 80 100 1000 1000 9 100 9 100 8 100 0 0
4095 -1 901 800 80 100 901 800 80 100 1000 1000 9 100 9 100 10 100 0 0
4096 -1 901 800 80 100 901 800 80 100 1000 1000 9 100 9 100 11 100 0 0
4097 -1 881 800 80 100 901 800 80 100 1000 1000 9 100 9 100 9 100 0 0
4098 -1 891 800 80 100 901 800 80 100 1000 1000 9 100 9 100 9 100 0 0
4099 -1 911 800 80 100 901 800 80 100 1000 1000 9 100 9 100 9 100 0 0
4100 -1 921 800 80 100 901 800 80 100 1000 1000 9 100 9 100 9 100 0 0
4101 -1 901 780 80 100 901 800 80 100 1000 1000 9 100 9 100 9 100 0 0
4102 -1 901 790 80 100 901 800 80 100 1000 1000 9 100 9 100 9 100 0 0
4103 -1 901 810 80 100 901 800 80 100 1000 1000 9 100 9 100 9 100 0 0
4104 -1 901 820 80 100 901 800 80 100 1000 1000 9 100 9 100 9 100 0 0
4105 -1 901 800 80 100 881 800 80 100 1000 1000 9 100 9 100 9 100 0 0
4106 -1 901 800 80 100 891 800 80 100 1000 1000 9 100 9 100 9 100 0 0
4107 -1 901 800 80 100 911 800 80 100 1000 1000 9 100 9 100 9 100 0 0
4108 -1 901 800 80 100 921 800 80 100 1000 1000 9 100 9 100 9 100 0 0
4109 -1 901 800 80 100 901 780 80 100 1000 1000 9 100 9 100 9 100 0 0
4110 -1 901 800 80 100 901 790 80 100 1000 1000 9 100 9 100 9 100 0 0
4111 -1 901 800 80 100 901 810 80 100 1000 1000 9 100 9 100 9 100 0 0
4112 -1 901 800 80 100 901 820 80 100 1000 1000 9 100 9 100 9 100 0 0
4113 -1 901 800 80 100 901 800 80 100 980 1000 9 100 9 100 9 100 0 0
4114 -1 901 800 80 100 901 800 80 100 990 1000 9 100 9 100 9 100 0 0
4115 -1 1 0 78 100 1 0 80 100 1000 1000 10 100 10 100 10 100 0 0
4116 -1 1 0 79 100 1 0 80 100 1000 1000 10 100 10 100 10 100 0 0
4117 -1 1 0 81 100 1 0 80 100 1000 1000 10 100 10 100 10 100 0 0
4118 -1 1 0 82 100 1 0 80 100 1000 1000 10 100 10 100 10 100 0 0
4119 -1 1 0 80 100 1 0 78 100 1000 1000 10 100 10 100 10 100 0 0
4120 -1 1 0 80 100 1 0 79 100 1000 1000 10 100 10 100 10 100 0 0
4121 -1 1 0 80 100 1 0 81 100 1000 1000 10 100 10 100 10 100 0 0
4122 -1 1 0 80 100 1 0 82 100 1000 1000 10 100 10 100 10 100 0 0
4123 -1 1 0 80 100 1 0 80 100 1000 1000 8 100 10 100 10 100 0 0
4124 -1 1 0 80 100 1 0 80 100 1000 1000 9 100 10 100 10 100 0 0
4125 -1 1 0 80 100 1 0 80 100 1000 1000 11 100 10 100 10 100 0 0
4126 -1 1 0 80 100 1 0 80 100 1000 1000 12 100 10 100 10 100 0 0
4127 -1 1 0 80 100 1 0 80 100 1000 1000 10 100 8 100 10 100 0 0
4128 -1 1 0 80 100 1 0 80 100 1000 1000 10 100 9 100 10 100 0 0
4129 -1 1 0 80 100 1 0 80 100 1000 1000 10 100 11 100 10 100 0 0
4130 -1 1 0 80 100 1 0 80 100 1000 1000 10 100 12 100 10 100 0 0
4131 -1 1 0 80 100 1 0 80 100 1000 1000 10 100 10 100 8 100 0 0
4132 -1 1 0 80 100 1 0 80 100 1000 1000 10 100 10 100 9 100 0 0
4133 -1 1 0 80 100 1 0 80 100 1000 1000 10 100 10 100 11 100 0 0
4134 -1 1 0 80 100 1 0 80 100 1000 1000 10 100 10 100 12 100 0 0
4135 -1 11 0 80 100 1 0 80 100 1000 1000 10 100 10 100 10 100 0 0
4136 -1 21 0 80 100 1 0 80 100 1000 1000 10 100 10 100 10 100 0 0
4137 -1 1 0 80 100 11 0 80 100 1000 1000 10 100 10 100 10 100 0 0
4138 -1 1 0 80 100 21 0 80 100 1000 1000 10 100 10 100 10 100 0 0
4139 -1 1 0 80 100 1 0 80 100 980 1000 10 100 10 100 10 100 0 0
4140 -1 1 0 80 100 1 0 80 100 990 1000 10 100 10 100 10 100 0 0
4141 -1 1 0 98 100 1 0 100 100 1000 1000 5 100 5 100 5 100 2 0
4142 -1 1 0 99 100 1 0 100 100 1000 1000 5 100 5 100 5 100 2 0
4143 -1 1 0 100 100 1 0 98 100 1000 1000 5 100 5 100 5 100 2 0
4144 -1 1 0 100 100 1 0 99 100 1000 1000 5 100 5 100 5 100 2 0
4145 -1 1 0 100 100 1 0 100 100 1000 1000 3 100 5 100 5 100 2 0
4146 -1 1 0 100 100 1 0 100 100 1000 1000 4 100 5 100 5 100 2 0
4147 -1 1 0 100 100 1 0 100 100 1000 1000 6 100 5 100 5 100 2 0
4148 -1 1 0 100 100 1 0 100 100 1000 1000 7 100 5 100 5 100 2 0
4149 -1 1 0 100 100 1 0 100 100 1000 1000 5 100 3 100 5 100 2 0
4150 -1 1 0 100 100 1 0 100 100 1000 1000 5 100 4 100 5 100 2 0
4151 -1 1 0 100 100 1 0 100 100 1000 1000 5 100 6 100 5 100 2 0
4152 -1 1 0 100 100 1 0 100 100 1000 1000 5 100 7 100 5 100 2 0
4153 -1 1 0 100 100 1 0 100 100 1000 1000 5 100 5 100 3 100 2 0
4154 -1 1 0 100 100 1 0 100 100 1000 1000 5 100 5 100 4 100 2 0
4155 -1 1 0 100 100 1 0 100 100 1000 1000 5 100 5 100 6 100 2 0
4156 -1 1 0 100 100 1 0 100 100 1000 1000 5 100 5 100 7 100 2 0
4157 -1 11 0 100 100 1 0 100 100 1000 1000 5 100 5 100 5 100 2 0
4158 -1 21 0 100 100 1 0 100 100 1000 1000 5 100 5 100 5 100 2 0
4159 -1 1 0 100 100 11 0 100 100 1000 1000 5 100 5 100 5 100 2 0
4160 -1 1 0 100 100 21 0 100 100 1000 1000 5 100 5 100 5 100 2 0
4161 -1 1 0 100 100 1 0 100 100 980 1000 5 100 5 100 5 100 2 0
4162 -1 1 0 100 100 1 0 100 100 990 1000 5 100 5 100 5 100 2 0
4163 -1 901 800 48 100 901 800 50 100 1000 1000 5 100 5 100 5 100 0 0
4164 -1 901 800 49 100 901 800 50 100 1000 1000 5 100 5 100 5 100 0 0
4165 -1 901 800 51 100 901 800 50 100 1000 1000 5 100 5 100 5 100 0 0
4166 -1 901 800 52 100 901 800 50 100 1000 1000 5 100 5 100 5 100 0 0
4167 -1 901 800 50 100 901 800 48 100 1000 1000 5 100 5 100 5 100 0 0
4168 -1 901 800 50 100 901 800 49 100 1000 1000 5 100 5 100 5 100 0 0
4169 -1 901 800 50 100 901 800 51 100 1000 1000 5 100 5 100 5 100 0 0
4170 -1 901 800 50 100 901 800 52 100 1000 1000 5 100 5 100 5 100 0 0
4171 -1 901 800 50 100 901 800 50 100 1000 1000 3 100 5 100 5 100 0 0
4172 -1 901 800 50 100 901 800 50 100 1000 1000 4 100 5 100 5 100 0 0
4173 -1 901 800 50 100 901 800 50 100 1000 1000 6 100 5 100 5 100 0 0
4174 -1 901 800 50 100 901 800 50 100 1000 1000 7 100 5 100 5 100 0 0
4175 -1 901 800 50 100 901 800 50 100 1000 1000 5 100 3 100 5 100 0 0
4176 -1 901 800 50 100 901 800 50 100 1000 1000 5 100 4 100 5 100 0 0
4177 -1 901 800 50 100 901 800 50 100 1000 1000 5 100 6 100 5 100 0 0
4178 -1 901 800 50 100 901 800 50 100 1000 1000 5 100 7 100 5 100 0 0
4179 -1 901 800 50 100 901 800 50 100 1000 1000 5 100 5 100 3 100 0 0
4180 -1 901 800 50 100 901 800 50 100 1000 1000 5 100 5 100 4 100 0 0
4181 -1 901 800 50 100 901 800 50 100 1000 1000 5 100 5 100 6 100 0 0
4182 -1 901 800 50 100 901 800 50 100 1000 1000 5 100 5 100 7 100 0 0
4183 -1 881 800 50 100 901 800 50 100 1000 1000 5 100 5 100 5 100 0 0
4184 -1 891 800 50 100 901 800 50 100 1000 1000 5 100 5 100 5 100 0 0
4185 -1 911 800 50 100 901 800 50 100 1000 1000 5 100 5 100 5 100 0 0
4186 -1 921 800 50 100 901 800 50 100 1000 1000 5 100 5 100 5 100 0 0
4187 -1 901 780 50 100 901 800 50 100 1000 1000 5 100 5 100 5 100 0 0
4188 -1 901 790 50 100 901 800 50 100 1000 1000 5 100 5 100 5 100 0 0
4189 -1 901 810 50 100 901 800 50 100 1000 1000 5 100 5 100 5 100 0 0
4190 -1 901 820 50 100 901 800 50 100 1000 1000 5 100 5 100 5 100 0 0
4191 -1 901 800 50 100 881 800 50 100 1000 1000 5 100 5 100 5 100 0 0
4192 -1 901 800 50 100 891 800 50 100 1000 1000 5 100 5 100 5 100 0 0
4193 -1 901 800 50 100 911 800 50 100 1000 1000 5 100 5 100 5 100 0 0
4194 -1 901 800 50 100 921 800 50 100 1000 1000 5 100 5 100 5 100 0 0
4195 -1 901 800 50 100 901 780 50 100 1000 1000 5 100 5 100 5 100 0 0
4196 -1 901 800 50 100 901 790 50 100 1000 1000 5 100 5 100 5 100 0 0
4197 -1 901 800 50 100 901 810 50 100 1000 1000 5 100 5 100 5 100 0 0
4198 -1 901 800 50 100 901 820 50 100 1000 1000 5 100 5 100 5 100 0 0
4199 -1 901 800 50 100 901 800 50 100 980 1000 5 100 5 100 5 100 0 0
4200 -1 901 800 50 100 901 800 50 100 990 1000 5 100 5 100 5 100 0 0
4201 -1 951 800 78 100 951 800 80 100 1000 1000 9 100 9 100 9 100 0 1
4202 -1 951 800 79 100 951 800 80 100 1000 1000 9 100 9 100 9 100 0 1
4203 -1 951 800 81 100 951 800 80 100 1000 1000 9 100 9 100 9 100 0 1
4204 -1 951 800 82 100 951 800 80 100 1000 1000 9 100 9 100 9 100 0 1
4205 -1 951 800 80 100 951 800 78 100 1000 1000 9 100 9 100 9 100 0 1
4206 -1 951 800 80 100 951 800 79 100 1000 1000 9 100 9 100 9 100 0 1
4207 -1 951 800 80 100 951 800 81 100 1000 1000 9 100 9 100 9 100 0 1
4208 -1 951 800 80 100 951 800 82 100 1000 1000 9 100 9 100 9 100 0 1
4209 -1 951 800 80 100 951 800 80 100 1000 1000 7 100 9 100 9 100 0 1
4210 -1 951 800 80 100 951 800 80 100 1000 1000 8 100 9 100 9 100 0 1
4211 -1 951 800 80 100 951 800 80 100 1000 1000 10 100 9 100 9 100 0 1
4212 -1 951 800 80 100 951 800 80 100 1000 1000 11 100 9 100 9 100 0 1
4213 -1 951 800 80 100 951 800 80 100 1000 1000 9 100 7 100 9 100 0 1
4214 -1 951 800 80 100 951 800 80 100 1000 1000 9 100 8 100 9 100 0 1
4215 -1 951 800 80 100 951 800 80 100 1000 1000 9 100 10 100 9 100 0 1
4216 -1 951 800 80 100 951 800 80 100 1000 1000 9 100 11 100 9 100 0 1
4217 -1 951 800 80 100 951 800 80 100 1000 1000 9 100 9 100 7 100 0 1
4218 -1 951 800 80 100 951 800 80 100 1000 1000 9 100 9 100 8 100 0 1
4219 -1 951 800 80 100 951 800 80 100 1000 1000 9 100 9 100 10 100 0 1
4220 -1 951 800 80 100 951 800 80 100 1000 1000 9 100 9 100 11 100 0 1
4221 -1 931 800 80 100 951 800 80 100 1000 1000 9 100 9 100 9 100 0 1
4222 -1 941 800 80 100 951 800 80 100 1000 1000 9 100 9 100 9 100 0 1
4223 -1 961 800 80 100 951 800 80 100 1000 1000 9 100 9 100 9 100 0 1
4224 -1 971 800 80 100 951 800 80 100 1000 1000 9 100 9 100 9 100 0 1
4225 -1 951 780 80 100 951 800 80 100 1000 1000 9 100 9 100 9 100 0 1
4226 -1 951 790 80 100 951 800 80 100 1000 1000 9 100 9 100 9 100 0 1
4227 -1 951 810 80 100 951 800 80 100 1000 1000 9 100 9 100 9 100 0 1
4228 -1 951 820 80 100 951 800 80 100 1000 1000 9 100 9 100 9 100 0 1
4229 -1 951 800 80 100 931 800 80 100 1000 1000 9 100 9 100 9 100 0 1
4230 -1 951 800 80 100 941 800 80 100 1000 1000 9 100 9 100 9 100 0 1
4231 -1 951 800 80 100 961 800 80 100 1000 1000 9 100 9 100 9 100 0 1
4232 -1 951 800 80 100 971 800 80 100 1000 1000 9 100 9 100 9 100 0 1
4233 -1 951 800 80 100 951 780 80 100 1000 1000 9 100 9 100 9 100 0 1
4234 -1 951 800 80 100 951 790 80 100 1000 1000 9 100 9 100 9 100 0 1
4235 -1 951 800 80 100 951 810 80 100 1000 1000 9 100 9 100 9 100 0 1
4236 -1 951 800 80 100 951 820 80 100 1000 1000 9 100 9 100 9 100 0 1
4237 -1 951 800 80 100 951 800 80 100 980 1000 9 100 9 100 9 100 0 1
4238 -1 951 800 80 100 951 800 80 100 990 1000 9 100 9 100 9 100 0 1
4239 -1 951 800 78 100 951 800 80 100 1000 1000 5 100 5 100 5 100 1 0
4240 -1 951 800 79 100 951 800 80 100 1000 1000 5 100 5 100 5 100 1 0
4241 -1 951 800 81 100 951 800 80 100 1000 1000 5 100 5 100 5 100 1 0
4242 -1 951 800 82 100 951 800 80 100 1000 1000 5 100 5 100 5 100 1 0
4243 -1 951 800 80 100 951 800 78 100 1000 1000 5 100 5 100 5 100 1 0
4244 -1 951 800 80 100 951 800 79 100 1000 1000 5 100 5 100 5 100 1 0
4245 -1 951 800 80 100 951 800 81 100 1000 1000 5 100 5 100 5 100 1 0
4246 -1 951 800 80 100 951 800 82 100 1000 1000 5 100 5 100 5 100 1 0
4247 -1 951 800 80 100 951 800 80 100 1000 1000 3 100 5 100 5 100 1 0
4248 -1 951 800 80 100 951 800 80 100 1000 1000 4 100 5 100 5 100 1 0
4249 -1 951 800 80 100 951 800 80 100 1000 1000 6 100 5 100 5 100 1 0
4250 -1 951 800 80 100 951 800 80 100 1000 1000 7 100 5 100 5 100 1 0
4251 -1 951 800 80 100 951 800 80 100 1000 1000 5 100 3 100 5 100 1 0
4252 -1 951 800 80 100 951 800 80 100 1000 1000 5 100 4 100 5 100 1 0
4253 -1 951 800 80 100 951 800 80 100 1000 1000 5 100 6 100 5 100 1 0
4254 -1 951 800 80 100 951 800 80 100 1000 1000 5 100 7 100 5 100 1 0
4255 -1 951 800 80 100 951 800 80 100 1000 1000 5 100 5 100 3 100 1 0
4256 -1 951 800 80 100 951 800 80 100 1000 1000 5 100 5 100 4 100 1 0
4257 -1 951 800 80 100 951 800 80 100 1000 1000 5 100 5 100 6 100 1 0
4258 -1 951 800 80 100 951 800 80 100 1000 1000 5 100 5 100 7 100 1 0
4259 -1 931 800 80 100 951 800 80 100 1000 1000 5 100 5 100 5 100 1 0
4260 -1 941 800 80 100 951 800 80 100 1000 1000 5 100 5 100 5 100 1 0
4261 -1 961 800 80 100 951 800 80 100 1000 1000 5 100 5 100 5 100 1 0
4262 -1 971 800 80 100 951 800 80 100 1000 1000 5 100 5 100 5 100 1 0
4263 -1 951 780 80 100 951 800 80 100 1000 1000 5 100 5 100 5 100 1 0
4264 -1 951 790 80 100 951 800 80 100 1000 1000 5 100 5 100 5 100 1 0
4265 -1 951 810 80 100 951 800 80 100 1000 1000 5 100 5 100 5 100 1 0
4266 -1 951 820 80 100 951 800 80 100 1000 1000 5 100 5 100 5 100 1 0
4267 -1 951 800 80 100 931 800 80 100 1000 1000 5 100 5 100 5 100 1 0
4268 -1 951 800 80 100 941 800 80 100 1000 1000 5 100 5 100 5 100 1 0
4269 -1 951 800 80 100 961 800 80 100 1000 1000 5 100 5 100 5 100 1 0
4270 -1 951 800 80 100 971 800 80 100 1000 1000 5 100 5 100 5 100 1 0
4271 -1 951 800 80 100 951 780 80 100 1000 1000 5 100 5 100 5 100 1 0
4272 -1 951 800 80 100 951 790 80 100 1000 1000 5 100 5 100 5 100 1 0
4273 -1 951 800 80 100 951 810 80 100 1000 1000 5 100 5 100 5 100 1 0
4274 -1 951 800 80 100 951 820 80 100 1000 1000 5 100 5 100 5 100 1 0
4275 -1 951 800 80 100 951 800 80 100 980 1000 5 100 5 100 5 100 1 0
4276 -1 951 800 80 100 951 800 80 100 990 1000 5 100 5 100 5 100 1 0
4277 -1 1 0 78 100 1 0 80 100 1000 1000 0 100 0 100 0 100 0 1
4278 -1 1 0 79 100 1 0 80 100 1000 1000 0 100 0 100 0 100 0 1
4279 -1 1 0 81 100 1 0 80 100 1000 1000 0 100 0 100 0 100 0 1
4280 -1 1 0 82 100 1 0 80 100 1000 1000 0 100 0 100 0 100 0 1
4281 -1 1 0 80 100 1 0 78 100 1000 1000 0 100 0 100 0 100 0 1
4282 -1 1 0 80 100 1 0 79 100 1000 1000 0 100 0 100 0 100 0 1
4283 -1 1 0 80 100 1 0 81 100 1000 1000 0 100 0 100 0 100 0 1
4284 -1 1 0 80 100 1 0 82 100 1000 1000 0 100 0 100 0 100 0 1
4285 -1 1 0 80 100 1 0 80 100 1000 1000 1 100 0 100 0 100 0 1
4286 -1 1 0 80 100 1 0 80 100 1000 1000 2 100 0 100 0 100 0 1
4287 -1 1 0 80 100 1 0 80 100 1000 1000 0 100 1 100 0 100 0 1
4288 -1 1 0 80 100 1 0 80 100 1000 1000 0 100 2 100 0 100 0 1
4289 -1 1 0 80 100 1 0 80 100 1000 1000 0 100 0 100 1 100 0 1
4290 -1 1 0 80 100 1 0 80 100 1000 1000 0 100 0 100 2 100 0 1
4291 -1 11 0 80 100 1 0 80 100 1000 1000 0 100 0 100 0 100 0 1
4292 -1 21 0 80 100 1 0 80 100 1000 1000 0 100 0 100 0 100 0 1
4293 -1 1 0 80 100 11 0 80 100 1000 1000 0 100 0 100 0 100 0 1
4294 -1 1 0 80 100 21 0 80 100 1000 1000 0 100 0 100 0 100 0 1
4295 -1 1 0 80 100 1 0 80 100 980 1000 0 100 0 100 0 100 0 1
4296 -1 1 0 80 100 1 0 80 100 990 1000 0 100 0 100 0 100 0 1
4297 -1 901 800 78 100 901 800 80 100 1000 1000 5 100 5 100 5 100 0 0
4298 -1 901 800 79 100 901 800 80 100 1000 1000 5 100 5 100 5 100 0 0
4299 -1 901 800 81 100 901 800 80 100 1000 1000 5 100 5 100 5 100 0 0
4300 -1 901 800 82 100 901 800 80 100 1000 1000 5 100 5 100 5 100 0 0
4301 -1 901 800 80 100 901 800 78 100 1000 1000 5 100 5 100 5 100 0 0
4302 -1 901 800 80 100 901 800 79 100 1000 1000 5 100 5 100 5 100 0 0
4303 -1 901 800 80 100 901 800 81 100 1000 1000 5 100 5 100 5 100 0 0
4304 -1 901 800 80 100 901 800 82 100 1000 1000 5 100 5 100 5 100 0 0
4305 -1 901 800 80 100 901 800 80 100 1000 1000 3 100 5 100 5 100 0 0
4306 -1 901 800 80 100 901 800 80 100 1000 1000 4 100 5 100 5 100 0 0
4307 -1 901 800 80 100 901 800 80 100 1000 1000 6 100 5 100 5 100 0 0
4308 -1 901 800 80 100 901 800 80 100 1000 1000 7 100 5 100 5 100 0 0
4309 -1 901 800 80 100 901 800 80 100 1000 1000 5 100 3 100 5 100 0 0
4310 -1 901 800 80 100 901 800 80 100 1000 1000 5 100 4 100 5 100 0 0
4311 -1 901 800 80 100 901 800 80 100 1000 1000 5 100 6 100 5 100 0 0
4312 -1 901 800 80 100 901 800 80 100 1000 1000 5 100 7 100 5 100 0 0
4313 -1 901 800 80 100 901 800 80 100 1000 1000 5 100 5 100 3 100 0 0
4314 -1 901 800 80 100 901 800 80 100 1000 1000 5 100 5 100 4 100 0 0
4315 -1 901 800 80 100 901 800 80 100 1000 1000 5 100 5 100 6 100 0 0
4316 -1 901 800 80 100 901 800 80 100 1000 1000 5 100 5 100 7 100 0 0
4317 -1 881 800 80 100 901 800 80 100 1000 1000 5 100 5 100 5 100 0 0
4318 -1 891 800 80 100 901 800 80 100 1000 1000 5 100 5 100 5 100 0 0
4319 -1 911 800 80 100 901 800 80 100 1000 1000 5 100 5 100 5 100 0 0
4320 -1 921 800 80 100 901 800 80 100 1000 1000 5 100 5 100 5 100 0 0
4321 -1 901 780 80 100 901 800 80 100 1000 1000 5 100 5 100 5 100 0 0
4322 -1 901 790 80 100 901 800 80 100 1000 1000 5 100 5 100 5 100 0 0
4323 -1 901 810 80 100 901 800 80 100 1000 1000 5 100 5 100 5 100 0 0
4324 -1 901 820 80 100 901 800 80 100 1000 1000 5 100 5 100 5 100 0 0
4325 -1 901 800 80 100 881 800 80 100 1000 1000 5 100 5 100 5 100 0 0
4326 -1 901 800 80 100 891 800 80 100 1000 1000 5 100 5 100 5 100 0 0
4327 -1 901 800 80 100 911 800 80 100 1000 1000 5 100 5 100 5 100 0 0
4328 -1 901 800 80 100 921 800 80 100 1000 1000 5 100 5 100 5 100 0 0
4329 -1 901 800 80 100 901 780 80 100 1000 1000 5 100 5 100 5 100 0 0
4330 -1 901 800 80 100 901 790 80 100 1000 1000 5 100 5 100 5 100 0 0
4331 -1 901 800 80 100 901 810 80 100 1000 1000 5 100 5 100 5 100 0 0
4332 -1 901 800 80 100 901 820 80 100 1000 1000 5 100 5 100 5 100 0 0
4333 -1 901 800 80 100 901 800 80 100 980 1000 5 100 5 100 5 100 0 0
4334 -1 901 800 80 100 901 800 80 100 990 1000 5 100 5 100 5 100 0 0
4335 -1 801 800 18 100 801 800 20 100 1000 1000 9 100 9 100 9 100 2 1
4336 -1 801 800 19 100 801 800 20 100 1000 1000 9 100 9 100 9 100 2 1
4337 -1 801 800 21 100 801 800 20 100 1000 1000 9 100 9 100 9 100 2 1
4338 -1 801 800 22 100 801 800 20 100 1000 1000 9 100 9 100 9 100 2 1
4339 -1 801 800 20 100 801 800 18 100 1000 1000 9 100 9 100 9 100 2 1
4340 -1 801 800 20 100 801 800 19 100 1000 1000 9 100 9 100 9 100 2 1
4341 -1 801 800 20 100 801 800 21 100 1000 1000 9 100 9 100 9 100 2 1
4342 -1 801 800 20 100 801 800 22 100 1000 1000 9 100 9 100 9 100 2 1
4343 -1 801 800 20 100 801 800 20 100 1000 1000 7 100 9 100 9 100 2 1
4344 -1 801 800 20 100 801 800 20 100 1000 1000 8 100 9 100 9 100 2 1
4345 -1 801 800 20 100 801 800 20 100 1000 1000 10 100 9 100 9 100 2 1
4346 -1 801 800 20 100 801 800 20 100 1000 1000 11 100 9 100 9 100 2 1
4347 -1 801 800 20 100 801 800 20 100 1000 1000 9 100 7 100 9 100 2 1
4348 -1 801 800 20 100 801 800 20 100 1000 1000 9 100 8 100 9 100 2 1
4349 -1 801 800 20 100 801 800 20 100 1000 1000 9 100 10 100 9 100 2 1
4350 -1 801 800 20 100 801 800 20 100 1000 1000 9 100 11 100 9 100 2 1
4351 -1 801 800 20 100 801 800 20 100 1000 1000 9 100 9 100 7 100 2 1
4352 -1 801 800 20 100 801 800 20 100 1000 1000 9 100 9 100 8 100 2 1
4353 -1 801 800 20 100 801 800 20 100 1000 1000 9 100 9 100 10 100 2 1
4354 -1 801 800 20 100 801 800 20 100 1000 1000 9 100 9 100 11 100 2 1
4355 -1 811 800 20 100 801 800 20 100 1000 1000 9 100 9 100 9 100 2 1
4356 -1 821 800 20 100 801 800 20 100 1000 1000 9 100 9 100 9 100 2 1
4357 -1 801 780 20 100 801 800 20 100 1000 1000 9 100 9 100 9 100 2 1
4358 -1 801 790 20 100 801 800 20 100 1000 1000 9 100 9 100 9 100 2 1
4359 -1 801 800 20 100 811 800 20 100 1000 1000 9 100 9 100 9 100 2 1
4360 -1 801 800 20 100 821 800 20 100 1000 1000 9 100 9 100 9 100 2 1
4361 -1 801 800 20 100 801 780 20 100 1000 1000 9 100 9 100 9 100 2 1
4362 -1 801 800 20 100 801 790 20 100 1000 1000 9 100 9 100 9 100 2 1
4363 -1 801 800 20 100 801 800 20 100 980 1000 9 100 9 100 9 100 2 1
4364 -1 801 800 20 100 801 800 20 100 990 1000 9 100 9 100 9 100 2 1
4365 -1 901 800 98 100 901 800 100 100 1000 1000 10 100 10 100 10 100 0 0
4366 -1 901 800 99 100 901 800 100 100 1000 1000 10 100 10 100 10 100 0 0
4367 -1 901 800 100 100 901 800 98 100 1000 1000 10 100 10 100 10 100 0 0
4368 -1 901 800 100 100 901 800 99 100 1000 1000 10 100 10 100 10 100 0 0
4369 -1 901 800 100 100 901 800 100 100 1000 1000 8 100 10 100 10 100 0 0
4370 -1 901 800 100 100 901 800 100 100 1000 1000 9 100 10 100 10 100 0 0
4371 -1 901 800 100 100 901 800 100 100 1000 1000 11 100 10 100 10 100 0 0
4372 -1 901 800 100 100 901 800 100 100 1000 1000 12 100 10 100 10 100 0 0
4373 -1 901 800 100 100 901 800 100 100 1000 1000 10 100 8 100 10 100 0 0
4374 -1 901 800 100 100 901 800 100 100 1000 1000 10 100 9 100 10 100 0 0
4375 -1 901 800 100 100 901 800 100 100 1000 1000 10 100 11 100 10 100 0 0
4376 -1 901 800 100 100 901 800 100 100 1000 1000 10 100 12 100 10 100 0 0
4377 -1 901 800 100 100 901 800 100 100 1000 1000 10 100 10 100 8 100 0 0
4378 -1 901 800 100 100 901 800 100 100 1000 1000 10 100 10 100 9 100 0 0
4379 -1 901 800 100 100 901 800 100 100 1000 1000 10 100 10 100 11 100 0 0
4380 -1 901 800 100 100 901 800 100 100 1000 1000 10 100 10 100 12 100 0 0
4381 -1 881 800 100 100 901 800 100 100 1000 1000 10 100 10 100 10 100 0 0
4382 -1 891 800 100 100 901 800 100 100 1000 1000 10 100 10 100 10 100 0 0
4383 -1 911 800 100 100 901 800 100 100 1000 1000 10 100 10 100 10 100 0 0
4384 -1 921 800 100 100 901 800 100 100 1000 1000 10 100 10 100 10 100 0 0
4385 -1 901 780 100 100 901 800 100 100 1000 1000 10 100 10 100 10 100 0 0
4386 -1 901 790 100 100 901 800 100 100 1000 1000 10 100 10 100 10 100 0 0
4387 -1 901 810 100 100 901 800 100 100 1000 1000 10 100 10 100 10 100 0 0
4388 -1 901 820 100 100 901 800 100 100 1000 1000 10 100 10 100 10 100 0 0
4389 -1 901 800 100 100 881 800 100 100 1000 1000 10 100 10 100 10 100 0 0
4390 -1 901 800 100 100 891 800 100 100 1000 1000 10 100 10 100 10 100 0 0
4391 -1 901 800 100 100 911 800 100 100 1000 1000 10 100 10 100 10 100 0 0
4392 -1 901 800 100 100 921 800 100 100 1000 1000 10 100 10 100 10 100 0 0
4393 -1 901 800 100 100 901 780 100 100 1000 1000 10 100 10 100 10 100 0 0
4394 -1 901 800 100 100 901 790 100 100 1000 1000 10 100 10 100 10 100 0 0
4395 -1 901 800 100 100 901 810 100 100 1000 1000 10 100 10 100 10 100 0 0
4396 -1 901 800 100 100 901 820 100 100 1000 1000 10 100 10 100 10 100 0 0
4397 -1 901 800 100 100 901 800 100 100 980 1000 10 100 10 100 10 100 0 0
4398 -1 901 800 100 100 901 800 100 100 990 1000 10 100 10 100 10 100 0 0
4399 -1 901 800 78 100 901 800 80 100 1000 1000 10 100 10 100 10 100 1 0
4400 -1 901 800 79 100 901 800 80 100 1000 1000 10 100 10 100 10 100 1 0
4401 -1 901 800 81 100 901 800 80 100 1000 1000 10 100 10 100 10 100 1 0
4402 -1 901 800 82 100 901 800 80 100 1000 1000 10 100 10 100 10 100 1 0
4403 -1 901 800 80 100 901 800 78 100 1000 1000 10 100 10 100 10 100 1 0
4404 -1 901 800 80 100 901 800 79 100 1000 1000 10 100 10 100 10 100 1 0
4405 -1 901 800 80 100 901 800 81 100 1000 1000 10 100 10 100 10 100 1 0
4406 -1 901 800 80 100 901 800 82 100 1000 1000 10 100 10 100 10 100 1 0
4407 -1 901 800 80 100 901 800 80 100 1000 1000 8 100 10 100 10 100 1 0
4408 -1 901 800 80 100 901 800 80 100 1000 1000 9 100 10 100 10 100 1 0
4409 -1 901 800 80 100 901 800 80 100 1000 1000 11 100 10 100 10 100 1 0
4410 -1 901 800 80 100 901 800 80 100 1000 1000 12 100 10 100 10 100 1 0
4411 -1 901 800 80 100 901 800 80 100 1000 1000 10 100 8 100 10 100 1 0
4412 -1 901 800 80 100 901 800 80 100 1000 1000 10 100 9 100 10 100 1 0
4413 -1 901 800 80 100 901 800 80 100 1000 1000 10 100 11 100 10 100 1 0
4414 -1 901 800 80 100 901 800 80 100 1000 1000 10 100 12 100 10 100 1 0
4415 -1 901 800 80 100 901 800 80 100 1000 1000 10 100 10 100 8 100 1 0
4416 -1 901 800 80 100 901 800 80 100 1000 1000 10 100 10 100 9 100 1 0
4417 -1 901 800 80 100 901 800 80 100 1000 1000 10 100 10 100 11 100 1 0
4418 -1 901 800 80 100 901 800 80 100 1000 1000 10 100 10 100 12 100 1 0
4419 -1 881 800 80 100 901 800 80 100 1000 1000 10 100 10 100 10 100 1 0
4420 -1 891 800 80 100 901 800 80 100 1000 1000 10 100 10 100 10 100 1 0
4421 -1 911 800 80 100 901 800 80 100 1000 1000 10 100 10 100 10 100 1 0
4422 -1 921 800 80 100 901 800 80 100 1000 1000 10 100 10 100 10 100 1 0
4423 -1 901 780 80 100 901 800 80 100 1000 1000 10 100 10 100 10 100 1 0
4424 -1 901 790 80 100 901 800 80 100 1000 1000 10 100 10 100 10 100 1 0
4425 -1 901 810 80 100 901 800 80 100 1000 1000 10 100 10 100 10 100 1 0
4426 -1 901 820 80 100 901 800 80 100 1000 1000 10 100 10 100 10 100 1 0
4427 -1 901 800 80 100 881 800 80 100 1000 1000 10 100 10 100 10 100 1 0
4428 -1 901 800 80 100 891 800 80 100 1000 1000 10 100 10 100 10 100 1 0
4429 -1 901 800 80 100 911 800 80 100 1000 1000 10 100 10 100 10 100 1 0
4430 -1 901 800 80 100 921 800 80 100 1000 1000 10 100 10 100 10 100 1 0
4431 -1 901 800 80 100 901 780 80 100 1000 1000 10 100 10 100 10 100 1 0
4432 -1 901 800 80 100 901 790 80 100 1000 1000 10 100 10 100 10 100 1 0
4433 -1 901 800 80 100 901 810 80 100 1000 1000 10 100 10 100 10 100 1 0
4434 -1 901 800 80 100 901 820 80 100 1000 1000 10 100 10 100 10 100 1 0
4435 -1 901 800 80 100 901 800 80 100 980 1000 10 100 10 100 10 100 1 0
4436 -1 901 800 80 100 901 800 80 100 990 1000 10 100 10 100 10 100 1 0
4437 -1 1 0 98 100 1 0 100 100 1000 1000 0 100 0 100 0 100 1 1
4438 -1 1 0 99 100 1 0 100 100 1000 1000 0 100 0 100 0 100 1 1
4439 -1 1 0 100 100 1 0 98 100 1000 1000 0 100 0 100 0 100 1 1
4440 -1 1 0 100 100 1 0 99 100 1000 1000 0 100 0 100 0 100 1 1
4441 -1 1 0 100 100 1 0 100 100 1000 1000 1 100 0 100 0 100 1 1
4442 -1 1 0 100 100 1 0 100 100 1000 1000 2 100 0 100 0 100 1 1
4443 -1 1 0 100 100 1 0 100 100 1000 1000 0 100 1 100 0 100 1 1
4444 -1 1 0 100 100 1 0 100 100 1000 1000 0 100 2 100 0 100 1 1
4445 -1 1 0 100 100 1 0 100 100 1000 1000 0 100 0 100 1 100 1 1
4446 -1 1 0 100 100 1 0 100 100 1000 1000 0 100 0 100 2 100 1 1
4447 -1 11 0 100 100 1 0 100 100 1000 1000 0 100 0 100 0 100 1 1
4448 -1 21 0 100 100 1 0 100 100 1000 1000 0 100 0 100 0 100 1 1
4449 -1 1 0 100 100 11 0 100 100 1000 1000 0 100 0 100 0 100 1 1
4450 -1 1 0 100 100 21 0 100 100 1000 1000 0 100 0 100 0 100 1 1
4451 -1 1 0 100 100 1 0 100 100 980 1000 0 100 0 100 0 100 1 1
4452 -1 1 0 100 100 1 0 100 100 990 1000 0 100 0 100 0 100 1 1
4453 -1 801 800 98 100 801 800 100 100 1000 1000 5 100 5 100 5 100 0 1
4454 -1 801 800 99 100 801 800 100 100 1000 1000 5 100 5 100 5 100 0 1
4455 -1 801 800 100 100 801 800 98 100 1000 1000 5 100 5 100 5 100 0 1
4456 -1 801 800 100 100 801 800 99 100 1000 1000 5 100 5 100 5 100 0 1
4457 -1 801 800 100 100 801 800 100 100 1000 1000 3 100 5 100 5 100 0 1
4458 -1 801 800 100 100 801 800 100 100 1000 1000 4 100 5 100 5 100 0 1
4459 -1 801 800 100 100 801 800 100 100 1000 1000 6 100 5 100 5 100 0 1
4460 -1 801 800 100 100 801 800 100 100 1000 1000 7 100 5 100 5 100 0 1
4461 -1 801 800 100 100 801 800 100 100 1000 1000 5 100 3 100 5 100 0 1
4462 -1 801 800 100 100 801 800 100 100 1000 1000 5 100 4 100 5 100 0 1
4463 -1 801 800 100 100 801 800 100 100 1000 1000 5 100 6 100 5 100 0 1
4464 -1 801 800 100 100 801 800 100 100 1000 1000 5 100 7 100 5 100 0 1
4465 -1 801 800 100 100 801 800 100 100 1000 1000 5 100 5 100 3 100 0 1
4466 -1 801 800 100 100 801 800 100 100 1000 1000 5 100 5 100 4 100 0 1
4467 -1 801 800 100 100 801 800 100 100 1000 1000 5 100 5 100 6 100 0 1
4468 -1 801 800 100 100 801 800 100 100 1000 1000 5 100 5 100 7 100 0 1
4469 -1 811 800 100 100 801 800 100 100 1000 1000 5 100 5 100 5 100 0 1
4470 -1 821 800 100 100 801 800 100 100 1000 1000 5 100 5 100 5 100 0 1
4471 -1 801 780 100 100 801 800 100 100 1000 1000 5 100 5 100 5 100 0 1
4472 -1 801 790 100 100 801 800 100 100 1000 1000 5 100 5 100 5 100 0 1
4473 -1 801 800 100 100 811 800 100 100 1000 1000 5 100 5 100 5 100 0 1
4474 -1 801 800 100 100 821 800 100 100 1000 1000 5 100 5 100 5 100 0 1
4475 -1 801 800 100 100 801 780 100 100 1000 1000 5 100 5 100 5 100 0 1
4476 -1 801 800 100 100 801 790 100 100 1000 1000 5 100 5 100 5 100 0 1
4477 -1 801 800 100 100 801 800 100 100 980 1000 5 100 5 100 5 100 0 1
4478 -1 801 800 100 100 801 800 100 100 990 1000 5 100 5 100 5 100 0 1
4479 -1 901 800 48 100 901 800 50 100 1000 1000 5 100 5 100 5 100 1 1
4480 -1 901 800 49 100 901 800 50 100 1000 1000 5 100 5 100 5 100 1 1
4481 -1 901 800 51 100 901 800 50 100 1000 1000 5 100 5 100 5 100 1 1
4482 -1 901 800 52 100 901 800 50 100 1000 1000 5 100 5 100 5 100 1 1
4483 -1 901 800 50 100 901 800 48 100 1000 1000 5 100 5 100 5 100 1 1
4484 -1 901 800 50 100 901 800 49 100 1000 1000 5 100 5 100 5 100 1 1
4485 -1 901 800 50 100 901 800 51 100 1000 1000 5 100 5 100 5 100 1 1
4486 -1 901 800 50 100 901 800 52 100 1000 1000 5 100 5 100 5 100 1 1
4487 -1 901 800 50 100 901 800 50 100 1000 1000 3 100 5 100 5 100 1 1
4488 -1 901 800 50 100 901 800 50 100 1000 1000 4 100 5 100 5 100 1 1
4489 -1 901 800 50 100 901 800 50 100 1000 1000 6 100 5 100 5 100 1 1
4490 -1 901 800 50 100 901 800 50 100 1000 1000 7 100 5 100 5 100 1 1
4491 -1 901 800 50 100 901 800 50 100 1000 1000 5 100 3 100 5 100 1 1
4492 -1 901 800 50 100 901 800 50 100 1000 1000 5 100 4 100 5 100 1 1
4493 -1 901 800 50 100 901 800 50 100 1000 1000 5 100 6 100 5 100 1 1
4494 -1 901 800 50 100 901 800 50 100 1000 1000 5 100 7 100 5 100 1 1
4495 -1 901 800 50 100 901 800 50 100 1000 1000 5 100 5 100 3 100 1 1
4496 -1 901 800 50 100 901 800 50 100 1000 1000 5 100 5 100 4 100 1 1
4497 -1 901 800 50 100 901 800 50 100 1000 1000 5 100 5 100 6 100 1 1
4498 -1 901 800 50 100 901 800 50 100 1000 1000 5 100 5 100 7 100 1 1
4499 -1 881 800 50 100 901 800 50 100 1000 1000 5 100 5 100 5 100 1 1
4500 -1 891 800 50 100 901 800 50 100 1000 1000 5 100 5 100 5 100 1 1
4501 -1 911 800 50 100 901 800 50 100 1000 1000 5 100 5 100 5 100 1 1
4502 -1 921 800 50 100 901 800 50 100 1000 1000 5 100 5 100 5 100 1 1
4503 -1 901 780 50 100 901 800 50 100 1000 1000 5 100 5 100 5 100 1 1
4504 -1 901 790 50 100 901 800 50 100 1000 1000 5 100 5 100 5 100 1 1
4505 -1 901 810 50 100 901 800 50 100 1000 1000 5 100 5 100 5 100 1 1
4506 -1 901 820 50 100 901 800 50 100 1000 1000 5 100 5 100 5 100 1 1
4507 -1 901 800 50 100 881 800 50 100 1000 1000 5 100 5 100 5 100 1 1
4508 -1 901 800 50 100 891 800 50 100 1000 1000 5 100 5 100 5 100 1 1
4509 -1 901 800 50 100 911 800 50 100 1000 1000 5 100 5 100 5 100 1 1
4510 -1 901 800 50 100 921 800 50 100 1000 1000 5 100 5 100 5 100 1 1
4511 -1 901 800 50 100 901 780 50 100 1000 1000 5 100 5 100 5 100 1 1
4512 -1 901 800 50 100 901 790 50 100 1000 1000 5 100 5 100 5 100 1 1
4513 -1 901 800 50 100 901 810 50 100 1000 1000 5 100 5 100 5 100 1 1
4514 -1 901 800 50 100 901 820 50 100 1000 1000 5 100 5 100 5 100 1 1
4515 -1 901 800 50 100 901 800 50 100 980 1000 5 100 5 100 5 100 1 1
4516 -1 901 800 50 100 901 800 50 100 990 1000 5 100 5 100 5 100 1 1
4517 -1 801 800 48 100 801 800 50 100 1000 1000 9 100 9 100 9 100 0 1
4518 -1 801 800 49 100 801 800 50 100 1000 1000 9 100 9 100 9 100 0 1
4519 -1 801 800 51 100 801 800 50 100 1000 1000 9 100 9 100 9 100 0 1
4520 -1 801 800 52 100 801 800 50 100 1000 1000 9 100 9 100 9 100 0 1
4521 -1 801 800 50 100 801 800 48 100 1000 1000 9 100 9 100 9 100 0 1
4522 -1 801 800 50 100 801 800 49 100 1000 1000 9 100 9 100 9 100 0 1
4523 -1 801 800 50 100 801 800 51 100 1000 1000 9 100 9 100 9 100 0 1
4524 -1 801 800 50 100 801 800 52 100 1000 1000 9 100 9 100 9 100 0 1
4525 -1 801 800 50 100 801 800 50 100 1000 1000 7 100 9 100 9 100 0 1
4526 -1 801 800 50 100 801 800 50 100 1000 1000 8 100 9 100 9 100 0 1
4527 -1 801 800 50 100 801 800 50 100 1000 1000 10 100 9 100 9 100 0 1
4528 -1 801 800 50 100 801 800 50 100 1000 1000 11 100 9 100 9 100 0 1
4529 -1 801 800 50 100 801 800 50 100 1000 1000 9 100 7 100 9 100 0 1
4530 -1 801 800 50 100 801 800 50 100 1000 1000 9 100 8 100 9 100 0 1
4531 -1 801 800 50 100 801 800 50 100 1000 1000 9 100 10 100 9 100 0 1
4532 -1 801 800 50 100 801 800 50 100 1000 1000 9 100 11 100 9 100 0 1
4533 -1 801 800 50 100 801 800 50 100 1000 1000 9 100 9 100 7 100 0 1
4534 -1 801 800 50 100 801 800 50 100 1000 1000 9 100 9 100 8 100 0 1
4535 -1 801 800 50 100 801 800 50 100 1000 1000 9 100 9 100 10 100 0 1
4536 -1 801 800 50 100 801 800 50 100 1000 1000 9 100 9 100 11 100 0 1
4537 -1 811 800 50 100 801 800 50 100 1000 1000 9 100 9 100 9 100 0 1
4538 -1 821 800 50 100 801 800 50 100 1000 1000 9 100 9 100 9 100 0 1
4539 -1 801 780 50 100 801 800 50 100 1000 1000 9 100 9 100 9 100 0 1
4540 -1 801 790 50 100 801 800 50 100 1000 1000 9 100 9 100 9 100 0 1
4541 -1 801 800 50 100 811 800 50 100 1000 1000 9 100 9 100 9 100 0 1
4542 -1 801 800 50 100 821 800 50 100 1000 1000 9 100 9 100 9 100 0 1
4543 -1 801 800 50 100 801 780 50 100 1000 1000 9 100 9 100 9 100 0 1
4544 -1 801 800 50 100 801 790 50 100 1000 1000 9 100 9 100 9 100 0 1
4545 -1 801 800 50 100 801 800 50 100 980 1000 9 100 9 100 9 100 0 1
4546 -1 801 800 50 100 801 800 50 100 990 1000 9 100 9 100 9 100 0 1
4547 -1 850 800 98 100 850 800 100 100 1000 1000 9 100 9 100 9 100 0 0
4548 -1 850 800 99 100 850 800 100 100 1000 1000 9 100 9 100 9 100 0 0
4549 -1 850 800 100 100 850 800 98 100 1000 1000 9 100 9 100 9 100 0 0
4550 -1 850 800 100 100 850 800 99 100 1000 1000 9 100 9 100 9 100 0 0
4551 -1 850 800 100 100 850 800 100 100 1000 1000 7 100 9 100 9 100 0 0
4552 -1 850 800 100 100 850 800 100 100 1000 1000 8 100 9 100 9 100 0 0
4553 -1 850 800 100 100 850 800 100 100 1000 1000 10 100 9 100 9 100 0 0
4554 -1 850 800 100 100 850 800 100 100 1000 1000 11 100 9 100 9 100 0 0
4555 -1 850 800 100 100 850 800 100 100 1000 1000 9 100 7 100 9 100 0 0
4556 -1 850 800 100 100 850 800 100 100 1000 1000 9 100 8 100 9 100 0 0
4557 -1 850 800 100 100 850 800 100 100 1000 1000 9 100 10 100 9 100 0 0
4558 -1 850 800 100 100 850 800 100 100 1000 1000 9 100 11 100 9 100 0 0
4559 -1 850 800 100 100 850 800 100 100 1000 1000 9 100 9 100 7 100 0 0
4560 -1 850 800 100 100 850 800 100 100 1000 1000 9 100 9 100 8 100 0 0
4561 -1 850 800 100 100 850 800 100 100 1000 1000 9 100 9 100 10 100 0 0
4562 -1 850 800 100 100 850 800 100 100 1000 1000 9 100 9 100 11 100 0 0
4563 -1 830 800 100 100 850 800 100 100 1000 1000 9 100 9 100 9 100 0 0
4564 -1 840 800 100 100 850 800 100 100 1000 1000 9 100 9 100 9 100 0 0
4565 -1 860 800 100 100 850 800 100 100 1000 1000 9 100 9 100 9 100 0 0
4566 -1 870 800 100 100 850 800 100 100 1000 1000 9 100 9 100 9 100 0 0
4567 -1 850 780 100 100 850 800 100 100 1000 1000 9 100 9 100 9 100 0 0
4568 -1 850 790 100 100 850 800 100 100 1000 1000 9 100 9 100 9 100 0 0
4569 -1 850 810 100 100 850 800 100 100 1000 1000 9 100 9 100 9 100 0 0
4570 -1 850 820 100 100 850 800 100 100 1000 1000 9 100 9 100 9 100 0 0
4571 -1 850 800 100 100 830 800 100 100 1000 1000 9 100 9 100 9 100 0 0
4572 -1 850 800 100 100 840 800 100 100 1000 1000 9 100 9 100 9 100 0 0
4573 -1 850 800 100 100 860 800 100 100 1000 1000 9 100 9 100 9 100 0 0
4574 -1 850 800 100 100 870 800 100 100 1000 1000 9 100 9 100 9 100 0 0
4575 -1 850 800 100 100 850 780 100 100 1000 1000 9 100 9 100 9 100 0 0
4576 -1 850 800 100 100 850 790 100 100 1000 1000 9 100 9 100 9 100 0 0
4577 -1 850 800 100 100 850 810 100 100 1000 1000 9 100 9 100 9 100 0 0
4578 -1 850 800 100 100 850 820 100 100 1000 1000 9 100 9 100 9 100 0 0
4579 -1 850 800 100 100 850 800 100 100 980 1000 9 100 9 100 9 100 0 0
4580 -1 850 800 100 100 850 800 100 100 990 1000 9 100 9 100 9 100 0 0
4581 -1 900 800 98 100 900 800 100 100 1000 1000 10 100 10 100 10 100 2 0
4582 -1 900 800 99 100 900 800 100 100 1000 1000 10 100 10 100 10 100 2 0
4583 -1 900 800 100 100 900 800 98 100 1000 1000 10 100 10 100 10 100 2 0
4584 -1 900 800 100 100 900 800 99 100 1000 1000 10 100 10 100 10 100 2 0
4585 -1 900 800 100 100 900 800 100 100 1000 1000 8 100 10 100 10 100 2 0
4586 -1 900 800 100 100 900 800 100 100 1000 1000 9 100 10 100 10 100 2 0
4587 -1 900 800 100 100 900 800 100 100 1000 1000 11 100 10 100 10 100 2 0
4588 -1 900 800 100 100 900 800 100 100 1000 1000 12 100 10 100 10 100 2 0
4589 -1 900 800 100 100 900 800 100 100 1000 1000 10 100 8 100 10 100 2 0
4590 -1 900 800 100 100 900 800 100 100 1000 1000 10 100 9 100 10 100 2 0
4591 -1 900 800 100 100 900 800 100 100 1000 1000 10 100 11 100 10 100 2 0
4592 -1 900 800 100 100 900 800 100 100 1000 1000 10 100 12 100 10 100 2 0
4593 -1 900 800 100 100 900 800 100 100 1000 1000 10 100 10 100 8 100 2 0
4594 -1 900 800 100 100 900 800 100 100 1000 1000 10 100 10 100 9 100 2 0
4595 -1 900 800 100 100 900 800 100 100 1000 1000 10 100 10 100 11 100 2 0
4596 -1 900 800 100 100 900 800 100 100 1000 1000 10 100 10 100 12 100 2 0
4597 -1 880 800 100 100 900 800 100 100 1000 1000 10 100 10 100 10 100 2 0
4598 -1 890 800 100 100 900 800 100 100 1000 1000 10 100 10 100 10 100 2 0
4599 -1 910 800 100 100 900 800 100 100 1000 1000 10 100 10 100 10 100 2 0
4600 -1 920 800 100 100 900 800 100 100 1000 1000 10 100 10 100 10 100 2 0
4601 -1 900 780 100 100 900 800 100 100 1000 1000 10 100 10 100 10 100 2 0
4602 -1 900 790 100 100 900 800 100 100 1000 1000 10 100 10 100 10 100 2 0
4603 -1 900 810 100 100 900 800 100 100 1000 1000 10 100 10 100 10 100 2 0
4604 -1 900 820 100 100 900 800 100 100 1000 1000 10 100 10 100 10 100 2 0
4605 -1 900 800 100 100 880 800 100 100 1000 1000 10 100 10 100 10 100 2 0
4606 -1 900 800 100 100 890 800 100 100 1000 1000 10 100 10 100 10 100 2 0
4607 -1 900 800 100 100 910 800 100 100 1000 1000 10 100 10 100 10 100 2 0
4608 -1 900 800 100 100 920 800 100 100 1000 1000 10 100 10 100 10 100 2 0
4609 -1 900 800 100 100 900 780 100 100 1000 1000 10 100 10 100 10 100 2 0
4610 -1 900 800 100 100 900 790 100 100 1000 1000 10 100 10 100 10 100 2 0
4611 -1 900 800 100 100 900 810 100 100 1000 1000 10 100 10 100 10 100 2 0
4612 -1 900 800 100 100 900 820 100 100 1000 1000 10 100 10 100 10 100 2 0
4613 -1 900 800 100 100 900 800 100 100 980 1000 10 100 10 100 10 100 2 0
4614 -1 900 800 100 100 900 800 100 100 990 1000 10 100 10 100 10 100 2 0
4615 -1 850 800 98 100 850 800 100 100 1000 1000 10 100 10 100 10 100 1 0
4616 -1 850 800 99 100 850 800 100 100 1000 1000 10 100 10 100 10 100 1 0
4617 -1 850 800 100 100 850 800 98 100 1000 1000 10 100 10 100 10 100 1 0
4618 -1 850 800 100 100 850 800 99 100 1000 1000 10 100 10 100 10 100 1 0
4619 -1 850 800 100 100 850 800 100 100 1000 1000 8 100 10 100 10 100 1 0
4620 -1 850 800 100 100 850 800 100 100 1000 1000 9 100 10 100 10 100 1 0
4621 -1 850 800 100 100 850 800 100 100 1000 1000 11 100 10 100 10 100 1 0
4622 -1 850 800 100 100 850 800 100 100 1000 1000 12 100 10 100 10 100 1 0
4623 -1 850 800 100 100 850 800 100 100 1000 1000 10 100 8 100 10 100 1 0
4624 -1 850 800 100 100 850 800 100 100 1000 1000 10 100 9 100 10 100 1 0
4625 -1 850 800 100 100 850 800 100 100 1000 1000 10 100 11 100 10 100 1 0
4626 -1 850 800 100 100 850 800 100 100 1000 1000 10 100 12 100 10 100 1 0
4627 -1 850 800 100 100 850 800 100 100 1000 1000 10 100 10 100 8 100 1 0
4628 -1 850 800 100 100 850 800 100 100 1000 1000 10 100 10 100 9 100 1 0
4629 -1 850 800 100 100 850 800 100 100 1000 1000 10 100 10 100 11 100 1 0
4630 -1 850 800 100 100 850 800 100 100 1000 1000 10 100 10 100 12 100 1 0
4631 -1 830 800 100 100 850 800 100 100 1000 1000 10 100 10 100 10 100 1 0
4632 -1 840 800 100 100 850 800 100 100 1000 1000 10 100 10 100 10 100 1 0
4633 -1 860 800 100 100 850 800 100 100 1000 1000 10 100 10 100 10 100 1 0
4634 -1 870 800 100 100 850 800 100 100 1000 1000 10 100 10 100 10 100 1 0
4635 -1 850 780 100 100 850 800 100 100 1000 1000 10 100 10 100 10 100 1 0
4636 -1 850 790 100 100 850 800 100 100 1000 1000 10 100 10 100 10 100 1 0
4637 -1 850 810 100 100 850 800 100 100 1000 1000 10 100 10 100 10 100 1 0
4638 -1 850 820 100 100 850 800 100 100 1000 1000 10 100 10 100 10 100 1 0
4639 -1 850 800 100 100 830 800 100 100 1000 1000 10 100 10 100 10 100 1 0
4640 -1 850 800 100 100 840 800 100 100 1000 1000 10 100 10 100 10 100 1 0
4641 -1 850 800 100 100 860 800 100 100 1000 1000 10 100 10 100 10 100 1 0
4642 -1 850 800 100 100 870 800 100 100 1000 1000 10 100 10 100 10 100 1 0
4643 -1 850 800 100 100 850 780 100 100 1000 1000 10 100 10 100 10 100 1 0
4644 -1 850 800 100 100 850 790 100 100 1000 1000 10 100 10 100 10 100 1 0
4645 -1 850 800 100 100 850 810 100 100 1000 1000 10 100 10 100 10 100 1 0
4646 -1 850 800 100 100 850 820 100 100 1000 1000 10 100 10 100 10 100 1 0
4647 -1 850 800 100 100 850 800 100 100 980 1000 10 100 10 100 10 100 1 0
4648 -1 850 800 100 100 850 800 100 100 990 1000 10 100 10 100 10 100 1 0
4649 -1 900 800 78 100 900 800 80 100 1000 1000 10 100 10 100 10 100 0 0
4650 -1 900 800 79 100 900 800 80 100 1000 1000 10 100 10 100 10 100 0 0
4651 -1 900 800 81 100 900 800 80 100 1000 1000 10 100 10 100 10 100 0 0
4652 -1 900 800 82 100 900 800 80 100 1000 1000 10 100 10 100 10 100 0 0
4653 -1 900 800 80 100 900 800 78 100 1000 1000 10 100 10 100 10 100 0 0
4654 -1 900 800 80 100 900 800 79 100 1000 1000 10 100 10 100 10 100 0 0
4655 -1 900 800 80 100 900 800 81 100 1000 1000 10 100 10 100 10 100 0 0
4656 -1 900 800 80 100 900 800 82 100 1000 1000 10 100 10 100 10 100 0 0
4657 -1 900 800 80 100 900 800 80 100 1000 1000 8 100 10 100 10 100 0 0
4658 -1 900 800 80 100 900 800 80 100 1000 1000 9 100 10 100 10 100 0 0
4659 -1 900 800 80 100 900 800 80 100 1000 1000 11 100 10 100 10 100 0 0
4660 -1 900 800 80 100 900 800 80 100 1000 1000 12 100 10 100 10 100 0 0
4661 -1 900 800 80 100 900 800 80 100 1000 1000 10 100 8 100 10 100 0 0
4662 -1 900 800 80 100 900 800 80 100 1000 1000 10 100 9 100 10 100 0 0
4663 -1 900 800 80 100 900 800 80 100 1000 1000 10 100 11 100 10 100 0 0
4664 -1 900 800 80 100 900 800 80 100 1000 1000 10 100 12 100 10 100 0 0
4665 -1 900 800 80 100 900 800 80 100 1000 1000 10 100 10 100 8 100 0 0
4666 -1 900 800 80 100 900 800 80 100 1000 1000 10 100 10 100 9 100 0 0
4667 -1 900 800 80 100 900 800 80 100 1000 1000 10 100 10 100 11 100 0 0
4668 -1 900 800 80 100 900 800 80 100 1000 1000 10 100 10 100 12 100 0 0
4669 -1 880 800 80 100 900 800 80 100 1000 1000 10 100 10 100 10 100 0 0
4670 -1 890 800 80 100 900 800 80 100 1000 1000 10 100 10 100 10 100 0 0
4671 -1 910 800 80 100 900 800 80 100 1000 1000 10 100 10 100 10 100 0 0
4672 -1 920 800 80 100 900 800 80 100 1000 1000 10 100 10 100 10 100 0 0
4673 -1 900 780 80 100 900 800 80 100 1000 1000 10 100 10 100 10 100 0 0
4674 -1 900 790 80 100 900 800 80 100 1000 1000 10 100 10 100 10 100 0 0
4675 -1 900 810 80 100 900 800 80 100 1000 1000 10 100 10 100 10 100 0 0
4676 -1 900 820 80 100 900 800 80 100 1000 1000 10 100 10 100 10 100 0 0
4677 -1 900 800 80 100 880 800 80 100 1000 1000 10 100 10 100 10 100 0 0
4678 -1 900 800 80 100 890 800 80 100 1000 1000 10 100 10 100 10 100 0 0
4679 -1 900 800 80 100 910 800 80 100 1000 1000 10 100 10 100 10 100 0 0
4680 -1 900 800 80 100 920 800 80 100 1000 1000 10 100 10 100 10 100 0 0
4681 -1 900 800 80 100 900 780 80 100 1000 1000 10 100 10 100 10 100 0 0
4682 -1 900 800 80 100 900 790 80 100 1000 1000 10 100 10 100 10 100 0 0
4683 -1 900 800 80 100 900 810 80 100 1000 1000 10 100 10 100 10 100 0 0
4684 -1 900 800 80 100 900 820 80 100 1000 1000 10 100 10 100 10 100 0 0
4685 -1 900 800 80 100 900 800 80 100 980 1000 10 100 10 100 10 100 0 0
4686 -1 900 800 80 100 900 800 80 100 990 1000 10 100 10 100 10 100 0 0
4687 -1 900 800 98 100 900 800 100 100 1000 1000 5 100 5 100 5 100 0 0
4688 -1 900 800 99 100 900 800 100 100 1000 1000 5 100 5 100 5 100 0 0
4689 -1 900 800 100 100 900 800 98 100 1000 1000 5 100 5 100 5 100 0 0
4690 -1 900 800 100 100 900 800 99 100 1000 1000 5 100 5 100 5 100 0 0
4691 -1 900 800 100 100 900 800 100 100 1000 1000 3 100 5 100 5 100 0 0
4692 -1 900 800 100 100 900 800 100 100 1000 1000 4 100 5 100 5 100 0 0
4693 -1 900 800 100 100 900 800 100 100 1000 1000 6 100 5 100 5 100 0 0
4694 -1 900 800 100 100 900 800 100 100 1000 1000 7 100 5 100 5 100 0 0
4695 -1 900 800 100 100 900 800 100 100 1000 1000 5 100 3 100 5 100 0 0
4696 -1 900 800 100 100 900 800 100 100 1000 1000 5 100 4 100 5 100 0 0
4697 -1 900 800 100 100 900 800 100 100 1000 1000 5 100 6 100 5 100 0 0
4698 -1 900 800 100 100 900 800 100 100 1000 1000 5 100 7 100 5 100 0 0
4699 -1 900 800 100 100 900 800 100 100 1000 1000 5 100 5 100 3 100 0 0
4700 -1 900 800 100 100 900 800 100 100 1000 1000 5 100 5 100 4 100 0 0
4701 -1 900 800 100 100 900 800 100 100 1000 1000 5 100 5 100 6 100 0 0
4702 -1 900 800 100 100 900 800 100 100 1000 1000 5 100 5 100 7 100 0 0
4703 -1 880 800 100 100 900 800 100 100 1000 1000 5 100 5 100 5 100 0 0
4704 -1 890 800 100 100 900 800 100 100 1000 1000 5 100 5 100 5 100 0 0
4705 -1 910 800 100 100 900 800 100 100 1000 1000 5 100 5 100 5 100 0 0
4706 -1 920 800 100 100 900 800 100 100 1000 1000 5 100 5 100 5 100 0 0
4707 -1 900 780 100 100 900 800 100 100 1000 1000 5 100 5 100 5 100 0 0
4708 -1 900 790 100 100 900 800 100 100 1000 1000 5 100 5 100 5 100 0 0
4709 -1 900 810 100 100 900 800 100 100 1000 1000 5 100 5 100 5 100 0 0
4710 -1 900 820 100 100 900 800 100 100 1000 1000 5 100 5 100 5 100 0 0
4711 -1 900 800 100 100 880 800 100 100 1000 1000 5 100 5 100 5 100 0 0
4712 -1 900 800 100 100 890 800 100 100 1000 1000 5 100 5 100 5 100 0 0
4713 -1 900 800 100 100 910 800 100 100 1000 1000 5 100 5 100 5 100 0 0
4714 -1 900 800 100 100 920 800 100 100 1000 1000 5 100 5 100 5 100 0 0
4715 -1 900 800 100 100 900 780 100 100 1000 1000 5 100 5 100 5 100 0 0
4716 -1 900 800 100 100 900 790 100 100 1000 1000 5 100 5 100 5 100 0 0
4717 -1 900 800 100 100 900 810 100 100 1000 1000 5 100 5 100 5 100 0 0
4718 -1 900 800 100 100 900 820 100 100 1000 1000 5 100 5 100 5 100 0 0
4719 -1 900 800 100 100 900 800 100 100 980 1000 5 100 5 100 5 100 0 0
4720 -1 900 800 100 100 900 800 100 100 990 1000 5 100 5 100 5 100 0 0
4721 -1 850 800 78 100 850 800 80 100 1000 1000 5 100 5 100 5 100 1 0
4722 -1 850 800 79 100 850 800 80 100 1000 1000 5 100 5 100 5 100 1 0
4723 -1 850 800 81 100 850 800 80 100 1000 1000 5 100 5 100 5 100 1 0
4724 -1 850 800 82 100 850 800 80 100 1000 1000 5 100 5 100 5 100 1 0
4725 -1 850 800 80 100 850 800 78 100 1000 1000 5 100 5 100 5 100 1 0
4726 -1 850 800 80 100 850 800 79 100 1000 1000 5 100 5 100 5 100 1 0
4727 -1 850 800 80 100 850 800 81 100 1000 1000 5 100 5 100 5 100 1 0
4728 -1 850 800 80 100 850 800 82 100 1000 1000 5 100 5 100 5 100 1 0
4729 -1 850 800 80 100 850 800 80 100 1000 1000 3 100 5 100 5 100 1 0
4730 -1 850 800 80 100 850 800 80 100 1000 1000 4 100 5 100 5 100 1 0
4731 -1 850 800 80 100 850 800 80 100 1000 1000 6 100 5 100 5 100 1 0
4732 -1 850 800 80 100 850 800 80 100 1000 1000 7 100 5 100 5 100 1 0
4733 -1 850 800 80 100 850 800 80 100 1000 1000 5 100 3 100 5 100 1 0
4734 -1 850 800 80 100 850 800 80 100 1000 1000 5 100 4 100 5 100 1 0
4735 -1 850 800 80 100 850 800 80 100 1000 1000 5 100 6 100 5 100 1 0
4736 -1 850 800 80 100 850 800 80 100 1000 1000 5 100 7 100 5 100 1 0
4737 -1 850 800 80 100 850 800 80 100 1000 1000 5 100 5 100 3 100 1 0
4738 -1 850 800 80 100 850 800 80 100 1000 1000 5 100 5 100 4 100 1 0
4739 -1 850 800 80 100 850 800 80 100 1000 1000 5 100 5 100 6 100 1 0
4740 -1 850 800 80 100 850 800 80 100 1000 1000 5 100 5 100 7 100 1 0
4741 -1 830 800 80 100 850 800 80 100 1000 1000 5 100 5 100 5 100 1 0
4742 -1 840 800 80 100 850 800 80 100 1000 1000 5 100 5 100 5 100 1 0
4743 -1 860 800 80 100 850 800 80 100 1000 1000 5 100 5 100 5 100 1 0
4744 -1 870 800 80 100 850 800 80 100 1000 1000 5 100 5 100 5 100 1 0
4745 -1 850 780 80 100 850 800 80 100 1000 1000 5 100 5 100 5 100 1 0
4746 -1 850 790 80 100 850 800 80 100 1000 1000 5 100 5 100 5 100 1 0
4747 -1 850 810 80 100 850 800 80 100 1000 1000 5 100 5 100 5 100 1 0
4748 -1 850 820 80 100 850 800 80 100 1000 1000 5 100 5 100 5 100 1 0
4749 -1 850 800 80 100 830 800 80 100 1000 1000 5 100 5 100 5 100 1 0
4750 -1 850 800 80 100 840 800 80 100 1000 1000 5 100 5 100 5 100 1 0
4751 -1 850 800 80 100 860 800 80 100 1000 1000 5 100 5 100 5 100 1 0
4752 -1 850 800 80 100 870 800 80 100 1000 1000 5 100 5 100 5 100 1 0
4753 -1 850 800 80 100 850 780 80 100 1000 1000 5 100 5 100 5 100 1 0
4754 -1 850 800 80 100 850 790 80 100 1000 1000 5 100 5 100 5 100 1 0
4755 -1 850 800 80 100 850 810 80 100 1000 1000 5 100 5 100 5 100 1 0
4756 -1 850 800 80 100 850 820 80 100 1000 1000 5 100 5 100 5 100 1 0
4757 -1 850 800 80 100 850 800 80 100 980 1000 5 100 5 100 5 100 1 0
4758 -1 850 800 80 100 850 800 80 100 990 1000 5 100 5 100 5 100 1 0
4759 -1 950 800 98 100 950 800 100 100 1000 1000 9 100 9 100 9 100 2 0
4760 -1 950 800 99 100 950 800 100 100 1000 1000 9 100 9 100 9 100 2 0
4761 -1 950 800 100 100 950 800 98 100 1000 1000 9 100 9 100 9 100 2 0
4762 -1 950 800 100 100 950 800 99 100 1000 1000 9 100 9 100 9 100 2 0
4763 -1 950 800 100 100 950 800 100 100 1000 1000 7 100 9 100 9 100 2 0
4764 -1 950 800 100 100 950 800 100 100 1000 1000 8 100 9 100 9 100 2 0
4765 -1 950 800 100 100 950 800 100 100 1000 1000 10 100 9 100 9 100 2 0
4766 -1 950 800 100 100 950 800 100 100 1000 1000 11 100 9 100 9 100 2 0
4767 -1 950 800 100 100 950 800 100 100 1000 1000 9 100 7 100 9 100 2 0
4768 -1 950 800 100 100 950 800 100 100 1000 1000 9 100 8 100 9 100 2 0
4769 -1 950 800 100 100 950 800 100 100 1000 1000 9 100 10 100 9 100 2 0
4770 -1 950 800 100 100 950 800 100 100 1000 1000 9 100 11 100 9 100 2 0
4771 -1 950 800 100 100 950 800 100 100 1000 1000 9 100 9 100 7 100 2 0
4772 -1 950 800 100 100 950 800 100 100 1000 1000 9 100 9 100 8 100 2 0
4773 -1 950 800 100 100 950 800 100 100 1000 1000 9 100 9 100 10 100 2 0
4774 -1 950 800 100 100 950 800 100 100 1000 1000 9 100 9 100 11 100 2 0
4775 -1 930 800 100 100 950 800 100 100 1000 1000 9 100 9 100 9 100 2 0
4776 -1 940 800 100 100 950 800 100 100 1000 1000 9 100 9 100 9 100 2 0
4777 -1 960 800 100 100 950 800 100 100 1000 1000 9 100 9 100 9 100 2 0
4778 -1 970 800 100 100 950 800 100 100 1000 1000 9 100 9 100 9 100 2 0
4779 -1 950 780 100 100 950 800 100 100 1000 1000 9 100 9 100 9 100 2 0
4780 -1 950 790 100 100 950 800 100 100 1000 1000 9 100 9 100 9 100 2 0
4781 -1 950 810 100 100 950 800 100 100 1000 1000 9 100 9 100 9 100 2 0
4782 -1 950 820 100 100 950 800 100 100 1000 1000 9 100 9 100 9 100 2 0
4783 -1 950 800 100 100 930 800 100 100 1000 1000 9 100 9 100 9 100 2 0
4784 -1 950 800 100 100 940 800 100 100 1000 1000 9 100 9 100 9 100 2 0
4785 -1 950 800 100 100 960 800 100 100 1000 1000 9 100 9 100 9 100 2 0
4786 -1 950 800 100 100 970 800 100 100 1000 1000 9 100 9 100 9 100 2 0
4787 -1 950 800 100 100 950 780 100 100 1000 1000 9 100 9 100 9 100 2 0
4788 -1 950 800 100 100 950 790 100 100 1000 1000 9 100 9 100 9 100 2 0
4789 -1 950 800 100 100 950 810 100 100 1000 1000 9 100 9 100 9 100 2 0
4790 -1 950 800 100 100 950 820 100 100 1000 1000 9 100 9 100 9 100 2 0
4791 -1 950 800 100 100 950 800 100 100 980 1000 9 100 9 100 9 100 2 0
4792 -1 950 800 100 100 950 800 100 100 990 1000 9 100 9 100 9 100 2 0
4793 -1 950 800 98 100 950 800 100 100 1000 1000 10 100 10 100 10 100 2 0
4794 -1 950 800 99 100 950 800 100 100 1000 1000 10 100 10 100 10 100 2 0
4795 -1 950 800 100 100 950 800 98 100 1000 1000 10 100 10 100 10 100 2 0
4796 -1 950 800 100 100 950 800 99 100 1000 1000 10 100 10 100 10 100 2 0
4797 -1 950 800 100 100 950 800 100 100 1000 1000 8 100 10 100 10 100 2 0
4798 -1 950 800 100 100 950 800 100 100 1000 1000 9 100 10 100 10 100 2 0
4799 -1 950 800 100 100 950 800 100 100 1000 1000 11 100 10 100 10 100 2 0
4800 -1 950 800 100 100 950 800 100 100 1000 1000 12 100 10 100 10 100 2 0
4801 -1 950 800 100 100 950 800 100 100 1000 1000 10 100 8 100 10 100 2 0
4802 -1 950 800 100 100 950 800 100 100 1000 1000 10 100 9 100 10 100 2 0
4803 -1 950 800 100 100 950 800 100 100 1000 1000 10 100 11 100 10 100 2 0
4804 -1 950 800 100 100 950 800 100 100 1000 1000 10 100 12 100 10 100 2 0
4805 -1 950 800 100 100 950 800 100 100 1000 1000 10 100 10 100 8 100 2 0
4806 -1 950 800 100 100 950 800 100 100 1000 1000 10 100 10 100 9 100 2 0
4807 -1 950 800 100 100 950 800 100 100 1000 1000 10 100 10 100 11 100 2 0
4808 -1 950 800 100 100 950 800 100 100 1000 1000 10 100 10 100 12 100 2 0
4809 -1 930 800 100 100 950 800 100 100 1000 1000 10 100 10 100 10 100 2 0
4810 -1 940 800 100 100 950 800 100 100 1000 1000 10 100 10 100 10 100 2 0
4811 -1 960 800 100 100 950 800 100 100 1000 1000 10 100 10 100 10 100 2 0
4812 -1 970 800 100 100 950 800 100 100 1000 1000 10 100 10 100 10 100 2 0
4813 -1 950 780 100 100 950 800 100 100 1000 1000 10 100 10 100 10 100 2 0
4814 -1 950 790 100 100 950 800 100 100 1000 1000 10 100 10 100 10 100 2 0
4815 -1 950 810 100 100 950 800 100 100 1000 1000 10 100 10 100 10 100 2 0
4816 -1 950 820 100 100 950 800 100 100 1000 1000 10 100 10 100 10 100 2 0
4817 -1 950 800 100 100 930 800 100 100 1000 1000 10 100 10 100 10 100 2 0
4818 -1 950 800 100 100 940 800 100 100 1000 1000 10 100 10 100 10 100 2 0
4819 -1 950 800 100 100 960 800 100 100 1000 1000 10 100 10 100 10 100 2 0
4820 -1 950 800 100 100 970 800 100 100 1000 1000 10 100 10 100 10 100 2 0
4821 -1 950 800 100 100 950 780 100 100 1000 1000 10 100 10 100 10 100 2 0
4822 -1 950 800 100 100 950 790 100 100 1000 1000 10 100 10 100 10 100 2 0
4823 -1 950 800 100 100 950 810 100 100 1000 1000 10 100 10 100 10 100 2 0
4824 -1 950 800 100 100 950 820 100 100 1000 1000 10 100 10 100 10 100 2 0
4825 -1 950 800 100 100 950 800 100 100 980 1000 10 100 10 100 10 100 2 0
4826 -1 950 800 100 100 950 800 100 100 990 1000 10 100 10 100 10 100 2 0
4827 -1 900 800 78 100 900 800 80 100 1000 1000 10 100 10 100 10 100 2 0
4828 -1 900 800 79 100 900 800 80 100 1000 1000 10 100 10 100 10 100 2 0
4829 -1 900 800 81 100 900 800 80 100 1000 1000 10 100 10 100 10 100 2 0
4830 -1 900 800 82 100 900 800 80 100 1000 1000 10 100 10 100 10 100 2 0
4831 -1 900 800 80 100 900 800 78 100 1000 1000 10 100 10 100 10 100 2 0
4832 -1 900 800 80 100 900 800 79 100 1000 1000 10 100 10 100 10 100 2 0
4833 -1 900 800 80 100 900 800 81 100 1000 1000 10 100 10 100 10 100 2 0
4834 -1 900 800 80 100 900 800 82 100 1000 1000 10 100 10 100 10 100 2 0
4835 -1 900 800 80 100 900 800 80 100 1000 1000 8 100 10 100 10 100 2 0
4836 -1 900 800 80 100 900 800 80 100 1000 1000 9 100 10 100 10 100 2 0
4837 -1 900 800 80 100 900 800 80 100 1000 1000 11 100 10 100 10 100 2 0
4838 -1 900 800 80 100 900 800 80 100 1000 1000 12 100 10 100 10 100 2 0
4839 -1 900 800 80 100 900 800 80 100 1000 1000 10 100 8 100 10 100 2 0
4840 -1 900 800 80 100 900 800 80 100 1000 1000 10 100 9 100 10 100 2 0
4841 -1 900 800 80 100 900 800 80 100 1000 1000 10 100 11 100 10 100 2 0
4842 -1 900 800 80 100 900 800 80 100 1000 1000 10 100 12 100 10 100 2 0
4843 -1 900 800 80 100 900 800 80 100 1000 1000 10 100 10 100 8 100 2 0
4844 -1 900 800 80 100 900 800 80 100 1000 1000 10 100 10 100 9 100 2 0
4845 -1 900 800 80 100 900 800 80 100 1000 1000 10 100 10 100 11 100 2 0
4846 -1 900 800 80 100 900 800 80 100 1000 1000 10 100 10 100 12 100 2 0
4847 -1 880 800 80 100 900 800 80 100 1000 1000 10 100 10 100 10 100 2 0
4848 -1 890 800 80 100 900 800 80 100 1000 1000 10 100 10 100 10 100 2 0
4849 -1 910 800 80 100 900 800 80 100 1000 1000 10 100 10 100 10 100 2 0
4850 -1 920 800 80 100 900 800 80 100 1000 1000 10 100 10 100 10 100 2 0
4851 -1 900 780 80 100 900 800 80 100 1000 1000 10 100 10 100 10 100 2 0
4852 -1 900 790 80 100 900 800 80 100 1000 1000 10 100 10 100 10 100 2 0
4853 -1 900 810 80 100 900 800 80 100 1000 1000 10 100 10 100 10 100 2 0
4854 -1 900 820 80 100 900 800 80 100 1000 1000 10 100 10 100 10 100 2 0
4855 -1 900 800 80 100 880 800 80 100 1000 1000 10 100 10 100 10 100 2 0
4856 -1 900 800 80 100 890 800 80 100 1000 1000 10 100 10 100 10 100 2 0
4857 -1 900 800 80 100 910 800 80 100 1000 1000 10 100 10 100 10 100 2 0
4858 -1 900 800 80 100 920 800 80 100 1000 1000 10 100 10 100 10 100 2 0
4859 -1 900 800 80 100 900 780 80 100 1000 1000 10 100 10 100 10 100 2 0
4860 -1 900 800 80 100 900 790 80 100 1000 1000 10 100 10 100 10 100 2 0
4861 -1 900 800 80 100 900 810 80 100 1000 1000 10 100 10 100 10 100 2 0
4862 -1 900 800 80 100 900 820 80 100 1000 1000 10 100 10 100 10 100 2 0
4863 -1 900 800 80 100 900 800 80 100 980 1000 10 100 10 100 10 100 2 0
4864 -1 900 800 80 100 900 800 80 100 990 1000 10 100 10 100 10 100 2 0
4865 -1 850 800 98 100 850 800 100 100 1000 1000 10 100 10 100 10 100 0 0
4866 -1 850 800 99 100 850 800 100 100 1000 1000 10 100 10 100 10 100 0 0
4867 -1 850 800 100 100 850 800 98 100 1000 1000 10 100 10 100 10 100 0 0
4868 -1 850 800 100 100 850 800 99 100 1000 1000 10 100 10 100 10 100 0 0
4869 -1 850 800 100 100 850 800 100 100 1000 1000 8 100 10 100 10 100 0 0
4870 -1 850 800 100 100 850 800 100 100 1000 1000 9 100 10 100 10 100 0 0
4871 -1 850 800 100 100 850 800 100 100 1000 1000 11 100 10 100 10 100 0 0
4872 -1 850 800 100 100 850 800 100 100 1000 1000 12 100 10 100 10 100 0 0
4873 -1 850 800 100 100 850 800 100 100 1000 1000 10 100 8 100 10 100 0 0
4874 -1 850 800 100 100 850 800 100 100 1000 1000 10 100 9 100 10 100 0 0
4875 -1 850 800 100 100 850 800 100 100 1000 1000 10 100 11 100 10 100 0 0
4876 -1 850 800 100 100 850 800 100 100 1000 1000 10 100 12 100 10 100 0 0
4877 -1 850 800 100 100 850 800 100 100 1000 1000 10 100 10 100 8 100 0 0
4878 -1 850 800 100 100 850 800 100 100 1000 1000 10 100 10 100 9 100 0 0
4879 -1 850 800 100 100 850 800 100 100 1000 1000 10 100 10 100 11 100 0 0
4880 -1 850 800 100 100 850 800 100 100 1000 1000 10 100 10 100 12 100 0 0
4881 -1 830 800 100 100 850 800 100 100 1000 1000 10 100 10 100 10 100 0 0
4882 -1 840 800 100 100 850 800 100 100 1000 1000 10 100 10 100 10 100 0 0
4883 -1 860 800 100 100 850 800 100 100 1000 1000 10 100 10 100 10 100 0 0
4884 -1 870 800 100 100 850 800 100 100 1000 1000 10 100 10 100 10 100 0 0
4885 -1 850 780 100 100 850 800 100 100 1000 1000 10 100 10 100 10 100 0 0
4886 -1 850 790 100 100 850 800 100 100 1000 1000 10 100 10 100 10 100 0 0
4887 -1 850 810 100 100 850 800 100 100 1000 1000 10 100 10 100 10 100 0 0
4888 -1 850 820 100 100 850 800 100 100 1000 1000 10 100 10 100 10 100 0 0
4889 -1 850 800 100 100 830 800 100 100 1000 1000 10 100 10 100 10 100 0 0
4890 -1 850 800 100 100 840 800 100 100 1000 1000 10 100 10 100 10 100 0 0
4891 -1 850 800 100 100 860 800 100 100 1000 1000 10 100 10 100 10 100 0 0
4892 -1 850 800 100 100 870 800 100 100 1000 1000 10 100 10 100 10 100 0 0
4893 -1 850 800 100 100 850 780 100 100 1000 1000 10 100 10 100 10 100 0 0
4894 -1 850 800 100 100 850 790 100 100 1000 1000 10 100 10 100 10 100 0 0
4895 -1 850 800 100 100 850 810 100 100 1000 1000 10 100 10 100 10 100 0 0
4896 -1 850 800 100 100 850 820 100 100 1000 1000 10 100 10 100 10 100 0 0
4897 -1 850 800 100 100 850 800 100 100 980 1000 10 100 10 100 10 100 0 0
4898 -1 850 800 100 100 850 800 100 100 990 1000 10 100 10 100 10 100 0 0
4899 -1 850 800 78 100 850 800 80 100 1000 1000 9 100 9 100 9 100 1 0
4900 -1 850 800 79 100 850 800 80 100 1000 1000 9 100 9 100 9 100 1 0
4901 -1 850 800 81 100 850 800 80 100 1000 1000 9 100 9 100 9 100 1 0
4902 -1 850 800 82 100 850 800 80 100 1000 1000 9 100 9 100 9 100 1 0
4903 -1 850 800 80 100 850 800 78 100 1000 1000 9 100 9 100 9 100 1 0
4904 -1 850 800 80 100 850 800 79 100 1000 1000 9 100 9 100 9 100 1 0
4905 -1 850 800 80 100 850 800 81 100 1000 1000 9 100 9 100 9 100 1 0
4906 -1 850 800 80 100 850 800 82 100 1000 1000 9 100 9 100 9 100 1 0
4907 -1 850 800 80 100 850 800 80 100 1000 1000 7 100 9 100 9 100 1 0
4908 -1 850 800 80 100 850 800 80 100 1000 1000 8 100 9 100 9 100 1 0
4909 -1 850 800 80 100 850 800 80 100 1000 1000 10 100 9 100 9 100 1 0
4910 -1 850 800 80 100 850 800 80 100 1000 1000 11 100 9 100 9 100 1 0
4911 -1 850 800 80 100 850 800 80 100 1000 1000 9 100 7 100 9 100 1 0
4912 -1 850 800 80 100 850 800 80 100 1000 1000 9 100 8 100 9 100 1 0
4913 -1 850 800 80 100 850 800 80 100 1000 1000 9 100 10 100 9 100 1 0
4914 -1 850 800 80 100 850 800 80 100 1000 1000 9 100 11 100 9 100 1 0
4915 -1 850 800 80 100 850 800 80 100 1000 1000 9 100 9 100 7 100 1 0
4916 -1 850 800 80 100 850 800 80 100 1000 1000 9 100 9 100 8 100 1 0
4917 -1 850 800 80 100 850 800 80 100 1000 1000 9 100 9 100 10 100 1 0
4918 -1 850 800 80 100 850 800 80 100 1000 1000 9 100 9 100 11 100 1 0
4919 -1 830 800 80 100 850 800 80 100 1000 1000 9 100 9 100 9 100 1 0
4920 -1 840 800 80 100 850 800 80 100 1000 1000 9 100 9 100 9 100 1 0
4921 -1 860 800 80 100 850 800 80 100 1000 1000 9 100 9 100 9 100 1 0
4922 -1 870 800 80 100 850 800 80 100 1000 1000 9 100 9 100 9 100 1 0
4923 -1 850 780 80 100 850 800 80 100 1000 1000 9 100 9 100 9 100 1 0
4924 -1 850 790 80 100 850 800 80 100 1000 1000 9 100 9 100 9 100 1 0
4925 -1 850 810 80 100 850 800 80 100 1000 1000 9 100 9 100 9 100 1 0
4926 -1 850 820 80 100 850 800 80 100 1000 1000 9 100 9 100 9 100 1 0
4927 -1 850 800 80 100 830 800 80 100 1000 1000 9 100 9 100 9 100 1 0
4928 -1 850 800 80 100 840 800 80 100 1000 1000 9 100 9 100 9 100 1 0
4929 -1 850 800 80 100 860 800 80 100 1000 1000 9 100 9 100 9 100 1 0
4930 -1 850 800 80 100 870 800 80 100 1000 1000 9 100 9 100 9 100 1 0
4931 -1 850 800 80 100 850 780 80 100 1000 1000 9 100 9 100 9 100 1 0
4932 -1 850 800 80 100 850 790 80 100 1000 1000 9 100 9 100 9 100 1 0
4933 -1 850 800 80 100 850 810 80 100 1000 1000 9 100 9 100 9 100 1 0
4934 -1 850 800 80 100 850 820 80 100 1000 1000 9 100 9 100 9 100 1 0
4935 -1 850 800 80 100 850 800 80 100 980 1000 9 100 9 100 9 100 1 0
4936 -1 850 800 80 100 850 800 80 100 990 1000 9 100 9 100 9 100 1 0
4937 -1 900 800 78 100 900 800 80 100 1000 1000 5 100 5 100 5 100 1 0
4938 -1 900 800 79 100 900 800 80 100 1000 1000 5 100 5 100 5 100 1 0
4939 -1 900 800 81 100 900 800 80 100 1000 1000 5 100 5 100 5 100 1 0
4940 -1 900 800 82 100 900 800 80 100 1000 1000 5 100 5 100 5 100 1 0
4941 -1 900 800 80 100 900 800 78 100 1000 1000 5 100 5 100 5 100 1 0
4942 -1 900 800 80 100 900 800 79 100 1000 1000 5 100 5 100 5 100 1 0
4943 -1 900 800 80 100 900 800 81 100 1000 1000 5 100 5 100 5 100 1 0
4944 -1 900 800 80 100 900 800 82 100 1000 1000 5 100 5 100 5 100 1 0
4945 -1 900 800 80 100 900 800 80 100 1000 1000 3 100 5 100 5 100 1 0
4946 -1 900 800 80 100 900 800 80 100 1000 1000 4 100 5 100 5 100 1 0
4947 -1 900 800 80 100 900 800 80 100 1000 1000 6 100 5 100 5 100 1 0
4948 -1 900 800 80 100 900 800 80 100 1000 1000 7 100 5 100 5 100 1 0
4949 -1 900 800 80 100 900 800 80 100 1000 1000 5 100 3 100 5 100 1 0
4950 -1 900 800 80 100 900 800 80 100 1000 1000 5 100 4 100 5 100 1 0
4951 -1 900 800 80 100 900 800 80 100 1000 1000 5 100 6 100 5 100 1 0
4952 -1 900 800 80 100 900 800 80 100 1000 1000 5 100 7 100 5 100 1 0
4953 -1 900 800 80 100 900 800 80 100 1000 1000 5 100 5 100 3 100 1 0
4954 -1 900 800 80 100 900 800 80 100 1000 1000 5 100 5 100 4 100 1 0
4955 -1 900 800 80 100 900 800 80 100 1000 1000 5 100 5 100 6 100 1 0
4956 -1 900 800 80 100 900 800 80 100 1000 1000 5 100 5 100 7 100 1 0
4957 -1 880 800 80 100 900 800 80 100 1000 1000 5 100 5 100 5 100 1 0
4958 -1 890 800 80 100 900 800 80 100 1000 1000 5 100 5 100 5 100 1 0
4959 -1 910 800 80 100 900 800 80 100 1000 1000 5 100 5 100 5 100 1 0
4960 -1 920 800 80 100 900 800 80 100 1000 1000 5 100 5 100 5 100 1 0
4961 -1 900 780 80 100 900 800 80 100 1000 1000 5 100 5 100 5 100 1 0
4962 -1 900 790 80 100 900 800 80 100 1000 1000 5 100 5 100 5 100 1 0
4963 -1 900 810 80 100 900 800 80 100 1000 1000 5 100 5 100 5 100 1 0
4964 -1 900 820 80 100 900 800 80 100 1000 1000 5 100 5 100 5 100 1 0
4965 -1 900 800 80 100 880 800 80 100 1000 1000 5 100 5 100 5 100 1 0
4966 -1 900 800 80 100 890 800 80 100 1000 1000 5 100 5 100 5 100 1 0
4967 -1 900 800 80 100 910 800 80 100 1000 1000 5 100 5 100 5 100 1 0
4968 -1 900 800 80 100 920 800 80 100 1000 1000 5 100 5 100 5 100 1 0
4969 -1 900 800 80 100 900 780 80 100 1000 1000 5 100 5 100 5 100 1 0
4970 -1 900 800 80 100 900 790 80 100 1000 1000 5 100 5 100 5 100 1 0
4971 -1 900 800 80 100 900 810 80 100 1000 1000 5 100 5 100 5 100 1 0
4972 -1 900 800 80 100 900 820 80 100 1000 1000 5 100 5 100 5 100 1 0
4973 -1 900 800 80 100 900 800 80 100 980 1000 5 100 5 100 5 100 1 0
4974 -1 900 800 80 100 900 800 80 100 990 1000 5 100 5 100 5 100 1 0
4975 -1 850 800 98 100 850 800 100 100 1000 1000 5 100 5 100 5 100 0 0
4976 -1 850 800 99 100 850 800 100 100 1000 1000 5 100 5 100 5 100 0 0
4977 -1 850 800 100 100 850 800 98 100 1000 1000 5 100 5 100 5 100 0 0
4978 -1 850 800 100 100 850 800 99 100 1000 1000 5 100 5 100 5 100 0 0
4979 -1 850 800 100 100 850 800 100 100 1000 1000 3 100 5 100 5 100 0 0
4980 -1 850 800 100 100 850 800 100 100 1000 1000 4 100 5 100 5 100 0 0
4981 -1 850 800 100 100 850 800 100 100 1000 1000 6 100 5 100 5 100 0 0
4982 -1 850 800 100 100 850 800 100 100 1000 1000 7 100 5 100 5 100 0 0
4983 -1 850 800 100 100 850 800 100 100 1000 1000 5 100 3 100 5 100 0 0
4984 -1 850 800 100 100 850 800 100 100 1000 1000 5 100 4 100 5 100 0 0
4985 -1 850 800 100 100 850 800 100 100 1000 1000 5 100 6 100 5 100 0 0
4986 -1 850 800 100 100 850 800 100 100 1000 1000 5 100 7 100 5 100 0 0
4987 -1 850 800 100 100 850 800 100 100 1000 1000 5 100 5 100 3 100 0 0
4988 -1 850 800 100 100 850 800 100 100 1000 1000 5 100 5 100 4 100 0 0
4989 -1 850 800 100 100 850 800 100 100 1000 1000 5 100 5 100 6 100 0 0
4990 -1 850 800 100 100 850 800 100 100 1000 1000 5 100 5 100 7 100 0 0
4991 -1 830 800 100 100 850 800 100 100 1000 1000 5 100 5 100 5 100 0 0
4992 -1 840 800 100 100 850 800 100 100 1000 1000 5 100 5 100 5 100 0 0
4993 -1 860 800 100 100 850 800 100 100 1000 1000 5 100 5 100 5 100 0 0
4994 -1 870 800 100 100 850 800 100 100 1000 1000 5 100 5 100 5 100 0 0
4995 -1 850 780 100 100 850 800 100 100 1000 1000 5 100 5 100 5 100 0 0
4996 -1 850 790 100 100 850 800 100 100 1000 1000 5 100 5 100 5 100 0 0
4997 -1 850 810 100 100 850 800 100 100 1000 1000 5 100 5 100 5 100 0 0
4998 -1 850 820 100 100 850 800 100 100 1000 1000 5 100 5 100 5 100 0 0
4999 -1 850 800 100 100 830 800 100 100 1000 1000 5 100 5 100 5 100 0 0
5000 -1 850 800 100 100 840 800 100 100 1000 1000 5 100 5 100 5 100 0 0
5001 -1 850 800 100 100 860 800 100 100 1000 1000 5 100 5 100 5 100 0 0
5002 -1 850 800 100 100 870 800 100 100 1000 1000 5 100 5 100 5 100 0 0
5003 -1 850 800 100 100 850 780 100 100 1000 1000 5 100 5 100 5 100 0 0
5004 -1 850 800 100 100 850 790 100 100 1000 1000 5 100 5 100 5 100 0 0
5005 -1 850 800 100 100 850 810 100 100 1000 1000 5 100 5 100 5 100 0 0
5006 -1 850 800 100 100 850 820 100 100 1000 1000 5 100 5 100 5 100 0 0
5007 -1 850 800 100 100 850 800 100 100 980 1000 5 100 5 100 5 100 0 0
5008 -1 850 800 100 100 850 800 100 100 990 1000 5 100 5 100 5 100 0 0
5009 -1 950 800 98 100 950 800 100 100 1000 1000 9 100 9 100 9 100 0 0
5010 -1 950 800 99 100 950 800 100 100 1000 1000 9 100 9 100 9 100 0 0
5011 -1 950 800 100 100 950 800 98 100 1000 1000 9 100 9 100 9 100 0 0
5012 -1 950 800 100 100 950 800 99 100 1000 1000 9 100 9 100 9 100 0 0
5013 -1 950 800 100 100 950 800 100 100 1000 1000 7 100 9 100 9 100 0 0
5014 -1 950 800 100 100 950 800 100 100 1000 1000 8 100 9 100 9 100 0 0
5015 -1 950 800 100 100 950 800 100 100 1000 1000 10 100 9 100 9 100 0 0
5016 -1 950 800 100 100 950 800 100 100 1000 1000 11 100 9 100 9 100 0 0
5017 -1 950 800 100 100 950 800 100 100 1000 1000 9 100 7 100 9 100 0 0
5018 -1 950 800 100 100 950 800 100 100 1000 1000 9 100 8 100 9 100 0 0
5019 -1 950 800 100 100 950 800 100 100 1000 1000 9 100 10 100 9 100 0 0
5020 -1 950 800 100 100 950 800 100 100 1000 1000 9 100 11 100 9 100 0 0
5021 -1 950 800 100 100 950 800 100 100 1000 1000 9 100 9 100 7 100 0 0
5022 -1 950 800 100 100 950 800 100 100 1000 1000 9 100 9 100 8 100 0 0
5023 -1 950 800 100 100 950 800 100 100 1000 1000 9 100 9 100 10 100 0 0
5024 -1 950 800 100 100 950 800 100 100 1000 1000 9 100 9 100 11 100 0 0
5025 -1 930 800 100 100 950 800 100 100 1000 1000 9 100 9 100 9 100 0 0
5026 -1 940 800 100 100 950 800 100 100 1000 1000 9 100 9 100 9 100 0 0
5027 -1 960 800 100 100 950 800 100 100 1000 1000 9 100 9 100 9 100 0 0
5028 -1 970 800 100 100 950 800 100 100 1000 1000 9 100 9 100 9 100 0 0
5029 -1 950 780 100 100 950 800 100 100 1000 1000 9 100 9 100 9 100 0 0
5030 -1 950 790 100 100 950 800 100 100 1000 1000 9 100 9 100 9 100 0 0
5031 -1 950 810 100 100 950 800 100 100 1000 1000 9 100 9 100 9 100 0 0
5032 -1 950 820 100 100 950 800 100 100 1000 1000 9 100 9 100 9 100 0 0
5033 -1 950 800 100 100 930 800 100 100 1000 1000 9 100 9 100 9 100 0 0
5034 -1 950 800 100 100 940 800 100 100 1000 1000 9 100 9 100 9 100 0 0
5035 -1 950 800 100 100 960 800 100 100 1000 1000 9 100 9 100 9 100 0 0
5036 -1 950 800 100 100 970 800 100 100 1000 1000 9 100 9 100 9 100 0 0
5037 -1 950 800 100 100 950 780 100 100 1000 1000 9 100 9 100 9 100 0 0
5038 -1 950 800 100 100 950 790 100 100 1000 1000 9 100 9 100 9 100 0 0
5039 -1 950 800 100 100 950 810 100 100 1000 1000 9 100 9 100 9 100 0 0
5040 -1 950 800 100 100 950 820 100 100 1000 1000 9 100 9 100 9 100 0 0
5041 -1 950 800 100 100 950 800 100 100 980 1000 9 100 9 100 9 100 0 0
5042 -1 950 800 100 100 950 800 100 100 990 1000 9 100 9 100 9 100 0 0
5043 -1 900 800 98 100 900 800 100 100 1000 1000 5 100 5 100 5 100 1 0
5044 -1 900 800 99 100 900 800 100 100 1000 1000 5 100 5 100 5 100 1 0
5045 -1 900 800 100 100 900 800 98 100 1000 1000 5 100 5 100 5 100 1 0
5046 -1 900 800 100 100 900 800 99 100 1000 1000 5 100 5 100 5 100 1 0
5047 -1 900 800 100 100 900 800 100 100 1000 1000 3 100 5 100 5 100 1 0
5048 -1 900 800 100 100 900 800 100 100 1000 1000 4 100 5 100 5 100 1 0
5049 -1 900 800 100 100 900 800 100 100 1000 1000 6 100 5 100 5 100 1 0
5050 -1 900 800 100 100 900 800 100 100 1000 1000 7 100 5 100 5 100 1 0
5051 -1 900 800 100 100 900 800 100 100 1000 1000 5 100 3 100 5 100 1 0
5052 -1 900 800 100 100 900 800 100 100 1000 1000 5 100 4 100 5 100 1 0
5053 -1 900 800 100 100 900 800 100 100 1000 1000 5 100 6 100 5 100 1 0
5054 -1 900 800 100 100 900 800 100 100 1000 1000 5 100 7 100 5 100 1 0
5055 -1 900 800 100 100 900 800 100 100 1000 1000 5 100 5 100 3 100 1 0
5056 -1 900 800 100 100 900 800 100 100 1000 1000 5 100 5 100 4 100 1 0
5057 -1 900 800 100 100 900 800 100 100 1000 1000 5 100 5 100 6 100 1 0
5058 -1 900 800 100 100 900 800 100 100 1000 1000 5 100 5 100 7 100 1 0
5059 -1 880 800 100 100 900 800 100 100 1000 1000 5 100 5 100 5 100 1 0
5060 -1 890 800 100 100 900 800 100 100 1000 1000 5 100 5 100 5 100 1 0
5061 -1 910 800 100 100 900 800 100 100 1000 1000 5 100 5 100 5 100 1 0
5062 -1 920 800 100 100 900 800 100 100 1000 1000 5 100 5 100 5 100 1 0
5063 -1 900 780 100 100 900 800 100 100 1000 1000 5 100 5 100 5 100 1 0
5064 -1 900 790 100 100 900 800 100 100 1000 1000 5 100 5 100 5 100 1 0
5065 -1 900 810 100 100 900 800 100 100 1000 1000 5 100 5 100 5 100 1 0
5066 -1 900 820 100 100 900 800 100 100 1000 1000 5 100 5 100 5 100 1 0
5067 -1 900 800 100 100 880 800 100 100 1000 1000 5 100 5 100 5 100 1 0
5068 -1 900 800 100 100 890 800 100 100 1000 1000 5 100 5 100 5 100 1 0
5069 -1 900 800 100 100 910 800 100 100 1000 1000 5 100 5 100 5 100 1 0
5070 -1 900 800 100 100 920 800 100 100 1000 1000 5 100 5 100 5 100 1 0
5071 -1 900 800 100 100 900 780 100 100 1000 1000 5 100 5 100 5 100 1 0
5072 -1 900 800 100 100 900 790 100 100 1000 1000 5 100 5 100 5 100 1 0
5073 -1 900 800 100 100 900 810 100 100 1000 1000 5 100 5 100 5 100 1 0
5074 -1 900 800 100 100 900 820 100 100 1000 1000 5 100 5 100 5 100 1 0
5075 -1 900 800 100 100 900 800 100 100 980 1000 5 100 5 100 5 100 1 0
5076 -1 900 800 100 100 900 800 100 100 990 1000 5 100 5 100 5 100 1 0
5077 -1 950 800 78 100 950 800 80 100 1000 1000 5 100 5 100 5 100 1 0
5078 -1 950 800 79 100 950 800 80 100 1000 1000 5 100 5 100 5 100 1 0
5079 -1 950 800 81 100 950 800 80 100 1000 1000 5 100 5 100 5 100 1 0
5080 -1 950 800 82 100 950 800 80 100 1000 1000 5 100 5 100 5 100 1 0
5081 -1 950 800 80 100 950 800 78 100 1000 1000 5 100 5 100 5 100 1 0
5082 -1 950 800 80 100 950 800 79 100 1000 1000 5 100 5 100 5 100 1 0
5083 -1 950 800 80 100 950 800 81 100 1000 1000 5 100 5 100 5 100 1 0
5084 -1 950 800 80 100 950 800 82 100 1000 1000 5 100 5 100 5 100 1 0
5085 -1 950 800 80 100 950 800 80 100 1000 1000 3 100 5 100 5 100 1 0
5086 -1 950 800 80 100 950 800 80 100 1000 1000 4 100 5 100 5 100 1 0
5087 -1 950 800 80 100 950 800 80 100 1000 1000 6 100 5 100 5 100 1 0
5088 -1 950 800 80 100 950 800 80 100 1000 1000 7 100 5 100 5 100 1 0
5089 -1 950 800 80 100 950 800 80 100 1000 1000 5 100 3 100 5 100 1 0
5090 -1 950 800 80 100 950 800 80 100 1000 1000 5 100 4 100 5 100 1 0
5091 -1 950 800 80 100 950 800 80 100 1000 1000 5 100 6 100 5 100 1 0
5092 -1 950 800 80 100 950 800 80 100 1000 1000 5 100 7 100 5 100 1 0
5093 -1 950 800 80 100 950 800 80 100 1000 1000 5 100 5 100 3 100 1 0
5094 -1 950 800 80 100 950 800 80 100 1000 1000 5 100 5 100 4 100 1 0
5095 -1 950 800 80 100 950 800 80 100 1000 1000 5 100 5 100 6 100 1 0
5096 -1 950 800 80 100 950 800 80 100 1000 1000 5 100 5 100 7 100 1 0
5097 -1 930 800 80 100 950 800 80 100 1000 1000 5 100 5 100 5 100 1 0
5098 -1 940 800 80 100 950 800 80 100 1000 1000 5 100 5 100 5 100 1 0
5099 -1 960 800 80 100 950 800 80 100 1000 1000 5 100 5 100 5 100 1 0
5100 -1 970 800 80 100 950 800 80 100 1000 1000 5 100 5 100 5 100 1 0
5101 -1 950 780 80 100 950 800 80 100 1000 1000 5 100 5 100 5 100 1 0
5102 -1 950 790 80 100 950 800 80 100 1000 1000 5 100 5 100 5 100 1 0
5103 -1 950 810 80 100 950 800 80 100 1000 1000 5 100 5 100 5 100 1 0
5104 -1 950 820 80 100 950 800 80 100 1000 1000 5 100 5 100 5 100 1 0
5105 -1 950 800 80 100 930 800 80 100 1000 1000 5 100 5 100 5 100 1 0
5106 -1 950 800 80 100 940 800 80 100 1000 1000 5 100 5 100 5 100 1 0
5107 -1 950 800 80 100 960 800 80 100 1000 1000 5 100 5 100 5 100 1 0
5108 -1 950 800 80 100 970 800 80 100 1000 1000 5 100 5 100 5 100 1 0
5109 -1 950 800 80 100 950 780 80 100 1000 1000 5 100 5 100 5 100 1 0
5110 -1 950 800 80 100 950 790 80 100 1000 1000 5 100 5 100 5 100 1 0
5111 -1 950 800 80 100 950 810 80 100 1000 1000 5 100 5 100 5 100 1 0
5112 -1 950 800 80 100 950 820 80 100 1000 1000 5 100 5 100 5 100 1 0
5113 -1 950 800 80 100 950 800 80 100 980 1000 5 100 5 100 5 100 1 0
5114 -1 950 800 80 100 950 800 80 100 990 1000 5 100 5 100 5 100 1 0
5115 -1 950 800 98 100 950 800 100 100 1000 1000 5 100 5 100 5 100 1 0
5116 -1 950 800 99 100 950 800 100 100 1000 1000 5 100 5 100 5 100 1 0
5117 -1 950 800 100 100 950 800 98 100 1000 1000 5 100 5 100 5 100 1 0
5118 -1 950 800 100 100 950 800 99 100 1000 1000 5 100 5 100 5 100 1 0
5119 -1 950 800 100 100 950 800 100 100 1000 1000 3 100 5 100 5 100 1 0
5120 -1 950 800 100 100 950 800 100 100 1000 1000 4 100 5 100 5 100 1 0
5121 -1 950 800 100 100 950 800 100 100 1000 1000 6 100 5 100 5 100 1 0
5122 -1 950 800 100 100 950 800 100 100 1000 1000 7 100 5 100 5 100 1 0
5123 -1 950 800 100 100 950 800 100 100 1000 1000 5 100 3 100 5 100 1 0
5124 -1 950 800 100 100 950 800 100 100 1000 1000 5 100 4 100 5 100 1 0
5125 -1 950 800 100 100 950 800 100 100 1000 1000 5 100 6 100 5 100 1 0
5126 -1 950 800 100 100 950 800 100 100 1000 1000 5 100 7 100 5 100 1 0
5127 -1 950 800 100 100 950 800 100 100 1000 1000 5 100 5 100 3 100 1 0
5128 -1 950 800 100 100 950 800 100 100 1000 1000 5 100 5 100 4 100 1 0
5129 -1 950 800 100 100 950 800 100 100 1000 1000 5 100 5 100 6 100 1 0
5130 -1 950 800 100 100 950 800 100 100 1000 1000 5 100 5 100 7 100 1 0
5131 -1 930 800 100 100 950 800 100 100 1000 1000 5 100 5 100 5 100 1 0
5132 -1 940 800 100 100 950 800 100 100 1000 1000 5 100 5 100 5 100 1 0
5133 -1 960 800 100 100 950 800 100 100 1000 1000 5 100 5 100 5 100 1 0
5134 -1 970 800 100 100 950 800 100 100 1000 1000 5 100 5 100 5 100 1 0
5135 -1 950 780 100 100 950 800 100 100 1000 1000 5 100 5 100 5 100 1 0
5136 -1 950 790 100 100 950 800 100 100 1000 1000 5 100 5 100 5 100 1 0
5137 -1 950 810 100 100 950 800 100 100 1000 1000 5 100 5 100 5 100 1 0
5138 -1 950 820 100 100 950 800 100 100 1000 1000 5 100 5 100 5 100 1 0
5139 -1 950 800 100 100 930 800 100 100 1000 1000 5 100 5 100 5 100 1 0
5140 -1 950 800 100 100 940 800 100 100 1000 1000 5 100 5 100 5 100 1 0
5141 -1 950 800 100 100 960 800 100 100 1000 1000 5 100 5 100 5 100 1 0
5142 -1 950 800 100 100 970 800 100 100 1000 1000 5 100 5 100 5 100 1 0
5143 -1 950 800 100 100 950 780 100 100 1000 1000 5 100 5 100 5 100 1 0
5144 -1 950 800 100 100 950 790 100 100 1000 1000 5 100 5 100 5 100 1 0
5145 -1 950 800 100 100 950 810 100 100 1000 1000 5 100 5 100 5 100 1 0
5146 -1 950 800 100 100 950 820 100 100 1000 1000 5 100 5 100 5 100 1 0
5147 -1 950 800 100 100 950 800 100 100 980 1000 5 100 5 100 5 100 1 0
5148 -1 950 800 100 100 950 800 100 100 990 1000 5 100 5 100 5 100 1 0
5149 -1 900 800 78 100 900 800 80 100 1000 1000 10 100 10 100 10 100 1 0
5150 -1 900 800 79 100 900 800 80 100 1000 1000 10 100 10 100 10 100 1 0
5151 -1 900 800 81 100 900 800 80 100 1000 1000 10 100 10 100 10 100 1 0
5152 -1 900 800 82 100 900 800 80 100 1000 1000 10 100 10 100 10 100 1 0
5153 -1 900 800 80 100 900 800 78 100 1000 1000 10 100 10 100 10 100 1 0
5154 -1 900 800 80 100 900 800 79 100 1000 1000 10 100 10 100 10 100 1 0
5155 -1 900 800 80 100 900 800 81 100 1000 1000 10 100 10 100 10 100 1 0
5156 -1 900 800 80 100 900 800 82 100 1000 1000 10 100 10 100 10 100 1 0
5157 -1 900 800 80 100 900 800 80 100 1000 1000 8 100 10 100 10 100 1 0
5158 -1 900 800 80 100 900 800 80 100 1000 1000 9 100 10 100 10 100 1 0
5159 -1 900 800 80 100 900 800 80 100 1000 1000 11 100 10 100 10 100 1 0
5160 -1 900 800 80 100 900 800 80 100 1000 1000 12 100 10 100 10 100 1 0
5161 -1 900 800 80 100 900 800 80 100 1000 1000 10 100 8 100 10 100 1 0
5162 -1 900 800 80 100 900 800 80 100 1000 1000 10 100 9 100 10 100 1 0
5163 -1 900 800 80 100 900 800 80 100 1000 1000 10 100 11 100 10 100 1 0
5164 -1 900 800 80 100 900 800 80 100 1000 1000 10 100 12 100 10 100 1 0
5165 -1 900 800 80 100 900 800 80 100 1000 1000 10 100 10 100 8 100 1 0
5166 -1 900 800 80 100 900 800 80 100 1000 1000 10 100 10 100 9 100 1 0
5167 -1 900 800 80 100 900 800 80 100 1000 1000 10 100 10 100 11 100 1 0
5168 -1 900 800 80 100 900 800 80 100 1000 1000 10 100 10 100 12 100 1 0
5169 -1 880 800 80 100 900 800 80 100 1000 1000 10 100 10 100 10 100 1 0
5170 -1 890 800 80 100 900 800 80 100 1000 1000 10 100 10 100 10 100 1 0
5171 -1 910 800 80 100 900 800 80 100 1000 1000 10 100 10 100 10 100 1 0
5172 -1 920 800 80 100 900 800 80 100 1000 1000 10 100 10 100 10 100 1 0
5173 -1 900 780 80 100 900 800 80 100 1000 1000 10 100 10 100 10 100 1 0
5174 -1 900 790 80 100 900 800 80 100 1000 1000 10 100 10 100 10 100 1 0
5175 -1 900 810 80 100 900 800 80 100 1000 1000 10 100 10 100 10 100 1 0
5176 -1 900 820 80 100 900 800 80 100 1000 1000 10 100 10 100 10 100 1 0
5177 -1 900 800 80 100 880 800 80 100 1000 1000 10 100 10 100 10 100 1 0
5178 -1 900 800 80 100 890 800 80 100 1000 1000 10 100 10 100 10 100 1 0
5179 -1 900 800 80 100 910 800 80 100 1000 1000 10 100 10 100 10 100 1 0
5180 -1 900 800 80 100 920 800 80 100 1000 1000 10 100 10 100 10 100 1 0
5181 -1 900 800 80 100 900 780 80 100 1000 1000 10 100 10 100 10 100 1 0
5182 -1 900 800 80 100 900 790 80 100 1000 1000 10 100 10 100 10 100 1 0
5183 -1 900 800 80 100 900 810 80 100 1000 1000 10 100 10 100 10 100 1 0
5184 -1 900 800 80 100 900 820 80 100 1000 1000 10 100 10 100 10 100 1 0
5185 -1 900 800 80 100 900 800 80 100 980 1000 10 100 10 100 10 100 1 0
5186 -1 900 800 80 100 900 800 80 100 990 1000 10 100 10 100 10 100 1 0
5187 -1 950 800 98 100 950 800 100 100 1000 1000 10 100 10 100 10 100 0 0
5188 -1 950 800 99 100 950 800 100 100 1000 1000 10 100 10 100 10 100 0 0
5189 -1 950 800 100 100 950 800 98 100 1000 1000 10 100 10 100 10 100 0 0
5190 -1 950 800 100 100 950 800 99 100 1000 1000 10 100 10 100 10 100 0 0
5191 -1 950 800 100 100 950 800 100 100 1000 1000 8 100 10 100 10 100 0 0
5192 -1 950 800 100 100 950 800 100 100 1000 1000 9 100 10 100 10 100 0 0
5193 -1 950 800 100 100 950 800 100 100 1000 1000 11 100 10 100 10 100 0 0
5194 -1 950 800 100 100 950 800 100 100 1000 1000 12 100 10 100 10 100 0 0
5195 -1 950 800 100 100 950 800 100 100 1000 1000 10 100 8 100 10 100 0 0
5196 -1 950 800 100 100 950 800 100 100 1000 1000 10 100 9 100 10 100 0 0
5197 -1 950 800 100 100 950 800 100 100 1000 1000 10 100 11 100 10 100 0 0
5198 -1 950 800 100 100 950 800 100 100 1000 1000 10 100 12 100 10 100 0 0
5199 -1 950 800 100 100 950 800 100 100 1000 1000 10 100 10 100 8 100 0 0
5200 -1 950 800 100 100 950 800 100 100 1000 1000 10 100 10 100 9 100 0 0
5201 -1 950 800 100 100 950 800 100 100 1000 1000 10 100 10 100 11 100 0 0
5202 -1 950 800 100 100 950 800 100 100 1000 1000 10 100 10 100 12 100 0 0
5203 -1 930 800 100 100 950 800 100 100 1000 1000 10 100 10 100 10 100 0 0
5204 -1 940 800 100 100 950 800 100 100 1000 1000 10 100 10 100 10 100 0 0
5205 -1 960 800 100 100 950 800 100 100 1000 1000 10 100 10 100 10 100 0 0
5206 -1 970 800 100 100 950 800 100 100 1000 1000 10 100 10 100 10 100 0 0
5207 -1 950 780 100 100 950 800 100 100 1000 1000 10 100 10 100 10 100 0 0
5208 -1 950 790 100 100 950 800 100 100 1000 1000 10 100 10 100 10 100 0 0
5209 -1 950 810 100 100 950 800 100 100 1000 1000 10 100 10 100 10 100 0 0
5210 -1 950 820 100 100 950 800 100 100 1000 1000 10 100 10 100 10 100 0 0
5211 -1 950 800 100 100 930 800 100 100 1000 1000 10 100 10 100 10 100 0 0
5212 -1 950 800 100 100 940 800 100 100 1000 1000 10 100 10 100 10 100 0 0
5213 -1 950 800 100 100 960 800 100 100 1000 1000 10 100 10 100 10 100 0 0
5214 -1 950 800 100 100 970 800 100 100 1000 1000 10 100 10 100 10 100 0 0
5215 -1 950 800 100 100 950 780 100 100 1000 1000 10 100 10 100 10 100 0 0
5216 -1 950 800 100 100 950 790 100 100 1000 1000 10 100 10 100 10 100 0 0
5217 -1 950 800 100 100 950 810 100 100 1000 1000 10 100 10 100 10 100 0 0
5218 -1 950 800 100 100 950 820 100 100 1000 1000 10 100 10 100 10 100 0 0
5219 -1 950 800 100 100 950 800 100 100 980 1000 10 100 10 100 10 100 0 0
5220 -1 950 800 100 100 950 800 100 100 990 1000 10 100 10 100 10 100 0 0
5221 -1 850 800 98 100 850 800 100 100 1000 1000 9 100 9 100 9 100 1 0
5222 -1 850 800 99 100 850 800 100 100 1000 1000 9 100 9 100 9 100 1 0
5223 -1 850 800 100 100 850 800 98 100 1000 1000 9 100 9 100 9 100 1 0
5224 -1 850 800 100 100 850 800 99 100 1000 1000 9 100 9 100 9 100 1 0
5225 -1 850 800 100 100 850 800 100 100 1000 1000 7 100 9 100 9 100 1 0
5226 -1 850 800 100 100 850 800 100 100 1000 1000 8 100 9 100 9 100 1 0
5227 -1 850 800 100 100 850 800 100 100 1000 1000 10 100 9 100 9 100 1 0
5228 -1 850 800 100 100 850 800 100 100 1000 1000 11 100 9 100 9 100 1 0
5229 -1 850 800 100 100 850 800 100 100 1000 1000 9 100 7 100 9 100 1 0
5230 -1 850 800 100 100 850 800 100 100 1000 1000 9 100 8 100 9 100 1 0
5231 -1 850 800 100 100 850 800 100 100 1000 1000 9 100 10 100 9 100 1 0
5232 -1 850 800 100 100 850 800 100 100 1000 1000 9 100 11 100 9 100 1 0
5233 -1 850 800 100 100 850 800 100 100 1000 1000 9 100 9 100 7 100 1 0
5234 -1 850 800 100 100 850 800 100 100 1000 1000 9 100 9 100 8 100 1 0
5235 -1 850 800 100 100 850 800 100 100 1000 1000 9 100 9 100 10 100 1 0
5236 -1 850 800 100 100 850 800 100 100 1000 1000 9 100 9 100 11 100 1 0
5237 -1 830 800 100 100 850 800 100 100 1000 1000 9 100 9 100 9 100 1 0
5238 -1 840 800 100 100 850 800 100 100 1000 1000 9 100 9 100 9 100 1 0
5239 -1 860 800 100 100 850 800 100 100 1000 1000 9 100 9 100 9 100 1 0
5240 -1 870 800 100 100 850 800 100 100 1000 1000 9 100 9 100 9 100 1 0
5241 -1 850 780 100 100 850 800 100 100 1000 1000 9 100 9 100 9 100 1 0
5242 -1 850 790 100 100 850 800 100 100 1000 1000 9 100 9 100 9 100 1 0
5243 -1 850 810 100 100 850 800 100 100 1000 1000 9 100 9 100 9 100 1 0
5244 -1 850 820 100 100 850 800 100 100 1000 1000 9 100 9 100 9 100 1 0
5245 -1 850 800 100 100 830 800 100 100 1000 1000 9 100 9 100 9 100 1 0
5246 -1 850 800 100 100 840 800 100 100 1000 1000 9 100 9 100 9 100 1 0
5247 -1 850 800 100 100 860 800 100 100 1000 1000 9 100 9 100 9 100 1 0
5248 -1 850 800 100 100 870 800 100 100 1000 1000 9 100 9 100 9 100 1 0
5249 -1 850 800 100 100 850 780 100 100 1000 1000 9 100 9 100 9 100 1 0
5250 -1 850 800 100 100 850 790 100 100 1000 1000 9 100 9 100 9 100 1 0
5251 -1 850 800 100 100 850 810 100 100 1000 1000 9 100 9 100 9 100 1 0
5252 -1 850 800 100 100 850 820 100 100 1000 1000 9 100 9 100 9 100 1 0
5253 -1 850 800 100 100 850 800 100 100 980 1000 9 100 9 100 9 100 1 0
5254 -1 850 800 100 100 850 800 100 100 990 1000 9 100 9 100 9 100 1 0
5255 -1 850 800 98 100 850 800 100 100 1000 1000 10 100 10 100 10 100 2 0
5256 -1 850 800 99 100 850 800 100 100 1000 1000 10 100 10 100 10 100 2 0
5257 -1 850 800 100 100 850 800 98 100 1000 1000 10 100 10 100 10 100 2 0
5258 -1 850 800 100 100 850 800 99 100 1000 1000 10 100 10 100 10 100 2 0
5259 -1 850 800 100 100 850 800 100 100 1000 1000 8 100 10 100 10 100 2 0
5260 -1 850 800 100 100 850 800 100 100 1000 1000 9 100 10 100 10 100 2 0
5261 -1 850 800 100 100 850 800 100 100 1000 1000 11 100 10 100 10 100 2 0
5262 -1 850 800 100 100 850 800 100 100 1000 1000 12 100 10 100 10 100 2 0
5263 -1 850 800 100 100 850 800 100 100 1000 1000 10 100 8 100 10 100 2 0
5264 -1 850 800 100 100 850 800 100 100 1000 1000 10 100 9 100 10 100 2 0
5265 -1 850 800 100 100 850 800 100 100 1000 1000 10 100 11 100 10 100 2 0
5266 -1 850 800 100 100 850 800 100 100 1000 1000 10 100 12 100 10 100 2 0
5267 -1 850 800 100 100 850 800 100 100 1000 1000 10 100 10 100 8 100 2 0
5268 -1 850 800 100 100 850 800 100 100 1000 1000 10 100 10 100 9 100 2 0
5269 -1 850 800 100 100 850 800 100 100 1000 1000 10 100 10 100 11 100 2 0
5270 -1 850 800 100 100 850 800 100 100 1000 1000 10 100 10 100 12 100 2 0
5271 -1 830 800 100 100 850 800 100 100 1000 1000 10 100 10 100 10 100 2 0
5272 -1 840 800 100 100 850 800 100 100 1000 1000 10 100 10 100 10 100 2 0
5273 -1 860 800 100 100 850 800 100 100 1000 1000 10 100 10 100 10 100 2 0
5274 -1 870 800 100 100 850 800 100 100 1000 1000 10 100 10 100 10 100 2 0
5275 -1 850 780 100 100 850 800 100 100 1000 1000 10 100 10 100 10 100 2 0
5276 -1 850 790 100 100 850 800 100 100 1000 1000 10 100 10 100 10 100 2 0
5277 -1 850 810 100 100 850 800 100 100 1000 1000 10 100 10 100 10 100 2 0
5278 -1 850 820 100 100 850 800 100 100 1000 1000 10 100 10 100 10 100 2 0
5279 -1 850 800 100 100 830 800 100 100 1000 1000 10 100 10 100 10 100 2 0
5280 -1 850 800 100 100 840 800 100 100 1000 1000 10 100 10 100 10 100 2 0
5281 -1 850 800 100 100 860 800 100 100 1000 1000 10 100 10 100 10 100 2 0
5282 -1 850 800 100 100 870 800 100 100 1000 1000 10 100 10 100 10 100 2 0
5283 -1 850 800 100 100 850 780 100 100 1000 1000 10 100 10 100 10 100 2 0
5284 -1 850 800 100 100 850 790 100 100 1000 1000 10 100 10 100 10 100 2 0
5285 -1 850 800 100 100 850 810 100 100 1000 1000 10 100 10 100 10 100 2 0
5286 -1 850 800 100 100 850 820 100 100 1000 1000 10 100 10 100 10 100 2 0
5287 -1 850 800 100 100 850 800 100 100 980 1000 10 100 10 100 10 100 2 0
5288 -1 850 800 100 100 850 800 100 100 990 1000 10 100 10 100 10 100 2 0
5289 -1 850 800 78 100 850 800 80 100 1000 1000 5 100 5 100 5 100 0 0
5290 -1 850 800 79 100 850 800 80 100 1000 1000 5 100 5 100 5 100 0 0
5291 -1 850 800 81 100 850 800 80 100 1000 1000 5 100 5 100 5 100 0 0
5292 -1 850 800 82 100 850 800 80 100 1000 1000 5 100 5 100 5 100 0 0
5293 -1 850 800 80 100 850 800 78 100 1000 1000 5 100 5 100 5 100 0 0
5294 -1 850 800 80 100 850 800 79 100 1000 1000 5 100 5 100 5 100 0 0
5295 -1 850 800 80 100 850 800 81 100 1000 1000 5 100 5 100 5 100 0 0
5296 -1 850 800 80 100 850 800 82 100 1000 1000 5 100 5 100 5 100 0 0
5297 -1 850 800 80 100 850 800 80 100 1000 1000 3 100 5 100 5 100 0 0
5298 -1 850 800 80 100 850 800 80 100 1000 1000 4 100 5 100 5 100 0 0
5299 -1 850 800 80 100 850 800 80 100 1000 1000 6 100 5 100 5 100 0 0
5300 -1 850 800 80 100 850 800 80 100 1000 1000 7 100 5 100 5 100 0 0
5301 -1 850 800 80 100 850 800 80 100 1000 1000 5 100 3 100 5 100 0 0
5302 -1 850 800 80 100 850 800 80 100 1000 1000 5 100 4 100 5 100 0 0
5303 -1 850 800 80 100 850 800 80 100 1000 1000 5 100 6 100 5 100 0 0
5304 -1 850 800 80 100 850 800 80 100 1000 1000 5 100 7 100 5 100 0 0
5305 -1 850 800 80 100 850 800 80 100 1000 1000 5 100 5 100 3 100 0 0
5306 -1 850 800 80 100 850 800 80 100 1000 1000 5 100 5 100 4 100 0 0
5307 -1 850 800 80 100 850 800 80 100 1000 1000 5 100 5 100 6 100 0 0
5308 -1 850 800 80 100 850 800 80 100 1000 1000 5 100 5 100 7 100 0 0
5309 -1 830 800 80 100 850 800 80 100 1000 1000 5 100 5 100 5 100 0 0
5310 -1 840 800 80 100 850 800 80 100 1000 1000 5 100 5 100 5 100 0 0
5311 -1 860 800 80 100 850 800 80 100 1000 1000 5 100 5 100 5 100 0 0
5312 -1 870 800 80 100 850 800 80 100 1000 1000 5 100 5 100 5 100 0 0
5313 -1 850 780 80 100 850 800 80 100 1000 1000 5 100 5 100 5 100 0 0
5314 -1 850 790 80 100 850 800 80 100 1000 1000 5 100 5 100 5 100 0 0
5315 -1 850 810 80 100 850 800 80 100 1000 1000 5 100 5 100 5 100 0 0
5316 -1 850 820 80 100 850 800 80 100 1000 1000 5 100 5 100 5 100 0 0
5317 -1 850 800 80 100 830 800 80 100 1000 1000 5 100 5 100 5 100 0 0
5318 -1 850 800 80 100 840 800 80 100 1000 1000 5 100 5 100 5 100 0 0
5319 -1 850 800 80 100 860 800 80 100 1000 1000 5 100 5 100 5 100 0 0
5320 -1 850 800 80 100 870 800 80 100 1000 1000 5 100 5 100 5 100 0 0
5321 -1 850 800 80 100 850 780 80 100 1000 1000 5 100 5 100 5 100 0 0
5322 -1 850 800 80 100 850 790 80 100 1000 1000 5 100 5 100 5 100 0 0
5323 -1 850 800 80 100 850 810 80 100 1000 1000 5 100 5 100 5 100 0 0
5324 -1 850 800 80 100 850 820 80 100 1000 1000 5 100 5 100 5 100 0 0
5325 -1 850 800 80 100 850 800 80 100 980 1000 5 100 5 100 5 100 0 0
5326 -1 850 800 80 100 850 800 80 100 990 1000 5 100 5 100 5 100 0 0
5327 -1 850 800 78 100 850 800 80 100 1000 1000 10 100 10 100 10 100 0 0
5328 -1 850 800 79 100 850 800 80 100 1000 1000 10 100 10 100 10 100 0 0
5329 -1 850 800 81 100 850 800 80 100 1000 1000 10 100 10 100 10 100 0 0
5330 -1 850 800 82 100 850 800 80 100 1000 1000 10 100 10 100 10 100 0 0
5331 -1 850 800 80 100 850 800 78 100 1000 1000 10 100 10 100 10 100 0 0
5332 -1 850 800 80 100 850 800 79 100 1000 1000 10 100 10 100 10 100 0 0
5333 -1 850 800 80 100 850 800 81 100 1000 1000 10 100 10 100 10 100 0 0
5334 -1 850 800 80 100 850 800 82 100 1000 1000 10 100 10 100 10 100 0 0
5335 -1 850 800 80 100 850 800 80 100 1000 1000 8 100 10 100 10 100 0 0
5336 -1 850 800 80 100 850 800 80 100 1000 1000 9 100 10 100 10 100 0 0
5337 -1 850 800 80 100 850 800 80 100 1000 1000 11 100 10 100 10 100 0 0
5338 -1 850 800 80 100 850 800 80 100 1000 1000 12 100 10 100 10 100 0 0
5339 -1 850 800 80 100 850 800 80 100 1000 1000 10 100 8 100 10 100 0 0
5340 -1 850 800 80 100 850 800 80 100 1000 1000 10 100 9 100 10 100 0 0
5341 -1 850 800 80 100 850 800 80 100 1000 1000 10 100 11 100 10 100 0 0
5342 -1 850 800 80 100 850 800 80 100 1000 1000 10 100 12 100 10 100 0 0
5343 -1 850 800 80 100 850 800 80 100 1000 1000 10 100 10 100 8 100 0 0
5344 -1 850 800 80 100 850 800 80 100 1000 1000 10 100 10 100 9 100 0 0
5345 -1 850 800 80 100 850 800 80 100 1000 1000 10 100 10 100 11 100 0 0
5346 -1 850 800 80 100 850 800 80 100 1000 1000 10 100 10 100 12 100 0 0
5347 -1 830 800 80 100 850 800 80 100 1000 1000 10 100 10 100 10 100 0 0
5348 -1 840 800 80 100 850 800 80 100 1000 1000 10 100 10 100 10 100 0 0
5349 -1 860 800 80 100 850 800 80 100 1000 1000 10 100 10 100 10 100 0 0
5350 -1 870 800 80 100 850 800 80 100 1000 1000 10 100 10 100 10 100 0 0
5351 -1 850 780 80 100 850 800 80 100 1000 1000 10 100 10 100 10 100 0 0
5352 -1 850 790 80 100 850 800 80 100 1000 1000 10 100 10 100 10 100 0 0
5353 -1 850 810 80 100 850 800 80 100 1000 1000 10 100 10 100 10 100 0 0
5354 -1 850 820 80 100 850 800 80 100 1000 1000 10 100 10 100 10 100 0 0
5355 -1 850 800 80 100 830 800 80 100 1000 1000 10 100 10 100 10 100 0 0
5356 -1 850 800 80 100 840 800 80 100 1000 1000 10 100 10 100 10 100 0 0
5357 -1 850 800 80 100 860 800 80 100 1000 1000 10 100 10 100 10 100 0 0
5358 -1 850 800 80 100 870 800 80 100 1000 1000 10 100 10 100 10 100 0 0
5359 -1 850 800 80 100 850 780 80 100 1000 1000 10 100 10 100 10 100 0 0
5360 -1 850 800 80 100 850 790 80 100 1000 1000 10 100 10 100 10 100 0 0
5361 -1 850 800 80 100 850 810 80 100 1000 1000 10 100 10 100 10 100 0 0
5362 -1 850 800 80 100 850 820 80 100 1000 1000 10 100 10 100 10 100 0 0
5363 -1 850 800 80 100 850 800 80 100 980 1000 10 100 10 100 10 100 0 0
5364 -1 850 800 80 100 850 800 80 100 990 1000 10 100 10 100 10 100 0 0
5365 -1 900 600 78 100 900 600 80 100 500 1000 9 100 9 100 9 100 1 0
5366 -1 900 600 79 100 900 600 80 100 500 1000 9 100 9 100 9 100 1 0
5367 -1 900 600 81 100 900 600 80 100 500 1000 9 100 9 100 9 100 1 0
5368 -1 900 600 82 100 900 600 80 100 500 1000 9 100 9 100 9 100 1 0
5369 -1 900 600 80 100 900 600 78 100 500 1000 9 100 9 100 9 100 1 0
5370 -1 900 600 80 100 900 600 79 100 500 1000 9 100 9 100 9 100 1 0
5371 -1 900 600 80 100 900 600 81 100 500 1000 9 100 9 100 9 100 1 0
5372 -1 900 600 80 100 900 600 82 100 500 1000 9 100 9 100 9 100 1 0
5373 -1 900 600 80 100 900 600 80 100 500 1000 7 100 9 100 9 100 1 0
5374 -1 900 600 80 100 900 600 80 100 500 1000 8 100 9 100 9 100 1 0
5375 -1 900 600 80 100 900 600 80 100 500 1000 10 100 9 100 9 100 1 0
5376 -1 900 600 80 100 900 600 80 100 500 1000 11 100 9 100 9 100 1 0
5377 -1 900 600 80 100 900 600 80 100 500 1000 9 100 7 100 9 100 1 0
5378 -1 900 600 80 100 900 600 80 100 500 1000 9 100 8 100 9 100 1 0
5379 -1 900 600 80 100 900 600 80 100 500 1000 9 100 10 100 9 100 1 0
5380 -1 900 600 80 100 900 600 80 100 500 1000 9 100 11 100 9 100 1 0
5381 -1 900 600 80 100 900 600 80 100 500 1000 9 100 9 100 7 100 1 0
5382 -1 900 600 80 100 900 600 80 100 500 1000 9 100 9 100 8 100 1 0
5383 -1 900 600 80 100 900 600 80 100 500 1000 9 100 9 100 10 100 1 0
5384 -1 900 600 80 100 900 600 80 100 500 1000 9 100 9 100 11 100 1 0
5385 -1 880 600 80 100 900 600 80 100 500 1000 9 100 9 100 9 100 1 0
5386 -1 890 600 80 100 900 600 80 100 500 1000 9 100 9 100 9 100 1 0
5387 -1 910 600 80 100 900 600 80 100 500 1000 9 100 9 100 9 100 1 0
5388 -1 920 600 80 100 900 600 80 100 500 1000 9 100 9 100 9 100 1 0
5389 -1 900 580 80 100 900 600 80 100 500 1000 9 100 9 100 9 100 1 0
5390 -1 900 590 80 100 900 600 80 100 500 1000 9 100 9 100 9 100 1 0
5391 -1 900 610 80 100 900 600 80 100 500 1000 9 100 9 100 9 100 1 0
5392 -1 900 620 80 100 900 600 80 100 500 1000 9 100 9 100 9 100 1 0
5393 -1 900 600 80 100 880 600 80 100 500 1000 9 100 9 100 9 100 1 0
5394 -1 900 600 80 100 890 600 80 100 500 1000 9 100 9 100 9 100 1 0
5395 -1 900 600 80 100 910 600 80 100 500 1000 9 100 9 100 9 100 1 0
5396 -1 900 600 80 100 920 600 80 100 500 1000 9 100 9 100 9 100 1 0
5397 -1 900 600 80 100 900 580 80 100 500 1000 9 100 9 100 9 100 1 0
5398 -1 900 600 80 100 900 590 80 100 500 1000 9 100 9 100 9 100 1 0
5399 -1 900 600 80 100 900 610 80 100 500 1000 9 100 9 100 9 100 1 0
5400 -1 900 600 80 100 900 620 80 100 500 1000 9 100 9 100 9 100 1 0
5401 -1 900 600 80 100 900 600 80 100 480 1000 9 100 9 100 9 100 1 0
5402 -1 900 600 80 100 900 600 80 100 490 1000 9 100 9 100 9 100 1 0
5403 -1 900 600 80 100 900 600 80 100 510 1000 9 100 9 100 9 100 1 0
5404 -1 900 600 80 100 900 600 80 100 520 1000 9 100 9 100 9 100 1 0
5405 -1 900 600 80 100 900 600 80 100 500 980 9 100 9 100 9 100 1 0
5406 -1 900 600 80 100 900 600 80 100 500 990 9 100 9 100 9 100 1 0
5407 -1 900 600 78 100 900 600 80 100 100 1000 5 80 5 -30 5 -30 2 1
5408 -1 900 600 79 100 900 600 80 100 100 1000 5 80 5 -30 5 -30 2 1
5409 -1 900 600 81 100 900 600 80 100 100 1000 5 80 5 -30 5 -30 2 1
5410 -1 900 600 82 100 900 600 80 100 100 1000 5 80 5 -30 5 -30 2 1
5411 -1 900 600 80 100 900 600 78 100 100 1000 5 80 5 -30 5 -30 2 1
5412 -1 900 600 80 100 900 600 79 100 100 1000 5 80 5 -30 5 -30 2 1
5413 -1 900 600 80 100 900 600 81 100 100 1000 5 80 5 -30 5 -30 2 1
5414 -1 900 600 80 100 900 600 82 100 100 1000 5 80 5 -30 5 -30 2 1
5415 -1 900 600 80 100 900 600 80 100 100 1000 3 80 5 -30 5 -30 2 1
5416 -1 900 600 80 100 900 600 80 100 100 1000 4 80 5 -30 5 -30 2 1
5417 -1 900 600 80 100 900 600 80 100 100 1000 6 80 5 -30 5 -30 2 1
5418 -1 900 600 80 100 900 600 80 100 100 1000 7 80 5 -30 5 -30 2 1
5419 -1 900 600 80 100 900 600 80 100 100 1000 5 80 3 -30 5 -30 2 1
5420 -1 900 600 80 100 900 600 80 100 100 1000 5 80 4 -30 5 -30 2 1
5421 -1 900 600 80 100 900 600 80 100 100 1000 5 80 6 -30 5 -30 2 1
5422 -1 900 600 80 100 900 600 80 100 100 1000 5 80 7 -30 5 -30 2 1
5423 -1 900 600 80 100 900 600 80 100 100 1000 5 80 5 -30 3 -30 2 1
5424 -1 900 600 80 100 900 600 80 100 100 1000 5 80 5 -30 4 -30 2 1
5425 -1 900 600 80 100 900 600 80 100 100 1000 5 80 5 -30 6 -30 2 1
5426 -1 900 600 80 100 900 600 80 100 100 1000 5 80 5 -30 7 -30 2 1
5427 -1 880 600 80 100 900 600 80 100 100 1000 5 80 5 -30 5 -30 2 1
5428 -1 890 600 80 100 900 600 80 100 100 1000 5 80 5 -30 5 -30 2 1
5429 -1 910 600 80 100 900 600 80 100 100 1000 5 80 5 -30 5 -30 2 1
5430 -1 920 600 80 100 900 600 80 100 100 1000 5 80 5 -30 5 -30 2 1
5431 -1 900 580 80 100 900 600 80 100 100 1000 5 80 5 -30 5 -30 2 1
5432 -1 900 590 80 100 900 600 80 100 100 1000 5 80 5 -30 5 -30 2 1
5433 -1 900 610 80 100 900 600 80 100 100 1000 5 80 5 -30 5 -30 2 1
5434 -1 900 620 80 100 900 600 80 100 100 1000 5 80 5 -30 5 -30 2 1
5435 -1 900 600 80 100 880 600 80 100 100 1000 5 80 5 -30 5 -30 2 1
5436 -1 900 600 80 100 890 600 80 100 100 1000 5 80 5 -30 5 -30 2 1
5437 -1 900 600 80 100 910 600 80 100 100 1000 5 80 5 -30 5 -30 2 1
5438 -1 900 600 80 100 920 600 80 100 100 1000 5 80 5 -30 5 -30 2 1
5439 -1 900 600 80 100 900 580 80 100 100 1000 5 80 5 -30 5 -30 2 1
5440 -1 900 600 80 100 900 590 80 100 100 1000 5 80 5 -30 5 -30 2 1
5441 -1 900 600 80 100 900 610 80 100 100 1000 5 80 5 -30 5 -30 2 1
5442 -1 900 600 80 100 900 620 80 100 100 1000 5 80 5 -30 5 -30 2 1
5443 -1 900 600 80 100 900 600 80 100 80 1000 5 80 5 -30 5 -30 2 1
5444 -1 900 600 80 100 900 600 80 100 90 1000 5 80 5 -30 5 -30 2 1
5445 -1 900 600 80 100 900 600 80 100 110 1000 5 80 5 -30 5 -30 2 1
5446 -1 900 600 80 100 900 600 80 100 120 1000 5 80 5 -30 5 -30 2 1
5447 -1 900 600 80 100 900 600 80 100 100 980 5 80 5 -30 5 -30 2 1
5448 -1 900 600 80 100 900 600 80 100 100 990 5 80 5 -30 5 -30 2 1
5449 -1 700 600 78 100 700 600 80 100 300 1000 5 100 5 100 5 100 2 0
5450 -1 700 600 79 100 700 600 80 100 300 1000 5 100 5 100 5 100 2 0
5451 -1 700 600 81 100 700 600 80 100 300 1000 5 100 5 100 5 100 2 0
5452 -1 700 600 82 100 700 600 80 100 300 1000 5 100 5 100 5 100 2 0
5453 -1 700 600 80 100 700 600 78 100 300 1000 5 100 5 100 5 100 2 0
5454 -1 700 600 80 100 700 600 79 100 300 1000 5 100 5 100 5 100 2 0
5455 -1 700 600 80 100 700 600 81 100 300 1000 5 100 5 100 5 100 2 0
5456 -1 700 600 80 100 700 600 82 100 300 1000 5 100 5 100 5 100 2 0
5457 -1 700 600 80 100 700 600 80 100 300 1000 3 100 5 100 5 100 2 0
5458 -1 700 600 80 100 700 600 80 100 300 1000 4 100 5 100 5 100 2 0
5459 -1 700 600 80 100 700 600 80 100 300 1000 6 100 5 100 5 100 2 0
5460 -1 700 600 80 100 700 600 80 100 300 1000 7 100 5 100 5 100 2 0
5461 -1 700 600 80 100 700 600 80 100 300 1000 5 100 3 100 5 100 2 0
5462 -1 700 600 80 100 700 600 80 100 300 1000 5 100 4 100 5 100 2 0
5463 -1 700 600 80 100 700 600 80 100 300 1000 5 100 6 100 5 100 2 0
5464 -1 700 600 80 100 700 600 80 100 300 1000 5 100 7 100 5 100 2 0
5465 -1 700 600 80 100 700 600 80 100 300 1000 5 100 5 100 3 100 2 0
5466 -1 700 600 80 100 700 600 80 100 300 1000 5 100 5 100 4 100 2 0
5467 -1 700 600 80 100 700 600 80 100 300 1000 5 100 5 100 6 100 2 0
5468 -1 700 600 80 100 700 600 80 100 300 1000 5 100 5 100 7 100 2 0
5469 -1 680 600 80 100 700 600 80 100 300 1000 5 100 5 100 5 100 2 0
5470 -1 690 600 80 100 700 600 80 100 300 1000 5 100 5 100 5 100 2 0
5471 -1 710 600 80 100 700 600 80 100 300 1000 5 100 5 100 5 100 2 0
5472 -1 720 600 80 100 700 600 80 100 300 1000 5 100 5 100 5 100 2 0
5473 -1 700 580 80 100 700 600 80 100 300 1000 5 100 5 100 5 100 2 0
5474 -1 700 590 80 100 700 600 80 100 300 1000 5 100 5 100 5 100 2 0
5475 -1 700 610 80 100 700 600 80 100 300 1000 5 100 5 100 5 100 2 0
5476 -1 700 620 80 100 700 600 80 100 300 1000 5 100 5 100 5 100 2 0
5477 -1 700 600 80 100 680 600 80 100 300 1000 5 100 5 100 5 100 2 0
5478 -1 700 600 80 100 690 600 80 100 300 1000 5 100 5 100 5 100 2 0
5479 -1 700 600 80 100 710 600 80 100 300 1000 5 100 5 100 5 100 2 0
5480 -1 700 600 80 100 720 600 80 100 300 1000 5 100 5 100 5 100 2 0
5481 -1 700 600 80 100 700 580 80 100 300 1000 5 100 5 100 5 100 2 0
5482 -1 700 600 80 100 700 590 80 100 300 1000 5 100 5 100 5 100 2 0
5483 -1 700 600 80 100 700 610 80 100 300 1000 5 100 5 100 5 100 2 0
5484 -1 700 600 80 100 700 620 80 100 300 1000 5 100 5 100 5 100 2 0
5485 -1 700 600 80 100 700 600 80 100 280 1000 5 100 5 100 5 100 2 0
5486 -1 700 600 80 100 700 600 80 100 290 1000 5 100 5 100 5 100 2 0
5487 -1 700 600 80 100 700 600 80 100 310 1000 5 100 5 100 5 100 2 0
5488 -1 700 600 80 100 700 600 80 100 320 1000 5 100 5 100 5 100 2 0
5489 -1 700 600 80 100 700 600 80 100 300 980 5 100 5 100 5 100 2 0
5490 -1 700 600 80 100 700 600 80 100 300 990 5 100 5 100 5 100 2 0
5491 -1 700 600 78 100 700 600 80 100 100 1000 10 -50 10 80 10 80 2 0
5492 -1 700 600 79 100 700 600 80 100 100 1000 10 -50 10 80 10 80 2 0
5493 -1 700 600 81 100 700 600 80 100 100 1000 10 -50 10 80 10 80 2 0
5494 -1 700 600 82 100 700 600 80 100 100 1000 10 -50 10 80 10 80 2 0
5495 -1 700 600 80 100 700 600 78 100 100 1000 10 -50 10 80 10 80 2 0
5496 -1 700 600 80 100 700 600 79 100 100 1000 10 -50 10 80 10 80 2 0
5497 -1 700 600 80 100 700 600 81 100 100 1000 10 -50 10 80 10 80 2 0
5498 -1 700 600 80 100 700 600 82 100 100 1000 10 -50 10 80 10 80 2 0
5499 -1 700 600 80 100 700 600 80 100 100 1000 8 -50 10 80 10 80 2 0
5500 -1 700 600 80 100 700 600 80 100 100 1000 9 -50 10 80 10 80 2 0
5501 -1 700 600 80 100 700 600 80 100 100 1000 11 -50 10 80 10 80 2 0
5502 -1 700 600 80 100 700 600 80 100 100 1000 12 -50 10 80 10 80 2 0
5503 -1 700 600 80 100 700 600 80 100 100 1000 10 -50 8 80 10 80 2 0
5504 -1 700 600 80 100 700 600 80 100 100 1000 10 -50 9 80 10 80 2 0
5505 -1 700 600 80 100 700 600 80 100 100 1000 10 -50 11 80 10 80 2 0
5506 -1 700 600 80 100 700 600 80 100 100 1000 10 -50 12 80 10 80 2 0
5507 -1 700 600 80 100 700 600 80 100 100 1000 10 -50 10 80 8 80 2 0
5508 -1 700 600 80 100 700 600 80 100 100 1000 10 -50 10 80 9 80 2 0
5509 -1 700 600 80 100 700 600 80 100 100 1000 10 -50 10 80 11 80 2 0
5510 -1 700 600 80 100 700 600 80 100 100 1000 10 -50 10 80 12 80 2 0
5511 -1 680 600 80 100 700 600 80 100 100 1000 10 -50 10 80 10 80 2 0
5512 -1 690 600 80 100 700 600 80 100 100 1000 10 -50 10 80 10 80 2 0
5513 -1 710 600 80 100 700 600 80 100 100 1000 10 -50 10 80 10 80 2 0
5514 -1 720 600 80 100 700 600 80 100 100 1000 10 -50 10 80 10 80 2 0
5515 -1 700 580 80 100 700 600 80 100 100 1000 10 -50 10 80 10 80 2 0
5516 -1 700 590 80 100 700 600 80 100 100 1000 10 -50 10 80 10 80 2 0
5517 -1 700 610 80 100 700 600 80 100 100 1000 10 -50 10 80 10 80 2 0
5518 -1 700 620 80 100 700 600 80 100 100 1000 10 -50 10 80 10 80 2 0
5519 -1 700 600 80 100 680 600 80 100 100 1000 10 -50 10 80 10 80 2 0
5520 -1 700 600 80 100 690 600 80 100 100 1000 10 -50 10 80 10 80 2 0
5521 -1 700 600 80 100 710 600 80 100 100 1000 10 -50 10 80 10 80 2 0
5522 -1 700 600 80 100 720 600 80 100 100 1000 10 -50 10 80 10 80 2 0
5523 -1 700 600 80 100 700 580 80 100 100 1000 10 -50 10 80 10 80 2 0
5524 -1 700 600 80 100 700 590 80 100 100 1000 10 -50 10 80 10 80 2 0
5525 -1 700 600 80 100 700 610 80 100 100 1000 10 -50 10 80 10 80 2 0
5526 -1 700 600 80 100 700 620 80 100 100 1000 10 -50 10 80 10 80 2 0
5527 -1 700 600 80 100 700 600 80 100 80 1000 10 -50 10 80 10 80 2 0
5528 -1 700 600 80 100 700 600 80 100 90 1000 10 -50 10 80 10 80 2 0
5529 -1 700 600 80 100 700 600 80 100 110 1000 10 -50 10 80 10 80 2 0
5530 -1 700 600 80 100 700 600 80 100 120 1000 10 -50 10 80 10 80 2 0
5531 -1 700 600 80 100 700 600 80 100 100 980 10 -50 10 80 10 80 2 0
5532 -1 700 600 80 100 700 600 80 100 100 990 10 -50 10 80 10 80 2 0
5533 -1 900 300 98 100 900 300 100 100 100 500 5 40 9 80 15 100 0 0
5534 -1 900 300 99 100 900 300 100 100 100 500 5 40 9 80 15 100 0 0
5535 -1 900 300 100 100 900 300 98 100 100 500 5 40 9 80 15 100 0 0
5536 -1 900 300 100 100 900 300 99 100 100 500 5 40 9 80 15 100 0 0
5537 -1 900 300 100 100 900 300 100 100 100 500 3 40 9 80 15 100 0 0
5538 -1 900 300 100 100 900 300 100 100 100 500 4 40 9 80 15 100 0 0
5539 -1 900 300 100 100 900 300 100 100 100 500 6 40 9 80 15 100 0 0
5540 -1 900 300 100 100 900 300 100 100 100 500 7 40 9 80 15 100 0 0
5541 -1 900 300 100 100 900 300 100 100 100 500 5 40 7 80 15 100 0 0
5542 -1 900 300 100 100 900 300 100 100 100 500 5 40 8 80 15 100 0 0
5543 -1 900 300 100 100 900 300 100 100 100 500 5 40 10 80 15 100 0 0
5544 -1 900 300 100 100 900 300 100 100 100 500 5 40 11 80 15 100 0 0
5545 -1 900 300 100 100 900 300 100 100 100 500 5 40 9 80 13 100 0 0
5546 -1 900 300 100 100 900 300 100 100 100 500 5 40 9 80 14 100 0 0
5547 -1 900 300 100 100 900 300 100 100 100 500 5 40 9 80 16 100 0 0
5548 -1 900 300 100 100 900 300 100 100 100 500 5 40 9 80 17 100 0 0
5549 -1 880 300 100 100 900 300 100 100 100 500 5 40 9 80 15 100 0 0
5550 -1 890 300 100 100 900 300 100 100 100 500 5 40 9 80 15 100 0 0
5551 -1 910 300 100 100 900 300 100 100 100 500 5 40 9 80 15 100 0 0
5552 -1 920 300 100 100 900 300 100 100 100 500 5 40 9 80 15 100 0 0
5553 -1 900 280 100 100 900 300 100 100 100 500 5 40 9 80 15 100 0 0
5554 -1 900 290 100 100 900 300 100 100 100 500 5 40 9 80 15 100 0 0
5555 -1 900 310 100 100 900 300 100 100 100 500 5 40 9 80 15 100 0 0
5556 -1 900 320 100 100 900 300 100 100 100 500 5 40 9 80 15 100 0 0
5557 -1 900 300 100 100 880 300 100 100 100 500 5 40 9 80 15 100 0 0
5558 -1 900 300 100 100 890 300 100 100 100 500 5 40 9 80 15 100 0 0
5559 -1 900 300 100 100 910 300 100 100 100 500 5 40 9 80 15 100 0 0
5560 -1 900 300 100 100 920 300 100 100 100 500 5 40 9 80 15 100 0 0
5561 -1 900 300 100 100 900 280 100 100 100 500 5 40 9 80 15 100 0 0
5562 -1 900 300 100 100 900 290 100 100 100 500 5 40 9 80 15 100 0 0
5563 -1 900 300 100 100 900 310 100 100 100 500 5 40 9 80 15 100 0 0
5564 -1 900 300 100 100 900 320 100 100 100 500 5 40 9 80 15 100 0 0
5565 -1 900 300 100 100 900 300 100 100 80 500 5 40 9 80 15 100 0 0
5566 -1 900 300 100 100 900 300 100 100 90 500 5 40 9 80 15 100 0 0
5567 -1 900 300 100 100 900 300 100 100 110 500 5 40 9 80 15 100 0 0
5568 -1 900 300 100 100 900 300 100 100 120 500 5 40 9 80 15 100 0 0
5569 -1 900 300 100 100 900 300 100 100 100 480 5 40 9 80 15 100 0 0
5570 -1 900 300 100 100 900 300 100 100 100 490 5 40 9 80 15 100 0 0
5571 -1 900 300 100 100 900 300 100 100 100 510 5 40 9 80 15 100 0 0
5572 -1 900 300 100 100 900 300 100 100 100 520 5 40 9 80 15 100 0 0
5573 -1 900 300 98 100 900 300 100 100 200 500 5 40 15 80 20 -80 0 0
5574 -1 900 300 99 100 900 300 100 100 200 500 5 40 15 80 20 -80 0 0
5575 -1 900 300 100 100 900 300 98 100 200 500 5 40 15 80 20 -80 0 0
5576 -1 900 300 100 100 900 300 99 100 200 500 5 40 15 80 20 -80 0 0
5577 -1 900 300 100 100 900 300 100 100 200 500 3 40 15 80 20 -80 0 0
5578 -1 900 300 100 100 900 300 100 100 200 500 4 40 15 80 20 -80 0 0
5579 -1 900 300 100 100 900 300 100 100 200 500 6 40 15 80 20 -80 0 0
5580 -1 900 300 100 100 900 300 100 100 200 500 7 40 15 80 20 -80 0 0
5581 -1 900 300 100 100 900 300 100 100 200 500 5 40 13 80 20 -80 0 0
5582 -1 900 300 100 100 900 300 100 100 200 500 5 40 14 80 20 -80 0 0
5583 -1 900 300 100 100 900 300 100 100 200 500 5 40 16 80 20 -80 0 0
5584 -1 900 300 100 100 900 300 100 100 200 500 5 40 17 80 20 -80 0 0
5585 -1 900 300 100 100 900 300 100 100 200 500 5 40 15 80 18 -80 0 0
5586 -1 900 300 100 100 900 300 100 100 200 500 5 40 15 80 19 -80 0 0
5587 -1 900 300 100 100 900 300 100 100 200 500 5 40 15 80 21 -80 0 0
5588 -1 900 300 100 100 900 300 100 100 200 500 5 40 15 80 22 -80 0 0
5589 -1 880 300 100 100 900 300 100 100 200 500 5 40 15 80 20 -80 0 0
5590 -1 890 300 100 100 900 300 100 100 200 500 5 40 15 80 20 -80 0 0
5591 -1 910 300 100 100 900 300 100 100 200 500 5 40 15 80 20 -80 0 0
5592 -1 920 300 100 100 900 300 100 100 200 500 5 40 15 80 20 -80 0 0
5593 -1 900 280 100 100 900 300 100 100 200 500 5 40 15 80 20 -80 0 0
5594 -1 900 290 100 100 900 300 100 100 200 500 5 40 15 80 20 -80 0 0
5595 -1 900 310 100 100 900 300 100 100 200 500 5 40 15 80 20 -80 0 0
5596 -1 900 320 100 100 900 300 100 100 200 500 5 40 15 80 20 -80 0 0
5597 -1 900 300 100 100 880 300 100 100 200 500 5 40 15 80 20 -80 0 0
5598 -1 900 300 100 100 890 300 100 100 200 500 5 40 15 80 20 -80 0 0
5599 -1 900 300 100 100 910 300 100 100 200 500 5 40 15 80 20 -80 0 0
5600 -1 900 300 100 100 920 300 100 100 200 500 5 40 15 80 20 -80 0 0
5601 -1 900 300 100 100 900 280 100 100 200 500 5 40 15 80 20 -80 0 0
5602 -1 900 300 100 100 900 290 100 100 200 500 5 40 15 80 20 -80 0 0
5603 -1 900 300 100 100 900 310 100 100 200 500 5 40 15 80 20 -80 0 0
5604 -1 900 300 100 100 900 320 100 100 200 500 5 40 15 80 20 -80 0 0
5605 -1 900 300 100 100 900 300 100 100 180 500 5 40 15 80 20 -80 0 0
5606 -1 900 300 100 100 900 300 100 100 190 500 5 40 15 80 20 -80 0 0
5607 -1 900 300 100 100 900 300 100 100 210 500 5 40 15 80 20 -80 0 0
5608 -1 900 300 100 100 900 300 100 100 220 500 5 40 15 80 20 -80 0 0
5609 -1 900 300 100 100 900 300 100 100 200 480 5 40 15 80 20 -80 0 0
5610 -1 900 300 100 100 900 300 100 100 200 490 5 40 15 80 20 -80 0 0
5611 -1 900 300 100 100 900 300 100 100 200 510 5 40 15 80 20 -80 0 0
5612 -1 900 300 100 100 900 300 100 100 200 520 5 40 15 80 20 -80 0 0
5613 -1 900 300 98 100 900 300 100 100 100 500 9 40 9 80 15 100 0 0
5614 -1 900 300 99 100 900 300 100 100 100 500 9 40 9 80 15 100 0 0
5615 -1 900 300 100 100 900 300 98 100 100 500 9 40 9 80 15 100 0 0
5616 -1 900 300 100 100 900 300 99 100 100 500 9 40 9 80 15 100 0 0
5617 -1 900 300 100 100 900 300 100 100 100 500 8 40 9 80 15 100 0 0
5618 -1 900 300 100 100 900 300 100 100 100 500 10 40 9 80 15 100 0 0
5619 -1 900 300 100 100 900 300 100 100 100 500 11 40 9 80 15 100 0 0
5620 -1 900 300 100 100 900 300 100 100 100 500 9 40 7 80 15 100 0 0
5621 -1 900 300 100 100 900 300 100 100 100 500 9 40 8 80 15 100 0 0
5622 -1 900 300 100 100 900 300 100 100 100 500 9 40 10 80 15 100 0 0
5623 -1 900 300 100 100 900 300 100 100 100 500 9 40 11 80 15 100 0 0
5624 -1 900 300 100 100 900 300 100 100 100 500 9 40 9 80 13 100 0 0
5625 -1 900 300 100 100 900 300 100 100 100 500 9 40 9 80 14 100 0 0
5626 -1 900 300 100 100 900 300 100 100 100 500 9 40 9 80 16 100 0 0
5627 -1 900 300 100 100 900 300 100 100 100 500 9 40 9 80 17 100 0 0
5628 -1 880 300 100 100 900 300 100 100 100 500 9 40 9 80 15 100 0 0
5629 -1 890 300 100 100 900 300 100 100 100 500 9 40 9 80 15 100 0 0
5630 -1 910 300 100 100 900 300 100 100 100 500 9 40 9 80 15 100 0 0
5631 -1 920 300 100 100 900 300 100 100 100 500 9 40 9 80 15 100 0 0
5632 -1 900 280 100 100 900 300 100 100 100 500 9 40 9 80 15 100 0 0
5633 -1 900 290 100 100 900 300 100 100 100 500 9 40 9 80 15 100 0 0
5634 -1 900 310 100 100 900 300 100 100 100 500 9 40 9 80 15 100 0 0
5635 -1 900 320 100 100 900 300 100 100 100 500 9 40 9 80 15 100 0 0
5636 -1 900 300 100 100 880 300 100 100 100 500 9 40 9 80 15 100 0 0
5637 -1 900 300 100 100 890 300 100 100 100 500 9 40 9 80 15 100 0 0
5638 -1 900 300 100 100 910 300 100 100 100 500 9 40 9 80 15 100 0 0
5639 -1 900 300 100 100 920 300 100 100 100 500 9 40 9 80 15 100 0 0
5640 -1 900 300 100 100 900 280 100 100 100 500 9 40 9 80 15 100 0 0
5641 -1 900 300 100 100 900 290 100 100 100 500 9 40 9 80 15 100 0 0
5642 -1 900 300 100 100 900 310 100 100 100 500 9 40 9 80 15 100 0 0
5643 -1 900 300 100 100 900 320 100 100 100 500 9 40 9 80 15 100 0 0
5644 -1 900 300 100 100 900 300 100 100 80 500 9 40 9 80 15 100 0 0
5645 -1 900 300 100 100 900 300 100 100 90 500 9 40 9 80 15 100 0 0
5646 -1 900 300 100 100 900 300 100 100 110 500 9 40 9 80 15 100 0 0
5647 -1 900 300 100 100 900 300 100 100 120 500 9 40 9 80 15 100 0 0
5648 -1 900 300 100 100 900 300 100 100 100 480 9 40 9 80 15 100 0 0
5649 -1 900 300 100 100 900 300 100 100 100 490 9 40 9 80 15 100 0 0
5650 -1 900 300 100 100 900 300 100 100 100 510 9 40 9 80 15 100 0 0
5651 -1 900 300 100 100 900 300 100 100 100 520 9 40 9 80 15 100 0 0
5652 -1 900 300 98 100 900 300 100 100 100 500 10 40 9 80 20 100 0 0
5653 -1 900 300 99 100 900 300 100 100 100 500 10 40 9 80 20 100 0 0
5654 -1 900 300 100 100 900 300 98 100 100 500 10 40 9 80 20 100 0 0
5655 -1 900 300 100 100 900 300 99 100 100 500 10 40 9 80 20 100 0 0
5656 -1 900 300 100 100 900 300 100 100 100 500 8 40 9 80 20 100 0 0
5657 -1 900 300 100 100 900 300 100 100 100 500 9 40 9 80 20 100 0 0
5658 -1 900 300 100 100 900 300 100 100 100 500 11 40 9 80 20 100 0 0
5659 -1 900 300 100 100 900 300 100 100 100 500 12 40 9 80 20 100 0 0
5660 -1 900 300 100 100 900 300 100 100 100 500 10 40 7 80 20 100 0 0
5661 -1 900 300 100 100 900 300 100 100 100 500 10 40 8 80 20 100 0 0
5662 -1 900 300 100 100 900 300 100 100 100 500 10 40 10 80 20 100 0 0
5663 -1 900 300 100 100 900 300 100 100 100 500 10 40 11 80 20 100 0 0
5664 -1 900 300 100 100 900 300 100 100 100 500 10 40 9 80 18 100 0 0
5665 -1 900 300 100 100 900 300 100 100 100 500 10 40 9 80 19 100 0 0
5666 -1 900 300 100 100 900 300 100 100 100 500 10 40 9 80 21 100 0 0
5667 -1 900 300 100 100 900 300 100 100 100 500 10 40 9 80 22 100 0 0
5668 -1 880 300 100 100 900 300 100 100 100 500 10 40 9 80 20 100 0 0
5669 -1 890 300 100 100 900 300 100 100 100 500 10 40 9 80 20 100 0 0
5670 -1 910 300 100 100 900 300 100 100 100 500 10 40 9 80 20 100 0 0
5671 -1 920 300 100 100 900 300 100 100 100 500 10 40 9 80 20 100 0 0
5672 -1 900 280 100 100 900 300 100 100 100 500 10 40 9 80 20 100 0 0
5673 -1 900 290 100 100 900 300 100 100 100 500 10 40 9 80 20 100 0 0
5674 -1 900 310 100 100 900 300 100 100 100 500 10 40 9 80 20 100 0 0
5675 -1 900 320 100 100 900 300 100 100 100 500 10 40 9 80 20 100 0 0
5676 -1 900 300 100 100 880 300 100 100 100 500 10 40 9 80 20 100 0 0
5677 -1 900 300 100 100 890 300 100 100 100 500 10 40 9 80 20 100 0 0
5678 -1 900 300 100 100 910 300 100 100 100 500 10 40 9 80 20 100 0 0
5679 -1 900 300 100 100 920 300 100 100 100 500 10 40 9 80 20 100 0 0
5680 -1 900 300 100 100 900 280 100 100 100 500 10 40 9 80 20 100 0 0
5681 -1 900 300 100 100 900 290 100 100 100 500 10 40 9 80 20 100 0 0
5682 -1 900 300 100 100 900 310 100 100 100 500 10 40 9 80 20 100 0 0
5683 -1 900 300 100 100 900 320 100 100 100 500 10 40 9 80 20 100 0 0
5684 -1 900 300 100 100 900 300 100 100 80 500 10 40 9 80 20 100 0 0
5685 -1 900 300 100 100 900 300 100 100 90 500 10 40 9 80 20 100 0 0
5686 -1 900 300 100 100 900 300 100 100 110 500 10 40 9 80 20 100 0 0
5687 -1 900 300 100 100 900 300 100 100 120 500 10 40 9 80 20 100 0 0
5688 -1 900 300 100 100 900 300 100 100 100 480 10 40 9 80 20 100 0 0
5689 -1 900 300 100 100 900 300 100 100 100 490 10 40 9 80 20 100 0 0
5690 -1 900 300 100 100 900 300 100 100 100 510 10 40 9 80 20 100 0 0
5691 -1 900 300 100 100 900 300 100 100 100 520 10 40 9 80 20 100 0 0
5692 -1 900 300 98 100 900 300 100 100 100 500 10 -30 9 80 15 -80 0 0
5693 -1 900 300 99 100 900 300 100 100 100 500 10 -30 9 80 15 -80 0 0
5694 -1 900 300 100 100 900 300 98 100 100 500 10 -30 9 80 15 -80 0 0
5695 -1 900 300 100 100 900 300 99 100 100 500 10 -30 9 80 15 -80 0 0
5696 -1 900 300 100 100 900 300 100 100 100 500 8 -30 9 80 15 -80 0 0
5697 -1 900 300 100 100 900 300 100 100 100 500 9 -30 9 80 15 -80 0 0
5698 -1 900 300 100 100 900 300 100 100 100 500 11 -30 9 80 15 -80 0 0
5699 -1 900 300 100 100 900 300 100 100 100 500 12 -30 9 80 15 -80 0 0
5700 -1 900 300 100 100 900 300 100 100 100 500 10 -30 7 80 15 -80 0 0
5701 -1 900 300 100 100 900 300 100 100 100 500 10 -30 8 80 15 -80 0 0
5702 -1 900 300 100 100 900 300 100 100 100 500 10 -30 10 80 15 -80 0 0
5703 -1 900 300 100 100 900 300 100 100 100 500 10 -30 11 80 15 -80 0 0
5704 -1 900 300 100 100 900 300 100 100 100 500 10 -30 9 80 13 -80 0 0
5705 -1 900 300 100 100 900 300 100 100 100 500 10 -30 9 80 14 -80 0 0
5706 -1 900 300 100 100 900 300 100 100 100 500 10 -30 9 80 16 -80 0 0
5707 -1 900 300 100 100 900 300 100 100 100 500 10 -30 9 80 17 -80 0 0
5708 -1 880 300 100 100 900 300 100 100 100 500 10 -30 9 80 15 -80 0 0
5709 -1 890 300 100 100 900 300 100 100 100 500 10 -30 9 80 15 -80 0 0
5710 -1 910 300 100 100 900 300 100 100 100 500 10 -30 9 80 15 -80 0 0
5711 -1 920 300 100 100 900 300 100 100 100 500 10 -30 9 80 15 -80 0 0
5712 -1 900 280 100 100 900 300 100 100 100 500 10 -30 9 80 15 -80 0 0
5713 -1 900 290 100 100 900 300 100 100 100 500 10 -30 9 80 15 -80 0 0
5714 -1 900 310 100 100 900 300 100 100 100 500 10 -30 9 80 15 -80 0 0
5715 -1 900 320 100 100 900 300 100 100 100 500 10 -30 9 80 15 -80 0 0
5716 -1 900 300 100 100 880 300 100 100 100 500 10 -30 9 80 15 -80 0 0
5717 -1 900 300 100 100 890 300 100 100 100 500 10 -30 9 80 15 -80 0 0
5718 -1 900 300 100 100 910 300 100 100 100 500 10 -30 9 80 15 -80 0 0
5719 -1 900 300 100 100 920 300 100 100 100 500 10 -30 9 80 15 -80 0 0
5720 -1 900 300 100 100 900 280 100 100 100 500 10 -30 9 80 15 -80 0 0
5721 -1 900 300 100 100 900 290 100 100 100 500 10 -30 9 80 15 -80 0 0
5722 -1 900 300 100 100 900 310 100 100 100 500 10 -30 9 80 15 -80 0 0
5723 -1 900 300 100 100 900 320 100 100 100 500 10 -30 9 80 15 -80 0 0
5724 -1 900 300 100 100 900 300 100 100 80 500 10 -30 9 80 15 -80 0 0
5725 -1 900 300 100 100 900 300 100 100 90 500 10 -30 9 80 15 -80 0 0
5726 -1 900 300 100 100 900 300 100 100 110 500 10 -30 9 80 15 -80 0 0
5727 -1 900 300 100 100 900 300 100 100 120 500 10 -30 9 80 15 -80 0 0
5728 -1 900 300 100 100 900 300 100 100 100 480 10 -30 9 80 15 -80 0 0
5729 -1 900 300 100 100 900 300 100 100 100 490 10 -30 9 80 15 -80 0 0
5730 -1 900 300 100 100 900 300 100 100 100 510 10 -30 9 80 15 -80 0 0
5731 -1 900 300 100 100 900 300 100 100 100 520 10 -30 9 80 15 -80 0 0
5732 -1 900 300 98 100 900 300 100 100 200 700 5 40 15 60 15 -80 0 0
5733 -1 900 300 99 100 900 300 100 100 200 700 5 40 15 60 15 -80 0 0
5734 -1 900 300 100 100 900 300 98 100 200 700 5 40 15 60 15 -80 0 0
5735 -1 900 300 100 100 900 300 99 100 200 700 5 40 15 60 15 -80 0 0
5736 -1 900 300 100 100 900 300 100 100 200 700 3 40 15 60 15 -80 0 0
5737 -1 900 300 100 100 900 300 100 100 200 700 4 40 15 60 15 -80 0 0
5738 -1 900 300 100 100 900 300 100 100 200 700 6 40 15 60 15 -80 0 0
5739 -1 900 300 100 100 900 300 100 100 200 700 7 40 15 60 15 -80 0 0
5740 -1 900 300 100 100 900 300 100 100 200 700 5 40 13 60 15 -80 0 0
5741 -1 900 300 100 100 900 300 100 100 200 700 5 40 14 60 15 -80 0 0
5742 -1 900 300 100 100 900 300 100 100 200 700 5 40 16 60 15 -80 0 0
5743 -1 900 300 100 100 900 300 100 100 200 700 5 40 17 60 15 -80 0 0
5744 -1 900 300 100 100 900 300 100 100 200 700 5 40 15 60 13 -80 0 0
5745 -1 900 300 100 100 900 300 100 100 200 700 5 40 15 60 14 -80 0 0
5746 -1 900 300 100 100 900 300 100 100 200 700 5 40 15 60 16 -80 0 0
5747 -1 900 300 100 100 900 300 100 100 200 700 5 40 15 60 17 -80 0 0
5748 -1 880 300 100 100 900 300 100 100 200 700 5 40 15 60 15 -80 0 0
5749 -1 890 300 100 100 900 300 100 100 200 700 5 40 15 60 15 -80 0 0
5750 -1 910 300 100 100 900 300 100 100 200 700 5 40 15 60 15 -80 0 0
5751 -1 920 300 100 100 900 300 100 100 200 700 5 40 15 60 15 -80 0 0
5752 -1 900 280 100 100 900 300 100 100 200 700 5 40 15 60 15 -80 0 0
5753 -1 900 290 100 100 900 300 100 100 200 700 5 40 15 60 15 -80 0 0
5754 -1 900 310 100 100 900 300 100 100 200 700 5 40 15 60 15 -80 0 0
5755 -1 900 320 100 100 900 300 100 100 200 700 5 40 15 60 15 -80 0 0
5756 -1 900 300 100 100 880 300 100 100 200 700 5 40 15 60 15 -80 0 0
5757 -1 900 300 100 100 890 300 100 100 200 700 5 40 15 60 15 -80 0 0
5758 -1 900 300 100 100 910 300 100 100 200 700 5 40 15 60 15 -80 0 0
5759 -1 900 300 100 100 920 300 100 100 200 700 5 40 15 60 15 -80 0 0
5760 -1 900 300 100 100 900 280 100 100 200 700 5 40 15 60 15 -80 0 0
5761 -1 900 300 100 100 900 290 100 100 200 700 5 40 15 60 15 -80 0 0
5762 -1 900 300 100 100 900 310 100 100 200 700 5 40 15 60 15 -80 0 0
5763 -1 900 300 100 100 900 320 100 100 200 700 5 40 15 60 15 -80 0 0
5764 -1 900 300 100 100 900 300 100 100 180 700 5 40 15 60 15 -80 0 0
5765 -1 900 300 100 100 900 300 100 100 190 700 5 40 15 60 15 -80 0 0
5766 -1 900 300 100 100 900 300 100 100 210 700 5 40 15 60 15 -80 0 0
5767 -1 900 300 100 100 900 300 100 100 220 700 5 40 15 60 15 -80 0 0
5768 -1 900 300 100 100 900 300 100 100 200 680 5 40 15 60 15 -80 0 0
5769 -1 900 300 100 100 900 300 100 100 200 690 5 40 15 60 15 -80 0 0
5770 -1 900 300 100 100 900 300 100 100 200 710 5 40 15 60 15 -80 0 0
5771 -1 900 300 100 100 900 300 100 100 200 720 5 40 15 60 15 -80 0 0
5772 -1 900 300 98 100 900 300 100 100 100 700 10 40 15 80 15 -80 0 0
5773 -1 900 300 99 100 900 300 100 100 100 700 10 40 15 80 15 -80 0 0
5774 -1 900 300 100 100 900 300 98 100 100 700 10 40 15 80 15 -80 0 0
5775 -1 900 300 100 100 900 300 99 100 100 700 10 40 15 80 15 -80 0 0
5776 -1 900 300 100 100 900 300 100 100 100 700 8 40 15 80 15 -80 0 0
5777 -1 900 300 100 100 900 300 100 100 100 700 9 40 15 80 15 -80 0 0
5778 -1 900 300 100 100 900 300 100 100 100 700 11 40 15 80 15 -80 0 0
5779 -1 900 300 100 100 900 300 100 100 100 700 12 40 15 80 15 -80 0 0
5780 -1 900 300 100 100 900 300 100 100 100 700 10 40 13 80 15 -80 0 0
5781 -1 900 300 100 100 900 300 100 100 100 700 10 40 14 80 15 -80 0 0
5782 -1 900 300 100 100 900 300 100 100 100 700 10 40 16 80 15 -80 0 0
5783 -1 900 300 100 100 900 300 100 100 100 700 10 40 17 80 15 -80 0 0
5784 -1 900 300 100 100 900 300 100 100 100 700 10 40 15 80 13 -80 0 0
5785 -1 900 300 100 100 900 300 100 100 100 700 10 40 15 80 14 -80 0 0
5786 -1 900 300 100 100 900 300 100 100 100 700 10 40 15 80 16 -80 0 0
5787 -1 900 300 100 100 900 300 100 100 100 700 10 40 15 80 17 -80 0 0
5788 -1 880 300 100 100 900 300 100 100 100 700 10 40 15 80 15 -80 0 0
5789 -1 890 300 100 100 900 300 100 100 100 700 10 40 15 80 15 -80 0 0
5790 -1 910 300 100 100 900 300 100 100 100 700 10 40 15 80 15 -80 0 0
5791 -1 920 300 100 100 900 300 100 100 100 700 10 40 15 80 15 -80 0 0
5792 -1 900 280 100 100 900 300 100 100 100 700 10 40 15 80 15 -80 0 0
5793 -1 900 290 100 100 900 300 100 100 100 700 10 40 15 80 15 -80 0 0
5794 -1 900 310 100 100 900 300 100 100 100 700 10 40 15 80 15 -80 0 0
5795 -1 900 320 100 100 900 300 100 100 100 700 10 40 15 80 15 -80 0 0
5796 -1 900 300 100 100 880 300 100 100 100 700 10 40 15 80 15 -80 0 0
5797 -1 900 300 100 100 890 300 100 100 100 700 10 40 15 80 15 -80 0 0
5798 -1 900 300 100 100 910 300 100 100 100 700 10 40 15 80 15 -80 0 0
5799 -1 900 300 100 100 920 300 100 100 100 700 10 40 15 80 15 -80 0 0
5800 -1 900 300 100 100 900 280 100 100 100 700 10 40 15 80 15 -80 0 0
5801 -1 900 300 100 100 900 290 100 100 100 700 10 40 15 80 15 -80 0 0
5802 -1 900 300 100 100 900 310 100 100 100 700 10 40 15 80 15 -80 0 0
5803 -1 900 300 100 100 900 320 100 100 100 700 10 40 15 80 15 -80 0 0
5804 -1 900 300 100 100 900 300 100 100 80 700 10 40 15 80 15 -80 0 0
5805 -1 900 300 100 100 900 300 100 100 90 700 10 40 15 80 15 -80 0 0
5806 -1 900 300 100 100 900 300 100 100 110 700 10 40 15 80 15 -80 0 0
5807 -1 900 300 100 100 900 300 100 100 120 700 10 40 15 80 15 -80 0 0
5808 -1 900 300 100 100 900 300 100 100 100 680 10 40 15 80 15 -80 0 0
5809 -1 900 300 100 100 900 300 100 100 100 690 10 40 15 80 15 -80 0 0
5810 -1 900 300 100 100 900 300 100 100 100 710 10 40 15 80 15 -80 0 0
5811 -1 900 300 100 100 900 300 100 100 100 720 10 40 15 80 15 -80 0 0
5812 6 800 0 98 100 800 0 15 100 1000 1000 5 100 5 100 5 100 0 1
5813 6 800 0 99 100 800 0 15 100 1000 1000 5 100 5 100 5 100 0 1
5814 6 800 0 100 100 800 0 13 100 1000 1000 5 100 5 100 5 100 0 1
5815 6 800 0 100 100 800 0 14 100 1000 1000 5 100 5 100 5 100 0 1
5816 6 800 0 100 100 800 0 16 100 1000 1000 5 100 5 100 5 100 0 1
5817 6 800 0 100 100 800 0 17 100 1000 1000 5 100 5 100 5 100 0 1
5818 6 800 0 100 100 800 0 15 100 1000 1000 3 100 5 100 5 100 0 1
5819 6 800 0 100 100 800 0 15 100 1000 1000 4 100 5 100 5 100 0 1
5820 6 800 0 100 100 800 0 15 100 1000 1000 6 100 5 100 5 100 0 1
5821 6 800 0 100 100 800 0 15 100 1000 1000 7 100 5 100 5 100 0 1
5822 6 800 0 100 100 800 0 15 100 1000 1000 5 100 3 100 5 100 0 1
5823 6 800 0 100 100 800 0 15 100 1000 1000 5 100 4 100 5 100 0 1
5824 6 800 0 100 100 800 0 15 100 1000 1000 5 100 6 100 5 100 0 1
5825 6 800 0 100 100 800 0 15 100 1000 1000 5 100 7 100 5 100 0 1
5826 6 800 0 100 100 800 0 15 100 1000 1000 5 100 5 100 3 100 0 1
5827 6 800 0 100 100 800 0 15 100 1000 1000 5 100 5 100 4 100 0 1
5828 6 800 0 100 100 800 0 15 100 1000 1000 5 100 5 100 6 100 0 1
5829 6 800 0 100 100 800 0 15 100 1000 1000 5 100 5 100 7 100 0 1
5830 6 780 0 100 100 800 0 15 100 1000 1000 5 100 5 100 5 100 0 1
5831 6 790 0 100 100 800 0 15 100 1000 1000 5 100 5 100 5 100 0 1
5832 6 810 0 100 100 800 0 15 100 1000 1000 5 100 5 100 5 100 0 1
5833 6 820 0 100 100 800 0 15 100 1000 1000 5 100 5 100 5 100 0 1
5834 6 800 10 100 100 800 0 15 100 1000 1000 5 100 5 100 5 100 0 1
5835 6 800 20 100 100 800 0 15 100 1000 1000 5 100 5 100 5 100 0 1
5836 6 800 0 100 100 780 0 15 100 1000 1000 5 100 5 100 5 100 0 1
5837 6 800 0 100 100 790 0 15 100 1000 1000 5 100 5 100 5 100 0 1
5838 6 800 0 100 100 810 0 15 100 1000 1000 5 100 5 100 5 100 0 1
5839 6 800 0 100 100 820 0 15 100 1000 1000 5 100 5 100 5 100 0 1
5840 6 800 0 100 100 800 10 15 100 1000 1000 5 100 5 100 5 100 0 1
5841 6 800 0 100 100 800 20 15 100 1000 1000 5 100 5 100 5 100 0 1
5842 6 800 0 100 100 800 0 15 100 980 1000 5 100 5 100 5 100 0 1
5843 6 800 0 100 100 800 0 15 100 990 1000 5 100 5 100 5 100 0 1
5844 6 700 600 98 100 700 0 15 100 1000 1000 5 100 5 100 5 100 2 0
5845 6 700 600 99 100 700 0 15 100 1000 1000 5 100 5 100 5 100 2 0
5846 6 700 600 100 100 700 0 13 100 1000 1000 5 100 5 100 5 100 2 0
5847 6 700 600 100 100 700 0 14 100 1000 1000 5 100 5 100 5 100 2 0
5848 6 700 600 100 100 700 0 16 100 1000 1000 5 100 5 100 5 100 2 0
5849 6 700 600 100 100 700 0 17 100 1000 1000 5 100 5 100 5 100 2 0
5850 6 700 600 100 100 700 0 15 100 1000 1000 3 100 5 100 5 100 2 0
5851 6 700 600 100 100 700 0 15 100 1000 1000 4 100 5 100 5 100 2 0
5852 6 700 600 100 100 700 0 15 100 1000 1000 6 100 5 100 5 100 2 0
5853 6 700 600 100 100 700 0 15 100 1000 1000 7 100 5 100 5 100 2 0
5854 6 700 600 100 100 700 0 15 100 1000 1000 5 100 3 100 5 100 2 0
5855 6 700 600 100 100 700 0 15 100 1000 1000 5 100 4 100 5 100 2 0
5856 6 700 600 100 100 700 0 15 100 1000 1000 5 100 6 100 5 100 2 0
5857 6 700 600 100 100 700 0 15 100 1000 1000 5 100 7 100 5 100 2 0
5858 6 700 600 100 100 700 0 15 100 1000 1000 5 100 5 100 3 100 2 0
5859 6 700 600 100 100 700 0 15 100 1000 1000 5 100 5 100 4 100 2 0
5860 6 700 600 100 100 700 0 15 100 1000 1000 5 100 5 100 6 100 2 0
5861 6 700 600 100 100 700 0 15 100 1000 1000 5 100 5 100 7 100 2 0
5862 6 680 600 100 100 700 0 15 100 1000 1000 5 100 5 100 5 100 2 0
5863 6 690 600 100 100 700 0 15 100 1000 1000 5 100 5 100 5 100 2 0
5864 6 710 600 100 100 700 0 15 100 1000 1000 5 100 5 100 5 100 2 0
5865 6 720 600 100 100 700 0 15 100 1000 1000 5 100 5 100 5 100 2 0
5866 6 700 580 100 100 700 0 15 100 1000 1000 5 100 5 100 5 100 2 0
5867 6 700 590 100 100 700 0 15 100 1000 1000 5 100 5 100 5 100 2 0
5868 6 700 610 100 100 700 0 15 100 1000 1000 5 100 5 100 5 100 2 0
5869 6 700 620 100 100 700 0 15 100 1000 1000 5 100 5 100 5 100 2 0
5870 6 700 600 100 100 680 0 15 100 1000 1000 5 100 5 100 5 100 2 0
5871 6 700 600 100 100 690 0 15 100 1000 1000 5 100 5 100 5 100 2 0
5872 6 700 600 100 100 710 0 15 100 1000 1000 5 100 5 100 5 100 2 0
5873 6 700 600 100 100 720 0 15 100 1000 1000 5 100 5 100 5 100 2 0
5874 6 700 600 100 100 700 10 15 100 1000 1000 5 100 5 100 5 100 2 0
5875 6 700 600 100 100 700 20 15 100 1000 1000 5 100 5 100 5 100 2 0
5876 6 700 600 100 100 700 0 15 100 980 1000 5 100 5 100 5 100 2 0
5877 6 700 600 100 100 700 0 15 100 990 1000 5 100 5 100 5 100 2 0
5878 6 700 600 98 100 700 0 15 100 1000 1000 15 100 15 100 15 100 0 0
5879 6 700 600 99 100 700 0 15 100 1000 1000 15 100 15 100 15 100 0 0
5880 6 700 600 100 100 700 0 13 100 1000 1000 15 100 15 100 15 100 0 0
5881 6 700 600 100 100 700 0 14 100 1000 1000 15 100 15 100 15 100 0 0
5882 6 700 600 100 100 700 0 16 100 1000 1000 15 100 15 100 15 100 0 0
5883 6 700 600 100 100 700 0 17 100 1000 1000 15 100 15 100 15 100 0 0
5884 6 700 600 100 100 700 0 15 100 1000 1000 13 100 15 100 15 100 0 0
5885 6 700 600 100 100 700 0 15 100 1000 1000 14 100 15 100 15 100 0 0
5886 6 700 600 100 100 700 0 15 100 1000 1000 16 100 15 100 15 100 0 0
5887 6 700 600 100 100 700 0 15 100 1000 1000 17 100 15 100 15 100 0 0
5888 6 700 600 100 100 700 0 15 100 1000 1000 15 100 13 100 15 100 0 0
5889 6 700 600 100 100 700 0 15 100 1000 1000 15 100 14 100 15 100 0 0
5890 6 700 600 100 100 700 0 15 100 1000 1000 15 100 16 100 15 100 0 0
5891 6 700 600 100 100 700 0 15 100 1000 1000 15 100 17 100 15 100 0 0
5892 6 700 600 100 100 700 0 15 100 1000 1000 15 100 15 100 13 100 0 0
5893 6 700 600 100 100 700 0 15 100 1000 1000 15 100 15 100 14 100 0 0
5894 6 700 600 100 100 700 0 15 100 1000 1000 15 100 15 100 16 100 0 0
5895 6 700 600 100 100 700 0 15 100 1000 1000 15 100 15 100 17 100 0 0
5896 6 680 600 100 100 700 0 15 100 1000 1000 15 100 15 100 15 100 0 0
5897 6 690 600 100 100 700 0 15 100 1000 1000 15 100 15 100 15 100 0 0
5898 6 710 600 100 100 700 0 15 100 1000 1000 15 100 15 100 15 100 0 0
5899 6 720 600 100 100 700 0 15 100 1000 1000 15 100 15 100 15 100 0 0
5900 6 700 580 100 100 700 0 15 100 1000 1000 15 100 15 100 15 100 0 0
5901 6 700 590 100 100 700 0 15 100 1000 1000 15 100 15 100 15 100 0 0
5902 6 700 610 100 100 700 0 15 100 1000 1000 15 100 15 100 15 100 0 0
5903 6 700 620 100 100 700 0 15 100 1000 1000 15 100 15 100 15 100 0 0
5904 6 700 600 100 100 680 0 15 100 1000 1000 15 100 15 100 15 100 0 0
5905 6 700 600 100 100 690 0 15 100 1000 1000 15 100 15 100 15 100 0 0
5906 6 700 600 100 100 710 0 15 100 1000 1000 15 100 15 100 15 100 0 0
5907 6 700 600 100 100 720 0 15 100 1000 1000 15 100 15 100 15 100 0 0
5908 6 700 600 100 100 700 10 15 100 1000 1000 15 100 15 100 15 100 0 0
5909 6 700 600 100 100 700 20 15 100 1000 1000 15 100 15 100 15 100 0 0
5910 6 700 600 100 100 700 0 15 100 980 1000 15 100 15 100 15 100 0 0
5911 6 700 600 100 100 700 0 15 100 990 1000 15 100 15 100 15 100 0 0
5912 6 900 0 98 100 900 0 20 100 1000 1000 9 100 9 100 9 100 1 1
5913 6 900 0 99 100 900 0 20 100 1000 1000 9 100 9 100 9 100 1 1
5914 6 900 0 100 100 900 0 18 100 1000 1000 9 100 9 100 9 100 1 1
5915 6 900 0 100 100 900 0 19 100 1000 1000 9 100 9 100 9 100 1 1
5916 6 900 0 100 100 900 0 21 100 1000 1000 9 100 9 100 9 100 1 1
5917 6 900 0 100 100 900 0 22 100 1000 1000 9 100 9 100 9 100 1 1
5918 6 900 0 100 100 900 0 20 100 1000 1000 7 100 9 100 9 100 1 1
5919 6 900 0 100 100 900 0 20 100 1000 1000 8 100 9 100 9 100 1 1
5920 6 900 0 100 100 900 0 20 100 1000 1000 10 100 9 100 9 100 1 1
5921 6 900 0 100 100 900 0 20 100 1000 1000 11 100 9 100 9 100 1 1
5922 6 900 0 100 100 900 0 20 100 1000 1000 9 100 7 100 9 100 1 1
5923 6 900 0 100 100 900 0 20 100 1000 1000 9 100 8 100 9 100 1 1
5924 6 900 0 100 100 900 0 20 100 1000 1000 9 100 10 100 9 100 1 1
5925 6 900 0 100 100 900 0 20 100 1000 1000 9 100 11 100 9 100 1 1
5926 6 900 0 100 100 900 0 20 100 1000 1000 9 100 9 100 7 100 1 1
5927 6 900 0 100 100 900 0 20 100 1000 1000 9 100 9 100 8 100 1 1
5928 6 900 0 100 100 900 0 20 100 1000 1000 9 100 9 100 10 100 1 1
5929 6 900 0 100 100 900 0 20 100 1000 1000 9 100 9 100 11 100 1 1
5930 6 880 0 100 100 900 0 20 100 1000 1000 9 100 9 100 9 100 1 1
5931 6 890 0 100 100 900 0 20 100 1000 1000 9 100 9 100 9 100 1 1
5932 6 910 0 100 100 900 0 20 100 1000 1000 9 100 9 100 9 100 1 1
5933 6 920 0 100 100 900 0 20 100 1000 1000 9 100 9 100 9 100 1 1
5934 6 900 10 100 100 900 0 20 100 1000 1000 9 100 9 100 9 100 1 1
5935 6 900 20 100 100 900 0 20 100 1000 1000 9 100 9 100 9 100 1 1
5936 6 900 0 100 100 880 0 20 100 1000 1000 9 100 9 100 9 100 1 1
5937 6 900 0 100 100 890 0 20 100 1000 1000 9 100 9 100 9 100 1 1
5938 6 900 0 100 100 910 0 20 100 1000 1000 9 100 9 100 9 100 1 1
5939 6 900 0 100 100 920 0 20 100 1000 1000 9 100 9 100 9 100 1 1
5940 6 900 0 100 100 900 10 20 100 1000 1000 9 100 9 100 9 100 1 1
5941 6 900 0 100 100 900 20 20 100 1000 1000 9 100 9 100 9 100 1 1
5942 6 900 0 100 100 900 0 20 100 980 1000 9 100 9 100 9 100 1 1
5943 6 900 0 100 100 900 0 20 100 990 1000 9 100 9 100 9 100 1 1
5944 6 900 600 98 100 900 0 15 100 1000 1000 9 100 9 100 9 100 0 0
5945 6 900 600 99 100 900 0 15 100 1000 1000 9 100 9 100 9 100 0 0
5946 6 900 600 100 100 900 0 13 100 1000 1000 9 100 9 100 9 100 0 0
5947 6 900 600 100 100 900 0 14 100 1000 1000 9 100 9 100 9 100 0 0
5948 6 900 600 100 100 900 0 16 100 1000 1000 9 100 9 100 9 100 0 0
5949 6 900 600 100 100 900 0 17 100 1000 1000 9 100 9 100 9 100 0 0
5950 6 900 600 100 100 900 0 15 100 1000 1000 7 100 9 100 9 100 0 0
5951 6 900 600 100 100 900 0 15 100 1000 1000 8 100 9 100 9 100 0 0
5952 6 900 600 100 100 900 0 15 100 1000 1000 10 100 9 100 9 100 0 0
5953 6 900 600 100 100 900 0 15 100 1000 1000 11 100 9 100 9 100 0 0
5954 6 900 600 100 100 900 0 15 100 1000 1000 9 100 7 100 9 100 0 0
5955 6 900 600 100 100 900 0 15 100 1000 1000 9 100 8 100 9 100 0 0
5956 6 900 600 100 100 900 0 15 100 1000 1000 9 100 10 100 9 100 0 0
5957 6 900 600 100 100 900 0 15 100 1000 1000 9 100 11 100 9 100 0 0
5958 6 900 600 100 100 900 0 15 100 1000 1000 9 100 9 100 7 100 0 0
5959 6 900 600 100 100 900 0 15 100 1000 1000 9 100 9 100 8 100 0 0
5960 6 900 600 100 100 900 0 15 100 1000 1000 9 100 9 100 10 100 0 0
5961 6 900 600 100 100 900 0 15 100 1000 1000 9 100 9 100 11 100 0 0
5962 6 880 600 100 100 900 0 15 100 1000 1000 9 100 9 100 9 100 0 0
5963 6 890 600 100 100 900 0 15 100 1000 1000 9 100 9 100 9 100 0 0
5964 6 910 600 100 100 900 0 15 100 1000 1000 9 100 9 100 9 100 0 0
5965 6 920 600 100 100 900 0 15 100 1000 1000 9 100 9 100 9 100 0 0
5966 6 900 580 100 100 900 0 15 100 1000 1000 9 100 9 100 9 100 0 0
5967 6 900 590 100 100 900 0 15 100 1000 1000 9 100 9 100 9 100 0 0
5968 6 900 610 100 100 900 0 15 100 1000 1000 9 100 9 100 9 100 0 0
5969 6 900 620 100 100 900 0 15 100 1000 1000 9 100 9 100 9 100 0 0
5970 6 900 600 100 100 880 0 15 100 1000 1000 9 100 9 100 9 100 0 0
5971 6 900 600 100 100 890 0 15 100 1000 1000 9 100 9 100 9 100 0 0
5972 6 900 600 100 100 910 0 15 100 1000 1000 9 100 9 100 9 100 0 0
5973 6 900 600 100 100 920 0 15 100 1000 1000 9 100 9 100 9 100 0 0
5974 6 900 600 100 100 900 10 15 100 1000 1000 9 100 9 100 9 100 0 0
5975 6 900 600 100 100 900 20 15 100 1000 1000 9 100 9 100 9 100 0 0
5976 6 900 600 100 100 900 0 15 100 980 1000 9 100 9 100 9 100 0 0
5977 6 900 600 100 100 900 0 15 100 990 1000 9 100 9 100 9 100 0 0
5978 6 700 300 78 100 700 0 15 100 1000 1000 9 100 9 100 9 100 1 1
5979 6 700 300 79 100 700 0 15 100 1000 1000 9 100 9 100 9 100 1 1
5980 6 700 300 81 100 700 0 15 100 1000 1000 9 100 9 100 9 100 1 1
5981 6 700 300 82 100 700 0 15 100 1000 1000 9 100 9 100 9 100 1 1
5982 6 700 300 80 100 700 0 13 100 1000 1000 9 100 9 100 9 100 1 1
5983 6 700 300 80 100 700 0 14 100 1000 1000 9 100 9 100 9 100 1 1
5984 6 700 300 80 100 700 0 16 100 1000 1000 9 100 9 100 9 100 1 1
5985 6 700 300 80 100 700 0 17 100 1000 1000 9 100 9 100 9 100 1 1
5986 6 700 300 80 100 700 0 15 100 1000 1000 7 100 9 100 9 100 1 1
5987 6 700 300 80 100 700 0 15 100 1000 1000 8 100 9 100 9 100 1 1
5988 6 700 300 80 100 700 0 15 100 1000 1000 10 100 9 100 9 100 1 1
5989 6 700 300 80 100 700 0 15 100 1000 1000 11 100 9 100 9 100 1 1
5990 6 700 300 80 100 700 0 15 100 1000 1000 9 100 7 100 9 100 1 1
5991 6 700 300 80 100 700 0 15 100 1000 1000 9 100 8 100 9 100 1 1
5992 6 700 300 80 100 700 0 15 100 1000 1000 9 100 10 100 9 100 1 1
5993 6 700 300 80 100 700 0 15 100 1000 1000 9 100 11 100 9 100 1 1
5994 6 700 300 80 100 700 0 15 100 1000 1000 9 100 9 100 7 100 1 1
5995 6 700 300 80 100 700 0 15 100 1000 1000 9 100 9 100 8 100 1 1
5996 6 700 300 80 100 700 0 15 100 1000 1000 9 100 9 100 10 100 1 1
5997 6 700 300 80 100 700 0 15 100 1000 1000 9 100 9 100 11 100 1 1
5998 6 680 300 80 100 700 0 15 100 1000 1000 9 100 9 100 9 100 1 1
5999 6 690 300 80 100 700 0 15 100 1000 1000 9 100 9 100 9 100 1 1
6000 6 710 300 80 100 700 0 15 100 1000 1000 9 100 9 100 9 100 1 1
6001 6 720 300 80 100 700 0 15 100 1000 1000 9 100 9 100 9 100 1 1
6002 6 700 280 80 100 700 0 15 100 1000 1000 9 100 9 100 9 100 1 1
6003 6 700 290 80 100 700 0 15 100 1000 1000 9 100 9 100 9 100 1 1
6004 6 700 310 80 100 700 0 15 100 1000 1000 9 100 9 100 9 100 1 1
6005 6 700 320 80 100 700 0 15 100 1000 1000 9 100 9 100 9 100 1 1
6006 6 700 300 80 100 680 0 15 100 1000 1000 9 100 9 100 9 100 1 1
6007 6 700 300 80 100 690 0 15 100 1000 1000 9 100 9 100 9 100 1 1
6008 6 700 300 80 100 710 0 15 100 1000 1000 9 100 9 100 9 100 1 1
6009 6 700 300 80 100 720 0 15 100 1000 1000 9 100 9 100 9 100 1 1
6010 6 700 300 80 100 700 10 15 100 1000 1000 9 100 9 100 9 100 1 1
6011 6 700 300 80 100 700 20 15 100 1000 1000 9 100 9 100 9 100 1 1
6012 6 700 300 80 100 700 0 15 100 980 1000 9 100 9 100 9 100 1 1
6013 6 700 300 80 100 700 0 15 100 990 1000 9 100 9 100 9 100 1 1
6014 6 900 600 78 100 900 0 15 100 1000 1000 10 100 10 100 10 100 0 1
6015 6 900 600 79 100 900 0 15 100 1000 1000 10 100 10 100 10 100 0 1
6016 6 900 600 81 100 900 0 15 100 1000 1000 10 100 10 100 10 100 0 1
6017 6 900 600 82 100 900 0 15 100 1000 1000 10 100 10 100 10 100 0 1
6018 6 900 600 80 100 900 0 13 100 1000 1000 10 100 10 100 10 100 0 1
6019 6 900 600 80 100 900 0 14 100 1000 1000 10 100 10 100 10 100 0 1
6020 6 900 600 80 100 900 0 16 100 1000 1000 10 100 10 100 10 100 0 1
6021 6 900 600 80 100 900 0 17 100 1000 1000 10 100 10 100 10 100 0 1
6022 6 900 600 80 100 900 0 15 100 1000 1000 8 100 10 100 10 100 0 1
6023 6 900 600 80 100 900 0 15 100 1000 1000 9 100 10 100 10 100 0 1
6024 6 900 600 80 100 900 0 15 100 1000 1000 11 100 10 100 10 100 0 1
6025 6 900 600 80 100 900 0 15 100 1000 1000 12 100 10 100 10 100 0 1
6026 6 900 600 80 100 900 0 15 100 1000 1000 10 100 8 100 10 100 0 1
6027 6 900 600 80 100 900 0 15 100 1000 1000 10 100 9 100 10 100 0 1
6028 6 900 600 80 100 900 0 15 100 1000 1000 10 100 11 100 10 100 0 1
6029 6 900 600 80 100 900 0 15 100 1000 1000 10 100 12 100 10 100 0 1
6030 6 900 600 80 100 900 0 15 100 1000 1000 10 100 10 100 8 100 0 1
6031 6 900 600 80 100 900 0 15 100 1000 1000 10 100 10 100 9 100 0 1
6032 6 900 600 80 100 900 0 15 100 1000 1000 10 100 10 100 11 100 0 1
6033 6 900 600 80 100 900 0 15 100 1000 1000 10 100 10 100 12 100 0 1
6034 6 880 600 80 100 900 0 15 100 1000 1000 10 100 10 100 10 100 0 1
6035 6 890 600 80 100 900 0 15 100 1000 1000 10 100 10 100 10 100 0 1
6036 6 910 600 80 100 900 0 15 100 1000 1000 10 100 10 100 10 100 0 1
6037 6 920 600 80 100 900 0 15 100 1000 1000 10 100 10 100 10 100 0 1
6038 6 900 580 80 100 900 0 15 100 1000 1000 10 100 10 100 10 100 0 1
6039 6 900 590 80 100 900 0 15 100 1000 1000 10 100 10 100 10 100 0 1
6040 6 900 610 80 100 900 0 15 100 1000 1000 10 100 10 100 10 100 0 1
6041 6 900 620 80 100 900 0 15 100 1000 1000 10 100 10 100 10 100 0 1
6042 6 900 600 80 100 880 0 15 100 1000 1000 10 100 10 100 10 100 0 1
6043 6 900 600 80 100 890 0 15 100 1000 1000 10 100 10 100 10 100 0 1
6044 6 900 600 80 100 910 0 15 100 1000 1000 10 100 10 100 10 100 0 1
6045 6 900 600 80 100 920 0 15 100 1000 1000 10 100 10 100 10 100 0 1
6046 6 900 600 80 100 900 10 15 100 1000 1000 10 100 10 100 10 100 0 1
6047 6 900 600 80 100 900 20 15 100 1000 1000 10 100 10 100 10 100 0 1
6048 6 900 600 80 100 900 0 15 100 980 1000 10 100 10 100 10 100 0 1
6049 6 900 600 80 100 900 0 15 100 990 1000 10 100 10 100 10 100 0 1
6050 -1 951 950 7 100 951 950 7 100 1000 1000 7 100 7 100 7 100 0 0 5
6051 -1 951 950 7 100 951 950 7 100 1000 1000 7 100 7 100 7 100 0 0 10
6052 -1 951 950 7 100 951 950 7 100 1000 1000 7 100 7 100 7 100 0 0 15
6053 -1 951 950 7 100 951 950 7 100 1000 1000 7 100 7 100 7 100 0 0 20
6054 -1 951 950 7 100 951 950 7 100 1000 1000 7 100 7 100 7 100 0 0 25
6055 -1 951 950 7 100 951 950 7 100 1000 1000 7 100 7 100 7 100 0 0 30
6056 -1 951 950 7 100 951 950 7 100 1000 1000 7 100 7 100 7 100 0 0 40
6057 -1 951 950 7 100 951 950 7 100 1000 1000 7 100 7 100 7 100 0 0 50
6058 -1 951 950 7 100 951 950 7 100 1000 1000 7 100 7 100 7 100 0 0 60
6059 -1 951 950 7 100 951 950 7 100 1000 1000 7 100 7 100 7 100 0 0 80
6060 -1 951 950 8 100 951 950 8 100 1000 1000 8 100 8 100 8 100 0 0 5
6061 -1 951 950 8 100 951 950 8 100 1000 1000 8 100 8 100 8 100 0 0 10
6062 -1 951 950 8 100 951 950 8 100 1000 1000 8 100 8 100 8 100 0 0 15
6063 -1 951 950 8 100 951 950 8 100 1000 1000 8 100 8 100 8 100 0 0 20
6064 -1 951 950 8 100 951 950 8 100 1000 1000 8 100 8 100 8 100 0 0 25
6065 -1 951 950 8 100 951 950 8 100 1000 1000 8 100 8 100 8 100 0 0 30
6066 -1 951 950 8 100 951 950 8 100 1000 1000 8 100 8 100 8 100 0 0 40
6067 -1 951 950 8 100 951 950 8 100 1000 1000 8 100 8 100 8 100 0 0 50
6068 -1 951 950 8 100 951 950 8 100 1000 1000 8 100 8 100 8 100 0 0 60
6069 -1 951 950 8 100 951 950 8 100 1000 1000 8 100 8 100 8 100 0 0 80
6070 -1 1 0 15 100 1 0 15 100 1000 1000 15 100 15 100 15 100 0 0 5
6071 -1 1 0 15 100 1 0 15 100 1000 1000 15 100 15 100 15 100 0 0 10
6072 -1 1 0 15 100 1 0 15 100 1000 1000 15 100 15 100 15 100 0 0 15
6073 -1 1 0 15 100 1 0 15 100 1000 1000 15 100 15 100 15 100 0 0 20
6074 -1 1 0 15 100 1 0 15 100 1000 1000 15 100 15 100 15 100 0 0 25
6075 -1 1 0 15 100 1 0 15 100 1000 1000 15 100 15 100 15 100 0 0 30
6076 -1 1 0 15 100 1 0 15 100 1000 1000 15 100 15 100 15 100 0 0 40
6077 -1 1 0 15 100 1 0 15 100 1000 1000 15 100 15 100 15 100 0 0 50
6078 -1 1 0 15 100 1 0 15 100 1000 1000 15 100 15 100 15 100 0 0 60
6079 -1 1 0 15 100 1 0 15 100 1000 1000 15 100 15 100 15 100 0 0 80
6080 -1 1 0 100 100 1 0 100 100 1000 1000 100 100 100 100 100 100 0 0 5
6081 -1 1 0 100 100 1 0 100 100 1000 1000 100 100 100 100 100 100 0 0 10
6082 -1 1 0 100 100 1 0 100 100 1000 1000 100 100 100 100 100 100 0 0 15
6083 -1 1 0 100 100 1 0 100 100 1000 1000 100 100 100 100 100 100 0 0 20
6084 -1 1 0 100 100 1 0 100 100 1000 1000 100 100 100 100 100 100 0 0 25
6085 -1 1 0 100 100 1 0 100 100 1000 1000 100 100 100 100 100 100 0 0 30
6086 -1 1 0 100 100 1 0 100 100 1000 1000 100 100 100 100 100 100 0 0 40
6087 -1 1 0 100 100 1 0 100 100 1000 1000 100 100 100 100 100 100 0 0 50
6088 -1 1 0 100 100 1 0 100 100 1000 1000 100 100 100 100 100 100 0 0 60
6089 -1 1 0 100 100 1 0 100 100 1000 1000 100 100 100 100 100 100 0 0 80
6090 -1 1 0 100 100 1 0 100 100 1000 1000 10 100 10 100 10 100 2 0 5
6091 -1 1 0 100 100 1 0 100 100 1000 1000 10 100 10 100 10 100 2 0 10
6092 -1 1 0 100 100 1 0 100 100 1000 1000 10 100 10 100 10 100 2 0 15
6093 -1 1 0 100 100 1 0 100 100 1000 1000 10 100 10 100 10 100 2 0 20
6094 -1 1 0 100 100 1 0 100 100 1000 1000 10 100 10 100 10 100 2 0 25
6095 -1 1 0 100 100 1 0 100 100 1000 1000 10 100 10 100 10 100 2 0 30
6096 -1 1 0 100 100 1 0 100 100 1000 1000 10 100 10 100 10 100 2 0 40
6097 -1 1 0 100 100 1 0 100 100 1000 1000 10 100 10 100 10 100 2 0 50
6098 -1 1 0 100 100 1 0 100 100 1000 1000 10 100 10 100 10 100 2 0 60
6099 -1 1 0 100 100 1 0 100 100 1000 1000 10 100 10 100 10 100 2 0 80
6100 -1 1 0 100 100 1 0 100 100 1000 1000 0 100 0 100 0 100 1 1 5
6101 -1 1 0 100 100 1 0 100 100 1000 1000 0 100 0 100 0 100 1 1 10
6102 -1 1 0 100 100 1 0 100 100 1000 1000 0 100 0 100 0 100 1 1 15
6103 -1 1 0 100 100 1 0 100 100 1000 1000 0 100 0 100 0 100 1 1 20
6104 -1 1 0 100 100 1 0 100 100 1000 1000 0 100 0 100 0 100 1 1 25
6105 -1 1 0 100 100 1 0 100 100 1000 1000 0 100 0 100 0 100 1 1 30
6106 -1 1 0 100 100 1 0 100 100 1000 1000 0 100 0 100 0 100 1 1 40
6107 -1 1 0 100 100 1 0 100 100 1000 1000 0 100 0 100 0 100 1 1 50
6108 -1 1 0 100 100 1 0 100 100 1000 1000 0 100 0 100 0 100 1 1 60
6109 -1 1 0 100 100 1 0 100 100 1000 1000 0 100 0 100 0 100 1 1 80
6110 -1 901 800 50 100 901 800 50 100 1000 1000 5 100 5 100 5 100 1 1 5
6111 -1 901 800 50 100 901 800 50 100 1000 1000 5 100 5 100 5 100 1 1 10
6112 -1 901 800 50 100 901 800 50 100 1000 1000 5 100 5 100 5 100 1 1 15
6113 -1 901 800 50 100 901 800 50 100 1000 1000 5 100 5 100 5 100 1 1 20
6114 -1 901 800 50 100 901 800 50 100 1000 1000 5 100 5 100 5 100 1 1 25
6115 -1 901 800 50 100 901 800 50 100 1000 1000 5 100 5 100 5 100 1 1 30
6116 -1 901 800 50 100 901 800 50 100 1000 1000 5 100 5 100 5 100 1 1 40
6117 -1 901 800 50 100 901 800 50 100 1000 1000 5 100 5 100 5 100 1 1 50
6118 -1 901 800 50 100 901 800 50 100 1000 1000 5 100 5 100 5 100 1 1 60
6119 -1 901 800 50 100 901 800 50 100 1000 1000 5 100 5 100 5 100 1 1 80
6120 -1 700 600 80 100 700 600 80 100 300 1000 9 100 9 60 9 60 2 1 5
6121 -1 700 600 80 100 700 600 80 100 300 1000 9 100 9 60 9 60 2 1 10
6122 -1 700 600 80 100 700 600 80 100 300 1000 9 100 9 60 9 60 2 1 15
6123 -1 700 600 80 100 700 600 80 100 300 1000 9 100 9 60 9 60 2 1 20
6124 -1 700 600 80 100 700 600 80 100 300 1000 9 100 9 60 9 60 2 1 25
6125 -1 700 600 80 100 700 600 80 100 300 1000 9 100 9 60 9 60 2 1 30
6126 -1 700 600 80 100 700 600 80 100 300 1000 9 100 9 60 9 60 2 1 40
6127 -1 700 600 80 100 700 600 80 100 300 1000 9 100 9 60 9 60 2 1 50
6128 -1 700 600 80 100 700 600 80 100 300 1000 9 100 9 60 9 60 2 1 60
6129 -1 700 600 80 100 700 600 80 100 300 1000 9 100 9 60 9 60 2 1 80
6130 -1 700 600 80 100 700 600 80 100 100 1000 5 100 5 80 5 80 2 1 5
6131 -1 700 600 80 100 700 600 80 100 100 1000 5 100 5 80 5 80 2 1 10
6132 -1 700 600 80 100 700 600 80 100 100 1000 5 100 5 80 5 80 2 1 15
6133 -1 700 600 80 100 700 600 80 100 100 1000 5 100 5 80 5 80 2 1 20
6134 -1 700 600 80 100 700 600 80 100 100 1000 5 100 5 80 5 80 2 1 25
6135 -1 700 600 80 100 700 600 80 100 100 1000 5 100 5 80 5 80 2 1 30
6136 -1 700 600 80 100 700 600 80 100 100 1000 5 100 5 80 5 80 2 1 40
6137 -1 700 600 80 100 700 600 80 100 100 1000 5 100 5 80 5 80 2 1 50
6138 -1 700 600 80 100 700 600 80 100 100 1000 5 100 5 80 5 80 2 1 60
6139 -1 700 600 80 100 700 600 80 100 100 1000 5 100 5 80 5 80 2 1 80
6140 -1 900 600 80 100 900 600 80 100 100 1000 5 80 5 -30 5 -30 2 1 5
6141 -1 900 600 80 100 900 600 80 100 100 1000 5 80 5 -30 5 -30 2 1 10
6142 -1 900 600 80 100 900 600 80 100 100 1000 5 80 5 -30 5 -30 2 1 15
6143 -1 900 600 80 100 900 600 80 100 100 1000 5 80 5 -30 5 -30 2 1 20
6144 -1 900 600 80 100 900 600 80 100 100 1000 5 80 5 -30 5 -30 2 1 25
6145 -1 900 600 80 100 900 600 80 100 100 1000 5 80 5 -30 5 -30 2 1 30
6146 -1 900 600 80 100 900 600 80 100 100 1000 5 80 5 -30 5 -30 2 1 40
6147 -1 900 600 80 100 900 600 80 100 100 1000 5 80 5 -30 5 -30 2 1 50
6148 -1 900 600 80 100 900 600 80 100 100 1000 5 80 5 -30 5 -30 2 1 60
6149 -1 900 600 80 100 900 600 80 100 100 1000 5 80 5 -30 5 -30 2 1 80
6150 -1 700 600 80 100 700 600 80 100 300 1000 10 80 10 60 10 60 0 1 5
6151 -1 700 600 80 100 700 600 80 100 300 1000 10 80 10 60 10 60 0 1 10
6152 -1 700 600 80 100 700 600 80 100 300 1000 10 80 10 60 10 60 0 1 15
6153 -1 700 600 80 100 700 600 80 100 300 1000 10 80 10 60 10 60 0 1 20
6154 -1 700 600 80 100 700 600 80 100 300 1000 10 80 10 60 10 60 0 1 25
6155 -1 700 600 80 100 700 600 80 100 300 1000 10 80 10 60 10 60 0 1 30
6156 -1 700 600 80 100 700 600 80 100 300 1000 10 80 10 60 10 60 0 1 40
6157 -1 700 600 80 100 700 600 80 100 300 1000 10 80 10 60 10 60 0 1 50
6158 -1 700 600 80 100 700 600 80 100 300 1000 10 80 10 60 10 60 0 1 60
6159 -1 700 600 80 100 700 600 80 100 300 1000 10 80 10 60 10 60 0 1 80
6160 -1 700 600 80 100 700 600 80 100 500 1000 10 100 10 -50 10 -50 2 1 5
6161 -1 700 600 80 100 700 600 80 100 500 1000 10 100 10 -50 10 -50 2 1 10
6162 -1 700 600 80 100 700 600 80 100 500 1000 10 100 10 -50 10 -50 2 1 15
6163 -1 700 600 80 100 700 600 80 100 500 1000 10 100 10 -50 10 -50 2 1 20
6164 -1 700 600 80 100 700 600 80 100 500 1000 10 100 10 -50 10 -50 2 1 25
6165 -1 700 600 80 100 700 600 80 100 500 1000 10 100 10 -50 10 -50 2 1 30
6166 -1 700 600 80 100 700 600 80 100 500 1000 10 100 10 -50 10 -50 2 1 40
6167 -1 700 600 80 100 700 600 80 100 500 1000 10 100 10 -50 10 -50 2 1 50
6168 -1 700 600 80 100 700 600 80 100 500 1000 10 100 10 -50 10 -50 2 1 60
6169 -1 700 600 80 100 700 600 80 100 500 1000 10 100 10 -50 10 -50 2 1 80
6170 -1 700 600 80 100 700 600 80 100 500 1000 9 100 9 -80 9 -80 1 0 5
6171 -1 700 600 80 100 700 600 80 100 500 1000 9 100 9 -80 9 -80 1 0 10
6172 -1 700 600 80 100 700 600 80 100 500 1000 9 100 9 -80 9 -80 1 0 15
6173 -1 700 600 80 100 700 600 80 100 500 1000 9 100 9 -80 9 -80 1 0 20
6174 -1 700 600 80 100 700 600 80 100 500 1000 9 100 9 -80 9 -80 1 0 25
6175 -1 700 600 80 100 700 600 80 100 500 1000 9 100 9 -80 9 -80 1 0 30
6176 -1 700 600 80 100 700 600 80 100 500 1000 9 100 9 -80 9 -80 1 0 40
6177 -1 700 600 80 100 700 600 80 100 500 1000 9 100 9 -80 9 -80 1 0 50
6178 -1 700 600 80 100 700 600 80 100 500 1000 9 100 9 -80 9 -80 1 0 60
6179 -1 700 600 80 100 700 600 80 100 500 1000 9 100 9 -80 9 -80 1 0 80
6180 -1 700 600 80 100 700 600 80 100 700 1000 9 100 9 -80 9 -80 2 0 5
6181 -1 700 600 80 100 700 600 80 100 700 1000 9 100 9 -80 9 -80 2 0 10
6182 -1 700 600 80 100 700 600 80 100 700 1000 9 100 9 -80 9 -80 2 0 15
6183 -1 700 600 80 100 700 600 80 100 700 1000 9 100 9 -80 9 -80 2 0 20
6184 -1 700 600 80 100 700 600 80 100 700 1000 9 100 9 -80 9 -80 2 0 25
6185 -1 700 600 80 100 700 600 80 100 700 1000 9 100 9 -80 9 -80 2 0 30
6186 -1 700 600 80 100 700 600 80 100 700 1000 9 100 9 -80 9 -80 2 0 40
6187 -1 700 600 80 100 700 600 80 100 700 1000 9 100 9 -80 9 -80 2 0 50
6188 -1 700 600 80 100 700 600 80 100 700 1000 9 100 9 -80 9 -80 2 0 60
6189 -1 700 600 80 100 700 600 80 100 700 1000 9 100 9 -80 9 -80 2 0 80
6190 -1 900 300 100 100 900 300 100 100 100 500 5 40 9 80 15 100 0 0 5
6191 -1 900 300 100 100 900 300 100 100 100 500 5 40 9 80 15 100 0 0 10
6192 -1 900 300 100 100 900 300 100 100 100 500 5 40 9 80 15 100 0 0 15
6193 -1 900 300 100 100 900 300 100 100 100 500 5 40 9 80 15 100 0 0 20
6194 -1 900 300 100 100 900 300 100 100 100 500 5 40 9 80 15 100 0 0 25
6195 -1 900 300 100 100 900 300 100 100 100 500 5 40 9 80 15 100 0 0 30
6196 -1 900 300 100 100 900 300 100 100 100 500 5 40 9 80 15 100 0 0 40
6197 -1 900 300 100 100 900 300 100 100 100 500 5 40 9 80 15 100 0 0 50
6198 -1 900 300 100 100 900 300 100 100 100 500 5 40 9 80 15 100 0 0 60
6199 -1 900 300 100 100 900 300 100 100 100 500 5 40 9 80 15 100 0 0 80
6200 -1 900 300 100 100 900 300 100 100 100 500 9 40 9 80 15 100 0 0 5
6201 -1 900 300 100 100 900 300 100 100 100 500 9 40 9 80 15 100 0 0 10
6202 -1 900 300 100 100 900 300 100 100 100 500 9 40 9 80 15 100 0 0 15
6203 -1 900 300 100 100 900 300 100 100 100 500 9 40 9 80 15 100 0 0 20
6204 -1 900 300 100 100 900 300 100 100 100 500 9 40 9 80 15 100 0 0 25
6205 -1 900 300 100 100 900 300 100 100 100 500 9 40 9 80 15 100 0 0 30
6206 -1 900 300 100 100 900 300 100 100 100 500 9 40 9 80 15 100 0 0 40
6207 -1 900 300 100 100 900 300 100 100 100 500 9 40 9 80 15 100 0 0 50
6208 -1 900 300 100 100 900 300 100 100 100 500 9 40 9 80 15 100 0 0 60
6209 -1 900 300 100 100 900 300 100 100 100 500 9 40 9 80 15 100 0 0 80
6210 -1 900 300 100 100 900 300 100 100 100 500 5 40 9 80 20 100 0 0 5
6211 -1 900 300 100 100 900 300 100 100 100 500 5 40 9 80 20 100 0 0 10
6212 -1 900 300 100 100 900 300 100 100 100 500 5 40 9 80 20 100 0 0 15
6213 -1 900 300 100 100 900 300 100 100 100 500 5 40 9 80 20 100 0 0 20
6214 -1 900 300 100 100 900 300 100 100 100 500 5 40 9 80 20 100 0 0 25
6215 -1 900 300 100 100 900 300 100 100 100 500 5 40 9 80 20 100 0 0 30
6216 -1 900 300 100 100 900 300 100 100 100 500 5 40 9 80 20 100 0 0 40
6217 -1 900 300 100 100 900 300 100 100 100 500 5 40 9 80 20 100 0 0 50
6218 -1 900 300 100 100 900 300 100 100 100 500 5 40 9 80 20 100 0 0 60
6219 -1 900 300 100 100 900 300 100 100 100 500 5 40 9 80 20 100 0 0 80
6220 6 900 600 80 100 900 0 15 100 1000 1000 10 100 10 100 10 100 0 1 5
6221 6 900 600 80 100 900 0 15 100 1000 1000 10 100 10 100 10 100 0 1 10
6222 6 900 600 80 100 900 0 15 100 1000 1000 10 100 10 100 10 100 0 1 15
6223 6 900 600 80 100 900 0 15 100 1000 1000 10 100 10 100 10 100 0 1 20
6224 6 900 600 80 100 900 0 15 100 1000 1000 10 100 10 100 10 100 0 1 25
6225 6 900 600 80 100 900 0 15 100 1000 1000 10 100 10 100 10 100 0 1 30
6226 6 900 600 80 100 900 0 15 100 1000 1000 10 100 10 100 10 100 0 1 40
6227 6 900 600 80 100 900 0 15 100 1000 1000 10 100 10 100 10 100 0 1 50
6228 6 900 600 80 100 900 0 15 100 1000 1000 10 100 10 100 10 100 0 1 60
6229 6 900 600 80 100 900 0 15 100 1000 1000 10 100 10 100 10 100 0 1 80
6230 -1 951 950 6 100 951 950 6 100 1000 1000 7 100 6 100 6 100 0 0 5
6231 -1 951 950 6 100 951 950 6 100 1000 1000 7 100 6 100 6 100 0 0 10
6232 -1 951 950 6 100 951 950 6 100 1000 1000 7 100 6 100 6 100 0 0 15
6233 -1 951 950 6 100 951 950 6 100 1000 1000 7 100 6 100 6 100 0 0 20
6234 -1 951 950 6 100 951 950 6 100 1000 1000 7 100 6 100 6 100 0 0 25
6235 -1 951 950 6 100 951 950 6 100 1000 1000 7 100 6 100 6 100 0 0 30
6236 -1 951 950 6 100 951 950 6 100 1000 1000 7 100 6 100 6 100 0 0 40
6237 -1 951 950 6 100 951 950 6 100 1000 1000 7 100 6 100 6 100 0 0 50
6238 -1 951 950 6 100 951 950 6 100 1000 1000 7 100 6 100 6 100 0 0 60
6239 -1 951 950 6 100 951 950 6 100 1000 1000 7 100 6 100 6 100 0 0 80
6240 -1 951 950 6 100 951 950 6 100 1000 1000 8 100 6 100 6 100 0 0 5
6241 -1 951 950 6 100 951 950 6 100 1000 1000 8 100 6 100 6 100 0 0 10
6242 -1 951 950 6 100 951 950 6 100 1000 1000 8 100 6 100 6 100 0 0 15
6243 -1 951 950 6 100 951 950 6 100 1000 1000 8 100 6 100 6 100 0 0 20
6244 -1 951 950 6 100 951 950 6 100 1000 1000 8 100 6 100 6 100 0 0 25
6245 -1 951 950 6 100 951 950 6 100 1000 1000 8 100 6 100 6 100 0 0 30
6246 -1 951 950 6 100 951 950 6 100 1000 1000 8 100 6 100 6 100 0 0 40
6247 -1 951 950 6 100 951 950 6 100 1000 1000 8 100 6 100 6 100 0 0 50
6248 -1 951 950 6 100 951 950 6 100 1000 1000 8 100 6 100 6 100 0 0 60
6249 -1 951 950 6 100 951 950 6 100 1000 1000 8 100 6 100 6 100 0 0 80
6250 -1 951 950 5 100 951 950 7 100 1000 1000 7 100 7 100 7 100 0 0 5
6251 -1 951 950 5 100 951 950 7 100 1000 1000 7 100 7 100 7 100 0 0 10
6252 -1 951 950 5 100 951 950 7 100 1000 1000 7 100 7 100 7 100 0 0 15
6253 -1 951 950 5 100 951 950 7 100 1000 1000 7 100 7 100 7 100 0 0 20
6254 -1 951 950 5 100 951 950 7 100 1000 1000 7 100 7 100 7 100 0 0 25
6255 -1 951 950 5 100 951 950 7 100 1000 1000 7 100 7 100 7 100 0 0 30
6256 -1 951 950 5 100 951 950 7 100 1000 1000 7 100 7 100 7 100 0 0 40
6257 -1 951 950 5 100 951 950 7 100 1000 1000 7 100 7 100 7 100 0 0 50
6258 -1 951 950 5 100 951 950 7 100 1000 1000 7 100 7 100 7 100 0 0 60
6259 -1 951 950 5 100 951 950 7 100 1000 1000 7 100 7 100 7 100 0 0 80
6260 -1 951 950 6 100 951 950 7 100 1000 1000 7 100 7 100 7 100 0 0 5
6261 -1 951 950 6 100 951 950 7 100 1000 1000 7 100 7 100 7 100 0 0 10
6262 -1 951 950 6 100 951 950 7 100 1000 1000 7 100 7 100 7 100 0 0 15
6263 -1 951 950 6 100 951 950 7 100 1000 1000 7 100 7 100 7 100 0 0 20
6264 -1 951 950 6 100 951 950 7 100 1000 1000 7 100 7 100 7 100 0 0 25
6265 -1 951 950 6 100 951 950 7 100 1000 1000 7 100 7 100 7 100 0 0 30
6266 -1 951 950 6 100 951 950 7 100 1000 1000 7 100 7 100 7 100 0 0 40
6267 -1 951 950 6 100 951 950 7 100 1000 1000 7 100 7 100 7 100 0 0 50
6268 -1 951 950 6 100 951 950 7 100 1000 1000 7 100 7 100 7 100 0 0 60
6269 -1 951 950 6 100 951 950 7 100 1000 1000 7 100 7 100 7 100 0 0 80
6270 -1 951 950 8 100 951 950 7 100 1000 1000 7 100 7 100 7 100 0 0 5
6271 -1 951 950 8 100 951 950 7 100 1000 1000 7 100 7 100 7 100 0 0 10
6272 -1 951 950 8 100 951 950 7 100 1000 1000 7 100 7 100 7 100 0 0 15
6273 -1 951 950 8 100 951 950 7 100 1000 1000 7 100 7 100 7 100 0 0 20
6274 -1 951 950 8 100 951 950 7 100 1000 1000 7 100 7 100 7 100 0 0 25
6275 -1 951 950 8 100 951 950 7 100 1000 1000 7 100 7 100 7 100 0 0 30
6276 -1 951 950 8 100 951 950 7 100 1000 1000 7 100 7 100 7 100 0 0 40
6277 -1 951 950 8 100 951 950 7 100 1000 1000 7 100 7 100 7 100 0 0 50
6278 -1 951 950 8 100 951 950 7 100 1000 1000 7 100 7 100 7 100 0 0 60
6279 -1 951 950 8 100 951 950 7 100 1000 1000 7 100 7 100 7 100 0 0 80
6280 -1 951 950 9 100 951 950 7 100 1000 1000 7 100 7 100 7 100 0 0 5
6281 -1 951 950 9 100 951 950 7 100 1000 1000 7 100 7 100 7 100 0 0 10
6282 -1 951 950 9 100 951 950 7 100 1000 1000 7 100 7 100 7 100 0 0 15
6283 -1 951 950 9 100 951 950 7 100 1000 1000 7 100 7 100 7 100 0 0 20
6284 -1 951 950 9 100 951 950 7 100 1000 1000 7 100 7 100 7 100 0 0 25
6285 -1 951 950 9 100 951 950 7 100 1000 1000 7 100 7 100 7 100 0 0 30
6286 -1 951 950 9 100 951 950 7 100 1000 1000 7 100 7 100 7 100 0 0 40
6287 -1 951 950 9 100 951 950 7 100 1000 1000 7 100 7 100 7 100 0 0 50
6288 -1 951 950 9 100 951 950 7 100 1000 1000 7 100 7 100 7 100 0 0 60
6289 -1 951 950 9 100 951 950 7 100 1000 1000 7 100 7 100 7 100 0 0 80
6290 -1 951 950 7 100 951 950 5 100 1000 1000 7 100 7 100 7 100 0 0 5
6291 -1 951 950 7 100 951 950 5 100 1000 1000 7 100 7 100 7 100 0 0 10
6292 -1 951 950 7 100 951 950 5 100 1000 1000 7 100 7 100 7 100 0 0 15
6293 -1 951 950 7 100 951 950 5 100 1000 1000 7 100 7 100 7 100 0 0 20
6294 -1 951 950 7 100 951 950 5 100 1000 1000 7 100 7 100 7 100 0 0 25
6295 -1 951 950 7 100 951 950 5 100 1000 1000 7 100 7 100 7 100 0 0 30
6296 -1 951 950 7 100 951 950 5 100 1000 1000 7 100 7 100 7 100 0 0 40
6297 -1 951 950 7 100 951 950 5 100 1000 1000 7 100 7 100 7 100 0 0 50
6298 -1 951 950 7 100 951 950 5 100 1000 1000 7 100 7 100 7 100 0 0 60
6299 -1 951 950 7 100 951 950 5 100 1000 1000 7 100 7 100 7 100 0 0 80
6300 -1 951 950 7 100 951 950 6 100 1000 1000 7 100 7 100 7 100 0 0 5
6301 -1 951 950 7 100 951 950 6 100 1000 1000 7 100 7 100 7 100 0 0 10
6302 -1 951 950 7 100 951 950 6 100 1000 1000 7 100 7 100 7 100 0 0 15
6303 -1 951 950 7 100 951 950 6 100 1000 1000 7 100 7 100 7 100 0 0 20
6304 -1 951 950 7 100 951 950 6 100 1000 1000 7 100 7 100 7 100 0 0 25
6305 -1 951 950 7 100 951 950 6 100 1000 1000 7 100 7 100 7 100 0 0 30
6306 -1 951 950 7 100 951 950 6 100 1000 1000 7 100 7 100 7 100 0 0 40
6307 -1 951 950 7 100 951 950 6 100 1000 1000 7 100 7 100 7 100 0 0 50
6308 -1 951 950 7 100 951 950 6 100 1000 1000 7 100 7 100 7 100 0 0 60
6309 -1 951 950 7 100 951 950 6 100 1000 1000 7 100 7 100 7 100 0 0 80
6310 -1 951 950 7 100 951 950 8 100 1000 1000 7 100 7 100 7 100 0 0 5
6311 -1 951 950 7 100 951 950 8 100 1000 1000 7 100 7 100 7 100 0 0 10
6312 -1 951 950 7 100 951 950 8 100 1000 1000 7 100 7 100 7 100 0 0 15
6313 -1 951 950 7 100 951 950 8 100 1000 1000 7 100 7 100 7 100 0 0 20
6314 -1 951 950 7 100 951 950 8 100 1000 1000 7 100 7 100 7 100 0 0 25
6315 -1 951 950 7 100 951 950 8 100 1000 1000 7 100 7 100 7 100 0 0 30
6316 -1 951 950 7 100 951 950 8 100 1000 1000 7 100 7 100 7 100 0 0 40
6317 -1 951 950 7 100 951 950 8 100 1000 1000 7 100 7 100 7 100 0 0 50
6318 -1 951 950 7 100 951 950 8 100 1000 1000 7 100 7 100 7 100 0 0 60
6319 -1 951 950 7 100 951 950 8 100 1000 1000 7 100 7 100 7 100 0 0 80
6320 -1 951 950 7 100 951 950 9 100 1000 1000 7 100 7 100 7 100 0 0 5
6321 -1 951 950 7 100 951 950 9 100 1000 1000 7 100 7 100 7 100 0 0 10
6322 -1 951 950 7 100 951 950 9 100 1000 1000 7 100 7 100 7 100 0 0 15
6323 -1 951 950 7 100 951 950 9 100 1000 1000 7 100 7 100 7 100 0 0 20
6324 -1 951 950 7 100 951 950 9 100 1000 1000 7 100 7 100 7 100 0 0 25
6325 -1 951 950 7 100 951 950 9 100 1000 1000 7 100 7 100 7 100 0 0 30
6326 -1 951 950 7 100 951 950 9 100 1000 1000 7 100 7 100 7 100 0 0 40
6327 -1 951 950 7 100 951 950 9 100 1000 1000 7 100 7 100 7 100 0 0 50
6328 -1 951 950 7 100 951 950 9 100 1000 1000 7 100 7 100 7 100 0 0 60
6329 -1 951 950 7 100 951 950 9 100 1000 1000 7 100 7 100 7 100 0 0 80
6330 -1 951 950 7 100 951 950 7 100 1000 1000 8 100 7 100 7 100 0 0 5
6331 -1 951 950 7 100 951 950 7 100 1000 1000 8 100 7 100 7 100 0 0 10
6332 -1 951 950 7 100 951 950 7 100 1000 1000 8 100 7 100 7 100 0 0 15
6333 -1 951 950 7 100 951 950 7 100 1000 1000 8 100 7 100 7 100 0 0 20
6334 -1 951 950 7 100 951 950 7 100 1000 1000 8 100 7 100 7 100 0 0 25
6335 -1 951 950 7 100 951 950 7 100 1000 1000 8 100 7 100 7 100 0 0 30
6336 -1 951 950 7 100 951 950 7 100 1000 1000 8 100 7 100 7 100 0 0 40
6337 -1 951 950 7 100 951 950 7 100 1000 1000 8 100 7 100 7 100 0 0 50
6338 -1 951 950 7 100 951 950 7 100 1000 1000 8 100 7 100 7 100 0 0 60
6339 -1 951 950 7 100 951 950 7 100 1000 1000 8 100 7 100 7 100 0 0 80
6340 -1 951 950 7 100 951 950 7 100 1000 1000 7 100 5 100 7 100 0 0 5
6341 -1 951 950 7 100 951 950 7 100 1000 1000 7 100 5 100 7 100 0 0 10
6342 -1 951 950 7 100 951 950 7 100 1000 1000 7 100 5 100 7 100 0 0 15
6343 -1 951 950 7 100 951 950 7 100 1000 1000 7 100 5 100 7 100 0 0 20
6344 -1 951 950 7 100 951 950 7 100 1000 1000 7 100 5 100 7 100 0 0 25
6345 -1 951 950 7 100 951 950 7 100 1000 1000 7 100 5 100 7 100 0 0 30
6346 -1 951 950 7 100 951 950 7 100 1000 1000 7 100 5 100 7 100 0 0 40
6347 -1 951 950 7 100 951 950 7 100 1000 1000 7 100 5 100 7 100 0 0 50
6348 -1 951 950 7 100 951 950 7 100 1000 1000 7 100 5 100 7 100 0 0 60
6349 -1 951 950 7 100 951 950 7 100 1000 1000 7 100 5 100 7 100 0 0 80
6350 -1 951 950 7 100 951 950 7 100 1000 1000 7 100 6 100 7 100 0 0 5
6351 -1 951 950 7 100 951 950 7 100 1000 1000 7 100 6 100 7 100 0 0 10
6352 -1 951 950 7 100 951 950 7 100 1000 1000 7 100 6 100 7 100 0 0 15
6353 -1 951 950 7 100 951 950 7 100 1000 1000 7 100 6 100 7 100 0 0 20
6354 -1 951 950 7 100 951 950 7 100 1000 1000 7 100 6 100 7 100 0 0 25
6355 -1 951 950 7 100 951 950 7 100 1000 1000 7 100 6 100 7 100 0 0 30
6356 -1 951 950 7 100 951 950 7 100 1000 1000 7 100 6 100 7 100 0 0 40
6357 -1 951 950 7 100 951 950 7 100 1000 1000 7 100 6 100 7 100 0 0 50
6358 -1 951 950 7 100 951 950 7 100 1000 1000 7 100 6 100 7 100 0 0 60
6359 -1 951 950 7 100 951 950 7 100 1000 1000 7 100 6 100 7 100 0 0 80
6360 -1 951 950 6 100 951 950 8 100 1000 1000 8 100 8 100 8 100 0 0 5
6361 -1 951 950 6 100 951 950 8 100 1000 1000 8 100 8 100 8 100 0 0 10
6362 -1 951 950 6 100 951 950 8 100 1000 1000 8 100 8 100 8 100 0 0 15
6363 -1 951 950 6 100 951 950 8 100 1000 1000 8 100 8 100 8 100 0 0 20
6364 -1 951 950 6 100 951 950 8 100 1000 1000 8 100 8 100 8 100 0 0 25
6365 -1 951 950 6 100 951 950 8 100 1000 1000 8 100 8 100 8 100 0 0 30
6366 -1 951 950 6 100 951 950 8 100 1000 1000 8 100 8 100 8 100 0 0 40
6367 -1 951 950 6 100 951 950 8 100 1000 1000 8 100 8 100 8 100 0 0 50
6368 -1 951 950 6 100 951 950 8 100 1000 1000 8 100 8 100 8 100 0 0 60
6369 -1 951 950 6 100 951 950 8 100 1000 1000 8 100 8 100 8 100 0 0 80
6370 -1 951 950 7 100 951 950 8 100 1000 1000 8 100 8 100 8 100 0 0 5
6371 -1 951 950 7 100 951 950 8 100 1000 1000 8 100 8 100 8 100 0 0 10
6372 -1 951 950 7 100 951 950 8 100 1000 1000 8 100 8 100 8 100 0 0 15
6373 -1 951 950 7 100 951 950 8 100 1000 1000 8 100 8 100 8 100 0 0 20
6374 -1 951 950 7 100 951 950 8 100 1000 1000 8 100 8 100 8 100 0 0 25
6375 -1 951 950 7 100 951 950 8 100 1000 1000 8 100 8 100 8 100 0 0 30
6376 -1 951 950 7 100 951 950 8 100 1000 1000 8 100 8 100 8 100 0 0 40
6377 -1 951 950 7 100 951 950 8 100 1000 1000 8 100 8 100 8 100 0 0 50
6378 -1 951 950 7 100 951 950 8 100 1000 1000 8 100 8 100 8 100 0 0 60
6379 -1 951 950 7 100 951 950 8 100 1000 1000 8 100 8 100 8 100 0 0 80
6380 -1 951 950 9 100 951 950 8 100 1000 1000 8 100 8 100 8 100 0 0 5
6381 -1 951 950 9 100 951 950 8 100 1000 1000 8 100 8 100 8 100 0 0 10
6382 -1 951 950 9 100 951 950 8 100 1000 1000 8 100 8 100 8 100 0 0 15
6383 -1 951 950 9 100 951 950 8 100 1000 1000 8 100 8 100 8 100 0 0 20
6384 -1 951 950 9 100 951 950 8 100 1000 1000 8 100 8 100 8 100 0 0 25
6385 -1 951 950 9 100 951 950 8 100 1000 1000 8 100 8 100 8 100 0 0 30
6386 -1 951 950 9 100 951 950 8 100 1000 1000 8 100 8 100 8 100 0 0 40
6387 -1 951 950 9 100 951 950 8 100 1000 1000 8 100 8 100 8 100 0 0 50
6388 -1 951 950 9 100 951 950 8 100 1000 1000 8 100 8 100 8 100 0 0 60
6389 -1 951 950 9 100 951 950 8 100 1000 1000 8 100 8 100 8 100 0 0 80
6390 -1 951 950 8 100 951 950 6 100 1000 1000 8 100 8 100 8 100 0 0 5
6391 -1 951 950 8 100 951 950 6 100 1000 1000 8 100 8 100 8 100 0 0 10
6392 -1 951 950 8 100 951 950 6 100 1000 1000 8 100 8 100 8 100 0 0 15
6393 -1 951 950 8 100 951 950 6 100 1000 1000 8 100 8 100 8 100 0 0 20
6394 -1 951 950 8 100 951 950 6 100 1000 1000 8 100 8 100 8 100 0 0 25
6395 -1 951 950 8 100 951 950 6 100 1000 1000 8 100 8 100 8 100 0 0 30
6396 -1 951 950 8 100 951 950 6 100 1000 1000 8 100 8 100 8 100 0 0 40
6397 -1 951 950 8 100 951 950 6 100 1000 1000 8 100 8 100 8 100 0 0 50
6398 -1 951 950 8 100 951 950 6 100 1000 1000 8 100 8 100 8 100 0 0 60
6399 -1 951 950 8 100 951 950 6 100 1000 1000 8 100 8 100 8 100 0 0 80
6400 -1 951 950 8 100 951 950 7 100 1000 1000 8 100 8 100 8 100 0 0 5
6401 -1 951 950 8 100 951 950 7 100 1000 1000 8 100 8 100 8 100 0 0 10
6402 -1 951 950 8 100 951 950 7 100 1000 1000 8 100 8 100 8 100 0 0 15
6403 -1 951 950 8 100 951 950 7 100 1000 1000 8 100 8 100 8 100 0 0 20
6404 -1 951 950 8 100 951 950 7 100 1000 1000 8 100 8 100 8 100 0 0 25
6405 -1 951 950 8 100 951 950 7 100 1000 1000 8 100 8 100 8 100 0 0 30
6406 -1 951 950 8 100 951 950 7 100 1000 1000 8 100 8 100 8 100 0 0 40
6407 -1 951 950 8 100 951 950 7 100 1000 1000 8 100 8 100 8 100 0 0 50
6408 -1 951 950 8 100 951 950 7 100 1000 1000 8 100 8 100 8 100 0 0 60
6409 -1 951 950 8 100 951 950 7 100 1000 1000 8 100 8 100 8 100 0 0 80
6410 -1 951 950 8 100 951 950 9 100 1000 1000 8 100 8 100 8 100 0 0 5
6411 -1 951 950 8 100 951 950 9 100 1000 1000 8 100 8 100 8 100 0 0 10
6412 -1 951 950 8 100 951 950 9 100 1000 1000 8 100 8 100 8 100 0 0 15
6413 -1 951 950 8 100 951 950 9 100 1000 1000 8 100 8 100 8 100 0 0 20
6414 -1 951 950 8 100 951 950 9 100 1000 1000 8 100 8 100 8 100 0 0 25
6415 -1 951 950 8 100 951 950 9 100 1000 1000 8 100 8 100 8 100 0 0 30
6416 -1 951 950 8 100 951 950 9 100 1000 1000 8 100 8 100 8 100 0 0 40
6417 -1 951 950 8 100 951 950 9 100 1000 1000 8 100 8 100 8 100 0 0 50
6418 -1 951 950 8 100 951 950 9 100 1000 1000 8 100 8 100 8 100 0 0 60
6419 -1 951 950 8 100 951 950 9 100 1000 1000 8 100 8 100 8 100 0 0 80
6420 -1 951 950 8 100 951 950 10 100 1000 1000 8 100 8 100 8 100 0 0 5
6421 -1 951 950 8 100 951 950 10 100 1000 1000 8 100 8 100 8 100 0 0 10
6422 -1 951 950 8 100 951 950 10 100 1000 1000 8 100 8 100 8 100 0 0 15
6423 -1 951 950 8 100 951 950 10 100 1000 1000 8 100 8 100 8 100 0 0 20
6424 -1 951 950 8 100 951 950 10 100 1000 1000 8 100 8 100 8 100 0 0 25
6425 -1 951 950 8 100 951 950 10 100 1000 1000 8 100 8 100 8 100 0 0 30
6426 -1 951 950 8 100 951 950 10 100 1000 1000 8 100 8 100 8 100 0 0 40
6427 -1 951 950 8 100 951 950 10 100 1000 1000 8 100 8 100 8 100 0 0 50
6428 -1 951 950 8 100 951 950 10 100 1000 1000 8 100 8 100 8 100 0 0 60
6429 -1 951 950 8 100 951 950 10 100 1000 1000 8 100 8 100 8 100 0 0 80
6430 -1 951 950 8 100 951 950 8 100 1000 1000 8 100 6 100 8 100 0 0 5
6431 -1 951 950 8 100 951 950 8 100 1000 1000 8 100 6 100 8 100 0 0 10
6432 -1 951 950 8 100 951 950 8 100 1000 1000 8 100 6 100 8 100 0 0 15
6433 -1 951 950 8 100 951 950 8 100 1000 1000 8 100 6 100 8 100 0 0 20
6434 -1 951 950 8 100 951 950 8 100 1000 1000 8 100 6 100 8 100 0 0 25
6435 -1 951 950 8 100 951 950 8 100 1000 1000 8 100 6 100 8 100 0 0 30
6436 -1 951 950 8 100 951 950 8 100 1000 1000 8 100 6 100 8 100 0 0 40
6437 -1 951 950 8 100 951 950 8 100 1000 1000 8 100 6 100 8 100 0 0 50
6438 -1 951 950 8 100 951 950 8 100 1000 1000 8 100 6 100 8 100 0 0 60
6439 -1 951 950 8 100 951 950 8 100 1000 1000 8 100 6 100 8 100 0 0 80
6440 -1 951 950 8 100 951 950 8 100 1000 1000 8 100 7 100 8 100 0 0 5
6441 -1 951 950 8 100 951 950 8 100 1000 1000 8 100 7 100 8 100 0 0 10
6442 -1 951 950 8 100 951 950 8 100 1000 1000 8 100 7 100 8 100 0 0 15
6443 -1 951 950 8 100 951 950 8 100 1000 1000 8 100 7 100 8 100 0 0 20
6444 -1 951 950 8 100 951 950 8 100 1000 1000 8 100 7 100 8 100 0 0 25
6445 -1 951 950 8 100 951 950 8 100 1000 1000 8 100 7 100 8 100 0 0 30
6446 -1 951 950 8 100 951 950 8 100 1000 1000 8 100 7 100 8 100 0 0 40
6447 -1 951 950 8 100 951 950 8 100 1000 1000 8 100 7 100 8 100 0 0 50
6448 -1 951 950 8 100 951 950 8 100 1000 1000 8 100 7 100 8 100 0 0 60
6449 -1 951 950 8 100 951 950 8 100 1000 1000 8 100 7 100 8 100 0 0 80
6450 -1 1 0 50 100 1 0 50 100 1000 1000 7 100 9 100 9 100 0 1 5
6451 -1 1 0 50 100 1 0 50 100 1000 1000 7 100 9 100 9 100 0 1 10
6452 -1 1 0 50 100 1 0 50 100 1000 1000 7 100 9 100 9 100 0 1 15
6453 -1 1 0 50 100 1 0 50 100 1000 1000 7 100 9 100 9 100 0 1 20
6454 -1 1 0 50 100 1 0 50 100 1000 1000 7 100 9 100 9 100 0 1 25
6455 -1 1 0 50 100 1 0 50 100 1000 1000 7 100 9 100 9 100 0 1 30
6456 -1 1 0 50 100 1 0 50 100 1000 1000 7 100 9 100 9 100 0 1 40
6457 -1 1 0 50 100 1 0 50 100 1000 1000 7 100 9 100 9 100 0 1 50
6458 -1 1 0 50 100 1 0 50 100 1000 1000 7 100 9 100 9 100 0 1 60
6459 -1 1 0 50 100 1 0 50 100 1000 1000 7 100 9 100 9 100 0 1 80
6460 -1 951 800 50 100 951 800 50 100 1000 1000 7 100 9 100 9 100 2 1 5
6461 -1 951 800 50 100 951 800 50 100 1000 1000 7 100 9 100 9 100 2 1 10
6462 -1 951 800 50 100 951 800 50 100 1000 1000 7 100 9 100 9 100 2 1 15
6463 -1 951 800 50 100 951 800 50 100 1000 1000 7 100 9 100 9 100 2 1 20
6464 -1 951 800 50 100 951 800 50 100 1000 1000 7 100 9 100 9 100 2 1 25
6465 -1 951 800 50 100 951 800 50 100 1000 1000 7 100 9 100 9 100 2 1 30
6466 -1 951 800 50 100 951 800 50 100 1000 1000 7 100 9 100 9 100 2 1 40
6467 -1 951 800 50 100 951 800 50 100 1000 1000 7 100 9 100 9 100 2 1 50
6468 -1 951 800 50 100 951 800 50 100 1000 1000 7 100 9 100 9 100 2 1 60
6469 -1 951 800 50 100 951 800 50 100 1000 1000 7 100 9 100 9 100 2 1 80
6470 -1 951 800 50 100 951 800 50 100 1000 1000 8 100 9 100 9 100 2 1 5
6471 -1 951 800 50 100 951 800 50 100 1000 1000 8 100 9 100 9 100 2 1 10
6472 -1 951 800 50 100 951 800 50 100 1000 1000 8 100 9 100 9 100 2 1 15
6473 -1 951 800 50 100 951 800 50 100 1000 1000 8 100 9 100 9 100 2 1 20
6474 -1 951 800 50 100 951 800 50 100 1000 1000 8 100 9 100 9 100 2 1 25
6475 -1 951 800 50 100 951 800 50 100 1000 1000 8 100 9 100 9 100 2 1 30
6476 -1 951 800 50 100 951 800 50 100 1000 1000 8 100 9 100 9 100 2 1 40
6477 -1 951 800 50 100 951 800 50 100 1000 1000 8 100 9 100 9 100 2 1 50
6478 -1 951 800 50 100 951 800 50 100 1000 1000 8 100 9 100 9 100 2 1 60
6479 -1 951 800 50 100 951 800 50 100 1000 1000 8 100 9 100 9 100 2 1 80
6480 -1 951 800 50 100 951 800 50 100 980 1000 9 100 9 100 9 100 2 1 5
6481 -1 951 800 50 100 951 800 50 100 980 1000 9 100 9 100 9 100 2 1 10
6482 -1 951 800 50 100 951 800 50 100 980 1000 9 100 9 100 9 100 2 1 15
6483 -1 951 800 50 100 951 800 50 100 980 1000 9 100 9 100 9 100 2 1 20
6484 -1 951 800 50 100 951 800 50 100 980 1000 9 100 9 100 9 100 2 1 25
6485 -1 951 800 50 100 951 800 50 100 980 1000 9 100 9 100 9 100 2 1 30
6486 -1 951 800 50 100 951 800 50 100 980 1000 9 100 9 100 9 100 2 1 40
6487 -1 951 800 50 100 951 800 50 100 980 1000 9 100 9 100 9 100 2 1 50
6488 -1 951 800 50 100 951 800 50 100 980 1000 9 100 9 100 9 100 2 1 60
6489 -1 951 800 50 100 951 800 50 100 980 1000 9 100 9 100 9 100 2 1 80
6490 -1 901 800 100 100 901 800 100 100 1000 1000 6 100 5 100 5 100 1 1 5
6491 -1 901 800 100 100 901 800 100 100 1000 1000 6 100 5 100 5 100 1 1 10
6492 -1 901 800 100 100 901 800 100 100 1000 1000 6 100 5 100 5 100 1 1 15
6493 -1 901 800 100 100 901 800 100 100 1000 1000 6 100 5 100 5 100 1 1 20
6494 -1 901 800 100 100 901 800 100 100 1000 1000 6 100 5 100 5 100 1 1 25
6495 -1 901 800 100 100 901 800 100 100 1000 1000 6 100 5 100 5 100 1 1 30
6496 -1 901 800 100 100 901 800 100 100 1000 1000 6 100 5 100 5 100 1 1 40
6497 -1 901 800 100 100 901 800 100 100 1000 1000 6 100 5 100 5 100 1 1 50
6498 -1 901 800 100 100 901 800 100 100 1000 1000 6 100 5 100 5 100 1 1 60
6499 -1 901 800 100 100 901 800 100 100 1000 1000 6 100 5 100 5 100 1 1 80
6500 -1 901 800 100 100 901 800 100 100 1000 1000 7 100 5 100 5 100 1 1 5
6501 -1 901 800 100 100 901 800 100 100 1000 1000 7 100 5 100 5 100 1 1 10
6502 -1 901 800 100 100 901 800 100 100 1000 1000 7 100 5 100 5 100 1 1 15
6503 -1 901 800 100 100 901 800 100 100 1000 1000 7 100 5 100 5 100 1 1 20
6504 -1 901 800 100 100 901 800 100 100 1000 1000 7 100 5 100 5 100 1 1 25
6505 -1 901 800 100 100 901 800 100 100 1000 1000 7 100 5 100 5 100 1 1 30
6506 -1 901 800 100 100 901 800 100 100 1000 1000 7 100 5 100 5 100 1 1 40
6507 -1 901 800 100 100 901 800 100 100 1000 1000 7 100 5 100 5 100 1 1 50
6508 -1 901 800 100 100 901 800 100 100 1000 1000 7 100 5 100 5 100 1 1 60
6509 -1 901 800 100 100 901 800 100 100 1000 1000 7 100 5 100 5 100 1 1 80
6510 -1 951 800 100 100 951 800 100 100 1000 1000 8 100 10 100 10 100 2 1 5
6511 -1 951 800 100 100 951 800 100 100 1000 1000 8 100 10 100 10 100 2 1 10
6512 -1 951 800 100 100 951 800 100 100 1000 1000 8 100 10 100 10 100 2 1 15
6513 -1 951 800 100 100 951 800 100 100 1000 1000 8 100 10 100 10 100 2 1 20
6514 -1 951 800 100 100 951 800 100 100 1000 1000 8 100 10 100 10 100 2 1 25
6515 -1 951 800 100 100 951 800 100 100 1000 1000 8 100 10 100 10 100 2 1 30
6516 -1 951 800 100 100 951 800 100 100 1000 1000 8 100 10 100 10 100 2 1 40
6517 -1 951 800 100 100 951 800 100 100 1000 1000 8 100 10 100 10 100 2 1 50
6518 -1 951 800 100 100 951 800 100 100 1000 1000 8 100 10 100 10 100 2 1 60
6519 -1 951 800 100 100 951 800 100 100 1000 1000 8 100 10 100 10 100 2 1 80
6520 -1 951 780 100 100 951 800 100 100 1000 1000 10 100 10 100 10 100 2 1 5
6521 -1 951 780 100 100 951 800 100 100 1000 1000 10 100 10 100 10 100 2 1 10
6522 -1 951 780 100 100 951 800 100 100 1000 1000 10 100 10 100 10 100 2 1 15
6523 -1 951 780 100 100 951 800 100 100 1000 1000 10 100 10 100 10 100 2 1 20
6524 -1 951 780 100 100 951 800 100 100 1000 1000 10 100 10 100 10 100 2 1 25
6525 -1 951 780 100 100 951 800 100 100 1000 1000 10 100 10 100 10 100 2 1 30
6526 -1 951 780 100 100 951 800 100 100 1000 1000 10 100 10 100 10 100 2 1 40
6527 -1 951 780 100 100 951 800 100 100 1000 1000 10 100 10 100 10 100 2 1 50
6528 -1 951 780 100 100 951 800 100 100 1000 1000 10 100 10 100 10 100 2 1 60
6529 -1 951 780 100 100 951 800 100 100 1000 1000 10 100 10 100 10 100 2 1 80
6530 -1 951 800 100 100 951 800 100 100 980 1000 10 100 10 100 10 100 2 1 5
6531 -1 951 800 100 100 951 800 100 100 980 1000 10 100 10 100 10 100 2 1 10
6532 -1 951 800 100 100 951 800 100 100 980 1000 10 100 10 100 10 100 2 1 15
6533 -1 951 800 100 100 951 800 100 100 980 1000 10 100 10 100 10 100 2 1 20
6534 -1 951 800 100 100 951 800 100 100 980 1000 10 100 10 100 10 100 2 1 25
6535 -1 951 800 100 100 951 800 100 100 980 1000 10 100 10 100 10 100 2 1 30
6536 -1 951 800 100 100 951 800 100 100 980 1000 10 100 10 100 10 100 2 1 40
6537 -1 951 800 100 100 951 800 100 100 980 1000 10 100 10 100 10 100 2 1 50
6538 -1 951 800 100 100 951 800 100 100 980 1000 10 100 10 100 10 100 2 1 60
6539 -1 951 800 100 100 951 800 100 100 980 1000 10 100 10 100 10 100 2 1 80
6540 -1 801 800 98 100 801 800 100 100 1000 1000 9 100 9 100 9 100 1 1 5
6541 -1 801 800 98 100 801 800 100 100 1000 1000 9 100 9 100 9 100 1 1 10
6542 -1 801 800 98 100 801 800 100 100 1000 1000 9 100 9 100 9 100 1 1 15
6543 -1 801 800 98 100 801 800 100 100 1000 1000 9 100 9 100 9 100 1 1 20
6544 -1 801 800 98 100 801 800 100 100 1000 1000 9 100 9 100 9 100 1 1 25
6545 -1 801 800 98 100 801 800 100 100 1000 1000 9 100 9 100 9 100 1 1 30
6546 -1 801 800 98 100 801 800 100 100 1000 1000 9 100 9 100 9 100 1 1 40
6547 -1 801 800 98 100 801 800 100 100 1000 1000 9 100 9 100 9 100 1 1 50
6548 -1 801 800 98 100 801 800 100 100 1000 1000 9 100 9 100 9 100 1 1 60
6549 -1 801 800 98 100 801 800 100 100 1000 1000 9 100 9 100 9 100 1 1 80
6550 -1 801 800 100 100 801 800 100 100 1000 1000 7 100 9 100 9 100 1 1 5
6551 -1 801 800 100 100 801 800 100 100 1000 1000 7 100 9 100 9 100 1 1 10
6552 -1 801 800 100 100 801 800 100 100 1000 1000 7 100 9 100 9 100 1 1 15
6553 -1 801 800 100 100 801 800 100 100 1000 1000 7 100 9 100 9 100 1 1 20
6554 -1 801 800 100 100 801 800 100 100 1000 1000 7 100 9 100 9 100 1 1 25
6555 -1 801 800 100 100 801 800 100 100 1000 1000 7 100 9 100 9 100 1 1 30
6556 -1 801 800 100 100 801 800 100 100 1000 1000 7 100 9 100 9 100 1 1 40
6557 -1 801 800 100 100 801 800 100 100 1000 1000 7 100 9 100 9 100 1 1 50
6558 -1 801 800 100 100 801 800 100 100 1000 1000 7 100 9 100 9 100 1 1 60
6559 -1 801 800 100 100 801 800 100 100 1000 1000 7 100 9 100 9 100 1 1 80
6560 -1 801 800 100 100 801 800 100 100 1000 1000 10 100 9 100 9 100 1 1 5
6561 -1 801 800 100 100 801 800 100 100 1000 1000 10 100 9 100 9 100 1 1 10
6562 -1 801 800 100 100 801 800 100 100 1000 1000 10 100 9 100 9 100 1 1 15
6563 -1 801 800 100 100 801 800 100 100 1000 1000 10 100 9 100 9 100 1 1 20
6564 -1 801 800 100 100 801 800 100 100 1000 1000 10 100 9 100 9 100 1 1 25
6565 -1 801 800 100 100 801 800 100 100 1000 1000 10 100 9 100 9 100 1 1 30
6566 -1 801 800 100 100 801 800 100 100 1000 1000 10 100 9 100 9 100 1 1 40
6567 -1 801 800 100 100 801 800 100 100 1000 1000 10 100 9 100 9 100 1 1 50
6568 -1 801 800 100 100 801 800 100 100 1000 1000 10 100 9 100 9 100 1 1 60
6569 -1 801 800 100 100 801 800 100 100 1000 1000 10 100 9 100 9 100 1 1 80
6570 -1 801 780 100 100 801 800 100 100 1000 1000 9 100 9 100 9 100 1 1 5
6571 -1 801 780 100 100 801 800 100 100 1000 1000 9 100 9 100 9 100 1 1 10
6572 -1 801 780 100 100 801 800 100 100 1000 1000 9 100 9 100 9 100 1 1 15
6573 -1 801 780 100 100 801 800 100 100 1000 1000 9 100 9 100 9 100 1 1 20
6574 -1 801 780 100 100 801 800 100 100 1000 1000 9 100 9 100 9 100 1 1 25
6575 -1 801 780 100 100 801 800 100 100 1000 1000 9 100 9 100 9 100 1 1 30
6576 -1 801 780 100 100 801 800 100 100 1000 1000 9 100 9 100 9 100 1 1 40
6577 -1 801 780 100 100 801 800 100 100 1000 1000 9 100 9 100 9 100 1 1 50
6578 -1 801 780 100 100 801 800 100 100 1000 1000 9 100 9 100 9 100 1 1 60
6579 -1 801 780 100 100 801 800 100 100 1000 1000 9 100 9 100 9 100 1 1 80
6580 -1 801 790 100 100 801 800 100 100 1000 1000 9 100 9 100 9 100 1 1 5
6581 -1 801 790 100 100 801 800 100 100 1000 1000 9 100 9 100 9 100 1 1 10
6582 -1 801 790 100 100 801 800 100 100 1000 1000 9 100 9 100 9 100 1 1 15
6583 -1 801 790 100 100 801 800 100 100 1000 1000 9 100 9 100 9 100 1 1 20
6584 -1 801 790 100 100 801 800 100 100 1000 1000 9 100 9 100 9 100 1 1 25
6585 -1 801 790 100 100 801 800 100 100 1000 1000 9 100 9 100 9 100 1 1 30
6586 -1 801 790 100 100 801 800 100 100 1000 1000 9 100 9 100 9 100 1 1 40
6587 -1 801 790 100 100 801 800 100 100 1000 1000 9 100 9 100 9 100 1 1 50
6588 -1 801 790 100 100 801 800 100 100 1000 1000 9 100 9 100 9 100 1 1 60
6589 -1 801 790 100 100 801 800 100 100 1000 1000 9 100 9 100 9 100 1 1 80
6590 -1 801 800 100 100 801 800 100 100 980 1000 9 100 9 100 9 100 1 1 5
6591 -1 801 800 100 100 801 800 100 100 980 1000 9 100 9 100 9 100 1 1 10
6592 -1 801 800 100 100 801 800 100 100 980 1000 9 100 9 100 9 100 1 1 15
6593 -1 801 800 100 100 801 800 100 100 980 1000 9 100 9 100 9 100 1 1 20
6594 -1 801 800 100 100 801 800 100 100 980 1000 9 100 9 100 9 100 1 1 25
6595 -1 801 800 100 100 801 800 100 100 980 1000 9 100 9 100 9 100 1 1 30
6596 -1 801 800 100 100 801 800 100 100 980 1000 9 100 9 100 9 100 1 1 40
6597 -1 801 800 100 100 801 800 100 100 980 1000 9 100 9 100 9 100 1 1 50
6598 -1 801 800 100 100 801 800 100 100 980 1000 9 100 9 100 9 100 1 1 60
6599 -1 801 800 100 100 801 800 100 100 980 1000 9 100 9 100 9 100 1 1 80
6600 -1 901 790 100 100 901 800 100 100 1000 1000 10 100 10 100 10 100 1 1 5
6601 -1 901 790 100 100 901 800 100 100 1000 1000 10 100 10 100 10 100 1 1 10
6602 -1 901 790 100 100 901 800 100 100 1000 1000 10 100 10 100 10 100 1 1 15
6603 -1 901 790 100 100 901 800 100 100 1000 1000 10 100 10 100 10 100 1 1 20
6604 -1 901 790 100 100 901 800 100 100 1000 1000 10 100 10 100 10 100 1 1 25
6605 -1 901 790 100 100 901 800 100 100 1000 1000 10 100 10 100 10 100 1 1 30
6606 -1 901 790 100 100 901 800 100 100 1000 1000 10 100 10 100 10 100 1 1 40
6607 -1 901 790 100 100 901 800 100 100 1000 1000 10 100 10 100 10 100 1 1 50
6608 -1 901 790 100 100 901 800 100 100 1000 1000 10 100 10 100 10 100 1 1 60
6609 -1 901 790 100 100 901 800 100 100 1000 1000 10 100 10 100 10 100 1 1 80
6610 -1 901 800 100 100 901 800 100 100 1000 1000 9 100 10 100 10 100 1 0 5
6611 -1 901 800 100 100 901 800 100 100 1000 1000 9 100 10 100 10 100 1 0 10
6612 -1 901 800 100 100 901 800 100 100 1000 1000 9 100 10 100 10 100 1 0 15
6613 -1 901 800 100 100 901 800 100 100 1000 1000 9 100 10 100 10 100 1 0 20
6614 -1 901 800 100 100 901 800 100 100 1000 1000 9 100 10 100 10 100 1 0 25
6615 -1 901 800 100 100 901 800 100 100 1000 1000 9 100 10 100 10 100 1 0 30
6616 -1 901 800 100 100 901 800 100 100 1000 1000 9 100 10 100 10 100 1 0 40
6617 -1 901 800 100 100 901 800 100 100 1000 1000 9 100 10 100 10 100 1 0 50
6618 -1 901 800 100 100 901 800 100 100 1000 1000 9 100 10 100 10 100 1 0 60
6619 -1 901 800 100 100 901 800 100 100 1000 1000 9 100 10 100 10 100 1 0 80
6620 -1 801 800 100 100 801 800 100 100 1000 1000 7 100 9 100 9 100 2 0 5
6621 -1 801 800 100 100 801 800 100 100 1000 1000 7 100 9 100 9 100 2 0 10
6622 -1 801 800 100 100 801 800 100 100 1000 1000 7 100 9 100 9 100 2 0 15
6623 -1 801 800 100 100 801 800 100 100 1000 1000 7 100 9 100 9 100 2 0 20
6624 -1 801 800 100 100 801 800 100 100 1000 1000 7 100 9 100 9 100 2 0 25
6625 -1 801 800 100 100 801 800 100 100 1000 1000 7 100 9 100 9 100 2 0 30
6626 -1 801 800 100 100 801 800 100 100 1000 1000 7 100 9 100 9 100 2 0 40
6627 -1 801 800 100 100 801 800 100 100 1000 1000 7 100 9 100 9 100 2 0 50
6628 -1 801 800 100 100 801 800 100 100 1000 1000 7 100 9 100 9 100 2 0 60
6629 -1 801 800 100 100 801 800 100 100 1000 1000 7 100 9 100 9 100 2 0 80
6630 -1 801 800 100 100 801 800 100 100 1000 1000 10 100 9 100 9 100 2 0 5
6631 -1 801 800 100 100 801 800 100 100 1000 1000 10 100 9 100 9 100 2 0 10
6632 -1 801 800 100 100 801 800 100 100 1000 1000 10 100 9 100 9 100 2 0 15
6633 -1 801 800 100 100 801 800 100 100 1000 1000 10 100 9 100 9 100 2 0 20
6634 -1 801 800 100 100 801 800 100 100 1000 1000 10 100 9 100 9 100 2 0 25
6635 -1 801 800 100 100 801 800 100 100 1000 1000 10 100 9 100 9 100 2 0 30
6636 -1 801 800 100 100 801 800 100 100 1000 1000 10 100 9 100 9 100 2 0 40
6637 -1 801 800 100 100 801 800 100 100 1000 1000 10 100 9 100 9 100 2 0 50
6638 -1 801 800 100 100 801 800 100 100 1000 1000 10 100 9 100 9 100 2 0 60
6639 -1 801 800 100 100 801 800 100 100 1000 1000 10 100 9 100 9 100 2 0 80
6640 -1 901 800 50 100 901 800 50 100 1000 1000 7 100 9 100 9 100 1 1 5
6641 -1 901 800 50 100 901 800 50 100 1000 1000 7 100 9 100 9 100 1 1 10
6642 -1 901 800 50 100 901 800 50 100 1000 1000 7 100 9 100 9 100 1 1 15
6643 -1 901 800 50 100 901 800 50 100 1000 1000 7 100 9 100 9 100 1 1 20
6644 -1 901 800 50 100 901 800 50 100 1000 1000 7 100 9 100 9 100 1 1 25
6645 -1 901 800 50 100 901 800 50 100 1000 1000 7 100 9 100 9 100 1 1 30
6646 -1 901 800 50 100 901 800 50 100 1000 1000 7 100 9 100 9 100 1 1 40
6647 -1 901 800 50 100 901 800 50 100 1000 1000 7 100 9 100 9 100 1 1 50
6648 -1 901 800 50 100 901 800 50 100 1000 1000 7 100 9 100 9 100 1 1 60
6649 -1 901 800 50 100 901 800 50 100 1000 1000 7 100 9 100 9 100 1 1 80
6650 -1 901 800 50 100 901 800 50 100 1000 1000 8 100 9 100 9 100 1 1 5
6651 -1 901 800 50 100 901 800 50 100 1000 1000 8 100 9 100 9 100 1 1 10
6652 -1 901 800 50 100 901 800 50 100 1000 1000 8 100 9 100 9 100 1 1 15
6653 -1 901 800 50 100 901 800 50 100 1000 1000 8 100 9 100 9 100 1 1 20
6654 -1 901 800 50 100 901 800 50 100 1000 1000 8 100 9 100 9 100 1 1 25
6655 -1 901 800 50 100 901 800 50 100 1000 1000 8 100 9 100 9 100 1 1 30
6656 -1 901 800 50 100 901 800 50 100 1000 1000 8 100 9 100 9 100 1 1 40
6657 -1 901 800 50 100 901 800 50 100 1000 1000 8 100 9 100 9 100 1 1 50
6658 -1 901 800 50 100 901 800 50 100 1000 1000 8 100 9 100 9 100 1 1 60
6659 -1 901 800 50 100 901 800 50 100 1000 1000 8 100 9 100 9 100 1 1 80
6660 -1 901 800 50 100 901 800 50 100 980 1000 9 100 9 100 9 100 1 1 5
6661 -1 901 800 50 100 901 800 50 100 980 1000 9 100 9 100 9 100 1 1 10
6662 -1 901 800 50 100 901 800 50 100 980 1000 9 100 9 100 9 100 1 1 15
6663 -1 901 800 50 100 901 800 50 100 980 1000 9 100 9 100 9 100 1 1 20
6664 -1 901 800 50 100 901 800 50 100 980 1000 9 100 9 100 9 100 1 1 25
6665 -1 901 800 50 100 901 800 50 100 980 1000 9 100 9 100 9 100 1 1 30
6666 -1 901 800 50 100 901 800 50 100 980 1000 9 100 9 100 9 100 1 1 40
6667 -1 901 800 50 100 901 800 50 100 980 1000 9 100 9 100 9 100 1 1 50
6668 -1 901 800 50 100 901 800 50 100 980 1000 9 100 9 100 9 100 1 1 60
6669 -1 901 800 50 100 901 800 50 100 980 1000 9 100 9 100 9 100 1 1 80
6670 -1 951 800 50 100 951 800 50 100 1000 1000 9 100 10 100 10 100 2 0 5
6671 -1 951 800 50 100 951 800 50 100 1000 1000 9 100 10 100 10 100 2 0 10
6672 -1 951 800 50 100 951 800 50 100 1000 1000 9 100 10 100 10 100 2 0 15
6673 -1 951 800 50 100 951 800 50 100 1000 1000 9 100 10 100 10 100 2 0 20
6674 -1 951 800 50 100 951 800 50 100 1000 1000 9 100 10 100 10 100 2 0 25
6675 -1 951 800 50 100 951 800 50 100 1000 1000 9 100 10 100 10 100 2 0 30
6676 -1 951 800 50 100 951 800 50 100 1000 1000 9 100 10 100 10 100 2 0 40
6677 -1 951 800 50 100 951 800 50 100 1000 1000 9 100 10 100 10 100 2 0 50
6678 -1 951 800 50 100 951 800 50 100 1000 1000 9 100 10 100 10 100 2 0 60
6679 -1 951 800 50 100 951 800 50 100 1000 1000 9 100 10 100 10 100 2 0 80
6680 -1 801 800 100 100 801 800 100 100 1000 1000 6 100 5 100 5 100 1 1 5
6681 -1 801 800 100 100 801 800 100 100 1000 1000 6 100 5 100 5 100 1 1 10
6682 -1 801 800 100 100 801 800 100 100 1000 1000 6 100 5 100 5 100 1 1 15
6683 -1 801 800 100 100 801 800 100 100 1000 1000 6 100 5 100 5 100 1 1 20
6684 -1 801 800 100 100 801 800 100 100 1000 1000 6 100 5 100 5 100 1 1 25
6685 -1 801 800 100 100 801 800 100 100 1000 1000 6 100 5 100 5 100 1 1 30
6686 -1 801 800 100 100 801 800 100 100 1000 1000 6 100 5 100 5 100 1 1 40
6687 -1 801 800 100 100 801 800 100 100 1000 1000 6 100 5 100 5 100 1 1 50
6688 -1 801 800 100 100 801 800 100 100 1000 1000 6 100 5 100 5 100 1 1 60
6689 -1 801 800 100 100 801 800 100 100 1000 1000 6 100 5 100 5 100 1 1 80
6690 -1 801 800 100 100 801 800 100 100 1000 1000 7 100 5 100 5 100 1 1 5
6691 -1 801 800 100 100 801 800 100 100 1000 1000 7 100 5 100 5 100 1 1 10
6692 -1 801 800 100 100 801 800 100 100 1000 1000 7 100 5 100 5 100 1 1 15
6693 -1 801 800 100 100 801 800 100 100 1000 1000 7 100 5 100 5 100 1 1 20
6694 -1 801 800 100 100 801 800 100 100 1000 1000 7 100 5 100 5 100 1 1 25
6695 -1 801 800 100 100 801 800 100 100 1000 1000 7 100 5 100 5 100 1 1 30
6696 -1 801 800 100 100 801 800 100 100 1000 1000 7 100 5 100 5 100 1 1 40
6697 -1 801 800 100 100 801 800 100 100 1000 1000 7 100 5 100 5 100 1 1 50
6698 -1 801 800 100 100 801 800 100 100 1000 1000 7 100 5 100 5 100 1 1 60
6699 -1 801 800 100 100 801 800 100 100 1000 1000 7 100 5 100 5 100 1 1 80
6700 -1 801 800 100 100 801 800 100 100 980 1000 5 100 5 100 5 100 1 1 5
6701 -1 801 800 100 100 801 800 100 100 980 1000 5 100 5 100 5 100 1 1 10
6702 -1 801 800 100 100 801 800 100 100 980 1000 5 100 5 100 5 100 1 1 15
6703 -1 801 800 100 100 801 800 100 100 980 1000 5 100 5 100 5 100 1 1 20
6704 -1 801 800 100 100 801 800 100 100 980 1000 5 100 5 100 5 100 1 1 25
6705 -1 801 800 100 100 801 800 100 100 980 1000 5 100 5 100 5 100 1 1 30
6706 -1 801 800 100 100 801 800 100 100 980 1000 5 100 5 100 5 100 1 1 40
6707 -1 801 800 100 100 801 800 100 100 980 1000 5 100 5 100 5 100 1 1 50
6708 -1 801 800 100 100 801 800 100 100 980 1000 5 100 5 100 5 100 1 1 60
6709 -1 801 800 100 100 801 800 100 100 980 1000 5 100 5 100 5 100 1 1 80
6710 -1 901 820 80 100 901 800 80 100 1000 1000 9 100 9 100 9 100 0 0 5
6711 -1 901 820 80 100 901 800 80 100 1000 1000 9 100 9 100 9 100 0 0 10
6712 -1 901 820 80 100 901 800 80 100 1000 1000 9 100 9 100 9 100 0 0 15
6713 -1 901 820 80 100 901 800 80 100 1000 1000 9 100 9 100 9 100 0 0 20
6714 -1 901 820 80 100 901 800 80 100 1000 1000 9 100 9 100 9 100 0 0 25
6715 -1 901 820 80 100 901 800 80 100 1000 1000 9 100 9 100 9 100 0 0 30
6716 -1 901 820 80 100 901 800 80 100 1000 1000 9 100 9 100 9 100 0 0 40
6717 -1 901 820 80 100 901 800 80 100 1000 1000 9 100 9 100 9 100 0 0 50
6718 -1 901 820 80 100 901 800 80 100 1000 1000 9 100 9 100 9 100 0 0 60
6719 -1 901 820 80 100 901 800 80 100 1000 1000 9 100 9 100 9 100 0 0 80
6720 -1 1 0 80 100 1 0 80 100 1000 1000 8 100 10 100 10 100 0 0 5
6721 -1 1 0 80 100 1 0 80 100 1000 1000 8 100 10 100 10 100 0 0 10
6722 -1 1 0 80 100 1 0 80 100 1000 1000 8 100 10 100 10 100 0 0 15
6723 -1 1 0 80 100 1 0 80 100 1000 1000 8 100 10 100 10 100 0 0 20
6724 -1 1 0 80 100 1 0 80 100 1000 1000 8 100 10 100 10 100 0 0 25
6725 -1 1 0 80 100 1 0 80 100 1000 1000 8 100 10 100 10 100 0 0 30
6726 -1 1 0 80 100 1 0 80 100 1000 1000 8 100 10 100 10 100 0 0 40
6727 -1 1 0 80 100 1 0 80 100 1000 1000 8 100 10 100 10 100 0 0 50
6728 -1 1 0 80 100 1 0 80 100 1000 1000 8 100 10 100 10 100 0 0 60
6729 -1 1 0 80 100 1 0 80 100 1000 1000 8 100 10 100 10 100 0 0 80
6730 -1 1 0 100 100 1 0 100 100 1000 1000 6 100 5 100 5 100 2 0 5
6731 -1 1 0 100 100 1 0 100 100 1000 1000 6 100 5 100 5 100 2 0 10
6732 -1 1 0 100 100 1 0 100 100 1000 1000 6 100 5 100 5 100 2 0 15
6733 -1 1 0 100 100 1 0 100 100 1000 1000 6 100 5 100 5 100 2 0 20
6734 -1 1 0 100 100 1 0 100 100 1000 1000 6 100 5 100 5 100 2 0 25
6735 -1 1 0 100 100 1 0 100 100 1000 1000 6 100 5 100 5 100 2 0 30
6736 -1 1 0 100 100 1 0 100 100 1000 1000 6 100 5 100 5 100 2 0 40
6737 -1 1 0 100 100 1 0 100 100 1000 1000 6 100 5 100 5 100 2 0 50
6738 -1 1 0 100 100 1 0 100 100 1000 1000 6 100 5 100 5 100 2 0 60
6739 -1 1 0 100 100 1 0 100 100 1000 1000 6 100 5 100 5 100 2 0 80
6740 -1 951 820 80 100 951 800 80 100 1000 1000 9 100 9 100 9 100 0 1 5
6741 -1 951 820 80 100 951 800 80 100 1000 1000 9 100 9 100 9 100 0 1 10
6742 -1 951 820 80 100 951 800 80 100 1000 1000 9 100 9 100 9 100 0 1 15
6743 -1 951 820 80 100 951 800 80 100 1000 1000 9 100 9 100 9 100 0 1 20
6744 -1 951 820 80 100 951 800 80 100 1000 1000 9 100 9 100 9 100 0 1 25
6745 -1 951 820 80 100 951 800 80 100 1000 1000 9 100 9 100 9 100 0 1 30
6746 -1 951 820 80 100 951 800 80 100 1000 1000 9 100 9 100 9 100 0 1 40
6747 -1 951 820 80 100 951 800 80 100 1000 1000 9 100 9 100 9 100 0 1 50
6748 -1 951 820 80 100 951 800 80 100 1000 1000 9 100 9 100 9 100 0 1 60
6749 -1 951 820 80 100 951 800 80 100 1000 1000 9 100 9 100 9 100 0 1 80
6750 -1 1 0 82 100 1 0 80 100 1000 1000 0 100 0 100 0 100 0 1 5
6751 -1 1 0 82 100 1 0 80 100 1000 1000 0 100 0 100 0 100 0 1 10
6752 -1 1 0 82 100 1 0 80 100 1000 1000 0 100 0 100 0 100 0 1 15
6753 -1 1 0 82 100 1 0 80 100 1000 1000 0 100 0 100 0 100 0 1 20
6754 -1 1 0 82 100 1 0 80 100 1000 1000 0 100 0 100 0 100 0 1 25
6755 -1 1 0 82 100 1 0 80 100 1000 1000 0 100 0 100 0 100 0 1 30
6756 -1 1 0 82 100 1 0 80 100 1000 1000 0 100 0 100 0 100 0 1 40
6757 -1 1 0 82 100 1 0 80 100 1000 1000 0 100 0 100 0 100 0 1 50
6758 -1 1 0 82 100 1 0 80 100 1000 1000 0 100 0 100 0 100 0 1 60
6759 -1 1 0 82 100 1 0 80 100 1000 1000 0 100 0 100 0 100 0 1 80
6760 -1 901 820 80 100 901 800 80 100 1000 1000 10 100 10 100 10 100 1 0 5
6761 -1 901 820 80 100 901 800 80 100 1000 1000 10 100 10 100 10 100 1 0 10
6762 -1 901 820 80 100 901 800 80 100 1000 1000 10 100 10 100 10 100 1 0 15
6763 -1 901 820 80 100 901 800 80 100 1000 1000 10 100 10 100 10 100 1 0 20
6764 -1 901 820 80 100 901 800 80 100 1000 1000 10 100 10 100 10 100 1 0 25
6765 -1 901 820 80 100 901 800 80 100 1000 1000 10 100 10 100 10 100 1 0 30
6766 -1 901 820 80 100 901 800 80 100 1000 1000 10 100 10 100 10 100 1 0 40
6767 -1 901 820 80 100 901 800 80 100 1000 1000 10 100 10 100 10 100 1 0 50
6768 -1 901 820 80 100 901 800 80 100 1000 1000 10 100 10 100 10 100 1 0 60
6769 -1 901 820 80 100 901 800 80 100 1000 1000 10 100 10 100 10 100 1 0 80
6770 -1 1 0 100 100 1 0 100 100 1000 1000 2 100 0 100 0 100 1 1 5
6771 -1 1 0 100 100 1 0 100 100 1000 1000 2 100 0 100 0 100 1 1 10
6772 -1 1 0 100 100 1 0 100 100 1000 1000 2 100 0 100 0 100 1 1 15
6773 -1 1 0 100 100 1 0 100 100 1000 1000 2 100 0 100 0 100 1 1 20
6774 -1 1 0 100 100 1 0 100 100 1000 1000 2 100 0 100 0 100 1 1 25
6775 -1 1 0 100 100 1 0 100 100 1000 1000 2 100 0 100 0 100 1 1 30
6776 -1 1 0 100 100 1 0 100 100 1000 1000 2 100 0 100 0 100 1 1 40
6777 -1 1 0 100 100 1 0 100 100 1000 1000 2 100 0 100 0 100 1 1 50
6778 -1 1 0 100 100 1 0 100 100 1000 1000 2 100 0 100 0 100 1 1 60
6779 -1 1 0 100 100 1 0 100 100 1000 1000 2 100 0 100 0 100 1 1 80
6780 -1 801 800 100 100 801 800 100 100 1000 1000 6 100 5 100 5 100 0 1 5
6781 -1 801 800 100 100 801 800 100 100 1000 1000 6 100 5 100 5 100 0 1 10
6782 -1 801 800 100 100 801 800 100 100 1000 1000 6 100 5 100 5 100 0 1 15
6783 -1 801 800 100 100 801 800 100 100 1000 1000 6 100 5 100 5 100 0 1 20
6784 -1 801 800 100 100 801 800 100 100 1000 1000 6 100 5 100 5 100 0 1 25
6785 -1 801 800 100 100 801 800 100 100 1000 1000 6 100 5 100 5 100 0 1 30
6786 -1 801 800 100 100 801 800 100 100 1000 1000 6 100 5 100 5 100 0 1 40
6787 -1 801 800 100 100 801 800 100 100 1000 1000 6 100 5 100 5 100 0 1 50
6788 -1 801 800 100 100 801 800 100 100 1000 1000 6 100 5 100 5 100 0 1 60
6789 -1 801 800 100 100 801 800 100 100 1000 1000 6 100 5 100 5 100 0 1 80
6790 -1 801 800 100 100 801 800 100 100 1000 1000 7 100 5 100 5 100 0 1 5
6791 -1 801 800 100 100 801 800 100 100 1000 1000 7 100 5 100 5 100 0 1 10
6792 -1 801 800 100 100 801 800 100 100 1000 1000 7 100 5 100 5 100 0 1 15
6793 -1 801 800 100 100 801 800 100 100 1000 1000 7 100 5 100 5 100 0 1 20
6794 -1 801 800 100 100 801 800 100 100 1000 1000 7 100 5 100 5 100 0 1 25
6795 -1 801 800 100 100 801 800 100 100 1000 1000 7 100 5 100 5 100 0 1 30
6796 -1 801 800 100 100 801 800 100 100 1000 1000 7 100 5 100 5 100 0 1 40
6797 -1 801 800 100 100 801 800 100 100 1000 1000 7 100 5 100 5 100 0 1 50
6798 -1 801 800 100 100 801 800 100 100 1000 1000 7 100 5 100 5 100 0 1 60
6799 -1 801 800 100 100 801 800 100 100 1000 1000 7 100 5 100 5 100 0 1 80
6800 -1 901 800 52 100 901 800 50 100 1000 1000 5 100 5 100 5 100 1 1 5
6801 -1 901 800 52 100 901 800 50 100 1000 1000 5 100 5 100 5 100 1 1 10
6802 -1 901 800 52 100 901 800 50 100 1000 1000 5 100 5 100 5 100 1 1 15
6803 -1 901 800 52 100 901 800 50 100 1000 1000 5 100 5 100 5 100 1 1 20
6804 -1 901 800 52 100 901 800 50 100 1000 1000 5 100 5 100 5 100 1 1 25
6805 -1 901 800 52 100 901 800 50 100 1000 1000 5 100 5 100 5 100 1 1 30
6806 -1 901 800 52 100 901 800 50 100 1000 1000 5 100 5 100 5 100 1 1 40
6807 -1 901 800 52 100 901 800 50 100 1000 1000 5 100 5 100 5 100 1 1 50
6808 -1 901 800 52 100 901 800 50 100 1000 1000 5 100 5 100 5 100 1 1 60
6809 -1 901 800 52 100 901 800 50 100 1000 1000 5 100 5 100 5 100 1 1 80
6810 -1 901 800 50 100 901 800 48 100 1000 1000 5 100 5 100 5 100 1 1 5
6811 -1 901 800 50 100 901 800 48 100 1000 1000 5 100 5 100 5 100 1 1 10
6812 -1 901 800 50 100 901 800 48 100 1000 1000 5 100 5 100 5 100 1 1 15
6813 -1 901 800 50 100 901 800 48 100 1000 1000 5 100 5 100 5 100 1 1 20
6814 -1 901 800 50 100 901 800 48 100 1000 1000 5 100 5 100 5 100 1 1 25
6815 -1 901 800 50 100 901 800 48 100 1000 1000 5 100 5 100 5 100 1 1 30
6816 -1 901 800 50 100 901 800 48 100 1000 1000 5 100 5 100 5 100 1 1 40
6817 -1 901 800 50 100 901 800 48 100 1000 1000 5 100 5 100 5 100 1 1 50
6818 -1 901 800 50 100 901 800 48 100 1000 1000 5 100 5 100 5 100 1 1 60
6819 -1 901 800 50 100 901 800 48 100 1000 1000 5 100 5 100 5 100 1 1 80
6820 -1 901 800 50 100 901 800 49 100 1000 1000 5 100 5 100 5 100 1 1 5
6821 -1 901 800 50 100 901 800 49 100 1000 1000 5 100 5 100 5 100 1 1 10
6822 -1 901 800 50 100 901 800 49 100 1000 1000 5 100 5 100 5 100 1 1 15
6823 -1 901 800 50 100 901 800 49 100 1000 1000 5 100 5 100 5 100 1 1 20
6824 -1 901 800 50 100 901 800 49 100 1000 1000 5 100 5 100 5 100 1 1 25
6825 -1 901 800 50 100 901 800 49 100 1000 1000 5 100 5 100 5 100 1 1 30
6826 -1 901 800 50 100 901 800 49 100 1000 1000 5 100 5 100 5 100 1 1 40
6827 -1 901 800 50 100 901 800 49 100 1000 1000 5 100 5 100 5 100 1 1 50
6828 -1 901 800 50 100 901 800 49 100 1000 1000 5 100 5 100 5 100 1 1 60
6829 -1 901 800 50 100 901 800 49 100 1000 1000 5 100 5 100 5 100 1 1 80
6830 -1 901 800 50 100 901 800 51 100 1000 1000 5 100 5 100 5 100 1 1 5
6831 -1 901 800 50 100 901 800 51 100 1000 1000 5 100 5 100 5 100 1 1 10
6832 -1 901 800 50 100 901 800 51 100 1000 1000 5 100 5 100 5 100 1 1 15
6833 -1 901 800 50 100 901 800 51 100 1000 1000 5 100 5 100 5 100 1 1 20
6834 -1 901 800 50 100 901 800 51 100 1000 1000 5 100 5 100 5 100 1 1 25
6835 -1 901 800 50 100 901 800 51 100 1000 1000 5 100 5 100 5 100 1 1 30
6836 -1 901 800 50 100 901 800 51 100 1000 1000 5 100 5 100 5 100 1 1 40
6837 -1 901 800 50 100 901 800 51 100 1000 1000 5 100 5 100 5 100 1 1 50
6838 -1 901 800 50 100 901 800 51 100 1000 1000 5 100 5 100 5 100 1 1 60
6839 -1 901 800 50 100 901 800 51 100 1000 1000 5 100 5 100 5 100 1 1 80
6840 -1 901 800 50 100 901 800 52 100 1000 1000 5 100 5 100 5 100 1 1 5
6841 -1 901 800 50 100 901 800 52 100 1000 1000 5 100 5 100 5 100 1 1 10
6842 -1 901 800 50 100 901 800 52 100 1000 1000 5 100 5 100 5 100 1 1 15
6843 -1 901 800 50 100 901 800 52 100 1000 1000 5 100 5 100 5 100 1 1 20
6844 -1 901 800 50 100 901 800 52 100 1000 1000 5 100 5 100 5 100 1 1 25
6845 -1 901 800 50 100 901 800 52 100 1000 1000 5 100 5 100 5 100 1 1 30
6846 -1 901 800 50 100 901 800 52 100 1000 1000 5 100 5 100 5 100 1 1 40
6847 -1 901 800 50 100 901 800 52 100 1000 1000 5 100 5 100 5 100 1 1 50
6848 -1 901 800 50 100 901 800 52 100 1000 1000 5 100 5 100 5 100 1 1 60
6849 -1 901 800 50 100 901 800 52 100 1000 1000 5 100 5 100 5 100 1 1 80
6850 -1 901 800 50 100 901 800 50 100 1000 1000 6 100 5 100 5 100 1 1 5
6851 -1 901 800 50 100 901 800 50 100 1000 1000 6 100 5 100 5 100 1 1 10
6852 -1 901 800 50 100 901 800 50 100 1000 1000 6 100 5 100 5 100 1 1 15
6853 -1 901 800 50 100 901 800 50 100 1000 1000 6 100 5 100 5 100 1 1 20
6854 -1 901 800 50 100 901 800 50 100 1000 1000 6 100 5 100 5 100 1 1 25
6855 -1 901 800 50 100 901 800 50 100 1000 1000 6 100 5 100 5 100 1 1 30
6856 -1 901 800 50 100 901 800 50 100 1000 1000 6 100 5 100 5 100 1 1 40
6857 -1 901 800 50 100 901 800 50 100 1000 1000 6 100 5 100 5 100 1 1 50
6858 -1 901 800 50 100 901 800 50 100 1000 1000 6 100 5 100 5 100 1 1 60
6859 -1 901 800 50 100 901 800 50 100 1000 1000 6 100 5 100 5 100 1 1 80
6860 -1 901 800 50 100 901 800 50 100 1000 1000 7 100 5 100 5 100 1 1 5
6861 -1 901 800 50 100 901 800 50 100 1000 1000 7 100 5 100 5 100 1 1 10
6862 -1 901 800 50 100 901 800 50 100 1000 1000 7 100 5 100 5 100 1 1 15
6863 -1 901 800 50 100 901 800 50 100 1000 1000 7 100 5 100 5 100 1 1 20
6864 -1 901 800 50 100 901 800 50 100 1000 1000 7 100 5 100 5 100 1 1 25
6865 -1 901 800 50 100 901 800 50 100 1000 1000 7 100 5 100 5 100 1 1 30
6866 -1 901 800 50 100 901 800 50 100 1000 1000 7 100 5 100 5 100 1 1 40
6867 -1 901 800 50 100 901 800 50 100 1000 1000 7 100 5 100 5 100 1 1 50
6868 -1 901 800 50 100 901 800 50 100 1000 1000 7 100 5 100 5 100 1 1 60
6869 -1 901 800 50 100 901 800 50 100 1000 1000 7 100 5 100 5 100 1 1 80
6870 -1 901 800 50 100 901 800 50 100 1000 1000 5 100 3 100 5 100 1 1 5
6871 -1 901 800 50 100 901 800 50 100 1000 1000 5 100 3 100 5 100 1 1 10
6872 -1 901 800 50 100 901 800 50 100 1000 1000 5 100 3 100 5 100 1 1 15
6873 -1 901 800 50 100 901 800 50 100 1000 1000 5 100 3 100 5 100 1 1 20
6874 -1 901 800 50 100 901 800 50 100 1000 1000 5 100 3 100 5 100 1 1 25
6875 -1 901 800 50 100 901 800 50 100 1000 1000 5 100 3 100 5 100 1 1 30
6876 -1 901 800 50 100 901 800 50 100 1000 1000 5 100 3 100 5 100 1 1 40
6877 -1 901 800 50 100 901 800 50 100 1000 1000 5 100 3 100 5 100 1 1 50
6878 -1 901 800 50 100 901 800 50 100 1000 1000 5 100 3 100 5 100 1 1 60
6879 -1 901 800 50 100 901 800 50 100 1000 1000 5 100 3 100 5 100 1 1 80
6880 -1 901 800 50 100 901 800 50 100 1000 1000 5 100 4 100 5 100 1 1 5
6881 -1 901 800 50 100 901 800 50 100 1000 1000 5 100 4 100 5 100 1 1 10
6882 -1 901 800 50 100 901 800 50 100 1000 1000 5 100 4 100 5 100 1 1 15
6883 -1 901 800 50 100 901 800 50 100 1000 1000 5 100 4 100 5 100 1 1 20
6884 -1 901 800 50 100 901 800 50 100 1000 1000 5 100 4 100 5 100 1 1 25
6885 -1 901 800 50 100 901 800 50 100 1000 1000 5 100 4 100 5 100 1 1 30
6886 -1 901 800 50 100 901 800 50 100 1000 1000 5 100 4 100 5 100 1 1 40
6887 -1 901 800 50 100 901 800 50 100 1000 1000 5 100 4 100 5 100 1 1 50
6888 -1 901 800 50 100 901 800 50 100 1000 1000 5 100 4 100 5 100 1 1 60
6889 -1 901 800 50 100 901 800 50 100 1000 1000 5 100 4 100 5 100 1 1 80
6890 -1 901 800 50 100 901 800 50 100 1000 1000 5 100 6 100 5 100 1 1 5
6891 -1 901 800 50 100 901 800 50 100 1000 1000 5 100 6 100 5 100 1 1 10
6892 -1 901 800 50 100 901 800 50 100 1000 1000 5 100 6 100 5 100 1 1 15
6893 -1 901 800 50 100 901 800 50 100 1000 1000 5 100 6 100 5 100 1 1 20
6894 -1 901 800 50 100 901 800 50 100 1000 1000 5 100 6 100 5 100 1 1 25
6895 -1 901 800 50 100 901 800 50 100 1000 1000 5 100 6 100 5 100 1 1 30
6896 -1 901 800 50 100 901 800 50 100 1000 1000 5 100 6 100 5 100 1 1 40
6897 -1 901 800 50 100 901 800 50 100 1000 1000 5 100 6 100 5 100 1 1 50
6898 -1 901 800 50 100 901 800 50 100 1000 1000 5 100 6 100 5 100 1 1 60
6899 -1 901 800 50 100 901 800 50 100 1000 1000 5 100 6 100 5 100 1 1 80
6900 -1 901 800 50 100 901 800 50 100 1000 1000 5 100 7 100 5 100 1 1 5
6901 -1 901 800 50 100 901 800 50 100 1000 1000 5 100 7 100 5 100 1 1 10
6902 -1 901 800 50 100 901 800 50 100 1000 1000 5 100 7 100 5 100 1 1 15
6903 -1 901 800 50 100 901 800 50 100 1000 1000 5 100 7 100 5 100 1 1 20
6904 -1 901 800 50 100 901 800 50 100 1000 1000 5 100 7 100 5 100 1 1 25
6905 -1 901 800 50 100 901 800 50 100 1000 1000 5 100 7 100 5 100 1 1 30
6906 -1 901 800 50 100 901 800 50 100 1000 1000 5 100 7 100 5 100 1 1 40
6907 -1 901 800 50 100 901 800 50 100 1000 1000 5 100 7 100 5 100 1 1 50
6908 -1 901 800 50 100 901 800 50 100 1000 1000 5 100 7 100 5 100 1 1 60
6909 -1 901 800 50 100 901 800 50 100 1000 1000 5 100 7 100 5 100 1 1 80
6910 -1 901 800 50 100 901 800 50 100 1000 1000 5 100 5 100 3 100 1 1 5
6911 -1 901 800 50 100 901 800 50 100 1000 1000 5 100 5 100 3 100 1 1 10
6912 -1 901 800 50 100 901 800 50 100 1000 1000 5 100 5 100 3 100 1 1 15
6913 -1 901 800 50 100 901 800 50 100 1000 1000 5 100 5 100 3 100 1 1 20
6914 -1 901 800 50 100 901 800 50 100 1000 1000 5 100 5 100 3 100 1 1 25
6915 -1 901 800 50 100 901 800 50 100 1000 1000 5 100 5 100 3 100 1 1 30
6916 -1 901 800 50 100 901 800 50 100 1000 1000 5 100 5 100 3 100 1 1 40
6917 -1 901 800 50 100 901 800 50 100 1000 1000 5 100 5 100 3 100 1 1 50
6918 -1 901 800 50 100 901 800 50 100 1000 1000 5 100 5 100 3 100 1 1 60
6919 -1 901 800 50 100 901 800 50 100 1000 1000 5 100 5 100 3 100 1 1 80
6920 -1 901 800 50 100 901 800 50 100 1000 1000 5 100 5 100 4 100 1 1 5
6921 -1 901 800 50 100 901 800 50 100 1000 1000 5 100 5 100 4 100 1 1 10
6922 -1 901 800 50 100 901 800 50 100 1000 1000 5 100 5 100 4 100 1 1 15
6923 -1 901 800 50 100 901 800 50 100 1000 1000 5 100 5 100 4 100 1 1 20
6924 -1 901 800 50 100 901 800 50 100 1000 1000 5 100 5 100 4 100 1 1 25
6925 -1 901 800 50 100 901 800 50 100 1000 1000 5 100 5 100 4 100 1 1 30
6926 -1 901 800 50 100 901 800 50 100 1000 1000 5 100 5 100 4 100 1 1 40
6927 -1 901 800 50 100 901 800 50 100 1000 1000 5 100 5 100 4 100 1 1 50
6928 -1 901 800 50 100 901 800 50 100 1000 1000 5 100 5 100 4 100 1 1 60
6929 -1 901 800 50 100 901 800 50 100 1000 1000 5 100 5 100 4 100 1 1 80
6930 -1 901 800 50 100 901 800 50 100 1000 1000 5 100 5 100 6 100 1 1 5
6931 -1 901 800 50 100 901 800 50 100 1000 1000 5 100 5 100 6 100 1 1 10
6932 -1 901 800 50 100 901 800 50 100 1000 1000 5 100 5 100 6 100 1 1 15
6933 -1 901 800 50 100 901 800 50 100 1000 1000 5 100 5 100 6 100 1 1 20
6934 -1 901 800 50 100 901 800 50 100 1000 1000 5 100 5 100 6 100 1 1 25
6935 -1 901 800 50 100 901 800 50 100 1000 1000 5 100 5 100 6 100 1 1 30
6936 -1 901 800 50 100 901 800 50 100 1000 1000 5 100 5 100 6 100 1 1 40
6937 -1 901 800 50 100 901 800 50 100 1000 1000 5 100 5 100 6 100 1 1 50
6938 -1 901 800 50 100 901 800 50 100 1000 1000 5 100 5 100 6 100 1 1 60
6939 -1 901 800 50 100 901 800 50 100 1000 1000 5 100 5 100 6 100 1 1 80
6940 -1 901 800 50 100 901 800 50 100 1000 1000 5 100 5 100 7 100 1 1 5
6941 -1 901 800 50 100 901 800 50 100 1000 1000 5 100 5 100 7 100 1 1 10
6942 -1 901 800 50 100 901 800 50 100 1000 1000 5 100 5 100 7 100 1 1 15
6943 -1 901 800 50 100 901 800 50 100 1000 1000 5 100 5 100 7 100 1 1 20
6944 -1 901 800 50 100 901 800 50 100 1000 1000 5 100 5 100 7 100 1 1 25
6945 -1 901 800 50 100 901 800 50 100 1000 1000 5 100 5 100 7 100 1 1 30
6946 -1 901 800 50 100 901 800 50 100 1000 1000 5 100 5 100 7 100 1 1 40
6947 -1 901 800 50 100 901 800 50 100 1000 1000 5 100 5 100 7 100 1 1 50
6948 -1 901 800 50 100 901 800 50 100 1000 1000 5 100 5 100 7 100 1 1 60
6949 -1 901 800 50 100 901 800 50 100 1000 1000 5 100 5 100 7 100 1 1 80
6950 -1 881 800 50 100 901 800 50 100 1000 1000 5 100 5 100 5 100 1 1 5
6951 -1 881 800 50 100 901 800 50 100 1000 1000 5 100 5 100 5 100 1 1 10
6952 -1 881 800 50 100 901 800 50 100 1000 1000 5 100 5 100 5 100 1 1 15
6953 -1 881 800 50 100 901 800 50 100 1000 1000 5 100 5 100 5 100 1 1 20
6954 -1 881 800 50 100 901 800 50 100 1000 1000 5 100 5 100 5 100 1 1 25
6955 -1 881 800 50 100 901 800 50 100 1000 1000 5 100 5 100 5 100 1 1 30
6956 -1 881 800 50 100 901 800 50 100 1000 1000 5 100 5 100 5 100 1 1 40
6957 -1 881 800 50 100 901 800 50 100 1000 1000 5 100 5 100 5 100 1 1 50
6958 -1 881 800 50 100 901 800 50 100 1000 1000 5 100 5 100 5 100 1 1 60
6959 -1 881 800 50 100 901 800 50 100 1000 1000 5 100 5 100 5 100 1 1 80
6960 -1 901 810 50 100 901 800 50 100 1000 1000 5 100 5 100 5 100 1 1 5
6961 -1 901 810 50 100 901 800 50 100 1000 1000 5 100 5 100 5 100 1 1 10
6962 -1 901 810 50 100 901 800 50 100 1000 1000 5 100 5 100 5 100 1 1 15
6963 -1 901 810 50 100 901 800 50 100 1000 1000 5 100 5 100 5 100 1 1 20
6964 -1 901 810 50 100 901 800 50 100 1000 1000 5 100 5 100 5 100 1 1 25
6965 -1 901 810 50 100 901 800 50 100 1000 1000 5 100 5 100 5 100 1 1 30
6966 -1 901 810 50 100 901 800 50 100 1000 1000 5 100 5 100 5 100 1 1 40
6967 -1 901 810 50 100 901 800 50 100 1000 1000 5 100 5 100 5 100 1 1 50
6968 -1 901 810 50 100 901 800 50 100 1000 1000 5 100 5 100 5 100 1 1 60
6969 -1 901 810 50 100 901 800 50 100 1000 1000 5 100 5 100 5 100 1 1 80
6970 -1 901 800 50 100 901 800 50 100 980 1000 5 100 5 100 5 100 1 1 5
6971 -1 901 800 50 100 901 800 50 100 980 1000 5 100 5 100 5 100 1 1 10
6972 -1 901 800 50 100 901 800 50 100 980 1000 5 100 5 100 5 100 1 1 15
6973 -1 901 800 50 100 901 800 50 100 980 1000 5 100 5 100 5 100 1 1 20
6974 -1 901 800 50 100 901 800 50 100 980 1000 5 100 5 100 5 100 1 1 25
6975 -1 901 800 50 100 901 800 50 100 980 1000 5 100 5 100 5 100 1 1 30
6976 -1 901 800 50 100 901 800 50 100 980 1000 5 100 5 100 5 100 1 1 40
6977 -1 901 800 50 100 901 800 50 100 980 1000 5 100 5 100 5 100 1 1 50
6978 -1 901 800 50 100 901 800 50 100 980 1000 5 100 5 100 5 100 1 1 60
6979 -1 901 800 50 100 901 800 50 100 980 1000 5 100 5 100 5 100 1 1 80
6980 -1 801 800 50 100 801 800 50 100 1000 1000 7 100 9 100 9 100 0 1 5
6981 -1 801 800 50 100 801 800 50 100 1000 1000 7 100 9 100 9 100 0 1 10
6982 -1 801 800 50 100 801 800 50 100 1000 1000 7 100 9 100 9 100 0 1 15
6983 -1 801 800 50 100 801 800 50 100 1000 1000 7 100 9 100 9 100 0 1 20
6984 -1 801 800 50 100 801 800 50 100 1000 1000 7 100 9 100 9 100 0 1 25
6985 -1 801 800 50 100 801 800 50 100 1000 1000 7 100 9 100 9 100 0 1 30
6986 -1 801 800 50 100 801 800 50 100 1000 1000 7 100 9 100 9 100 0 1 40
6987 -1 801 800 50 100 801 800 50 100 1000 1000 7 100 9 100 9 100 0 1 50
6988 -1 801 800 50 100 801 800 50 100 1000 1000 7 100 9 100 9 100 0 1 60
6989 -1 801 800 50 100 801 800 50 100 1000 1000 7 100 9 100 9 100 0 1 80
6990 -1 900 780 100 100 900 800 100 100 1000 1000 10 100 10 100 10 100 2 0 5
6991 -1 900 780 100 100 900 800 100 100 1000 1000 10 100 10 100 10 100 2 0 10
6992 -1 900 780 100 100 900 800 100 100 1000 1000 10 100 10 100 10 100 2 0 15
6993 -1 900 780 100 100 900 800 100 100 1000 1000 10 100 10 100 10 100 2 0 20
6994 -1 900 780 100 100 900 800 100 100 1000 1000 10 100 10 100 10 100 2 0 25
6995 -1 900 780 100 100 900 800 100 100 1000 1000 10 100 10 100 10 100 2 0 30
6996 -1 900 780 100 100 900 800 100 100 1000 1000 10 100 10 100 10 100 2 0 40
6997 -1 900 780 100 100 900 800 100 100 1000 1000 10 100 10 100 10 100 2 0 50
6998 -1 900 780 100 100 900 800 100 100 1000 1000 10 100 10 100 10 100 2 0 60
6999 -1 900 780 100 100 900 800 100 100 1000 1000 10 100 10 100 10 100 2 0 80
7000 -1 900 790 100 100 900 800 100 100 1000 1000 10 100 10 100 10 100 2 0 5
7001 -1 900 790 100 100 900 800 100 100 1000 1000 10 100 10 100 10 100 2 0 10
7002 -1 900 790 100 100 900 800 100 100 1000 1000 10 100 10 100 10 100 2 0 15
7003 -1 900 790 100 100 900 800 100 100 1000 1000 10 100 10 100 10 100 2 0 20
7004 -1 900 790 100 100 900 800 100 100 1000 1000 10 100 10 100 10 100 2 0 25
7005 -1 900 790 100 100 900 800 100 100 1000 1000 10 100 10 100 10 100 2 0 30
7006 -1 900 790 100 100 900 800 100 100 1000 1000 10 100 10 100 10 100 2 0 40
7007 -1 900 790 100 100 900 800 100 100 1000 1000 10 100 10 100 10 100 2 0 50
7008 -1 900 790 100 100 900 800 100 100 1000 1000 10 100 10 100 10 100 2 0 60
7009 -1 900 790 100 100 900 800 100 100 1000 1000 10 100 10 100 10 100 2 0 80
7010 -1 900 800 100 100 900 800 100 100 980 1000 10 100 10 100 10 100 2 0 5
7011 -1 900 800 100 100 900 800 100 100 980 1000 10 100 10 100 10 100 2 0 10
7012 -1 900 800 100 100 900 800 100 100 980 1000 10 100 10 100 10 100 2 0 15
7013 -1 900 800 100 100 900 800 100 100 980 1000 10 100 10 100 10 100 2 0 20
7014 -1 900 800 100 100 900 800 100 100 980 1000 10 100 10 100 10 100 2 0 25
7015 -1 900 800 100 100 900 800 100 100 980 1000 10 100 10 100 10 100 2 0 30
7016 -1 900 800 100 100 900 800 100 100 980 1000 10 100 10 100 10 100 2 0 40
7017 -1 900 800 100 100 900 800 100 100 980 1000 10 100 10 100 10 100 2 0 50
7018 -1 900 800 100 100 900 800 100 100 980 1000 10 100 10 100 10 100 2 0 60
7019 -1 900 800 100 100 900 800 100 100 980 1000 10 100 10 100 10 100 2 0 80
7020 -1 850 800 80 100 850 800 80 100 1000 1000 6 100 5 100 5 100 1 0 5
7021 -1 850 800 80 100 850 800 80 100 1000 1000 6 100 5 100 5 100 1 0 10
7022 -1 850 800 80 100 850 800 80 100 1000 1000 6 100 5 100 5 100 1 0 15
7023 -1 850 800 80 100 850 800 80 100 1000 1000 6 100 5 100 5 100 1 0 20
7024 -1 850 800 80 100 850 800 80 100 1000 1000 6 100 5 100 5 100 1 0 25
7025 -1 850 800 80 100 850 800 80 100 1000 1000 6 100 5 100 5 100 1 0 30
7026 -1 850 800 80 100 850 800 80 100 1000 1000 6 100 5 100 5 100 1 0 40
7027 -1 850 800 80 100 850 800 80 100 1000 1000 6 100 5 100 5 100 1 0 50
7028 -1 850 800 80 100 850 800 80 100 1000 1000 6 100 5 100 5 100 1 0 60
7029 -1 850 800 80 100 850 800 80 100 1000 1000 6 100 5 100 5 100 1 0 80
7030 -1 850 820 80 100 850 800 80 100 1000 1000 5 100 5 100 5 100 1 0 5
7031 -1 850 820 80 100 850 800 80 100 1000 1000 5 100 5 100 5 100 1 0 10
7032 -1 850 820 80 100 850 800 80 100 1000 1000 5 100 5 100 5 100 1 0 15
7033 -1 850 820 80 100 850 800 80 100 1000 1000 5 100 5 100 5 100 1 0 20
7034 -1 850 820 80 100 850 800 80 100 1000 1000 5 100 5 100 5 100 1 0 25
7035 -1 850 820 80 100 850 800 80 100 1000 1000 5 100 5 100 5 100 1 0 30
7036 -1 850 820 80 100 850 800 80 100 1000 1000 5 100 5 100 5 100 1 0 40
7037 -1 850 820 80 100 850 800 80 100 1000 1000 5 100 5 100 5 100 1 0 50
7038 -1 850 820 80 100 850 800 80 100 1000 1000 5 100 5 100 5 100 1 0 60
7039 -1 850 820 80 100 850 800 80 100 1000 1000 5 100 5 100 5 100 1 0 80
7040 -1 950 780 100 100 950 800 100 100 1000 1000 10 100 10 100 10 100 2 0 5
7041 -1 950 780 100 100 950 800 100 100 1000 1000 10 100 10 100 10 100 2 0 10
7042 -1 950 780 100 100 950 800 100 100 1000 1000 10 100 10 100 10 100 2 0 15
7043 -1 950 780 100 100 950 800 100 100 1000 1000 10 100 10 100 10 100 2 0 20
7044 -1 950 780 100 100 950 800 100 100 1000 1000 10 100 10 100 10 100 2 0 25
7045 -1 950 780 100 100 950 800 100 100 1000 1000 10 100 10 100 10 100 2 0 30
7046 -1 950 780 100 100 950 800 100 100 1000 1000 10 100 10 100 10 100 2 0 40
7047 -1 950 780 100 100 950 800 100 100 1000 1000 10 100 10 100 10 100 2 0 50
7048 -1 950 780 100 100 950 800 100 100 1000 1000 10 100 10 100 10 100 2 0 60
7049 -1 950 780 100 100 950 800 100 100 1000 1000 10 100 10 100 10 100 2 0 80
7050 -1 950 790 100 100 950 800 100 100 1000 1000 10 100 10 100 10 100 2 0 5
7051 -1 950 790 100 100 950 800 100 100 1000 1000 10 100 10 100 10 100 2 0 10
7052 -1 950 790 100 100 950 800 100 100 1000 1000 10 100 10 100 10 100 2 0 15
7053 -1 950 790 100 100 950 800 100 100 1000 1000 10 100 10 100 10 100 2 0 20
7054 -1 950 790 100 100 950 800 100 100 1000 1000 10 100 10 100 10 100 2 0 25
7055 -1 950 790 100 100 950 800 100 100 1000 1000 10 100 10 100 10 100 2 0 30
7056 -1 950 790 100 100 950 800 100 100 1000 1000 10 100 10 100 10 100 2 0 40
7057 -1 950 790 100 100 950 800 100 100 1000 1000 10 100 10 100 10 100 2 0 50
7058 -1 950 790 100 100 950 800 100 100 1000 1000 10 100 10 100 10 100 2 0 60
7059 -1 950 790 100 100 950 800 100 100 1000 1000 10 100 10 100 10 100 2 0 80
7060 -1 900 820 80 100 900 800 80 100 1000 1000 10 100 10 100 10 100 2 0 5
7061 -1 900 820 80 100 900 800 80 100 1000 1000 10 100 10 100 10 100 2 0 10
7062 -1 900 820 80 100 900 800 80 100 1000 1000 10 100 10 100 10 100 2 0 15
7063 -1 900 820 80 100 900 800 80 100 1000 1000 10 100 10 100 10 100 2 0 20
7064 -1 900 820 80 100 900 800 80 100 1000 1000 10 100 10 100 10 100 2 0 25
7065 -1 900 820 80 100 900 800 80 100 1000 1000 10 100 10 100 10 100 2 0 30
7066 -1 900 820 80 100 900 800 80 100 1000 1000 10 100 10 100 10 100 2 0 40
7067 -1 900 820 80 100 900 800 80 100 1000 1000 10 100 10 100 10 100 2 0 50
7068 -1 900 820 80 100 900 800 80 100 1000 1000 10 100 10 100 10 100 2 0 60
7069 -1 900 820 80 100 900 800 80 100 1000 1000 10 100 10 100 10 100 2 0 80
7070 -1 850 820 80 100 850 800 80 100 1000 1000 9 100 9 100 9 100 1 0 5
7071 -1 850 820 80 100 850 800 80 100 1000 1000 9 100 9 100 9 100 1 0 10
7072 -1 850 820 80 100 850 800 80 100 1000 1000 9 100 9 100 9 100 1 0 15
7073 -1 850 820 80 100 850 800 80 100 1000 1000 9 100 9 100 9 100 1 0 20
7074 -1 850 820 80 100 850 800 80 100 1000 1000 9 100 9 100 9 100 1 0 25
7075 -1 850 820 80 100 850 800 80 100 1000 1000 9 100 9 100 9 100 1 0 30
7076 -1 850 820 80 100 850 800 80 100 1000 1000 9 100 9 100 9 100 1 0 40
7077 -1 850 820 80 100 850 800 80 100 1000 1000 9 100 9 100 9 100 1 0 50
7078 -1 850 820 80 100 850 800 80 100 1000 1000 9 100 9 100 9 100 1 0 60
7079 -1 850 820 80 100 850 800 80 100 1000 1000 9 100 9 100 9 100 1 0 80
7080 -1 900 800 80 100 900 800 80 100 1000 1000 6 100 5 100 5 100 1 0 5
7081 -1 900 800 80 100 900 800 80 100 1000 1000 6 100 5 100 5 100 1 0 10
7082 -1 900 800 80 100 900 800 80 100 1000 1000 6 100 5 100 5 100 1 0 15
7083 -1 900 800 80 100 900 800 80 100 1000 1000 6 100 5 100 5 100 1 0 20
7084 -1 900 800 80 100 900 800 80 100 1000 1000 6 100 5 100 5 100 1 0 25
7085 -1 900 800 80 100 900 800 80 100 1000 1000 6 100 5 100 5 100 1 0 30
7086 -1 900 800 80 100 900 800 80 100 1000 1000 6 100 5 100 5 100 1 0 40
7087 -1 900 800 80 100 900 800 80 100 1000 1000 6 100 5 100 5 100 1 0 50
7088 -1 900 800 80 100 900 800 80 100 1000 1000 6 100 5 100 5 100 1 0 60
7089 -1 900 800 80 100 900 800 80 100 1000 1000 6 100 5 100 5 100 1 0 80
7090 -1 900 820 80 100 900 800 80 100 1000 1000 5 100 5 100 5 100 1 0 5
7091 -1 900 820 80 100 900 800 80 100 1000 1000 5 100 5 100 5 100 1 0 10
7092 -1 900 820 80 100 900 800 80 100 1000 1000 5 100 5 100 5 100 1 0 15
7093 -1 900 820 80 100 900 800 80 100 1000 1000 5 100 5 100 5 100 1 0 20
7094 -1 900 820 80 100 900 800 80 100 1000 1000 5 100 5 100 5 100 1 0 25
7095 -1 900 820 80 100 900 800 80 100 1000 1000 5 100 5 100 5 100 1 0 30
7096 -1 900 820 80 100 900 800 80 100 1000 1000 5 100 5 100 5 100 1 0 40
7097 -1 900 820 80 100 900 800 80 100 1000 1000 5 100 5 100 5 100 1 0 50
7098 -1 900 820 80 100 900 800 80 100 1000 1000 5 100 5 100 5 100 1 0 60
7099 -1 900 820 80 100 900 800 80 100 1000 1000 5 100 5 100 5 100 1 0 80
7100 -1 900 800 100 100 900 800 100 100 1000 1000 6 100 5 100 5 100 1 0 5
7101 -1 900 800 100 100 900 800 100 100 1000 1000 6 100 5 100 5 100 1 0 10
7102 -1 900 800 100 100 900 800 100 100 1000 1000 6 100 5 100 5 100 1 0 15
7103 -1 900 800 100 100 900 800 100 100 1000 1000 6 100 5 100 5 100 1 0 20
7104 -1 900 800 100 100 900 800 100 100 1000 1000 6 100 5 100 5 100 1 0 25
7105 -1 900 800 100 100 900 800 100 100 1000 1000 6 100 5 100 5 100 1 0 30
7106 -1 900 800 100 100 900 800 100 100 1000 1000 6 100 5 100 5 100 1 0 40
7107 -1 900 800 100 100 900 800 100 100 1000 1000 6 100 5 100 5 100 1 0 50
7108 -1 900 800 100 100 900 800 100 100 1000 1000 6 100 5 100 5 100 1 0 60
7109 -1 900 800 100 100 900 800 100 100 1000 1000 6 100 5 100 5 100 1 0 80
7110 -1 900 800 100 100 900 800 100 100 1000 1000 7 100 5 100 5 100 1 0 5
7111 -1 900 800 100 100 900 800 100 100 1000 1000 7 100 5 100 5 100 1 0 10
7112 -1 900 800 100 100 900 800 100 100 1000 1000 7 100 5 100 5 100 1 0 15
7113 -1 900 800 100 100 900 800 100 100 1000 1000 7 100 5 100 5 100 1 0 20
7114 -1 900 800 100 100 900 800 100 100 1000 1000 7 100 5 100 5 100 1 0 25
7115 -1 900 800 100 100 900 800 100 100 1000 1000 7 100 5 100 5 100 1 0 30
7116 -1 900 800 100 100 900 800 100 100 1000 1000 7 100 5 100 5 100 1 0 40
7117 -1 900 800 100 100 900 800 100 100 1000 1000 7 100 5 100 5 100 1 0 50
7118 -1 900 800 100 100 900 800 100 100 1000 1000 7 100 5 100 5 100 1 0 60
7119 -1 900 800 100 100 900 800 100 100 1000 1000 7 100 5 100 5 100 1 0 80
7120 -1 950 800 80 100 950 800 80 100 1000 1000 6 100 5 100 5 100 1 0 5
7121 -1 950 800 80 100 950 800 80 100 1000 1000 6 100 5 100 5 100 1 0 10
7122 -1 950 800 80 100 950 800 80 100 1000 1000 6 100 5 100 5 100 1 0 15
7123 -1 950 800 80 100 950 800 80 100 1000 1000 6 100 5 100 5 100 1 0 20
7124 -1 950 800 80 100 950 800 80 100 1000 1000 6 100 5 100 5 100 1 0 25
7125 -1 950 800 80 100 950 800 80 100 1000 1000 6 100 5 100 5 100 1 0 30
7126 -1 950 800 80 100 950 800 80 100 1000 1000 6 100 5 100 5 100 1 0 40
7127 -1 950 800 80 100 950 800 80 100 1000 1000 6 100 5 100 5 100 1 0 50
7128 -1 950 800 80 100 950 800 80 100 1000 1000 6 100 5 100 5 100 1 0 60
7129 -1 950 800 80 100 950 800 80 100 1000 1000 6 100 5 100 5 100 1 0 80
7130 -1 950 820 80 100 950 800 80 100 1000 1000 5 100 5 100 5 100 1 0 5
7131 -1 950 820 80 100 950 800 80 100 1000 1000 5 100 5 100 5 100 1 0 10
7132 -1 950 820 80 100 950 800 80 100 1000 1000 5 100 5 100 5 100 1 0 15
7133 -1 950 820 80 100 950 800 80 100 1000 1000 5 100 5 100 5 100 1 0 20
7134 -1 950 820 80 100 950 800 80 100 1000 1000 5 100 5 100 5 100 1 0 25
7135 -1 950 820 80 100 950 800 80 100 1000 1000 5 100 5 100 5 100 1 0 30
7136 -1 950 820 80 100 950 800 80 100 1000 1000 5 100 5 100 5 100 1 0 40
7137 -1 950 820 80 100 950 800 80 100 1000 1000 5 100 5 100 5 100 1 0 50
7138 -1 950 820 80 100 950 800 80 100 1000 1000 5 100 5 100 5 100 1 0 60
7139 -1 950 820 80 100 950 800 80 100 1000 1000 5 100 5 100 5 100 1 0 80
7140 -1 950 800 100 100 950 800 100 100 1000 1000 6 100 5 100 5 100 1 0 5
7141 -1 950 800 100 100 950 800 100 100 1000 1000 6 100 5 100 5 100 1 0 10
7142 -1 950 800 100 100 950 800 100 100 1000 1000 6 100 5 100 5 100 1 0 15
7143 -1 950 800 100 100 950 800 100 100 1000 1000 6 100 5 100 5 100 1 0 20
7144 -1 950 800 100 100 950 800 100 100 1000 1000 6 100 5 100 5 100 1 0 25
7145 -1 950 800 100 100 950 800 100 100 1000 1000 6 100 5 100 5 100 1 0 30
7146 -1 950 800 100 100 950 800 100 100 1000 1000 6 100 5 100 5 100 1 0 40
7147 -1 950 800 100 100 950 800 100 100 1000 1000 6 100 5 100 5 100 1 0 50
7148 -1 950 800 100 100 950 800 100 100 1000 1000 6 100 5 100 5 100 1 0 60
7149 -1 950 800 100 100 950 800 100 100 1000 1000 6 100 5 100 5 100 1 0 80
7150 -1 950 800 100 100 950 800 100 100 1000 1000 7 100 5 100 5 100 1 0 5
7151 -1 950 800 100 100 950 800 100 100 1000 1000 7 100 5 100 5 100 1 0 10
7152 -1 950 800 100 100 950 800 100 100 1000 1000 7 100 5 100 5 100 1 0 15
7153 -1 950 800 100 100 950 800 100 100 1000 1000 7 100 5 100 5 100 1 0 20
7154 -1 950 800 100 100 950 800 100 100 1000 1000 7 100 5 100 5 100 1 0 25
7155 -1 950 800 100 100 950 800 100 100 1000 1000 7 100 5 100 5 100 1 0 30
7156 -1 950 800 100 100 950 800 100 100 1000 1000 7 100 5 100 5 100 1 0 40
7157 -1 950 800 100 100 950 800 100 100 1000 1000 7 100 5 100 5 100 1 0 50
7158 -1 950 800 100 100 950 800 100 100 1000 1000 7 100 5 100 5 100 1 0 60
7159 -1 950 800 100 100 950 800 100 100 1000 1000 7 100 5 100 5 100 1 0 80
7160 -1 900 820 80 100 900 800 80 100 1000 1000 10 100 10 100 10 100 1 0 5
7161 -1 900 820 80 100 900 800 80 100 1000 1000 10 100 10 100 10 100 1 0 10
7162 -1 900 820 80 100 900 800 80 100 1000 1000 10 100 10 100 10 100 1 0 15
7163 -1 900 820 80 100 900 800 80 100 1000 1000 10 100 10 100 10 100 1 0 20
7164 -1 900 820 80 100 900 800 80 100 1000 1000 10 100 10 100 10 100 1 0 25
7165 -1 900 820 80 100 900 800 80 100 1000 1000 10 100 10 100 10 100 1 0 30
7166 -1 900 820 80 100 900 800 80 100 1000 1000 10 100 10 100 10 100 1 0 40
7167 -1 900 820 80 100 900 800 80 100 1000 1000 10 100 10 100 10 100 1 0 50
7168 -1 900 820 80 100 900 800 80 100 1000 1000 10 100 10 100 10 100 1 0 60
7169 -1 900 820 80 100 900 800 80 100 1000 1000 10 100 10 100 10 100 1 0 80
7170 -1 850 800 100 100 850 800 100 100 1000 1000 7 100 9 100 9 100 1 0 5
7171 -1 850 800 100 100 850 800 100 100 1000 1000 7 100 9 100 9 100 1 0 10
7172 -1 850 800 100 100 850 800 100 100 1000 1000 7 100 9 100 9 100 1 0 15
7173 -1 850 800 100 100 850 800 100 100 1000 1000 7 100 9 100 9 100 1 0 20
7174 -1 850 800 100 100 850 800 100 100 1000 1000 7 100 9 100 9 100 1 0 25
7175 -1 850 800 100 100 850 800 100 100 1000 1000 7 100 9 100 9 100 1 0 30
7176 -1 850 800 100 100 850 800 100 100 1000 1000 7 100 9 100 9 100 1 0 40
7177 -1 850 800 100 100 850 800 100 100 1000 1000 7 100 9 100 9 100 1 0 50
7178 -1 850 800 100 100 850 800 100 100 1000 1000 7 100 9 100 9 100 1 0 60
7179 -1 850 800 100 100 850 800 100 100 1000 1000 7 100 9 100 9 100 1 0 80
7180 -1 850 780 100 100 850 800 100 100 1000 1000 9 100 9 100 9 100 1 0 5
7181 -1 850 780 100 100 850 800 100 100 1000 1000 9 100 9 100 9 100 1 0 10
7182 -1 850 780 100 100 850 800 100 100 1000 1000 9 100 9 100 9 100 1 0 15
7183 -1 850 780 100 100 850 800 100 100 1000 1000 9 100 9 100 9 100 1 0 20
7184 -1 850 780 100 100 850 800 100 100 1000 1000 9 100 9 100 9 100 1 0 25
7185 -1 850 780 100 100 850 800 100 100 1000 1000 9 100 9 100 9 100 1 0 30
7186 -1 850 780 100 100 850 800 100 100 1000 1000 9 100 9 100 9 100 1 0 40
7187 -1 850 780 100 100 850 800 100 100 1000 1000 9 100 9 100 9 100 1 0 50
7188 -1 850 780 100 100 850 800 100 100 1000 1000 9 100 9 100 9 100 1 0 60
7189 -1 850 780 100 100 850 800 100 100 1000 1000 9 100 9 100 9 100 1 0 80
7190 -1 830 800 100 100 850 800 100 100 1000 1000 10 100 10 100 10 100 2 0 5
7191 -1 830 800 100 100 850 800 100 100 1000 1000 10 100 10 100 10 100 2 0 10
7192 -1 830 800 100 100 850 800 100 100 1000 1000 10 100 10 100 10 100 2 0 15
7193 -1 830 800 100 100 850 800 100 100 1000 1000 10 100 10 100 10 100 2 0 20
7194 -1 830 800 100 100 850 800 100 100 1000 1000 10 100 10 100 10 100 2 0 25
7195 -1 830 800 100 100 850 800 100 100 1000 1000 10 100 10 100 10 100 2 0 30
7196 -1 830 800 100 100 850 800 100 100 1000 1000 10 100 10 100 10 100 2 0 40
7197 -1 830 800 100 100 850 800 100 100 1000 1000 10 100 10 100 10 100 2 0 50
7198 -1 830 800 100 100 850 800 100 100 1000 1000 10 100 10 100 10 100 2 0 60
7199 -1 830 800 100 100 850 800 100 100 1000 1000 10 100 10 100 10 100 2 0 80
7200 -1 840 800 100 100 850 800 100 100 1000 1000 10 100 10 100 10 100 2 0 5
7201 -1 840 800 100 100 850 800 100 100 1000 1000 10 100 10 100 10 100 2 0 10
7202 -1 840 800 100 100 850 800 100 100 1000 1000 10 100 10 100 10 100 2 0 15
7203 -1 840 800 100 100 850 800 100 100 1000 1000 10 100 10 100 10 100 2 0 20
7204 -1 840 800 100 100 850 800 100 100 1000 1000 10 100 10 100 10 100 2 0 25
7205 -1 840 800 100 100 850 800 100 100 1000 1000 10 100 10 100 10 100 2 0 30
7206 -1 840 800 100 100 850 800 100 100 1000 1000 10 100 10 100 10 100 2 0 40
7207 -1 840 800 100 100 850 800 100 100 1000 1000 10 100 10 100 10 100 2 0 50
7208 -1 840 800 100 100 850 800 100 100 1000 1000 10 100 10 100 10 100 2 0 60
7209 -1 840 800 100 100 850 800 100 100 1000 1000 10 100 10 100 10 100 2 0 80
7210 -1 850 780 100 100 850 800 100 100 1000 1000 10 100 10 100 10 100 2 0 5
7211 -1 850 780 100 100 850 800 100 100 1000 1000 10 100 10 100 10 100 2 0 10
7212 -1 850 780 100 100 850 800 100 100 1000 1000 10 100 10 100 10 100 2 0 15
7213 -1 850 780 100 100 850 800 100 100 1000 1000 10 100 10 100 10 100 2 0 20
7214 -1 850 780 100 100 850 800 100 100 1000 1000 10 100 10 100 10 100 2 0 25
7215 -1 850 780 100 100 850 800 100 100 1000 1000 10 100 10 100 10 100 2 0 30
7216 -1 850 780 100 100 850 800 100 100 1000 1000 10 100 10 100 10 100 2 0 40
7217 -1 850 780 100 100 850 800 100 100 1000 1000 10 100 10 100 10 100 2 0 50
7218 -1 850 780 100 100 850 800 100 100 1000 1000 10 100 10 100 10 100 2 0 60
7219 -1 850 780 100 100 850 800 100 100 1000 1000 10 100 10 100 10 100 2 0 80
7220 -1 850 790 100 100 850 800 100 100 1000 1000 10 100 10 100 10 100 2 0 5
7221 -1 850 790 100 100 850 800 100 100 1000 1000 10 100 10 100 10 100 2 0 10
7222 -1 850 790 100 100 850 800 100 100 1000 1000 10 100 10 100 10 100 2 0 15
7223 -1 850 790 100 100 850 800 100 100 1000 1000 10 100 10 100 10 100 2 0 20
7224 -1 850 790 100 100 850 800 100 100 1000 1000 10 100 10 100 10 100 2 0 25
7225 -1 850 790 100 100 850 800 100 100 1000 1000 10 100 10 100 10 100 2 0 30
7226 -1 850 790 100 100 850 800 100 100 1000 1000 10 100 10 100 10 100 2 0 40
7227 -1 850 790 100 100 850 800 100 100 1000 1000 10 100 10 100 10 100 2 0 50
7228 -1 850 790 100 100 850 800 100 100 1000 1000 10 100 10 100 10 100 2 0 60
7229 -1 850 790 100 100 850 800 100 100 1000 1000 10 100 10 100 10 100 2 0 80
7230 -1 900 600 79 100 900 600 80 100 500 1000 9 100 9 100 9 100 1 0 5
7231 -1 900 600 79 100 900 600 80 100 500 1000 9 100 9 100 9 100 1 0 10
7232 -1 900 600 79 100 900 600 80 100 500 1000 9 100 9 100 9 100 1 0 15
7233 -1 900 600 79 100 900 600 80 100 500 1000 9 100 9 100 9 100 1 0 20
7234 -1 900 600 79 100 900 600 80 100 500 1000 9 100 9 100 9 100 1 0 25
7235 -1 900 600 79 100 900 600 80 100 500 1000 9 100 9 100 9 100 1 0 30
7236 -1 900 600 79 100 900 600 80 100 500 1000 9 100 9 100 9 100 1 0 40
7237 -1 900 600 79 100 900 600 80 100 500 1000 9 100 9 100 9 100 1 0 50
7238 -1 900 600 79 100 900 600 80 100 500 1000 9 100 9 100 9 100 1 0 60
7239 -1 900 600 79 100 900 600 80 100 500 1000 9 100 9 100 9 100 1 0 80
7240 -1 900 600 81 100 900 600 80 100 500 1000 9 100 9 100 9 100 1 0 5
7241 -1 900 600 81 100 900 600 80 100 500 1000 9 100 9 100 9 100 1 0 10
7242 -1 900 600 81 100 900 600 80 100 500 1000 9 100 9 100 9 100 1 0 15
7243 -1 900 600 81 100 900 600 80 100 500 1000 9 100 9 100 9 100 1 0 20
7244 -1 900 600 81 100 900 600 80 100 500 1000 9 100 9 100 9 100 1 0 25
7245 -1 900 600 81 100 900 600 80 100 500 1000 9 100 9 100 9 100 1 0 30
7246 -1 900 600 81 100 900 600 80 100 500 1000 9 100 9 100 9 100 1 0 40
7247 -1 900 600 81 100 900 600 80 100 500 1000 9 100 9 100 9 100 1 0 50
7248 -1 900 600 81 100 900 600 80 100 500 1000 9 100 9 100 9 100 1 0 60
7249 -1 900 600 81 100 900 600 80 100 500 1000 9 100 9 100 9 100 1 0 80
7250 -1 900 600 82 100 900 600 80 100 500 1000 9 100 9 100 9 100 1 0 5
7251 -1 900 600 82 100 900 600 80 100 500 1000 9 100 9 100 9 100 1 0 10
7252 -1 900 600 82 100 900 600 80 100 500 1000 9 100 9 100 9 100 1 0 15
7253 -1 900 600 82 100 900 600 80 100 500 1000 9 100 9 100 9 100 1 0 20
7254 -1 900 600 82 100 900 600 80 100 500 1000 9 100 9 100 9 100 1 0 25
7255 -1 900 600 82 100 900 600 80 100 500 1000 9 100 9 100 9 100 1 0 30
7256 -1 900 600 82 100 900 600 80 100 500 1000 9 100 9 100 9 100 1 0 40
7257 -1 900 600 82 100 900 600 80 100 500 1000 9 100 9 100 9 100 1 0 50
7258 -1 900 600 82 100 900 600 80 100 500 1000 9 100 9 100 9 100 1 0 60
7259 -1 900 600 82 100 900 600 80 100 500 1000 9 100 9 100 9 100 1 0 80
7260 -1 900 600 80 100 900 600 80 100 500 1000 7 100 9 100 9 100 1 0 5
7261 -1 900 600 80 100 900 600 80 100 500 1000 7 100 9 100 9 100 1 0 10
7262 -1 900 600 80 100 900 600 80 100 500 1000 7 100 9 100 9 100 1 0 15
7263 -1 900 600 80 100 900 600 80 100 500 1000 7 100 9 100 9 100 1 0 20
7264 -1 900 600 80 100 900 600 80 100 500 1000 7 100 9 100 9 100 1 0 25
7265 -1 900 600 80 100 900 600 80 100 500 1000 7 100 9 100 9 100 1 0 30
7266 -1 900 600 80 100 900 600 80 100 500 1000 7 100 9 100 9 100 1 0 40
7267 -1 900 600 80 100 900 600 80 100 500 1000 7 100 9 100 9 100 1 0 50
7268 -1 900 600 80 100 900 600 80 100 500 1000 7 100 9 100 9 100 1 0 60
7269 -1 900 600 80 100 900 600 80 100 500 1000 7 100 9 100 9 100 1 0 80
7270 -1 900 580 80 100 900 600 80 100 500 1000 9 100 9 100 9 100 1 0 5
7271 -1 900 580 80 100 900 600 80 100 500 1000 9 100 9 100 9 100 1 0 10
7272 -1 900 580 80 100 900 600 80 100 500 1000 9 100 9 100 9 100 1 0 15
7273 -1 900 580 80 100 900 600 80 100 500 1000 9 100 9 100 9 100 1 0 20
7274 -1 900 580 80 100 900 600 80 100 500 1000 9 100 9 100 9 100 1 0 25
7275 -1 900 580 80 100 900 600 80 100 500 1000 9 100 9 100 9 100 1 0 30
7276 -1 900 580 80 100 900 600 80 100 500 1000 9 100 9 100 9 100 1 0 40
7277 -1 900 580 80 100 900 600 80 100 500 1000 9 100 9 100 9 100 1 0 50
7278 -1 900 580 80 100 900 600 80 100 500 1000 9 100 9 100 9 100 1 0 60
7279 -1 900 580 80 100 900 600 80 100 500 1000 9 100 9 100 9 100 1 0 80
7280 -1 900 590 80 100 900 600 80 100 500 1000 9 100 9 100 9 100 1 0 5
7281 -1 900 590 80 100 900 600 80 100 500 1000 9 100 9 100 9 100 1 0 10
7282 -1 900 590 80 100 900 600 80 100 500 1000 9 100 9 100 9 100 1 0 15
7283 -1 900 590 80 100 900 600 80 100 500 1000 9 100 9 100 9 100 1 0 20
7284 -1 900 590 80 100 900 600 80 100 500 1000 9 100 9 100 9 100 1 0 25
7285 -1 900 590 80 100 900 600 80 100 500 1000 9 100 9 100 9 100 1 0 30
7286 -1 900 590 80 100 900 600 80 100 500 1000 9 100 9 100 9 100 1 0 40
7287 -1 900 590 80 100 900 600 80 100 500 1000 9 100 9 100 9 100 1 0 50
7288 -1 900 590 80 100 900 600 80 100 500 1000 9 100 9 100 9 100 1 0 60
7289 -1 900 590 80 100 900 600 80 100 500 1000 9 100 9 100 9 100 1 0 80
7290 -1 900 600 81 100 900 600 80 100 100 1000 5 80 5 -30 5 -30 2 1 5
7291 -1 900 600 81 100 900 600 80 100 100 1000 5 80 5 -30 5 -30 2 1 10
7292 -1 900 600 81 100 900 600 80 100 100 1000 5 80 5 -30 5 -30 2 1 15
7293 -1 900 600 81 100 900 600 80 100 100 1000 5 80 5 -30 5 -30 2 1 20
7294 -1 900 600 81 100 900 600 80 100 100 1000 5 80 5 -30 5 -30 2 1 25
7295 -1 900 600 81 100 900 600 80 100 100 1000 5 80 5 -30 5 -30 2 1 30
7296 -1 900 600 81 100 900 600 80 100 100 1000 5 80 5 -30 5 -30 2 1 40
7297 -1 900 600 81 100 900 600 80 100 100 1000 5 80 5 -30 5 -30 2 1 50
7298 -1 900 600 81 100 900 600 80 100 100 1000 5 80 5 -30 5 -30 2 1 60
7299 -1 900 600 81 100 900 600 80 100 100 1000 5 80 5 -30 5 -30 2 1 80
7300 -1 900 600 82 100 900 600 80 100 100 1000 5 80 5 -30 5 -30 2 1 5
7301 -1 900 600 82 100 900 600 80 100 100 1000 5 80 5 -30 5 -30 2 1 10
7302 -1 900 600 82 100 900 600 80 100 100 1000 5 80 5 -30 5 -30 2 1 15
7303 -1 900 600 82 100 900 600 80 100 100 1000 5 80 5 -30 5 -30 2 1 20
7304 -1 900 600 82 100 900 600 80 100 100 1000 5 80 5 -30 5 -30 2 1 25
7305 -1 900 600 82 100 900 600 80 100 100 1000 5 80 5 -30 5 -30 2 1 30
7306 -1 900 600 82 100 900 600 80 100 100 1000 5 80 5 -30 5 -30 2 1 40
7307 -1 900 600 82 100 900 600 80 100 100 1000 5 80 5 -30 5 -30 2 1 50
7308 -1 900 600 82 100 900 600 80 100 100 1000 5 80 5 -30 5 -30 2 1 60
7309 -1 900 600 82 100 900 600 80 100 100 1000 5 80 5 -30 5 -30 2 1 80
7310 -1 900 600 80 100 900 600 78 100 100 1000 5 80 5 -30 5 -30 2 1 5
7311 -1 900 600 80 100 900 600 78 100 100 1000 5 80 5 -30 5 -30 2 1 10
7312 -1 900 600 80 100 900 600 78 100 100 1000 5 80 5 -30 5 -30 2 1 15
7313 -1 900 600 80 100 900 600 78 100 100 1000 5 80 5 -30 5 -30 2 1 20
7314 -1 900 600 80 100 900 600 78 100 100 1000 5 80 5 -30 5 -30 2 1 25
7315 -1 900 600 80 100 900 600 78 100 100 1000 5 80 5 -30 5 -30 2 1 30
7316 -1 900 600 80 100 900 600 78 100 100 1000 5 80 5 -30 5 -30 2 1 40
7317 -1 900 600 80 100 900 600 78 100 100 1000 5 80 5 -30 5 -30 2 1 50
7318 -1 900 600 80 100 900 600 78 100 100 1000 5 80 5 -30 5 -30 2 1 60
7319 -1 900 600 80 100 900 600 78 100 100 1000 5 80 5 -30 5 -30 2 1 80
7320 -1 900 600 80 100 900 600 79 100 100 1000 5 80 5 -30 5 -30 2 1 5
7321 -1 900 600 80 100 900 600 79 100 100 1000 5 80 5 -30 5 -30 2 1 10
7322 -1 900 600 80 100 900 600 79 100 100 1000 5 80 5 -30 5 -30 2 1 15
7323 -1 900 600 80 100 900 600 79 100 100 1000 5 80 5 -30 5 -30 2 1 20
7324 -1 900 600 80 100 900 600 79 100 100 1000 5 80 5 -30 5 -30 2 1 25
7325 -1 900 600 80 100 900 600 79 100 100 1000 5 80 5 -30 5 -30 2 1 30
7326 -1 900 600 80 100 900 600 79 100 100 1000 5 80 5 -30 5 -30 2 1 40
7327 -1 900 600 80 100 900 600 79 100 100 1000 5 80 5 -30 5 -30 2 1 50
7328 -1 900 600 80 100 900 600 79 100 100 1000 5 80 5 -30 5 -30 2 1 60
7329 -1 900 600 80 100 900 600 79 100 100 1000 5 80 5 -30 5 -30 2 1 80
7330 -1 900 600 80 100 900 600 81 100 100 1000 5 80 5 -30 5 -30 2 1 5
7331 -1 900 600 80 100 900 600 81 100 100 1000 5 80 5 -30 5 -30 2 1 10
7332 -1 900 600 80 100 900 600 81 100 100 1000 5 80 5 -30 5 -30 2 1 15
7333 -1 900 600 80 100 900 600 81 100 100 1000 5 80 5 -30 5 -30 2 1 20
7334 -1 900 600 80 100 900 600 81 100 100 1000 5 80 5 -30 5 -30 2 1 25
7335 -1 900 600 80 100 900 600 81 100 100 1000 5 80 5 -30 5 -30 2 1 30
7336 -1 900 600 80 100 900 600 81 100 100 1000 5 80 5 -30 5 -30 2 1 40
7337 -1 900 600 80 100 900 600 81 100 100 1000 5 80 5 -30 5 -30 2 1 50
7338 -1 900 600 80 100 900 600 81 100 100 1000 5 80 5 -30 5 -30 2 1 60
7339 -1 900 600 80 100 900 600 81 100 100 1000 5 80 5 -30 5 -30 2 1 80
7340 -1 900 600 80 100 900 600 80 100 100 1000 5 80 6 -30 5 -30 2 1 5
7341 -1 900 600 80 100 900 600 80 100 100 1000 5 80 6 -30 5 -30 2 1 10
7342 -1 900 600 80 100 900 600 80 100 100 1000 5 80 6 -30 5 -30 2 1 15
7343 -1 900 600 80 100 900 600 80 100 100 1000 5 80 6 -30 5 -30 2 1 20
7344 -1 900 600 80 100 900 600 80 100 100 1000 5 80 6 -30 5 -30 2 1 25
7345 -1 900 600 80 100 900 600 80 100 100 1000 5 80 6 -30 5 -30 2 1 30
7346 -1 900 600 80 100 900 600 80 100 100 1000 5 80 6 -30 5 -30 2 1 40
7347 -1 900 600 80 100 900 600 80 100 100 1000 5 80 6 -30 5 -30 2 1 50
7348 -1 900 600 80 100 900 600 80 100 100 1000 5 80 6 -30 5 -30 2 1 60
7349 -1 900 600 80 100 900 600 80 100 100 1000 5 80 6 -30 5 -30 2 1 80
7350 -1 900 600 80 100 900 600 80 100 100 1000 5 80 7 -30 5 -30 2 1 5
7351 -1 900 600 80 100 900 600 80 100 100 1000 5 80 7 -30 5 -30 2 1 10
7352 -1 900 600 80 100 900 600 80 100 100 1000 5 80 7 -30 5 -30 2 1 15
7353 -1 900 600 80 100 900 600 80 100 100 1000 5 80 7 -30 5 -30 2 1 20
7354 -1 900 600 80 100 900 600 80 100 100 1000 5 80 7 -30 5 -30 2 1 25
7355 -1 900 600 80 100 900 600 80 100 100 1000 5 80 7 -30 5 -30 2 1 30
7356 -1 900 600 80 100 900 600 80 100 100 1000 5 80 7 -30 5 -30 2 1 40
7357 -1 900 600 80 100 900 600 80 100 100 1000 5 80 7 -30 5 -30 2 1 50
7358 -1 900 600 80 100 900 600 80 100 100 1000 5 80 7 -30 5 -30 2 1 60
7359 -1 900 600 80 100 900 600 80 100 100 1000 5 80 7 -30 5 -30 2 1 80
7360 -1 900 600 80 100 900 600 80 100 100 980 5 80 5 -30 5 -30 2 1 5
7361 -1 900 600 80 100 900 600 80 100 100 980 5 80 5 -30 5 -30 2 1 10
7362 -1 900 600 80 100 900 600 80 100 100 980 5 80 5 -30 5 -30 2 1 15
7363 -1 900 600 80 100 900 600 80 100 100 980 5 80 5 -30 5 -30 2 1 20
7364 -1 900 600 80 100 900 600 80 100 100 980 5 80 5 -30 5 -30 2 1 25
7365 -1 900 600 80 100 900 600 80 100 100 980 5 80 5 -30 5 -30 2 1 30
7366 -1 900 600 80 100 900 600 80 100 100 980 5 80 5 -30 5 -30 2 1 40
7367 -1 900 600 80 100 900 600 80 100 100 980 5 80 5 -30 5 -30 2 1 50
7368 -1 900 600 80 100 900 600 80 100 100 980 5 80 5 -30 5 -30 2 1 60
7369 -1 900 600 80 100 900 600 80 100 100 980 5 80 5 -30 5 -30 2 1 80
7370 -1 700 600 80 100 700 600 80 100 300 1000 7 100 5 100 5 100 2 0 5
7371 -1 700 600 80 100 700 600 80 100 300 1000 7 100 5 100 5 100 2 0 10
7372 -1 700 600 80 100 700 600 80 100 300 1000 7 100 5 100 5 100 2 0 15
7373 -1 700 600 80 100 700 600 80 100 300 1000 7 100 5 100 5 100 2 0 20
7374 -1 700 600 80 100 700 600 80 100 300 1000 7 100 5 100 5 100 2 0 25
7375 -1 700 600 80 100 700 600 80 100 300 1000 7 100 5 100 5 100 2 0 30
7376 -1 700 600 80 100 700 600 80 100 300 1000 7 100 5 100 5 100 2 0 40
7377 -1 700 600 80 100 700 600 80 100 300 1000 7 100 5 100 5 100 2 0 50
7378 -1 700 600 80 100 700 600 80 100 300 1000 7 100 5 100 5 100 2 0 60
7379 -1 700 600 80 100 700 600 80 100 300 1000 7 100 5 100 5 100 2 0 80
7380 -1 700 600 82 100 700 600 80 100 100 1000 10 -50 10 80 10 80 2 0 5
7381 -1 700 600 82 100 700 600 80 100 100 1000 10 -50 10 80 10 80 2 0 10
7382 -1 700 600 82 100 700 600 80 100 100 1000 10 -50 10 80 10 80 2 0 15
7383 -1 700 600 82 100 700 600 80 100 100 1000 10 -50 10 80 10 80 2 0 20
7384 -1 700 600 82 100 700 600 80 100 100 1000 10 -50 10 80 10 80 2 0 25
7385 -1 700 600 82 100 700 600 80 100 100 1000 10 -50 10 80 10 80 2 0 30
7386 -1 700 600 82 100 700 600 80 100 100 1000 10 -50 10 80 10 80 2 0 40
7387 -1 700 600 82 100 700 600 80 100 100 1000 10 -50 10 80 10 80 2 0 50
7388 -1 700 600 82 100 700 600 80 100 100 1000 10 -50 10 80 10 80 2 0 60
7389 -1 700 600 82 100 700 600 80 100 100 1000 10 -50 10 80 10 80 2 0 80
7390 -1 700 600 80 100 700 600 80 100 80 1000 10 -50 10 80 10 80 2 0 5
7391 -1 700 600 80 100 700 600 80 100 80 1000 10 -50 10 80 10 80 2 0 10
7392 -1 700 600 80 100 700 600 80 100 80 1000 10 -50 10 80 10 80 2 0 15
7393 -1 700 600 80 100 700 600 80 100 80 1000 10 -50 10 80 10 80 2 0 20
7394 -1 700 600 80 100 700 600 80 100 80 1000 10 -50 10 80 10 80 2 0 25
7395 -1 700 600 80 100 700 600 80 100 80 1000 10 -50 10 80 10 80 2 0 30
7396 -1 700 600 80 100 700 600 80 100 80 1000 10 -50 10 80 10 80 2 0 40
7397 -1 700 600 80 100 700 600 80 100 80 1000 10 -50 10 80 10 80 2 0 50
7398 -1 700 600 80 100 700 600 80 100 80 1000 10 -50 10 80 10 80 2 0 60
7399 -1 700 600 80 100 700 600 80 100 80 1000 10 -50 10 80 10 80 2 0 80
7400 -1 700 600 80 100 700 600 80 100 100 980 10 -50 10 80 10 80 2 0 5
7401 -1 700 600 80 100 700 600 80 100 100 980 10 -50 10 80 10 80 2 0 10
7402 -1 700 600 80 100 700 600 80 100 100 980 10 -50 10 80 10 80 2 0 15
7403 -1 700 600 80 100 700 600 80 100 100 980 10 -50 10 80 10 80 2 0 20
7404 -1 700 600 80 100 700 600 80 100 100 980 10 -50 10 80 10 80 2 0 25
7405 -1 700 600 80 100 700 600 80 100 100 980 10 -50 10 80 10 80 2 0 30
7406 -1 700 600 80 100 700 600 80 100 100 980 10 -50 10 80 10 80 2 0 40
7407 -1 700 600 80 100 700 600 80 100 100 980 10 -50 10 80 10 80 2 0 50
7408 -1 700 600 80 100 700 600 80 100 100 980 10 -50 10 80 10 80 2 0 60
7409 -1 700 600 80 100 700 600 80 100 100 980 10 -50 10 80 10 80 2 0 80
7410 -1 900 300 98 100 900 300 100 100 100 500 5 40 9 80 15 100 0 0 5
7411 -1 900 300 98 100 900 300 100 100 100 500 5 40 9 80 15 100 0 0 15
7412 -1 900 300 99 100 900 300 100 100 100 500 5 40 9 80 15 100 0 0 5
7413 -1 900 300 99 100 900 300 100 100 100 500 5 40 9 80 15 100 0 0 15
7414 -1 900 300 100 100 900 300 98 100 100 500 5 40 9 80 15 100 0 0 5
7415 -1 900 300 100 100 900 300 98 100 100 500 5 40 9 80 15 100 0 0 10
7416 -1 900 300 100 100 900 300 98 100 100 500 5 40 9 80 15 100 0 0 15
7417 -1 900 300 100 100 900 300 98 100 100 500 5 40 9 80 15 100 0 0 20
7418 -1 900 300 100 100 900 300 98 100 100 500 5 40 9 80 15 100 0 0 25
7419 -1 900 300 100 100 900 300 98 100 100 500 5 40 9 80 15 100 0 0 30
7420 -1 900 300 100 100 900 300 98 100 100 500 5 40 9 80 15 100 0 0 40
7421 -1 900 300 100 100 900 300 98 100 100 500 5 40 9 80 15 100 0 0 50
7422 -1 900 300 100 100 900 300 98 100 100 500 5 40 9 80 15 100 0 0 60
7423 -1 900 300 100 100 900 300 98 100 100 500 5 40 9 80 15 100 0 0 80
7424 -1 900 300 100 100 900 300 99 100 100 500 5 40 9 80 15 100 0 0 5
7425 -1 900 300 100 100 900 300 99 100 100 500 5 40 9 80 15 100 0 0 10
7426 -1 900 300 100 100 900 300 99 100 100 500 5 40 9 80 15 100 0 0 15
7427 -1 900 300 100 100 900 300 99 100 100 500 5 40 9 80 15 100 0 0 20
7428 -1 900 300 100 100 900 300 99 100 100 500 5 40 9 80 15 100 0 0 25
7429 -1 900 300 100 100 900 300 99 100 100 500 5 40 9 80 15 100 0 0 30
7430 -1 900 300 100 100 900 300 99 100 100 500 5 40 9 80 15 100 0 0 40
7431 -1 900 300 100 100 900 300 99 100 100 500 5 40 9 80 15 100 0 0 50
7432 -1 900 300 100 100 900 300 99 100 100 500 5 40 9 80 15 100 0 0 60
7433 -1 900 300 100 100 900 300 99 100 100 500 5 40 9 80 15 100 0 0 80
7434 -1 900 300 100 100 900 300 100 100 100 500 6 40 9 80 15 100 0 0 5
7435 -1 900 300 100 100 900 300 100 100 100 500 6 40 9 80 15 100 0 0 10
7436 -1 900 300 100 100 900 300 100 100 100 500 6 40 9 80 15 100 0 0 15
7437 -1 900 300 100 100 900 300 100 100 100 500 6 40 9 80 15 100 0 0 20
7438 -1 900 300 100 100 900 300 100 100 100 500 6 40 9 80 15 100 0 0 25
7439 -1 900 300 100 100 900 300 100 100 100 500 6 40 9 80 15 100 0 0 30
7440 -1 900 300 100 100 900 300 100 100 100 500 6 40 9 80 15 100 0 0 40
7441 -1 900 300 100 100 900 300 100 100 100 500 6 40 9 80 15 100 0 0 50
7442 -1 900 300 100 100 900 300 100 100 100 500 6 40 9 80 15 100 0 0 60
7443 -1 900 300 100 100 900 300 100 100 100 500 6 40 9 80 15 100 0 0 80
7444 -1 900 300 100 100 900 300 100 100 100 500 7 40 9 80 15 100 0 0 5
7445 -1 900 300 100 100 900 300 100 100 100 500 7 40 9 80 15 100 0 0 10
7446 -1 900 300 100 100 900 300 100 100 100 500 7 40 9 80 15 100 0 0 15
7447 -1 900 300 100 100 900 300 100 100 100 500 7 40 9 80 15 100 0 0 20
7448 -1 900 300 100 100 900 300 100 100 100 500 7 40 9 80 15 100 0 0 25
7449 -1 900 300 100 100 900 300 100 100 100 500 7 40 9 80 15 100 0 0 30
7450 -1 900 300 100 100 900 300 100 100 100 500 7 40 9 80 15 100 0 0 40
7451 -1 900 300 100 100 900 300 100 100 100 500 7 40 9 80 15 100 0 0 50
7452 -1 900 300 100 100 900 300 100 100 100 500 7 40 9 80 15 100 0 0 60
7453 -1 900 300 100 100 900 300 100 100 100 500 7 40 9 80 15 100 0 0 80
7454 -1 900 300 100 100 900 300 100 100 100 500 5 40 9 80 13 100 0 0 5
7455 -1 900 300 100 100 900 300 100 100 100 500 5 40 9 80 13 100 0 0 10
7456 -1 900 300 100 100 900 300 100 100 100 500 5 40 9 80 13 100 0 0 15
7457 -1 900 300 100 100 900 300 100 100 100 500 5 40 9 80 13 100 0 0 20
7458 -1 900 300 100 100 900 300 100 100 100 500 5 40 9 80 13 100 0 0 25
7459 -1 900 300 100 100 900 300 100 100 100 500 5 40 9 80 13 100 0 0 30
7460 -1 900 300 100 100 900 300 100 100 100 500 5 40 9 80 13 100 0 0 40
7461 -1 900 300 100 100 900 300 100 100 100 500 5 40 9 80 13 100 0 0 50
7462 -1 900 300 100 100 900 300 100 100 100 500 5 40 9 80 13 100 0 0 60
7463 -1 900 300 100 100 900 300 100 100 100 500 5 40 9 80 13 100 0 0 80
7464 -1 900 300 100 100 900 300 100 100 100 500 5 40 9 80 14 100 0 0 5
7465 -1 900 300 100 100 900 300 100 100 100 500 5 40 9 80 14 100 0 0 10
7466 -1 900 300 100 100 900 300 100 100 100 500 5 40 9 80 14 100 0 0 15
7467 -1 900 300 100 100 900 300 100 100 100 500 5 40 9 80 14 100 0 0 20
7468 -1 900 300 100 100 900 300 100 100 100 500 5 40 9 80 14 100 0 0 25
7469 -1 900 300 100 100 900 300 100 100 100 500 5 40 9 80 14 100 0 0 30
7470 -1 900 300 100 100 900 300 100 100 100 500 5 40 9 80 14 100 0 0 40
7471 -1 900 300 100 100 900 300 100 100 100 500 5 40 9 80 14 100 0 0 50
7472 -1 900 300 100 100 900 300 100 100 100 500 5 40 9 80 14 100 0 0 60
7473 -1 900 300 100 100 900 300 100 100 100 500 5 40 9 80 14 100 0 0 80
7474 -1 900 300 100 100 900 300 100 100 100 500 5 40 9 80 16 100 0 0 5
7475 -1 900 300 100 100 900 300 100 100 100 500 5 40 9 80 16 100 0 0 10
7476 -1 900 300 100 100 900 300 100 100 100 500 5 40 9 80 16 100 0 0 15
7477 -1 900 300 100 100 900 300 100 100 100 500 5 40 9 80 16 100 0 0 20
7478 -1 900 300 100 100 900 300 100 100 100 500 5 40 9 80 16 100 0 0 25
7479 -1 900 300 100 100 900 300 100 100 100 500 5 40 9 80 16 100 0 0 30
7480 -1 900 300 100 100 900 300 100 100 100 500 5 40 9 80 16 100 0 0 40
7481 -1 900 300 100 100 900 300 100 100 100 500 5 40 9 80 16 100 0 0 50
7482 -1 900 300 100 100 900 300 100 100 100 500 5 40 9 80 16 100 0 0 60
7483 -1 900 300 100 100 900 300 100 100 100 500 5 40 9 80 16 100 0 0 80
7484 -1 900 300 100 100 900 300 100 100 90 500 5 40 9 80 15 100 0 0 5
7485 -1 900 300 100 100 900 300 100 100 90 500 5 40 9 80 15 100 0 0 10
7486 -1 900 300 100 100 900 300 100 100 90 500 5 40 9 80 15 100 0 0 15
7487 -1 900 300 100 100 900 300 100 100 90 500 5 40 9 80 15 100 0 0 20
7488 -1 900 300 100 100 900 300 100 100 90 500 5 40 9 80 15 100 0 0 25
7489 -1 900 300 100 100 900 300 100 100 90 500 5 40 9 80 15 100 0 0 30
7490 -1 900 300 100 100 900 300 100 100 90 500 5 40 9 80 15 100 0 0 40
7491 -1 900 300 100 100 900 300 100 100 90 500 5 40 9 80 15 100 0 0 50
7492 -1 900 300 100 100 900 300 100 100 90 500 5 40 9 80 15 100 0 0 60
7493 -1 900 300 100 100 900 300 100 100 90 500 5 40 9 80 15 100 0 0 80
7494 -1 900 300 98 100 900 300 100 100 200 500 5 40 15 80 20 -80 0 0 5
7495 -1 900 300 98 100 900 300 100 100 200 500 5 40 15 80 20 -80 0 0 15
7496 -1 900 300 98 100 900 300 100 100 200 500 5 40 15 80 20 -80 0 0 20
7497 -1 900 300 100 100 900 300 100 100 200 500 7 40 15 80 20 -80 0 0 5
7498 -1 900 300 100 100 900 300 100 100 200 500 7 40 15 80 20 -80 0 0 10
7499 -1 900 300 100 100 900 300 100 100 200 500 7 40 15 80 20 -80 0 0 15
7500 -1 900 300 100 100 900 300 100 100 200 500 7 40 15 80 20 -80 0 0 20
7501 -1 900 300 100 100 900 300 100 100 200 500 7 40 15 80 20 -80 0 0 25
7502 -1 900 300 100 100 900 300 100 100 200 500 7 40 15 80 20 -80 0 0 30
7503 -1 900 300 100 100 900 300 100 100 200 500 7 40 15 80 20 -80 0 0 40
7504 -1 900 300 100 100 900 300 100 100 200 500 7 40 15 80 20 -80 0 0 50
7505 -1 900 300 100 100 900 300 100 100 200 500 7 40 15 80 20 -80 0 0 60
7506 -1 900 300 100 100 900 300 100 100 200 500 7 40 15 80 20 -80 0 0 80
7507 -1 900 300 98 100 900 300 100 100 100 500 9 40 9 80 15 100 0 0 5
7508 -1 900 300 98 100 900 300 100 100 100 500 9 40 9 80 15 100 0 0 10
7509 -1 900 300 98 100 900 300 100 100 100 500 9 40 9 80 15 100 0 0 15
7510 -1 900 300 98 100 900 300 100 100 100 500 9 40 9 80 15 100 0 0 20
7511 -1 900 300 98 100 900 300 100 100 100 500 9 40 9 80 15 100 0 0 25
7512 -1 900 300 98 100 900 300 100 100 100 500 9 40 9 80 15 100 0 0 30
7513 -1 900 300 98 100 900 300 100 100 100 500 9 40 9 80 15 100 0 0 40
7514 -1 900 300 98 100 900 300 100 100 100 500 9 40 9 80 15 100 0 0 50
7515 -1 900 300 98 100 900 300 100 100 100 500 9 40 9 80 15 100 0 0 60
7516 -1 900 300 98 100 900 300 100 100 100 500 9 40 9 80 15 100 0 0 80
7517 -1 900 300 99 100 900 300 100 100 100 500 9 40 9 80 15 100 0 0 5
7518 -1 900 300 99 100 900 300 100 100 100 500 9 40 9 80 15 100 0 0 10
7519 -1 900 300 99 100 900 300 100 100 100 500 9 40 9 80 15 100 0 0 15
7520 -1 900 300 99 100 900 300 100 100 100 500 9 40 9 80 15 100 0 0 20
7521 -1 900 300 99 100 900 300 100 100 100 500 9 40 9 80 15 100 0 0 25
7522 -1 900 300 99 100 900 300 100 100 100 500 9 40 9 80 15 100 0 0 30
7523 -1 900 300 99 100 900 300 100 100 100 500 9 40 9 80 15 100 0 0 40
7524 -1 900 300 99 100 900 300 100 100 100 500 9 40 9 80 15 100 0 0 50
7525 -1 900 300 99 100 900 300 100 100 100 500 9 40 9 80 15 100 0 0 60
7526 -1 900 300 99 100 900 300 100 100 100 500 9 40 9 80 15 100 0 0 80
7527 -1 900 300 100 100 900 300 98 100 100 500 9 40 9 80 15 100 0 0 5
7528 -1 900 300 100 100 900 300 98 100 100 500 9 40 9 80 15 100 0 0 10
7529 -1 900 300 100 100 900 300 98 100 100 500 9 40 9 80 15 100 0 0 15
7530 -1 900 300 100 100 900 300 98 100 100 500 9 40 9 80 15 100 0 0 20
7531 -1 900 300 100 100 900 300 98 100 100 500 9 40 9 80 15 100 0 0 25
7532 -1 900 300 100 100 900 300 98 100 100 500 9 40 9 80 15 100 0 0 30
7533 -1 900 300 100 100 900 300 98 100 100 500 9 40 9 80 15 100 0 0 40
7534 -1 900 300 100 100 900 300 98 100 100 500 9 40 9 80 15 100 0 0 50
7535 -1 900 300 100 100 900 300 98 100 100 500 9 40 9 80 15 100 0 0 60
7536 -1 900 300 100 100 900 300 98 100 100 500 9 40 9 80 15 100 0 0 80
7537 -1 900 300 100 100 900 300 100 100 90 500 9 40 9 80 15 100 0 0 5
7538 -1 900 300 100 100 900 300 100 100 90 500 9 40 9 80 15 100 0 0 10
7539 -1 900 300 100 100 900 300 100 100 90 500 9 40 9 80 15 100 0 0 15
7540 -1 900 300 100 100 900 300 100 100 90 500 9 40 9 80 15 100 0 0 20
7541 -1 900 300 100 100 900 300 100 100 90 500 9 40 9 80 15 100 0 0 25
7542 -1 900 300 100 100 900 300 100 100 90 500 9 40 9 80 15 100 0 0 30
7543 -1 900 300 100 100 900 300 100 100 90 500 9 40 9 80 15 100 0 0 40
7544 -1 900 300 100 100 900 300 100 100 90 500 9 40 9 80 15 100 0 0 50
7545 -1 900 300 100 100 900 300 100 100 90 500 9 40 9 80 15 100 0 0 60
7546 -1 900 300 100 100 900 300 100 100 90 500 9 40 9 80 15 100 0 0 80
7547 -1 900 300 100 100 900 300 100 100 110 500 9 40 9 80 15 100 0 0 5
7548 -1 900 300 100 100 900 300 100 100 110 500 9 40 9 80 15 100 0 0 10
7549 -1 900 300 100 100 900 300 100 100 110 500 9 40 9 80 15 100 0 0 15
7550 -1 900 300 100 100 900 300 100 100 110 500 9 40 9 80 15 100 0 0 20
7551 -1 900 300 100 100 900 300 100 100 110 500 9 40 9 80 15 100 0 0 25
7552 -1 900 300 100 100 900 300 100 100 110 500 9 40 9 80 15 100 0 0 30
7553 -1 900 300 100 100 900 300 100 100 110 500 9 40 9 80 15 100 0 0 40
7554 -1 900 300 100 100 900 300 100 100 110 500 9 40 9 80 15 100 0 0 50
7555 -1 900 300 100 100 900 300 100 100 110 500 9 40 9 80 15 100 0 0 60
7556 -1 900 300 100 100 900 300 100 100 110 500 9 40 9 80 15 100 0 0 80
7557 -1 900 300 100 100 900 300 100 100 100 500 12 40 9 80 20 100 0 0 5
7558 -1 900 300 100 100 900 300 100 100 100 500 12 40 9 80 20 100 0 0 10
7559 -1 900 300 100 100 900 300 100 100 100 500 12 40 9 80 20 100 0 0 15
7560 -1 900 300 100 100 900 300 100 100 100 500 12 40 9 80 20 100 0 0 20
7561 -1 900 300 100 100 900 300 100 100 100 500 12 40 9 80 20 100 0 0 25
7562 -1 900 300 100 100 900 300 100 100 100 500 12 40 9 80 20 100 0 0 30
7563 -1 900 300 100 100 900 300 100 100 100 500 12 40 9 80 20 100 0 0 40
7564 -1 900 300 100 100 900 300 100 100 100 500 12 40 9 80 20 100 0 0 50
7565 -1 900 300 100 100 900 300 100 100 100 500 12 40 9 80 20 100 0 0 60
7566 -1 900 300 100 100 900 300 100 100 100 500 12 40 9 80 20 100 0 0 80
7567 -1 900 300 100 100 900 300 100 100 100 500 10 40 10 80 20 100 0 0 5
7568 -1 900 300 100 100 900 300 100 100 100 500 10 40 10 80 20 100 0 0 10
7569 -1 900 300 100 100 900 300 100 100 100 500 10 40 10 80 20 100 0 0 15
7570 -1 900 300 100 100 900 300 100 100 100 500 10 40 10 80 20 100 0 0 20
7571 -1 900 300 100 100 900 300 100 100 100 500 10 40 10 80 20 100 0 0 25
7572 -1 900 300 100 100 900 300 100 100 100 500 10 40 10 80 20 100 0 0 30
7573 -1 900 300 100 100 900 300 100 100 100 500 10 40 10 80 20 100 0 0 40
7574 -1 900 300 100 100 900 300 100 100 100 500 10 40 10 80 20 100 0 0 50
7575 -1 900 300 100 100 900 300 100 100 100 500 10 40 10 80 20 100 0 0 60
7576 -1 900 300 100 100 900 300 100 100 100 500 10 40 10 80 20 100 0 0 80
7577 -1 900 310 100 100 900 300 100 100 100 500 10 40 9 80 20 100 0 0 5
7578 -1 900 310 100 100 900 300 100 100 100 500 10 40 9 80 20 100 0 0 10
7579 -1 900 310 100 100 900 300 100 100 100 500 10 40 9 80 20 100 0 0 15
7580 -1 900 310 100 100 900 300 100 100 100 500 10 40 9 80 20 100 0 0 20
7581 -1 900 310 100 100 900 300 100 100 100 500 10 40 9 80 20 100 0 0 25
7582 -1 900 310 100 100 900 300 100 100 100 500 10 40 9 80 20 100 0 0 30
7583 -1 900 310 100 100 900 300 100 100 100 500 10 40 9 80 20 100 0 0 40
7584 -1 900 310 100 100 900 300 100 100 100 500 10 40 9 80 20 100 0 0 50
7585 -1 900 310 100 100 900 300 100 100 100 500 10 40 9 80 20 100 0 0 60
7586 -1 900 310 100 100 900 300 100 100 100 500 10 40 9 80 20 100 0 0 80
7587 -1 900 320 100 100 900 300 100 100 100 500 10 40 9 80 20 100 0 0 5
7588 -1 900 320 100 100 900 300 100 100 100 500 10 40 9 80 20 100 0 0 10
7589 -1 900 320 100 100 900 300 100 100 100 500 10 40 9 80 20 100 0 0 15
7590 -1 900 320 100 100 900 300 100 100 100 500 10 40 9 80 20 100 0 0 20
7591 -1 900 320 100 100 900 300 100 100 100 500 10 40 9 80 20 100 0 0 25
7592 -1 900 320 100 100 900 300 100 100 100 500 10 40 9 80 20 100 0 0 30
7593 -1 900 320 100 100 900 300 100 100 100 500 10 40 9 80 20 100 0 0 40
7594 -1 900 320 100 100 900 300 100 100 100 500 10 40 9 80 20 100 0 0 50
7595 -1 900 320 100 100 900 300 100 100 100 500 10 40 9 80 20 100 0 0 60
7596 -1 900 320 100 100 900 300 100 100 100 500 10 40 9 80 20 100 0 0 80
7597 -1 900 300 100 100 900 300 100 100 80 500 10 40 9 80 20 100 0 0 5
7598 -1 900 300 100 100 900 300 100 100 80 500 10 40 9 80 20 100 0 0 10
7599 -1 900 300 100 100 900 300 100 100 80 500 10 40 9 80 20 100 0 0 15
7600 -1 900 300 100 100 900 300 100 100 80 500 10 40 9 80 20 100 0 0 20
7601 -1 900 300 100 100 900 300 100 100 80 500 10 40 9 80 20 100 0 0 25
7602 -1 900 300 100 100 900 300 100 100 80 500 10 40 9 80 20 100 0 0 30
7603 -1 900 300 100 100 900 300 100 100 80 500 10 40 9 80 20 100 0 0 40
7604 -1 900 300 100 100 900 300 100 100 80 500 10 40 9 80 20 100 0 0 50
7605 -1 900 300 100 100 900 300 100 100 80 500 10 40 9 80 20 100 0 0 60
7606 -1 900 300 100 100 900 300 100 100 80 500 10 40 9 80 20 100 0 0 80
7607 -1 900 300 100 100 900 300 100 100 120 500 10 40 9 80 20 100 0 0 5
7608 -1 900 300 100 100 900 300 100 100 120 500 10 40 9 80 20 100 0 0 10
7609 -1 900 300 100 100 900 300 100 100 120 500 10 40 9 80 20 100 0 0 15
7610 -1 900 300 100 100 900 300 100 100 120 500 10 40 9 80 20 100 0 0 20
7611 -1 900 300 100 100 900 300 100 100 120 500 10 40 9 80 20 100 0 0 25
7612 -1 900 300 100 100 900 300 100 100 120 500 10 40 9 80 20 100 0 0 30
7613 -1 900 300 100 100 900 300 100 100 120 500 10 40 9 80 20 100 0 0 40
7614 -1 900 300 100 100 900 300 100 100 120 500 10 40 9 80 20 100 0 0 50
7615 -1 900 300 100 100 900 300 100 100 120 500 10 40 9 80 20 100 0 0 60
7616 -1 900 300 100 100 900 300 100 100 120 500 10 40 9 80 20 100 0 0 80
7617 -1 900 300 98 100 900 300 100 100 100 500 10 -30 9 80 15 -80 0 0 10
7618 -1 900 300 98 100 900 300 100 100 100 500 10 -30 9 80 15 -80 0 0 15
7619 -1 900 300 100 100 900 300 100 100 90 500 10 -30 9 80 15 -80 0 0 5
7620 -1 900 300 100 100 900 300 100 100 90 500 10 -30 9 80 15 -80 0 0 10
7621 -1 900 300 100 100 900 300 100 100 90 500 10 -30 9 80 15 -80 0 0 15
7622 -1 900 300 100 100 900 300 100 100 90 500 10 -30 9 80 15 -80 0 0 20
7623 -1 900 300 100 100 900 300 100 100 90 500 10 -30 9 80 15 -80 0 0 25
7624 -1 900 300 100 100 900 300 100 100 90 500 10 -30 9 80 15 -80 0 0 30
7625 -1 900 300 100 100 900 300 100 100 90 500 10 -30 9 80 15 -80 0 0 40
7626 -1 900 300 100 100 900 300 100 100 90 500 10 -30 9 80 15 -80 0 0 50
7627 -1 900 300 100 100 900 300 100 100 90 500 10 -30 9 80 15 -80 0 0 60
7628 -1 900 300 100 100 900 300 100 100 90 500 10 -30 9 80 15 -80 0 0 80
7629 6 700 600 100 100 700 0 13 100 1000 1000 5 100 5 100 5 100 2 0 5
7630 6 700 600 100 100 700 0 13 100 1000 1000 5 100 5 100 5 100 2 0 10
7631 6 700 600 100 100 700 0 13 100 1000 1000 5 100 5 100 5 100 2 0 15
7632 6 700 600 100 100 700 0 13 100 1000 1000 5 100 5 100 5 100 2 0 20
7633 6 700 600 100 100 700 0 13 100 1000 1000 5 100 5 100 5 100 2 0 25
7634 6 700 600 100 100 700 0 13 100 1000 1000 5 100 5 100 5 100 2 0 30
7635 6 700 600 100 100 700 0 13 100 1000 1000 5 100 5 100 5 100 2 0 40
7636 6 700 600 100 100 700 0 13 100 1000 1000 5 100 5 100 5 100 2 0 50
7637 6 700 600 100 100 700 0 13 100 1000 1000 5 100 5 100 5 100 2 0 60
7638 6 700 600 100 100 700 0 13 100 1000 1000 5 100 5 100 5 100 2 0 80
7639 6 700 600 100 100 700 0 15 100 980 1000 5 100 5 100 5 100 2 0 5
7640 6 700 600 100 100 700 0 15 100 980 1000 5 100 5 100 5 100 2 0 10
7641 6 700 600 100 100 700 0 15 100 980 1000 5 100 5 100 5 100 2 0 15
7642 6 700 600 100 100 700 0 15 100 980 1000 5 100 5 100 5 100 2 0 20
7643 6 700 600 100 100 700 0 15 100 980 1000 5 100 5 100 5 100 2 0 25
7644 6 700 600 100 100 700 0 15 100 980 1000 5 100 5 100 5 100 2 0 30
7645 6 700 600 100 100 700 0 15 100 980 1000 5 100 5 100 5 100 2 0 40
7646 6 700 600 100 100 700 0 15 100 980 1000 5 100 5 100 5 100 2 0 50
7647 6 700 600 100 100 700 0 15 100 980 1000 5 100 5 100 5 100 2 0 60
7648 6 700 600 100 100 700 0 15 100 980 1000 5 100 5 100 5 100 2 0 80
7649 6 900 600 100 100 900 0 15 100 1000 1000 7 100 9 100 9 100 0 0 5
7650 6 900 600 100 100 900 0 15 100 1000 1000 7 100 9 100 9 100 0 0 10
7651 6 900 600 100 100 900 0 15 100 1000 1000 7 100 9 100 9 100 0 0 15
7652 6 900 600 100 100 900 0 15 100 1000 1000 7 100 9 100 9 100 0 0 20
7653 6 900 600 100 100 900 0 15 100 1000 1000 7 100 9 100 9 100 0 0 25
7654 6 900 600 100 100 900 0 15 100 1000 1000 7 100 9 100 9 100 0 0 30
7655 6 900 600 100 100 900 0 15 100 1000 1000 7 100 9 100 9 100 0 0 40
7656 6 900 600 100 100 900 0 15 100 1000 1000 7 100 9 100 9 100 0 0 50
7657 6 900 600 100 100 900 0 15 100 1000 1000 7 100 9 100 9 100 0 0 60
7658 6 900 600 100 100 900 0 15 100 1000 1000 7 100 9 100 9 100 0 0 80
7659 6 880 600 100 100 900 0 15 100 1000 1000 9 100 9 100 9 100 0 0 5
7660 6 880 600 100 100 900 0 15 100 1000 1000 9 100 9 100 9 100 0 0 10
7661 6 880 600 100 100 900 0 15 100 1000 1000 9 100 9 100 9 100 0 0 15
7662 6 880 600 100 100 900 0 15 100 1000 1000 9 100 9 100 9 100 0 0 20
7663 6 880 600 100 100 900 0 15 100 1000 1000 9 100 9 100 9 100 0 0 25
7664 6 880 600 100 100 900 0 15 100 1000 1000 9 100 9 100 9 100 0 0 30
7665 6 880 600 100 100 900 0 15 100 1000 1000 9 100 9 100 9 100 0 0 40
7666 6 880 600 100 100 900 0 15 100 1000 1000 9 100 9 100 9 100 0 0 50
7667 6 880 600 100 100 900 0 15 100 1000 1000 9 100 9 100 9 100 0 0 60
7668 6 880 600 100 100 900 0 15 100 1000 1000 9 100 9 100 9 100 0 0 80
7669 6 900 600 78 100 900 0 15 100 1000 1000 10 100 10 100 10 100 0 1 5
7670 6 900 600 78 100 900 0 15 100 1000 1000 10 100 10 100 10 100 0 1 10
7671 6 900 600 78 100 900 0 15 100 1000 1000 10 100 10 100 10 100 0 1 15
7672 6 900 600 78 100 900 0 15 100 1000 1000 10 100 10 100 10 100 0 1 20
7673 6 900 600 78 100 900 0 15 100 1000 1000 10 100 10 100 10 100 0 1 25
7674 6 900 600 78 100 900 0 15 100 1000 1000 10 100 10 100 10 100 0 1 30
7675 6 900 600 78 100 900 0 15 100 1000 1000 10 100 10 100 10 100 0 1 40
7676 6 900 600 78 100 900 0 15 100 1000 1000 10 100 10 100 10 100 0 1 50
7677 6 900 600 78 100 900 0 15 100 1000 1000 10 100 10 100 10 100 0 1 60
7678 6 900 600 78 100 900 0 15 100 1000 1000 10 100 10 100 10 100 0 1 80
7679 6 900 600 79 100 900 0 15 100 1000 1000 10 100 10 100 10 100 0 1 5
7680 6 900 600 79 100 900 0 15 100 1000 1000 10 100 10 100 10 100 0 1 10
7681 6 900 600 79 100 900 0 15 100 1000 1000 10 100 10 100 10 100 0 1 15
7682 6 900 600 79 100 900 0 15 100 1000 1000 10 100 10 100 10 100 0 1 20
7683 6 900 600 79 100 900 0 15 100 1000 1000 10 100 10 100 10 100 0 1 25
7684 6 900 600 79 100 900 0 15 100 1000 1000 10 100 10 100 10 100 0 1 30
7685 6 900 600 79 100 900 0 15 100 1000 1000 10 100 10 100 10 100 0 1 40
7686 6 900 600 79 100 900 0 15 100 1000 1000 10 100 10 100 10 100 0 1 50
7687 6 900 600 79 100 900 0 15 100 1000 1000 10 100 10 100 10 100 0 1 60
7688 6 900 600 79 100 900 0 15 100 1000 1000 10 100 10 100 10 100 0 1 80
7689 6 900 600 81 100 900 0 15 100 1000 1000 10 100 10 100 10 100 0 1 5
7690 6 900 600 81 100 900 0 15 100 1000 1000 10 100 10 100 10 100 0 1 10
7691 6 900 600 81 100 900 0 15 100 1000 1000 10 100 10 100 10 100 0 1 15
7692 6 900 600 81 100 900 0 15 100 1000 1000 10 100 10 100 10 100 0 1 20
7693 6 900 600 81 100 900 0 15 100 1000 1000 10 100 10 100 10 100 0 1 25
7694 6 900 600 81 100 900 0 15 100 1000 1000 10 100 10 100 10 100 0 1 30
7695 6 900 600 81 100 900 0 15 100 1000 1000 10 100 10 100 10 100 0 1 40
7696 6 900 600 81 100 900 0 15 100 1000 1000 10 100 10 100 10 100 0 1 50
7697 6 900 600 81 100 900 0 15 100 1000 1000 10 100 10 100 10 100 0 1 60
7698 6 900 600 81 100 900 0 15 100 1000 1000 10 100 10 100 10 100 0 1 80
7699 6 900 600 82 100 900 0 15 100 1000 1000 10 100 10 100 10 100 0 1 5
7700 6 900 600 82 100 900 0 15 100 1000 1000 10 100 10 100 10 100 0 1 10
7701 6 900 600 82 100 900 0 15 100 1000 1000 10 100 10 100 10 100 0 1 15
7702 6 900 600 82 100 900 0 15 100 1000 1000 10 100 10 100 10 100 0 1 20
7703 6 900 600 82 100 900 0 15 100 1000 1000 10 100 10 100 10 100 0 1 25
7704 6 900 600 82 100 900 0 15 100 1000 1000 10 100 10 100 10 100 0 1 30
7705 6 900 600 82 100 900 0 15 100 1000 1000 10 100 10 100 10 100 0 1 40
7706 6 900 600 82 100 900 0 15 100 1000 1000 10 100 10 100 10 100 0 1 50
7707 6 900 600 82 100 900 0 15 100 1000 1000 10 100 10 100 10 100 0 1 60
7708 6 900 600 82 100 900 0 15 100 1000 1000 10 100 10 100 10 100 0 1 80
7709 6 900 600 80 100 900 0 13 100 1000 1000 10 100 10 100 10 100 0 1 5
7710 6 900 600 80 100 900 0 13 100 1000 1000 10 100 10 100 10 100 0 1 10
7711 6 900 600 80 100 900 0 13 100 1000 1000 10 100 10 100 10 100 0 1 15
7712 6 900 600 80 100 900 0 13 100 1000 1000 10 100 10 100 10 100 0 1 20
7713 6 900 600 80 100 900 0 13 100 1000 1000 10 100 10 100 10 100 0 1 25
7714 6 900 600 80 100 900 0 13 100 1000 1000 10 100 10 100 10 100 0 1 30
7715 6 900 600 80 100 900 0 13 100 1000 1000 10 100 10 100 10 100 0 1 40
7716 6 900 600 80 100 900 0 13 100 1000 1000 10 100 10 100 10 100 0 1 50
7717 6 900 600 80 100 900 0 13 100 1000 1000 10 100 10 100 10 100 0 1 60
7718 6 900 600 80 100 900 0 13 100 1000 1000 10 100 10 100 10 100 0 1 80
7719 6 900 600 80 100 900 0 14 100 1000 1000 10 100 10 100 10 100 0 1 5
7720 6 900 600 80 100 900 0 14 100 1000 1000 10 100 10 100 10 100 0 1 10
7721 6 900 600 80 100 900 0 14 100 1000 1000 10 100 10 100 10 100 0 1 15
7722 6 900 600 80 100 900 0 14 100 1000 1000 10 100 10 100 10 100 0 1 20
7723 6 900 600 80 100 900 0 14 100 1000 1000 10 100 10 100 10 100 0 1 25
7724 6 900 600 80 100 900 0 14 100 1000 1000 10 100 10 100 10 100 0 1 30
7725 6 900 600 80 100 900 0 14 100 1000 1000 10 100 10 100 10 100 0 1 40
7726 6 900 600 80 100 900 0 14 100 1000 1000 10 100 10 100 10 100 0 1 50
7727 6 900 600 80 100 900 0 14 100 1000 1000 10 100 10 100 10 100 0 1 60
7728 6 900 600 80 100 900 0 14 100 1000 1000 10 100 10 100 10 100 0 1 80
7729 6 900 600 80 100 900 0 15 100 1000 1000 8 100 10 100 10 100 0 1 5
7730 6 900 600 80 100 900 0 15 100 1000 1000 8 100 10 100 10 100 0 1 10
7731 6 900 600 80 100 900 0 15 100 1000 1000 8 100 10 100 10 100 0 1 15
7732 6 900 600 80 100 900 0 15 100 1000 1000 8 100 10 100 10 100 0 1 20
7733 6 900 600 80 100 900 0 15 100 1000 1000 8 100 10 100 10 100 0 1 25
7734 6 900 600 80 100 900 0 15 100 1000 1000 8 100 10 100 10 100 0 1 30
7735 6 900 600 80 100 900 0 15 100 1000 1000 8 100 10 100 10 100 0 1 40
7736 6 900 600 80 100 900 0 15 100 1000 1000 8 100 10 100 10 100 0 1 50
7737 6 900 600 80 100 900 0 15 100 1000 1000 8 100 10 100 10 100 0 1 60
7738 6 900 600 80 100 900 0 15 100 1000 1000 8 100 10 100 10 100 0 1 80
7739 6 900 600 80 100 900 0 15 100 1000 1000 9 100 10 100 10 100 0 1 5
7740 6 900 600 80 100 900 0 15 100 1000 1000 9 100 10 100 10 100 0 1 10
7741 6 900 600 80 100 900 0 15 100 1000 1000 9 100 10 100 10 100 0 1 15
7742 6 900 600 80 100 900 0 15 100 1000 1000 9 100 10 100 10 100 0 1 20
7743 6 900 600 80 100 900 0 15 100 1000 1000 9 100 10 100 10 100 0 1 25
7744 6 900 600 80 100 900 0 15 100 1000 1000 9 100 10 100 10 100 0 1 30
7745 6 900 600 80 100 900 0 15 100 1000 1000 9 100 10 100 10 100 0 1 40
7746 6 900 600 80 100 900 0 15 100 1000 1000 9 100 10 100 10 100 0 1 50
7747 6 900 600 80 100 900 0 15 100 1000 1000 9 100 10 100 10 100 0 1 60
7748 6 900 600 80 100 900 0 15 100 1000 1000 9 100 10 100 10 100 0 1 80
7749 6 900 600 80 100 900 0 15 100 1000 1000 11 100 10 100 10 100 0 1 5
7750 6 900 600 80 100 900 0 15 100 1000 1000 11 100 10 100 10 100 0 1 10
7751 6 900 600 80 100 900 0 15 100 1000 1000 11 100 10 100 10 100 0 1 15
7752 6 900 600 80 100 900 0 15 100 1000 1000 11 100 10 100 10 100 0 1 20
7753 6 900 600 80 100 900 0 15 100 1000 1000 11 100 10 100 10 100 0 1 25
7754 6 900 600 80 100 900 0 15 100 1000 1000 11 100 10 100 10 100 0 1 30
7755 6 900 600 80 100 900 0 15 100 1000 1000 11 100 10 100 10 100 0 1 40
7756 6 900 600 80 100 900 0 15 100 1000 1000 11 100 10 100 10 100 0 1 50
7757 6 900 600 80 100 900 0 15 100 1000 1000 11 100 10 100 10 100 0 1 60
7758 6 900 600 80 100 900 0 15 100 1000 1000 11 100 10 100 10 100 0 1 80
7759 6 900 600 80 100 900 0 15 100 1000 1000 12 100 10 100 10 100 0 1 5
7760 6 900 600 80 100 900 0 15 100 1000 1000 12 100 10 100 10 100 0 1 10
7761 6 900 600 80 100 900 0 15 100 1000 1000 12 100 10 100 10 100 0 1 15
7762 6 900 600 80 100 900 0 15 100 1000 1000 12 100 10 100 10 100 0 1 20
7763 6 900 600 80 100 900 0 15 100 1000 1000 12 100 10 100 10 100 0 1 25
7764 6 900 600 80 100 900 0 15 100 1000 1000 12 100 10 100 10 100 0 1 30
7765 6 900 600 80 100 900 0 15 100 1000 1000 12 100 10 100 10 100 0 1 40
7766 6 900 600 80 100 900 0 15 100 1000 1000 12 100 10 100 10 100 0 1 50
7767 6 900 600 80 100 900 0 15 100 1000 1000 12 100 10 100 10 100 0 1 60
7768 6 900 600 80 100 900 0 15 100 1000 1000 12 100 10 100 10 100 0 1 80
7769 6 900 600 80 100 900 0 15 100 1000 1000 10 100 8 100 10 100 0 1 5
7770 6 900 600 80 100 900 0 15 100 1000 1000 10 100 8 100 10 100 0 1 10
7771 6 900 600 80 100 900 0 15 100 1000 1000 10 100 8 100 10 100 0 1 15
7772 6 900 600 80 100 900 0 15 100 1000 1000 10 100 8 100 10 100 0 1 20
7773 6 900 600 80 100 900 0 15 100 1000 1000 10 100 8 100 10 100 0 1 25
7774 6 900 600 80 100 900 0 15 100 1000 1000 10 100 8 100 10 100 0 1 30
7775 6 900 600 80 100 900 0 15 100 1000 1000 10 100 8 100 10 100 0 1 40
7776 6 900 600 80 100 900 0 15 100 1000 1000 10 100 8 100 10 100 0 1 50
7777 6 900 600 80 100 900 0 15 100 1000 1000 10 100 8 100 10 100 0 1 60
7778 6 900 600 80 100 900 0 15 100 1000 1000 10 100 8 100 10 100 0 1 80
7779 6 900 600 80 100 900 0 15 100 1000 1000 10 100 9 100 10 100 0 1 5
7780 6 900 600 80 100 900 0 15 100 1000 1000 10 100 9 100 10 100 0 1 10
7781 6 900 600 80 100 900 0 15 100 1000 1000 10 100 9 100 10 100 0 1 15
7782 6 900 600 80 100 900 0 15 100 1000 1000 10 100 9 100 10 100 0 1 20
7783 6 900 600 80 100 900 0 15 100 1000 1000 10 100 9 100 10 100 0 1 25
7784 6 900 600 80 100 900 0 15 100 1000 1000 10 100 9 100 10 100 0 1 30
7785 6 900 600 80 100 900 0 15 100 1000 1000 10 100 9 100 10 100 0 1 40
7786 6 900 600 80 100 900 0 15 100 1000 1000 10 100 9 100 10 100 0 1 50
7787 6 900 600 80 100 900 0 15 100 1000 1000 10 100 9 100 10 100 0 1 60
7788 6 900 600 80 100 900 0 15 100 1000 1000 10 100 9 100 10 100 0 1 80
7789 6 900 600 80 100 900 0 15 100 1000 1000 10 100 11 100 10 100 0 1 5
7790 6 900 600 80 100 900 0 15 100 1000 1000 10 100 11 100 10 100 0 1 10
7791 6 900 600 80 100 900 0 15 100 1000 1000 10 100 11 100 10 100 0 1 15
7792 6 900 600 80 100 900 0 15 100 1000 1000 10 100 11 100 10 100 0 1 20
7793 6 900 600 80 100 900 0 15 100 1000 1000 10 100 11 100 10 100 0 1 25
7794 6 900 600 80 100 900 0 15 100 1000 1000 10 100 11 100 10 100 0 1 30
7795 6 900 600 80 100 900 0 15 100 1000 1000 10 100 11 100 10 100 0 1 40
7796 6 900 600 80 100 900 0 15 100 1000 1000 10 100 11 100 10 100 0 1 50
7797 6 900 600 80 100 900 0 15 100 1000 1000 10 100 11 100 10 100 0 1 60
7798 6 900 600 80 100 900 0 15 100 1000 1000 10 100 11 100 10 100 0 1 80
7799 6 900 600 80 100 900 0 15 100 1000 1000 10 100 12 100 10 100 0 1 5
7800 6 900 600 80 100 900 0 15 100 1000 1000 10 100 12 100 10 100 0 1 10
7801 6 900 600 80 100 900 0 15 100 1000 1000 10 100 12 100 10 100 0 1 15
7802 6 900 600 80 100 900 0 15 100 1000 1000 10 100 12 100 10 100 0 1 20
7803 6 900 600 80 100 900 0 15 100 1000 1000 10 100 12 100 10 100 0 1 25
7804 6 900 600 80 100 900 0 15 100 1000 1000 10 100 12 100 10 100 0 1 30
7805 6 900 600 80 100 900 0 15 100 1000 1000 10 100 12 100 10 100 0 1 40
7806 6 900 600 80 100 900 0 15 100 1000 1000 10 100 12 100 10 100 0 1 50
7807 6 900 600 80 100 900 0 15 100 1000 1000 10 100 12 100 10 100 0 1 60
7808 6 900 600 80 100 900 0 15 100 1000 1000 10 100 12 100 10 100 0 1 80
7809 6 900 600 80 100 900 0 15 100 1000 1000 10 100 10 100 8 100 0 1 5
7810 6 900 600 80 100 900 0 15 100 1000 1000 10 100 10 100 8 100 0 1 10
7811 6 900 600 80 100 900 0 15 100 1000 1000 10 100 10 100 8 100 0 1 15
7812 6 900 600 80 100 900 0 15 100 1000 1000 10 100 10 100 8 100 0 1 20
7813 6 900 600 80 100 900 0 15 100 1000 1000 10 100 10 100 8 100 0 1 25
7814 6 900 600 80 100 900 0 15 100 1000 1000 10 100 10 100 8 100 0 1 30
7815 6 900 600 80 100 900 0 15 100 1000 1000 10 100 10 100 8 100 0 1 40
7816 6 900 600 80 100 900 0 15 100 1000 1000 10 100 10 100 8 100 0 1 50
7817 6 900 600 80 100 900 0 15 100 1000 1000 10 100 10 100 8 100 0 1 60
7818 6 900 600 80 100 900 0 15 100 1000 1000 10 100 10 100 8 100 0 1 80
7819 6 900 600 80 100 900 0 15 100 1000 1000 10 100 10 100 9 100 0 1 5
7820 6 900 600 80 100 900 0 15 100 1000 1000 10 100 10 100 9 100 0 1 10
7821 6 900 600 80 100 900 0 15 100 1000 1000 10 100 10 100 9 100 0 1 15
7822 6 900 600 80 100 900 0 15 100 1000 1000 10 100 10 100 9 100 0 1 20
7823 6 900 600 80 100 900 0 15 100 1000 1000 10 100 10 100 9 100 0 1 25
7824 6 900 600 80 100 900 0 15 100 1000 1000 10 100 10 100 9 100 0 1 30
7825 6 900 600 80 100 900 0 15 100 1000 1000 10 100 10 100 9 100 0 1 40
7826 6 900 600 80 100 900 0 15 100 1000 1000 10 100 10 100 9 100 0 1 50
7827 6 900 600 80 100 900 0 15 100 1000 1000 10 100 10 100 9 100 0 1 60
7828 6 900 600 80 100 900 0 15 100 1000 1000 10 100 10 100 9 100 0 1 80
7829 6 900 600 80 100 900 0 15 100 1000 1000 10 100 10 100 11 100 0 1 5
7830 6 900 600 80 100 900 0 15 100 1000 1000 10 100 10 100 11 100 0 1 10
7831 6 900 600 80 100 900 0 15 100 1000 1000 10 100 10 100 11 100 0 1 15
7832 6 900 600 80 100 900 0 15 100 1000 1000 10 100 10 100 11 100 0 1 20
7833 6 900 600 80 100 900 0 15 100 1000 1000 10 100 10 100 11 100 0 1 25
7834 6 900 600 80 100 900 0 15 100 1000 1000 10 100 10 100 11 100 0 1 30
7835 6 900 600 80 100 900 0 15 100 1000 1000 10 100 10 100 11 100 0 1 40
7836 6 900 600 80 100 900 0 15 100 1000 1000 10 100 10 100 11 100 0 1 50
7837 6 900 600 80 100 900 0 15 100 1000 1000 10 100 10 100 11 100 0 1 60
7838 6 900 600 80 100 900 0 15 100 1000 1000 10 100 10 100 11 100 0 1 80
7839 6 900 600 80 100 900 0 15 100 1000 1000 10 100 10 100 12 100 0 1 5
7840 6 900 600 80 100 900 0 15 100 1000 1000 10 100 10 100 12 100 0 1 10
7841 6 900 600 80 100 900 0 15 100 1000 1000 10 100 10 100 12 100 0 1 15
7842 6 900 600 80 100 900 0 15 100 1000 1000 10 100 10 100 12 100 0 1 20
7843 6 900 600 80 100 900 0 15 100 1000 1000 10 100 10 100 12 100 0 1 25
7844 6 900 600 80 100 900 0 15 100 1000 1000 10 100 10 100 12 100 0 1 30
7845 6 900 600 80 100 900 0 15 100 1000 1000 10 100 10 100 12 100 0 1 40
7846 6 900 600 80 100 900 0 15 100 1000 1000 10 100 10 100 12 100 0 1 50
7847 6 900 600 80 100 900 0 15 100 1000 1000 10 100 10 100 12 100 0 1 60
7848 6 900 600 80 100 900 0 15 100 1000 1000 10 100 10 100 12 100 0 1 80
7849 6 910 600 80 100 900 0 15 100 1000 1000 10 100 10 100 10 100 0 1 5
7850 6 910 600 80 100 900 0 15 100 1000 1000 10 100 10 100 10 100 0 1 10
7851 6 910 600 80 100 900 0 15 100 1000 1000 10 100 10 100 10 100 0 1 15
7852 6 910 600 80 100 900 0 15 100 1000 1000 10 100 10 100 10 100 0 1 20
7853 6 910 600 80 100 900 0 15 100 1000 1000 10 100 10 100 10 100 0 1 25
7854 6 910 600 80 100 900 0 15 100 1000 1000 10 100 10 100 10 100 0 1 30
7855 6 910 600 80 100 900 0 15 100 1000 1000 10 100 10 100 10 100 0 1 40
7856 6 910 600 80 100 900 0 15 100 1000 1000 10 100 10 100 10 100 0 1 50
7857 6 910 600 80 100 900 0 15 100 1000 1000 10 100 10 100 10 100 0 1 60
7858 6 910 600 80 100 900 0 15 100 1000 1000 10 100 10 100 10 100 0 1 80
7859 6 920 600 80 100 900 0 15 100 1000 1000 10 100 10 100 10 100 0 1 5
7860 6 920 600 80 100 900 0 15 100 1000 1000 10 100 10 100 10 100 0 1 10
7861 6 920 600 80 100 900 0 15 100 1000 1000 10 100 10 100 10 100 0 1 15
7862 6 920 600 80 100 900 0 15 100 1000 1000 10 100 10 100 10 100 0 1 20
7863 6 920 600 80 100 900 0 15 100 1000 1000 10 100 10 100 10 100 0 1 25
7864 6 920 600 80 100 900 0 15 100 1000 1000 10 100 10 100 10 100 0 1 30
7865 6 920 600 80 100 900 0 15 100 1000 1000 10 100 10 100 10 100 0 1 40
7866 6 920 600 80 100 900 0 15 100 1000 1000 10 100 10 100 10 100 0 1 50
7867 6 920 600 80 100 900 0 15 100 1000 1000 10 100 10 100 10 100 0 1 60
7868 6 920 600 80 100 900 0 15 100 1000 1000 10 100 10 100 10 100 0 1 80
7869 6 900 580 80 100 900 0 15 100 1000 1000 10 100 10 100 10 100 0 1 5
7870 6 900 580 80 100 900 0 15 100 1000 1000 10 100 10 100 10 100 0 1 10
7871 6 900 580 80 100 900 0 15 100 1000 1000 10 100 10 100 10 100 0 1 15
7872 6 900 580 80 100 900 0 15 100 1000 1000 10 100 10 100 10 100 0 1 20
7873 6 900 580 80 100 900 0 15 100 1000 1000 10 100 10 100 10 100 0 1 25
7874 6 900 580 80 100 900 0 15 100 1000 1000 10 100 10 100 10 100 0 1 30
7875 6 900 580 80 100 900 0 15 100 1000 1000 10 100 10 100 10 100 0 1 40
7876 6 900 580 80 100 900 0 15 100 1000 1000 10 100 10 100 10 100 0 1 50
7877 6 900 580 80 100 900 0 15 100 1000 1000 10 100 10 100 10 100 0 1 60
7878 6 900 580 80 100 900 0 15 100 1000 1000 10 100 10 100 10 100 0 1 80
7879 6 900 590 80 100 900 0 15 100 1000 1000 10 100 10 100 10 100 0 1 5
7880 6 900 590 80 100 900 0 15 100 1000 1000 10 100 10 100 10 100 0 1 10
7881 6 900 590 80 100 900 0 15 100 1000 1000 10 100 10 100 10 100 0 1 15
7882 6 900 590 80 100 900 0 15 100 1000 1000 10 100 10 100 10 100 0 1 20
7883 6 900 590 80 100 900 0 15 100 1000 1000 10 100 10 100 10 100 0 1 25
7884 6 900 590 80 100 900 0 15 100 1000 1000 10 100 10 100 10 100 0 1 30
7885 6 900 590 80 100 900 0 15 100 1000 1000 10 100 10 100 10 100 0 1 40
7886 6 900 590 80 100 900 0 15 100 1000 1000 10 100 10 100 10 100 0 1 50
7887 6 900 590 80 100 900 0 15 100 1000 1000 10 100 10 100 10 100 0 1 60
7888 6 900 590 80 100 900 0 15 100 1000 1000 10 100 10 100 10 100 0 1 80
7889 6 900 610 80 100 900 0 15 100 1000 1000 10 100 10 100 10 100 0 1 5
7890 6 900 610 80 100 900 0 15 100 1000 1000 10 100 10 100 10 100 0 1 10
7891 6 900 610 80 100 900 0 15 100 1000 1000 10 100 10 100 10 100 0 1 15
7892 6 900 610 80 100 900 0 15 100 1000 1000 10 100 10 100 10 100 0 1 20
7893 6 900 610 80 100 900 0 15 100 1000 1000 10 100 10 100 10 100 0 1 25
7894 6 900 610 80 100 900 0 15 100 1000 1000 10 100 10 100 10 100 0 1 30
7895 6 900 610 80 100 900 0 15 100 1000 1000 10 100 10 100 10 100 0 1 40
7896 6 900 610 80 100 900 0 15 100 1000 1000 10 100 10 100 10 100 0 1 50
7897 6 900 610 80 100 900 0 15 100 1000 1000 10 100 10 100 10 100 0 1 60
7898 6 900 610 80 100 900 0 15 100 1000 1000 10 100 10 100 10 100 0 1 80
7899 6 900 600 80 100 880 0 15 100 1000 1000 10 100 10 100 10 100 0 1 5
7900 6 900 600 80 100 880 0 15 100 1000 1000 10 100 10 100 10 100 0 1 10
7901 6 900 600 80 100 880 0 15 100 1000 1000 10 100 10 100 10 100 0 1 15
7902 6 900 600 80 100 880 0 15 100 1000 1000 10 100 10 100 10 100 0 1 20
7903 6 900 600 80 100 880 0 15 100 1000 1000 10 100 10 100 10 100 0 1 25
7904 6 900 600 80 100 880 0 15 100 1000 1000 10 100 10 100 10 100 0 1 30
7905 6 900 600 80 100 880 0 15 100 1000 1000 10 100 10 100 10 100 0 1 40
7906 6 900 600 80 100 880 0 15 100 1000 1000 10 100 10 100 10 100 0 1 50
7907 6 900 600 80 100 880 0 15 100 1000 1000 10 100 10 100 10 100 0 1 60
7908 6 900 600 80 100 880 0 15 100 1000 1000 10 100 10 100 10 100 0 1 80
7909 6 900 600 80 100 890 0 15 100 1000 1000 10 100 10 100 10 100 0 1 5
7910 6 900 600 80 100 890 0 15 100 1000 1000 10 100 10 100 10 100 0 1 10
7911 6 900 600 80 100 890 0 15 100 1000 1000 10 100 10 100 10 100 0 1 15
7912 6 900 600 80 100 890 0 15 100 1000 1000 10 100 10 100 10 100 0 1 20
7913 6 900 600 80 100 890 0 15 100 1000 1000 10 100 10 100 10 100 0 1 25
7914 6 900 600 80 100 890 0 15 100 1000 1000 10 100 10 100 10 100 0 1 30
7915 6 900 600 80 100 890 0 15 100 1000 1000 10 100 10 100 10 100 0 1 40
7916 6 900 600 80 100 890 0 15 100 1000 1000 10 100 10 100 10 100 0 1 50
7917 6 900 600 80 100 890 0 15 100 1000 1000 10 100 10 100 10 100 0 1 60
7918 6 900 600 80 100 890 0 15 100 1000 1000 10 100 10 100 10 100 0 1 80
7919 6 900 600 80 100 910 0 15 100 1000 1000 10 100 10 100 10 100 0 1 5
7920 6 900 600 80 100 910 0 15 100 1000 1000 10 100 10 100 10 100 0 1 10
7921 6 900 600 80 100 910 0 15 100 1000 1000 10 100 10 100 10 100 0 1 15
7922 6 900 600 80 100 910 0 15 100 1000 1000 10 100 10 100 10 100 0 1 20
7923 6 900 600 80 100 910 0 15 100 1000 1000 10 100 10 100 10 100 0 1 25
7924 6 900 600 80 100 910 0 15 100 1000 1000 10 100 10 100 10 100 0 1 30
7925 6 900 600 80 100 910 0 15 100 1000 1000 10 100 10 100 10 100 0 1 40
7926 6 900 600 80 100 910 0 15 100 1000 1000 10 100 10 100 10 100 0 1 50
7927 6 900 600 80 100 910 0 15 100 1000 1000 10 100 10 100 10 100 0 1 60
7928 6 900 600 80 100 910 0 15 100 1000 1000 10 100 10 100 10 100 0 1 80
7929 6 900 600 80 100 920 0 15 100 1000 1000 10 100 10 100 10 100 0 1 5
7930 6 900 600 80 100 920 0 15 100 1000 1000 10 100 10 100 10 100 0 1 10
7931 6 900 600 80 100 920 0 15 100 1000 1000 10 100 10 100 10 100 0 1 15
7932 6 900 600 80 100 920 0 15 100 1000 1000 10 100 10 100 10 100 0 1 20
7933 6 900 600 80 100 920 0 15 100 1000 1000 10 100 10 100 10 100 0 1 25
7934 6 900 600 80 100 920 0 15 100 1000 1000 10 100 10 100 10 100 0 1 30
7935 6 900 600 80 100 920 0 15 100 1000 1000 10 100 10 100 10 100 0 1 40
7936 6 900 600 80 100 920 0 15 100 1000 1000 10 100 10 100 10 100 0 1 50
7937 6 900 600 80 100 920 0 15 100 1000 1000 10 100 10 100 10 100 0 1 60
7938 6 900 600 80 100 920 0 15 100 1000 1000 10 100 10 100 10 100 0 1 80
7939 6 900 600 80 100 900 10 15 100 1000 1000 10 100 10 100 10 100 0 1 5
7940 6 900 600 80 100 900 10 15 100 1000 1000 10 100 10 100 10 100 0 1 10
7941 6 900 600 80 100 900 10 15 100 1000 1000 10 100 10 100 10 100 0 1 15
7942 6 900 600 80 100 900 10 15 100 1000 1000 10 100 10 100 10 100 0 1 20
7943 6 900 600 80 100 900 10 15 100 1000 1000 10 100 10 100 10 100 0 1 25
7944 6 900 600 80 100 900 10 15 100 1000 1000 10 100 10 100 10 100 0 1 30
7945 6 900 600 80 100 900 10 15 100 1000 1000 10 100 10 100 10 100 0 1 40
7946 6 900 600 80 100 900 10 15 100 1000 1000 10 100 10 100 10 100 0 1 50
7947 6 900 600 80 100 900 10 15 100 1000 1000 10 100 10 100 10 100 0 1 60
7948 6 900 600 80 100 900 10 15 100 1000 1000 10 100 10 100 10 100 0 1 80
7949 6 900 600 80 100 900 20 15 100 1000 1000 10 100 10 100 10 100 0 1 5
7950 6 900 600 80 100 900 20 15 100 1000 1000 10 100 10 100 10 100 0 1 10
7951 6 900 600 80 100 900 20 15 100 1000 1000 10 100 10 100 10 100 0 1 15
7952 6 900 600 80 100 900 20 15 100 1000 1000 10 100 10 100 10 100 0 1 20
7953 6 900 600 80 100 900 20 15 100 1000 1000 10 100 10 100 10 100 0 1 25
7954 6 900 600 80 100 900 20 15 100 1000 1000 10 100 10 100 10 100 0 1 30
7955 6 900 600 80 100 900 20 15 100 1000 1000 10 100 10 100 10 100 0 1 40
7956 6 900 600 80 100 900 20 15 100 1000 1000 10 100 10 100 10 100 0 1 50
7957 6 900 600 80 100 900 20 15 100 1000 1000 10 100 10 100 10 100 0 1 60
7958 6 900 600 80 100 900 20 15 100 1000 1000 10 100 10 100 10 100 0 1 80
7959 6 900 600 80 100 900 0 15 100 980 1000 10 100 10 100 10 100 0 1 5
7960 6 900 600 80 100 900 0 15 100 980 1000 10 100 10 100 10 100 0 1 10
7961 6 900 600 80 100 900 0 15 100 980 1000 10 100 10 100 10 100 0 1 15
7962 6 900 600 80 100 900 0 15 100 980 1000 10 100 10 100 10 100 0 1 20
7963 6 900 600 80 100 900 0 15 100 980 1000 10 100 10 100 10 100 0 1 25
7964 6 900 600 80 100 900 0 15 100 980 1000 10 100 10 100 10 100 0 1 30
7965 6 900 600 80 100 900 0 15 100 980 1000 10 100 10 100 10 100 0 1 40
7966 6 900 600 80 100 900 0 15 100 980 1000 10 100 10 100 10 100 0 1 50
7967 6 900 600 80 100 900 0 15 100 980 1000 10 100 10 100 10 100 0 1 60
7968 6 900 600 80 100 900 0 15 100 980 1000 10 100 10 100 10 100 0 1 80
7969 -2 900 600 80 100 900 0 25 100 1000 1000 10 60 10 60 10 60 2 1 20 900 150 100 100 900 700 100 100
7970 -2 900 600 80 100 900 0 25 100 1000 1000 10 60 10 60 10 60 0 1 20 900 100 100 100 900 700 100 100
7971 -2 700 600 80 100 700 0 20 100 1000 1000 10 100 10 100 10 100 2 1 15 700 100 100 100 700 700 100 100
7972 -2 900 600 80 100 900 100 20 100 1000 1000 10 100 10 100 10 100 2 1 15 900 300 100 100 900 800 100 100
7973 -2 700 600 80 100 700 0 15 100 1000 1000 10 60 10 60 10 60 0 1 20 700 300 100 100 700 800 100 100
7974 -2 700 600 80 100 700 0 25 100 1000 1000 10 100 10 100 10 100 2 1 15 700 300 100 100 700 700 100 100
7975 -2 900 600 80 100 900 0 25 100 1000 1000 10 60 10 60 10 60 2 1 10 900 300 100 100 900 800 100 100
7976 -2 900 600 80 100 900 0 25 100 1000 1000 8 60 8 60 8 60 0 1 15 900 150 100 100 900 700 100 100
7977 -2 900 600 80 100 900 100 20 100 1000 1000 9 100 9 100 9 100 0 1 15 900 100 100 100 900 800 100 100
7978 -2 700 600 80 100 700 0 20 100 1000 1000 8 60 8 60 8 60 0 1 15 700 150 100 100 700 800 100 100
7979 -2 700 600 80 100 700 0 20 100 1000 1000 9 100 9 100 9 100 2 1 15 700 100 100 100 700 700 100 100
7980 -2 800 600 80 100 800 100 25 100 1000 1000 8 100 8 100 8 100 0 1 20 800 100 100 100 800 800 100 100
7981 -2 700 600 80 100 700 0 20 100 1000 1000 8 60 8 60 8 60 0 1 10 700 150 100 100 700 600 100 100
7982 -2 900 600 80 100 900 0 15 100 1000 1000 8 60 8 60 8 60 0 1 20 900 100 100 100 900 800 100 100
7983 -2 800 600 80 100 800 100 15 100 1000 1000 9 60 9 60 9 60 2 1 20 800 150 100 100 800 800 100 100
7984 -2 700 600 80 100 700 100 15 100 1000 1000 9 100 9 100 9 100 2 1 15 700 300 100 100 700 700 100 100
7985 -2 900 600 80 100 900 100 25 100 1000 1000 9 100 9 100 9 100 2 1 10 900 150 100 100 900 600 100 100
7986 -2 800 600 80 100 800 0 15 100 1000 1000 8 60 8 60 8 60 2 1 15 800 300 100 100 800 800 100 100
7987 -2 900 600 80 100 900 0 20 100 1000 1000 9 60 9 60 9 60 2 1 20 900 150 100 100 900 700 100 100
7988 -2 800 600 80 100 800 0 15 100 1000 1000 9 60 9 60 9 60 2 1 10 800 300 100 100 800 700 100 100
7989 -2 800 600 80 100 800 0 25 100 1000 1000 9 60 9 60 9 60 0 1 20 800 100 100 100 800 800 100 100
7990 -2 700 600 80 100 700 0 15 100 1000 1000 10 60 10 60 10 60 0 1 15 700 300 100 100 700 800 100 100
7991 -2 700 600 80 100 700 0 20 100 1000 1000 10 60 10 60 10 60 0 1 15 700 100 100 100 700 600 100 100
7992 -2 700 600 80 100 700 100 25 100 1000 1000 10 100 10 100 10 100 0 1 20 700 100 100 100 700 600 100 100
7993 -2 800 600 80 100 800 100 25 100 1000 1000 8 60 8 60 8 60 0 1 20 800 150 100 100 800 700 100 100
7994 -2 800 600 80 100 800 100 15 100 1000 1000 10 60 10 60 10 60 0 1 10 800 100 100 100 800 700 100 100
7995 -2 900 600 80 100 900 0 25 100 1000 1000 10 100 10 100 10 100 0 1 15 900 300 100 100 900 700 100 100
7996 -2 700 600 80 100 700 100 25 100 1000 1000 9 60 9 60 9 60 2 1 20 700 150 100 100 700 700 100 100
7997 -2 800 600 80 100 800 100 20 100 1000 1000 9 100 9 100 9 100 2 1 20 800 100 100 100 800 800 100 100
7998 -2 700 600 80 100 700 0 25 100 1000 1000 10 100 10 100 10 100 2 1 10 700 100 100 100 700 700 100 100
7999 -2 900 600 80 100 900 0 20 100 1000 1000 8 100 8 100 8 100 2 1 10 900 100 100 100 900 800 100 100
8000 -2 900 600 80 100 900 100 25 100 1000 1000 8 100 8 100 8 100 2 1 15 900 150 100 100 900 800 100 100
8001 -2 700 600 80 100 700 100 20 100 1000 1000 8 100 8 100 8 100 0 1 15 700 300 100 100 700 600 100 100
8002 -2 900 600 80 100 900 100 20 100 1000 1000 10 60 10 60 10 60 0 1 15 900 150 100 100 900 600 100 100
8003 -2 900 600 80 100 900 0 15 100 1000 1000 9 100 9 100 9 100 0 1 15 900 300 100 100 900 600 100 100
8004 -2 800 600 80 100 800 0 15 100 1000 1000 10 100 10 100 10 100 2 1 10 800 300 100 100 800 800 100 100
8005 -2 800 600 80 100 800 0 15 100 1000 1000 8 100 8 100 8 100 2 1 10 800 100 100 100 800 600 100 100
8006 -2 900 600 80 100 900 0 15 100 1000 1000 9 60 9 60 9 60 2 1 20 900 300 100 100 900 800 100 100
8007 -2 700 600 80 100 700 100 25 100 1000 1000 9 60 9 60 9 60 0 1 15 700 150 100 100 700 800 100 100
8008 -2 800 600 80 100 800 100 15 100 1000 1000 8 60 8 60 8 60 2 1 15 800 100 100 100 800 700 100 100
8009 -2 800 600 80 100 800 100 20 100 1000 1000 8 60 8 60 8 60 2 1 15 800 150 100 100 800 800 100 100
8010 -2 700 600 80 100 700 100 25 100 1000 1000 10 60 10 60 10 60 0 1 15 700 300 100 100 700 800 100 100
8011 -2 700 600 80 100 700 0 25 100 1000 1000 8 60 8 60 8 60 2 1 20 700 150 100 100 700 800 100 100
8012 -2 800 600 80 100 800 0 15 100 1000 1000 10 100 10 100 10 100 2 1 10 800 150 100 100 800 600 100 100
8013 -2 800 600 80 100 800 100 20 100 1000 1000 10 100 10 100 10 100 0 1 20 800 300 100 100 800 600 100 100
8014 -2 800 600 80 100 800 0 25 100 1000 1000 8 60 8 60 8 60 0 1 15 800 150 100 100 800 600 100 100
8015 -2 800 600 80 100 800 100 20 100 1000 1000 8 60 8 60 8 60 2 1 20 800 300 100 100 800 700 100 100
8016 -2 700 600 80 100 700 100 20 100 1000 1000 9 100 9 100 9 100 0 1 20 700 100 100 100 700 600 100 100
8017 -2 900 600 80 100 900 0 20 100 1000 1000 9 60 9 60 9 60 0 1 20 900 150 100 100 900 600 100 100
8018 -2 800 600 80 100 800 0 25 100 1000 1000 8 100 8 100 8 100 0 1 10 800 100 100 100 800 600 100 100
8019 -2 800 600 80 100 800 100 15 100 1000 1000 9 60 9 60 9 60 2 1 10 800 150 100 100 800 600 100 100
8020 -2 900 600 80 100 900 100 15 100 1000 1000 10 100 10 100 10 100 0 1 20 900 100 100 100 900 600 100 100
8021 -2 800 600 80 100 800 100 15 100 1000 1000 10 60 10 60 10 60 0 1 10 800 150 100 100 800 800 100 100
8022 -2 900 600 80 100 900 100 20 100 1000 1000 8 60 8 60 8 60 2 1 15 900 300 100 100 900 600 100 100
8023 -2 900 600 80 100 900 100 25 100 1000 1000 9 60 9 60 9 60 0 1 20 900 150 100 100 900 700 100 100
8024 -2 900 600 80 100 900 0 15 100 1000 1000 9 100 9 100 9 100 2 1 15 900 150 100 100 900 700 100 100
8025 -2 800 600 80 100 800 100 25 100 1000 1000 9 60 9 60 9 60 2 1 15 800 150 100 100 800 800 100 100
8026 -2 700 600 80 100 700 0 25 100 1000 1000 8 60 8 60 8 60 0 1 10 700 150 100 100 700 800 100 100
8027 -2 800 600 80 100 800 100 25 100 1000 1000 9 60 9 60 9 60 2 1 10 800 300 100 100 800 800 100 100
8028 -2 800 600 80 100 800 100 15 100 1000 1000 8 100 8 100 8 100 0 1 10 800 150 100 100 800 800 100 100
8029 -2 900 600 80 100 900 100 25 100 1000 1000 9 100 9 100 9 100 0 1 20 900 150 100 100 900 600 100 100
8030 -2 900 600 80 100 900 0 15 100 1000 1000 8 100 8 100 8 100 2 1 15 900 300 100 100 900 700 100 100
8031 -2 700 600 80 100 700 100 20 100 1000 1000 9 100 9 100 9 100 0 1 15 700 300 100 100 700 600 100 100
8032 -2 900 600 80 100 900 100 15 100 1000 1000 9 100 9 100 9 100 0 1 10 900 300 100 100 900 800 100 100
8033 -2 700 600 80 100 700 100 15 100 1000 1000 8 60 8 60 8 60 2 1 10 700 300 100 100 700 800 100 100
8034 -2 900 600 80 100 900 0 25 100 1000 1000 8 100 8 100 8 100 0 1 10 900 100 100 100 900 700 100 100
8035 -2 700 600 80 100 700 100 25 100 1000 1000 10 100 10 100 10 100 2 1 15 700 150 100 100 700 800 100 100
8036 -2 700 600 80 100 700 100 15 100 1000 1000 10 60 10 60 10 60 0 1 20 700 100 100 100 700 800 100 100
8037 -2 900 600 80 100 900 0 15 100 1000 1000 10 100 10 100 10 100 0 1 15 900 100 100 100 900 600 100 100
8038 -2 900 600 80 100 900 0 25 100 1000 1000 8 100 8 100 8 100 2 1 10 900 100 100 100 900 800 100 100
8039 -2 800 600 80 100 800 0 20 100 1000 1000 10 100 10 100 10 100 0 1 15 800 100 100 100 800 800 100 100
8040 -2 900 600 80 100 900 0 25 100 1000 1000 8 60 8 60 8 60 0 1 15 900 100 100 100 900 600 100 100
8041 -2 700 600 80 100 700 100 20 100 1000 1000 8 100 8 100 8 100 0 1 15 700 100 100 100 700 800 100 100
8042 -2 900 600 80 100 900 0 25 100 1000 1000 10 60 10 60 10 60 2 1 15 900 150 100 100 900 600 100 100
8043 -2 900 600 80 100 900 100 20 100 1000 1000 10 100 10 100 10 100 0 1 15 900 150 100 100 900 700 100 100
8044 -2 900 600 80 100 900 0 15 100 1000 1000 8 60 8 60 8 60 2 1 10 900 100 100 100 900 800 100 100
8045 -2 900 600 80 100 900 0 25 100 1000 1000 8 60 8 60 8 60 2 1 20 900 300 100 100 900 700 100 100
8046 -2 700 600 80 100 700 100 15 100 1000 1000 9 60 9 60 9 60 2 1 10 700 100 100 100 700 800 100 100
8047 -2 700 600 80 100 700 100 20 100 1000 1000 8 100 8 100 8 100 2 1 10 700 150 100 100 700 600 100 100
8048 -2 800 600 80 100 800 100 15 100 1000 1000 8 60 8 60 8 60 2 1 20 800 150 100 100 800 700 100 100
8049 -2 800 600 80 100 800 100 25 100 1000 1000 8 100 8 100 8 100 2 1 15 800 100 100 100 800 700 100 100
8050 -2 700 600 80 100 700 0 15 100 1000 1000 10 60 10 60 10 60 0 1 15 700 100 100 100 700 700 100 100
8051 -2 900 600 80 100 900 100 25 100 1000 1000 8 100 8 100 8 100 0 1 20 900 150 100 100 900 800 100 100
8052 -2 900 600 80 100 900 0 15 100 1000 1000 8 100 8 100 8 100 0 1 15 900 100 100 100 900 700 100 100
8053 -2 700 600 80 100 700 0 15 100 1000 1000 10 100 10 100 10 100 2 1 10 700 100 100 100 700 600 100 100
8054 -2 800 600 80 100 800 100 25 100 1000 1000 8 100 8 100 8 100 2 1 20 800 150 100 100 800 600 100 100
8055 -2 800 600 80 100 800 100 25 100 1000 1000 8 100 8 100 8 100 0 1 15 800 100 100 100 800 800 100 100
8056 -2 800 600 80 100 800 0 15 100 1000 1000 10 60 10 60 10 60 0 1 10 800 150 100 100 800 800 100 100
8057 -2 700 600 80 100 700 100 15 100 1000 1000 8 60 8 60 8 60 0 1 15 700 100 100 100 700 600 100 100
8058 -2 900 600 80 100 900 100 15 100 1000 1000 9 60 9 60 9 60 0 1 15 900 300 100 100 900 600 100 100
8059 -2 900 600 80 100 900 0 20 100 1000 1000 9 60 9 60 9 60 2 1 10 900 150 100 100 900 700 100 100
8060 -2 700 600 80 100 700 100 15 100 1000 1000 9 100 9 100 9 100 0 1 10 700 100 100 100 700 800 100 100
8061 -2 700 600 80 100 700 100 15 100 1000 1000 9 100 9 100 9 100 0 1 15 700 100 100 100 700 800 100 100
8062 -2 800 600 80 100 800 100 25 100 1000 1000 8 60 8 60 8 60 2 1 20 800 100 100 100 800 600 100 100
8063 -2 900 600 80 100 900 0 20 100 1000 1000 9 60 9 60 9 60 2 1 10 900 150 100 100 900 600 100 100
8064 -2 700 600 80 100 700 100 15 100 1000 1000 10 100 10 100 10 100 0 1 15 700 300 100 100 700 600 100 100
8065 -2 800 600 80 100 800 100 20 100 1000 1000 10 60 10 60 10 60 0 1 20 800 150 100 100 800 800 100 100
8066 -2 700 600 80 100 700 0 25 100 1000 1000 10 100 10 100 10 100 0 1 20 700 300 100 100 700 600 100 100
8067 -2 700 600 80 100 700 100 15 100 1000 1000 9 100 9 100 9 100 2 1 10 700 300 100 100 700 800 100 100
8068 -2 900 600 80 100 900 100 15 100 1000 1000 9 60 9 60 9 60 0 1 15 900 150 100 100 900 700 100 100
8069 -2 800 600 80 100 800 0 20 100 1000 1000 10 100 10 100 10 100 0 1 15 800 150 100 100 800 800 100 100
8070 -2 900 600 80 100 900 0 25 100 1000 1000 10 100 10 100 10 100 0 1 15 900 150 100 100 900 800 100 100
8071 -2 900 600 80 100 900 100 25 100 1000 1000 8 100 8 100 8 100 2 1 20 900 300 100 100 900 600 100 100
8072 -2 800 600 80 100 800 100 15 100 1000 1000 9 100 9 100 9 100 0 1 20 800 300 100 100 800 800 100 100
8073 -2 700 600 80 100 700 0 15 100 1000 1000 10 100 10 100 10 100 2 1 20 700 300 100 100 700 700 100 100
8074 -2 900 600 80 100 900 0 20 100 1000 1000 8 100 8 100 8 100 0 1 20 900 300 100 100 900 700 100 100
8075 -2 900 600 80 100 900 100 25 100 1000 1000 10 100 10 100 10 100 0 1 10 900 100 100 100 900 800 100 100
8076 -2 700 600 80 100 700 0 20 100 1000 1000 9 60 9 60 9 60 2 1 10 700 100 100 100 700 700 100 100
8077 -2 900 600 80 100 900 100 15 100 1000 1000 8 60 8 60 8 60 0 1 10 900 300 100 100 900 600 100 100
8078 -2 800 600 80 100 800 100 20 100 1000 1000 10 100 10 100 10 100 0 1 15 800 150 100 100 800 800 100 100
8079 -2 700 600 80 100 700 100 15 100 1000 1000 8 60 8 60 8 60 0 1 15 700 300 100 100 700 600 100 100
8080 -2 800 600 80 100 800 0 20 100 1000 1000 9 100 9 100 9 100 0 1 20 800 300 100 100 800 800 100 100
8081 -2 800 600 80 100 800 0 25 100 1000 1000 9 60 9 60 9 60 2 1 15 800 100 100 100 800 600 100 100
8082 -2 800 600 80 100 800 100 15 100 1000 1000 9 100 9 100 9 100 2 1 20 800 300 100 100 800 800 100 100
8083 -2 700 600 80 100 700 100 20 100 1000 1000 8 100 8 100 8 100 2 1 15 700 150 100 100 700 600 100 100
8084 -2 900 600 80 100 900 100 20 100 1000 1000 9 100 9 100 9 100 0 1 15 900 300 100 100 900 700 100 100
8085 -2 900 600 80 100 900 100 20 100 1000 1000 10 100 10 100 10 100 2 1 15 900 300 100 100 900 600 100 100
8086 -2 700 600 80 100 700 0 15 100 1000 1000 8 60 8 60 8 60 0 1 15 700 150 100 100 700 700 100 100
8087 -2 700 600 80 100 700 100 15 100 1000 1000 9 60 9 60 9 60 2 1 10 700 300 100 100 700 800 100 100
8088 -2 900 600 80 100 900 100 15 100 1000 1000 10 60 10 60 10 60 2 1 20 900 100 100 100 900 700 100 100
8089 -2 800 600 80 100 800 0 25 100 1000 1000 10 60 10 60 10 60 2 1 15 800 300 100 100 800 600 100 100
8090 -2 900 600 80 100 900 0 20 100 1000 1000 10 100 10 100 10 100 2 1 15 900 150 100 100 900 600 100 100
8091 -2 900 600 80 100 900 0 20 100 1000 1000 9 100 9 100 9 100 0 1 10 900 150 100 100 900 600 100 100
8092 -2 900 600 80 100 900 100 15 100 1000 1000 9 60 9 60 9 60 2 1 20 900 150 100 100 900 600 100 100
8093 -2 700 600 80 100 700 100 15 100 1000 1000 8 60 8 60 8 60 0 1 10 700 100 100 100 700 700 100 100
8094 -2 900 600 80 100 900 100 15 100 1000 1000 8 100 8 100 8 100 2 1 10 900 100 100 100 900 800 100 100
8095 -2 900 600 80 100 900 0 20 100 1000 1000 9 100 9 100 9 100 2 1 15 900 150 100 100 900 700 100 100
8096 -2 800 600 80 100 800 100 15 100 1000 1000 8 100 8 100 8 100 0 1 15 800 300 100 100 800 700 100 100
8097 -2 900 600 80 100 900 0 20 100 1000 1000 9 60 9 60 9 60 0 1 20 900 300 100 100 900 700 100 100
8098 -2 900 600 80 100 900 0 15 100 1000 1000 9 100 9 100 9 100 2 1 10 900 100 100 100 900 600 100 100
8099 -2 900 600 80 100 900 100 20 100 1000 1000 8 60 8 60 8 60 0 1 20 900 150 100 100 900 700 100 100
8100 -2 700 600 80 100 700 0 25 100 1000 1000 9 60 9 60 9 60 2 1 10 700 100 100 100 700 600 100 100
8101 -2 700 600 80 100 700 0 25 100 1000 1000 10 100 10 100 10 100 2 1 10 700 150 100 100 700 700 100 100
8102 -2 900 600 80 100 900 0 20 100 1000 1000 10 60 10 60 10 60 0 1 20 900 100 100 100 900 600 100 100
8103 -2 700 600 80 100 700 0 15 100 1000 1000 10 60 10 60 10 60 2 1 15 700 300 100 100 700 800 100 100
8104 -2 900 600 80 100 900 0 25 100 1000 1000 9 60 9 60 9 60 2 1 15 900 300 100 100 900 800 100 100
8105 -2 700 600 80 100 700 100 15 100 1000 1000 8 60 8 60 8 60 0 1 10 700 300 100 100 700 600 100 100
8106 -2 800 600 80 100 800 0 15 100 1000 1000 8 60 8 60 8 60 2 1 15 800 300 100 100 800 700 100 100
8107 -2 800 600 80 100 800 0 25 100 1000 1000 8 60 8 60 8 60 2 1 20 800 300 100 100 800 600 100 100
8108 -2 700 600 80 100 700 0 20 100 1000 1000 8 100 8 100 8 100 2 1 20 700 150 100 100 700 700 100 100
8109 -2 800 600 80 100 800 0 25 100 1000 1000 9 60 9 60 9 60 2 1 10 800 300 100 100 800 800 100 100
8110 -2 800 600 80 100 800 100 15 100 1000 1000 10 100 10 100 10 100 2 1 15 800 300 100 100 800 800 100 100
8111 -2 900 600 80 100 900 100 25 100 1000 1000 9 100 9 100 9 100 2 1 20 900 150 100 100 900 600 100 100
8112 -2 700 600 80 100 700 100 15 100 1000 1000 10 60 10 60 10 60 0 1 15 700 300 100 100 700 700 100 100
8113 -2 800 600 80 100 800 0 20 100 1000 1000 9 100 9 100 9 100 2 1 10 800 150 100 100 800 800 100 100
8114 -2 700 600 80 100 700 0 25 100 1000 1000 10 60 10 60 10 60 2 1 20 700 100 100 100 700 600 100 100
8115 -2 700 600 80 100 700 100 25 100 1000 1000 9 60 9 60 9 60 2 1 15 700 300 100 100 700 600 100 100
8116 -2 800 600 80 100 800 100 15 100 1000 1000 9 60 9 60 9 60 0 1 10 800 300 100 100 800 700 100 100
8117 -2 800 600 80 100 800 0 25 100 1000 1000 9 100 9 100 9 100 2 1 15 800 100 100 100 800 600 100 100
8118 -2 700 600 80 100 700 100 15 100 1000 1000 8 100 8 100 8 100 0 1 15 700 150 100 100 700 800 100 100
8119 -2 900 600 80 100 900 0 15 100 1000 1000 8 60 8 60 8 60 0 1 20 900 300 100 100 900 700 100 100
8120 -2 900 600 80 100 900 100 15 100 1000 1000 9 100 9 100 9 100 0 1 15 900 300 100 100 900 800 100 100
8121 -2 900 600 80 100 900 0 20 100 1000 1000 8 60 8 60 8 60 0 1 10 900 150 100 100 900 800 100 100
8122 -2 900 600 80 100 900 0 20 100 1000 1000 9 60 9 60 9 60 0 1 10 900 300 100 100 900 800 100 100
8123 -2 700 600 80 100 700 0 15 100 1000 1000 9 60 9 60 9 60 0 1 15 700 300 100 100 700 600 100 100
8124 -2 800 600 80 100 800 0 25 100 1000 1000 8 60 8 60 8 60 2 1 15 800 150 100 100 800 800 100 100
8125 -2 700 600 80 100 700 0 15 100 1000 1000 9 60 9 60 9 60 2 1 20 700 150 100 100 700 800 100 100
8126 -2 800 600 80 100 800 100 20 100 1000 1000 9 60 9 60 9 60 0 1 10 800 100 100 100 800 600 100 100
8127 -2 800 600 80 100 800 0 20 100 1000 1000 9 100 9 100 9 100 0 1 15 800 300 100 100 800 800 100 100
8128 -2 700 600 80 100 700 0 20 100 1000 1000 9 60 9 60 9 60 0 1 10 700 100 100 100 700 800 100 100
8129 -2 900 600 80 100 900 0 20 100 1000 1000 9 100 9 100 9 100 2 1 15 900 300 100 100 900 600 100 100
8130 -2 800 600 80 100 800 100 20 100 1000 1000 8 60 8 60 8 60 0 1 15 800 100 100 100 800 700 100 100
8131 -2 900 600 80 100 900 0 25 100 1000 1000 10 100 10 100 10 100 0 1 10 900 150 100 100 900 800 100 100
8132 -2 900 600 80 100 900 0 15 100 1000 1000 10 60 10 60 10 60 2 1 20 900 100 100 100 900 700 100 100
8133 -2 700 600 80 100 700 0 20 100 1000 1000 9 100 9 100 9 100 0 1 20 700 300 100 100 700 700 100 100
8134 -2 900 600 80 100 900 100 15 100 1000 1000 8 60 8 60 8 60 0 1 10 900 300 100 100 900 700 100 100
8135 -2 700 600 80 100 700 0 20 100 1000 1000 8 100 8 100 8 100 2 1 20 700 150 100 100 700 600 100 100
8136 -2 800 600 80 100 800 100 15 100 1000 1000 9 100 9 100 9 100 0 1 20 800 150 100 100 800 800 100 100
8137 -2 800 600 80 100 800 100 25 100 1000 1000 9 60 9 60 9 60 0 1 10 800 300 100 100 800 600 100 100
8138 -2 900 600 80 100 900 0 20 100 1000 1000 9 100 9 100 9 100 0 1 15 900 150 100 100 900 800 100 100
8139 -2 900 600 80 100 900 0 15 100 1000 1000 8 100 8 100 8 100 0 1 10 900 300 100 100 900 700 100 100
8140 -2 700 600 80 100 700 0 25 100 1000 1000 8 100 8 100 8 100 2 1 20 700 300 100 100 700 600 100 100
8141 -2 900 600 80 100 900 100 15 100 1000 1000 8 60 8 60 8 60 0 1 15 900 150 100 100 900 800 100 100
8142 -2 700 600 80 100 700 0 20 100 1000 1000 8 60 8 60 8 60 0 1 20 700 300 100 100 700 600 100 100
8143 -2 900 600 80 100 900 0 20 100 1000 1000 8 60 8 60 8 60 2 1 15 900 150 100 100 900 800 100 100
8144 -2 700 600 80 100 700 100 20 100 1000 1000 10 100 10 100 10 100 0 1 10 700 150 100 100 700 600 100 100
8145 -2 900 600 80 100 900 0 25 100 1000 1000 9 100 9 100 9 100 2 1 15 900 100 100 100 900 800 100 100
8146 -2 800 600 80 100 800 0 25 100 1000 1000 8 100 8 100 8 100 0 1 15 800 100 100 100 800 800 100 100
8147 -2 700 600 80 100 700 0 15 100 1000 1000 10 60 10 60 10 60 0 1 10 700 300 100 100 700 600 100 100
8148 -2 800 600 80 100 800 0 25 100 1000 1000 9 100 9 100 9 100 0 1 15 800 150 100 100 800 800 100 100
8149 -2 700 600 80 100 700 0 20 100 1000 1000 9 100 9 100 9 100 0 1 20 700 100 100 100 700 700 100 100
8150 -2 800 600 80 100 800 0 20 100 1000 1000 10 60 10 60 10 60 2 1 15 800 100 100 100 800 700 100 100
8151 -2 900 600 80 100 900 100 20 100 1000 1000 9 100 9 100 9 100 2 1 20 900 300 100 100 900 800 100 100
8152 -2 900 600 80 100 900 0 20 100 1000 1000 9 60 9 60 9 60 0 1 15 900 300 100 100 900 600 100 100
8153 -2 700 600 80 100 700 0 20 100 1000 1000 10 100 10 100 10 100 0 1 20 700 100 100 100 700 800 100 100
8154 -2 800 600 80 100 800 100 25 100 1000 1000 9 100 9 100 9 100 2 1 20 800 300 100 100 800 700 100 100
8155 -2 700 600 80 100 700 0 15 100 1000 1000 8 100 8 100 8 100 0 1 15 700 100 100 100 700 600 100 100
8156 -2 800 600 80 100 800 0 25 100 1000 1000 8 100 8 100 8 100 2 1 15 800 150 100 100 800 600 100 100
8157 -2 800 600 80 100 800 0 15 100 1000 1000 10 100 10 100 10 100 0 1 20 800 150 100 100 800 800 100 100
8158 -2 900 600 80 100 900 100 15 100 1000 1000 10 100 10 100 10 100 2 1 20 900 150 100 100 900 600 100 100
8159 -2 900 600 80 100 900 100 25 100 1000 1000 10 100 10 100 10 100 0 1 20 900 100 100 100 900 800 100 100
8160 -2 700 600 80 100 700 100 20 100 1000 1000 10 60 10 60 10 60 2 1 15 700 150 100 100 700 600 100 100
8161 -2 900 600 80 100 900 0 20 100 1000 1000 10 60 10 60 10 60 2 1 20 900 300 100 100 900 600 100 100
8162 -2 800 600 80 100 800 100 20 100 1000 1000 9 100 9 100 9 100 0 1 20 800 300 100 100 800 600 100 100
8163 -2 800 600 80 100 800 100 25 100 1000 1000 9 60 9 60 9 60 2 1 20 800 100 100 100 800 700 100 100
8164 -2 900 600 80 100 900 100 25 100 1000 1000 10 100 10 100 10 100 0 1 15 900 300 100 100 900 700 100 100
8165 -2 900 600 80 100 900 100 20 100 1000 1000 10 100 10 100 10 100 0 1 15 900 100 100 100 900 700 100 100
8166 -2 900 600 80 100 900 100 25 100 1000 1000 9 60 9 60 9 60 2 1 10 900 150 100 100 900 800 100 100
8167 -2 900 600 80 100 900 0 25 100 1000 1000 10 60 10 60 10 60 0 1 20 900 150 100 100 900 800 100 100
8168 -2 800 600 80 100 800 0 20 100 1000 1000 8 100 8 100 8 100 2 1 15 800 300 100 100 800 800 100 100
8169 -2 900 600 80 100 900 0 20 100 1000 1000 9 60 9 60 9 60 2 1 10 900 150 100 100 900 800 100 100
8170 -2 800 600 80 100 800 100 20 100 1000 1000 10 100 10 100 10 100 2 1 20 800 100 100 100 800 600 100 100
8171 -2 900 600 80 100 900 100 25 100 1000 1000 8 100 8 100 8 100 2 1 20 900 300 100 100 900 700 100 100
8172 -2 800 600 80 100 800 0 20 100 1000 1000 9 100 9 100 9 100 2 1 10 800 100 100 100 800 700 100 100
8173 -2 700 600 80 100 700 0 20 100 1000 1000 8 60 8 60 8 60 2 1 10 700 150 100 100 700 600 100 100
8174 -2 700 600 80 100 700 100 15 100 1000 1000 9 60 9 60 9 60 2 1 10 700 300 100 100 700 700 100 100
8175 -2 700 600 80 100 700 100 20 100 1000 1000 10 100 10 100 10 100 0 1 20 700 150 100 100 700 700 100 100
8176 -2 800 600 80 100 800 100 20 100 1000 1000 10 100 10 100 10 100 2 1 15 800 300 100 100 800 600 100 100
8177 -2 900 600 80 100 900 0 15 100 1000 1000 9 60 9 60 9 60 0 1 10 900 100 100 100 900 800 100 100
8178 -2 900 600 80 100 900 100 15 100 1000 1000 9 100 9 100 9 100 2 1 10 900 150 100 100 900 600 100 100
8179 -2 900 600 80 100 900 100 25 100 1000 1000 8 100 8 100 8 100 0 1 15 900 100 100 100 900 700 100 100
8180 -2 700 600 80 100 700 0 25 100 1000 1000 8 100 8 100 8 100 2 1 10 700 100 100 100 700 800 100 100
8181 -2 900 600 80 100 900 100 15 100 1000 1000 8 60 8 60 8 60 2 1 20 900 100 100 100 900 700 100 100
8182 -2 800 600 80 100 800 100 25 100 1000 1000 10 60 10 60 10 60 2 1 15 800 100 100 100 800 700 100 100
8183 -2 800 600 80 100 800 0 25 100 1000 1000 10 60 10 60 10 60 0 1 10 800 300 100 100 800 800 100 100
8184 -2 800 600 80 100 800 0 25 100 1000 1000 10 100 10 100 10 100 2 1 10 800 300 100 100 800 700 100 100
8185 -2 700 600 80 100 700 0 15 100 1000 1000 8 100 8 100 8 100 0 1 20 700 300 100 100 700 700 100 100
8186 -2 700 600 80 100 700 0 20 100 1000 1000 10 100 10 100 10 100 0 1 20 700 150 100 100 700 800 100 100
8187 -2 800 600 80 100 800 100 20 100 1000 1000 9 100 9 100 9 100 0 1 20 800 100 100 100 800 800 100 100
8188 -2 800 600 80 100 800 100 25 100 1000 1000 8 60 8 60 8 60 0 1 15 800 100 100 100 800 700 100 100
8189 -2 700 600 80 100 700 100 15 100 1000 1000 8 100 8 100 8 100 0 1 20 700 300 100 100 700 800 100 100
8190 -2 800 600 80 100 800 0 20 100 1000 1000 9 60 9 60 9 60 0 1 20 800 100 100 100 800 700 100 100
8191 -2 700 600 80 100 700 0 20 100 1000 1000 10 100 10 100 10 100 2 1 10 700 300 100 100 700 600 100 100
8192 -2 900 600 80 100 900 0 25 100 1000 1000 8 60 8 60 8 60 2 1 10 900 100 100 100 900 700 100 100
8193 -2 700 600 80 100 700 0 25 100 1000 1000 9 100 9 100 9 100 2 1 10 700 100 100 100 700 700 100 100
8194 -2 900 600 80 100 900 100 25 100 1000 1000 10 100 10 100 10 100 0 1 10 900 100 100 100 900 700 100 100
8195 -2 800 600 80 100 800 0 20 100 1000 1000 9 60 9 60 9 60 0 1 20 800 150 100 100 800 600 100 100
8196 -2 700 600 80 100 700 100 15 100 1000 1000 10 60 10 60 10 60 2 1 10 700 100 100 100 700 600 100 100
8197 -2 900 600 80 100 900 100 25 100 1000 1000 8 100 8 100 8 100 2 1 20 900 150 100 100 900 800 100 100
8198 -2 800 600 80 100 800 0 20 100 1000 1000 8 100 8 100 8 100 0 1 10 800 300 100 100 800 800 100 100
8199 -2 900 600 80 100 900 0 20 100 1000 1000 9 60 9 60 9 60 2 1 15 900 100 100 100 900 600 100 100
8200 -2 800 600 80 100 800 0 15 100 1000 1000 8 60 8 60 8 60 0 1 20 800 150 100 100 800 800 100 100
8201 -2 700 600 80 100 700 0 25 100 1000 1000 8 100 8 100 8 100 2 1 20 700 150 100 100 700 600 100 100
8202 -2 900 600 80 100 900 0 15 100 1000 1000 10 100 10 100 10 100 2 1 15 900 300 100 100 900 600 100 100
8203 -2 700 600 80 100 700 100 20 100 1000 1000 10 60 10 60 10 60 0 1 10 700 100 100 100 700 700 100 100
8204 -2 700 600 80 100 700 100 25 100 1000 1000 10 100 10 100 10 100 2 1 15 700 300 100 100 700 600 100 100
8205 -2 800 600 80 100 800 100 15 100 1000 1000 8 60 8 60 8 60 0 1 15 800 150 100 100 800 700 100 100
8206 -2 800 600 80 100 800 0 15 100 1000 1000 9 60 9 60 9 60 2 1 15 800 150 100 100 800 600 100 100
8207 -2 700 600 80 100 700 100 20 100 1000 1000 8 100 8 100 8 100 2 1 10 700 150 100 100 700 700 100 100
8208 -2 700 600 80 100 700 0 25 100 1000 1000 8 100 8 100 8 100 2 1 10 700 150 100 100 700 800 100 100
8209 -2 800 600 80 100 800 0 20 100 1000 1000 10 100 10 100 10 100 2 1 15 800 150 100 100 800 600 100 100
8210 -2 800 600 80 100 800 100 25 100 1000 1000 8 100 8 100 8 100 2 1 15 800 300 100 100 800 800 100 100
8211 -2 800 600 80 100 800 100 25 100 1000 1000 10 100 10 100 10 100 0 1 15 800 150 100 100 800 800 100 100
8212 -2 800 600 80 100 800 0 25 100 1000 1000 8 60 8 60 8 60 2 1 20 800 150 100 100 800 700 100 100
8213 -2 900 600 80 100 900 0 15 100 1000 1000 10 100 10 100 10 100 2 1 10 900 300 100 100 900 800 100 100
8214 -2 900 600 80 100 900 0 20 100 1000 1000 8 60 8 60 8 60 2 1 15 900 100 100 100 900 800 100 100
8215 -2 700 600 80 100 700 0 15 100 1000 1000 10 60 10 60 10 60 2 1 15 700 300 100 100 700 700 100 100
8216 -2 900 600 80 100 900 0 20 100 1000 1000 9 60 9 60 9 60 0 1 10 900 150 100 100 900 700 100 100
8217 -2 800 600 80 100 800 0 20 100 1000 1000 8 100 8 100 8 100 0 1 10 800 150 100 100 800 700 100 100
8218 -2 800 600 80 100 800 100 25 100 1000 1000 9 60 9 60 9 60 0 1 10 800 100 100 100 800 600 100 100
8219 -2 800 600 80 100 800 0 20 100 1000 1000 10 60 10 60 10 60 2 1 20 800 300 100 100 800 700 100 100
8220 -2 800 600 80 100 800 100 15 100 1000 1000 9 100 9 100 9 100 0 1 10 800 150 100 100 800 600 100 100
8221 -2 900 600 80 100 900 100 15 100 1000 1000 8 100 8 100 8 100 0 1 15 900 150 100 100 900 600 100 100
8222 -2 700 600 80 100 700 100 25 100 1000 1000 10 100 10 100 10 100 2 1 15 700 300 100 100 700 700 100 100
8223 -2 900 600 80 100 900 100 15 100 1000 1000 9 100 9 100 9 100 0 1 10 900 150 100 100 900 700 100 100
8224 -2 700 600 80 100 700 0 25 100 1000 1000 8 100 8 100 8 100 0 1 10 700 150 100 100 700 600 100 100
8225 -2 800 600 80 100 800 100 15 100 1000 1000 9 60 9 60 9 60 2 1 20 800 300 100 100 800 600 100 100
8226 -2 800 600 80 100 800 100 20 100 1000 1000 9 100 9 100 9 100 2 1 10 800 100 100 100 800 600 100 100
8227 -2 800 600 80 100 800 100 15 100 1000 1000 10 60 10 60 10 60 2 1 10 800 100 100 100 800 800 100 100
8228 -2 700 600 80 100 700 0 20 100 1000 1000 8 100 8 100 8 100 2 1 15 700 100 100 100 700 600 100 100
8229 -2 900 600 80 100 900 100 25 100 1000 1000 9 60 9 60 9 60 2 1 10 900 300 100 100 900 600 100 100
8230 -2 900 600 80 100 900 100 15 100 1000 1000 10 100 10 100 10 100 2 1 10 900 300 100 100 900 800 100 100
8231 -2 900 600 80 100 900 100 20 100 1000 1000 8 100 8 100 8 100 0 1 10 900 100 100 100 900 600 100 100
8232 -2 900 600 80 100 900 0 20 100 1000 1000 10 100 10 100 10 100 2 1 20 900 300 100 100 900 600 100 100
8233 -2 800 600 80 100 800 0 15 100 1000 1000 10 100 10 100 10 100 0 1 10 800 300 100 100 800 600 100 100
8234 -2 900 600 80 100 900 0 25 100 1000 1000 8 100 8 100 8 100 2 1 15 900 150 100 100 900 800 100 100
8235 -2 700 600 80 100 700 0 25 100 1000 1000 8 60 8 60 8 60 2 1 15 700 300 100 100 700 600 100 100
8236 -2 900 600 80 100 900 100 25 100 1000 1000 9 60 9 60 9 60 2 1 20 900 150 100 100 900 800 100 100
8237 -2 900 600 80 100 900 100 25 100 1000 1000 10 60 10 60 10 60 0 1 10 900 100 100 100 900 600 100 100
8238 -2 700 600 80 100 700 100 25 100 1000 1000 8 60 8 60 8 60 0 1 20 700 300 100 100 700 700 100 100
8239 -2 700 600 80 100 700 0 20 100 1000 1000 10 60 10 60 10 60 2 1 15 700 150 100 100 700 800 100 100
8240 -2 800 600 80 100 800 0 20 100 1000 1000 9 60 9 60 9 60 2 1 20 800 150 100 100 800 800 100 100
8241 -2 700 600 80 100 700 100 15 100 1000 1000 10 60 10 60 10 60 2 1 10 700 300 100 100 700 600 100 100
8242 -2 800 600 80 100 800 0 25 100 1000 1000 8 100 8 100 8 100 2 1 15 800 300 100 100 800 700 100 100
8243 -2 900 600 80 100 900 100 15 100 1000 1000 8 100 8 100 8 100 2 1 15 900 150 100 100 900 600 100 100
8244 -2 800 600 80 100 800 100 15 100 1000 1000 8 60 8 60 8 60 2 1 15 800 300 100 100 800 600 100 100
8245 -2 700 600 80 100 700 100 15 100 1000 1000 10 100 10 100 10 100 0 1 20 700 150 100 100 700 800 100 100
8246 -2 700 600 80 100 700 0 15 100 1000 1000 10 60 10 60 10 60 0 1 15 700 150 100 100 700 600 100 100
8247 -2 800 600 80 100 800 100 20 100 1000 1000 9 60 9 60 9 60 2 1 15 800 300 100 100 800 700 100 100
8248 -2 700 600 80 100 700 0 20 100 1000 1000 10 60 10 60 10 60 0 1 10 700 100 100 100 700 600 100 100
8249 -2 700 600 80 100 700 100 20 100 1000 1000 9 60 9 60 9 60 2 1 20 700 100 100 100 700 700 100 100
8250 -2 800 600 80 100 800 0 15 100 1000 1000 10 100 10 100 10 100 2 1 20 800 300 100 100 800 600 100 100
8251 -2 900 600 80 100 900 100 15 100 1000 1000 10 60 10 60 10 60 0 1 20 900 100 100 100 900 600 100 100
8252 -2 700 600 80 100 700 100 15 100 1000 1000 9 100 9 100 9 100 2 1 20 700 100 100 100 700 700 100 100
8253 -2 700 600 80 100 700 0 25 100 1000 1000 8 60 8 60 8 60 0 1 15 700 150 100 100 700 800 100 100
8254 -2 800 600 80 100 800 0 25 100 1000 1000 10 60 10 60 10 60 2 1 20 800 300 100 100 800 800 100 100
8255 -2 800 600 80 100 800 100 20 100 1000 1000 10 60 10 60 10 60 2 1 20 800 300 100 100 800 600 100 100
8256 -2 900 600 80 100 900 0 25 100 1000 1000 10 100 10 100 10 100 2 1 10 900 150 100 100 900 600 100 100
8257 -2 800 600 80 100 800 100 25 100 1000 1000 9 100 9 100 9 100 0 1 10 800 100 100 100 800 600 100 100
8258 -2 900 600 80 100 900 0 25 100 1000 1000 8 60 8 60 8 60 2 1 20 900 100 100 100 900 600 100 100
8259 -2 700 600 80 100 700 100 25 100 1000 1000 8 100 8 100 8 100 2 1 20 700 150 100 100 700 600 100 100
8260 -2 900 600 80 100 900 0 20 100 1000 1000 9 60 9 60 9 60 0 1 10 900 300 100 100 900 600 100 100
8261 -2 900 600 80 100 900 0 25 100 1000 1000 9 100 9 100 9 100 2 1 20 900 100 100 100 900 800 100 100
8262 -2 800 600 80 100 800 100 15 100 1000 1000 10 60 10 60 10 60 0 1 20 800 100 100 100 800 600 100 100
8263 -2 800 600 80 100 800 100 25 100 1000 1000 9 60 9 60 9 60 2 1 10 800 300 100 100 800 600 100 100
8264 -2 900 600 80 100 900 100 15 100 1000 1000 10 60 10 60 10 60 0 1 10 900 300 100 100 900 600 100 100
8265 -2 800 600 80 100 800 100 25 100 1000 1000 8 60 8 60 8 60 0 1 20 800 150 100 100 800 800 100 100
8266 -2 700 600 80 100 700 100 20 100 1000 1000 8 60 8 60 8 60 2 1 10 700 300 100 100 700 800 100 100
8267 -2 900 600 80 100 900 100 25 100 1000 1000 10 60 10 60 10 60 0 1 20 900 300 100 100 900 700 100 100
8268 -2 900 600 80 100 900 100 15 100 1000 1000 8 100 8 100 8 100 2 1 20 900 100 100 100 900 600 100 100
8269 -2 700 600 80 100 700 0 20 100 1000 1000 9 60 9 60 9 60 2 1 15 700 100 100 100 700 700 100 100
8270 -2 900 600 80 100 900 100 20 100 1000 1000 10 60 10 60 10 60 2 1 20 900 300 100 100 900 800 100 100
8271 -2 900 600 80 100 900 0 25 100 1000 1000 10 60 10 60 10 60 0 1 20 900 300 100 100 900 600 100 100
8272 -2 700 600 80 100 700 0 25 100 1000 1000 10 100 10 100 10 100 0 1 20 700 150 100 100 700 800 100 100
8273 -2 700 600 80 100 700 100 15 100 1000 1000 8 100 8 100 8 100 2 1 10 700 150 100 100 700 800 100 100
8274 -2 900 600 80 100 900 0 20 100 1000 1000 8 100 8 100 8 100 0 1 20 900 300 100 100 900 800 100 100
8275 -2 700 600 80 100 700 100 15 100 1000 1000 10 60 10 60 10 60 2 1 10 700 150 100 100 700 700 100 100
8276 -2 900 600 80 100 900 0 20 100 1000 1000 10 100 10 100 10 100 0 1 15 900 300 100 100 900 700 100 100
8277 -2 800 600 80 100 800 100 20 100 1000 1000 8 60 8 60 8 60 2 1 15 800 300 100 100 800 600 100 100
8278 -2 700 600 80 100 700 0 25 100 1000 1000 9 100 9 100 9 100 2 1 15 700 300 100 100 700 800 100 100
8279 -2 700 600 80 100 700 0 15 100 1000 1000 10 60 10 60 10 60 2 1 15 700 100 100 100 700 600 100 100
8280 -2 700 600 80 100 700 100 20 100 1000 1000 9 60 9 60 9 60 0 1 20 700 100 100 100 700 600 100 100
8281 -2 800 600 80 100 800 100 15 100 1000 1000 10 100 10 100 10 100 2 1 10 800 150 100 100 800 800 100 100
8282 -2 900 600 80 100 900 0 25 100 1000 1000 9 100 9 100 9 100 0 1 15 900 100 100 100 900 600 100 100
8283 -2 700 600 80 100 700 0 20 100 1000 1000 10 60 10 60 10 60 0 1 15 700 100 100 100 700 800 100 100
8284 -2 700 600 80 100 700 0 20 100 1000 1000 9 60 9 60 9 60 0 1 10 700 300 100 100 700 800 100 100
8285 -2 700 600 80 100 700 100 25 100 1000 1000 9 60 9 60 9 60 0 1 20 700 150 100 100 700 700 100 100
8286 -2 800 600 80 100 800 0 25 100 1000 1000 10 60 10 60 10 60 2 1 10 800 100 100 100 800 600 100 100
8287 -2 800 600 80 100 800 100 25 100 1000 1000 10 60 10 60 10 60 2 1 20 800 100 100 100 800 700 100 100
8288 -2 700 600 80 100 700 100 25 100 1000 1000 10 100 10 100 10 100 2 1 10 700 300 100 100 700 700 100 100
8289 -2 700 600 80 100 700 100 25 100 1000 1000 9 60 9 60 9 60 2 1 10 700 150 100 100 700 800 100 100
8290 -2 700 600 80 100 700 0 20 100 1000 1000 8 100 8 100 8 100 2 1 15 700 150 100 100 700 700 100 100
8291 -2 800 600 80 100 800 100 15 100 1000 1000 8 100 8 100 8 100 2 1 10 800 100 100 100 800 800 100 100
8292 -2 800 600 80 100 800 0 25 100 1000 1000 8 100 8 100 8 100 2 1 15 800 100 100 100 800 700 100 100
8293 -2 900 600 80 100 900 100 20 100 1000 1000 8 60 8 60 8 60 0 1 15 900 150 100 100 900 800 100 100
8294 -2 700 600 80 100 700 100 20 100 1000 1000 9 60 9 60 9 60 0 1 10 700 300 100 100 700 700 100 100
8295 -2 900 600 80 100 900 100 15 100 1000 1000 8 100 8 100 8 100 0 1 15 900 150 100 100 900 800 100 100
8296 -2 800 600 80 100 800 0 25 100 1000 1000 10 60 10 60 10 60 0 1 20 800 150 100 100 800 800 100 100
8297 -2 800 600 80 100 800 100 15 100 1000 1000 9 60 9 60 9 60 0 1 15 800 300 100 100 800 800 100 100
8298 -2 900 600 80 100 900 0 25 100 1000 1000 9 60 9 60 9 60 2 1 20 900 300 100 100 900 800 100 100
8299 -2 700 600 80 100 700 100 20 100 1000 1000 10 60 10 60 10 60 0 1 15 700 300 100 100 700 600 100 100
8300 -2 700 600 80 100 700 100 15 100 1000 1000 9 100 9 100 9 100 2 1 20 700 150 100 100 700 600 100 100
8301 -2 800 600 80 100 800 100 25 100 1000 1000 8 100 8 100 8 100 0 1 20 800 300 100 100 800 700 100 100
8302 -2 800 600 80 100 800 100 25 100 1000 1000 9 100 9 100 9 100 2 1 10 800 100 100 100 800 700 100 100
8303 -2 700 600 80 100 700 0 25 100 1000 1000 8 100 8 100 8 100 0 1 20 700 100 100 100 700 700 100 100
8304 -2 700 600 80 100 700 0 20 100 1000 1000 8 60 8 60 8 60 0 1 15 700 300 100 100 700 700 100 100
8305 -2 900 600 80 100 900 0 25 100 1000 1000 8 100 8 100 8 100 0 1 10 900 300 100 100 900 800 100 100
8306 -2 800 600 80 100 800 100 20 100 1000 1000 9 100 9 100 9 100 0 1 10 800 150 100 100 800 700 100 100
8307 -2 700 600 80 100 700 0 15 100 1000 1000 10 60 10 60 10 60 2 1 10 700 300 100 100 700 800 100 100
8308 -2 700 600 80 100 700 100 15 100 1000 1000 8 60 8 60 8 60 2 1 20 700 300 100 100 700 800 100 100
8309 -2 900 600 80 100 900 0 15 100 1000 1000 9 100 9 100 9 100 2 1 20 900 300 100 100 900 600 100 100
8310 -2 900 600 80 100 900 100 20 100 1000 1000 8 100 8 100 8 100 2 1 20 900 100 100 100 900 600 100 100
8311 -2 900 600 80 100 900 0 15 100 1000 1000 8 60 8 60 8 60 0 1 20 900 150 100 100 900 700 100 100
8312 -2 700 600 80 100 700 100 20 100 1000 1000 9 100 9 100 9 100 0 1 10 700 100 100 100 700 800 100 100
8313 -2 800 600 80 100 800 0 15 100 1000 1000 9 60 9 60 9 60 0 1 10 800 300 100 100 800 800 100 100
8314 -2 700 600 80 100 700 100 25 100 1000 1000 9 100 9 100 9 100 0 1 10 700 300 100 100 700 800 100 100
8315 -2 700 600 80 100 700 100 20 100 1000 1000 9 100 9 100 9 100 0 1 15 700 150 100 100 700 600 100 100
8316 -2 900 600 80 100 900 0 20 100 1000 1000 10 100 10 100 10 100 0 1 10 900 300 100 100 900 700 100 100
8317 -2 900 600 80 100 900 100 20 100 1000 1000 9 100 9 100 9 100 0 1 20 900 100 100 100 900 600 100 100
8318 -2 900 600 80 100 900 100 20 100 1000 1000 8 60 8 60 8 60 0 1 20 900 100 100 100 900 800 100 100
8319 -2 900 600 80 100 900 100 25 100 1000 1000 8 100 8 100 8 100 0 1 10 900 100 100 100 900 800 100 100
8320 -2 900 600 80 100 900 100 20 100 1000 1000 10 100 10 100 10 100 0 1 10 900 150 100 100 900 800 100 100
8321 -2 700 600 80 100 700 100 20 100 1000 1000 10 100 10 100 10 100 2 1 10 700 100 100 100 700 800 100 100
8322 -2 800 600 80 100 800 100 20 100 1000 1000 10 100 10 100 10 100 0 1 15 800 300 100 100 800 600 100 100
8323 -2 900 600 80 100 900 0 25 100 1000 1000 8 60 8 60 8 60 2 1 20 900 150 100 100 900 800 100 100
8324 -2 900 600 80 100 900 100 25 100 1000 1000 9 100 9 100 9 100 0 1 10 900 150 100 100 900 800 100 100
8325 -2 900 600 80 100 900 100 20 100 1000 1000 8 100 8 100 8 100 2 1 10 900 300 100 100 900 800 100 100
8326 -2 900 600 80 100 900 100 25 100 1000 1000 10 60 10 60 10 60 2 1 10 900 100 100 100 900 800 100 100
8327 -2 800 600 80 100 800 0 15 100 1000 1000 10 60 10 60 10 60 2 1 10 800 300 100 100 800 800 100 100
8328 -2 800 600 80 100 800 100 20 100 1000 1000 8 60 8 60 8 60 2 1 15 800 300 100 100 800 800 100 100
8329 -2 900 600 80 100 900 100 15 100 1000 1000 8 100 8 100 8 100 2 1 15 900 300 100 100 900 700 100 100
8330 -2 800 600 80 100 800 0 15 100 1000 1000 8 60 8 60 8 60 0 1 15 800 300 100 100 800 700 100 100
8331 -2 900 600 80 100 900 0 15 100 1000 1000 10 100 10 100 10 100 2 1 20 900 150 100 100 900 600 100 100
8332 -2 800 600 80 100 800 0 20 100 1000 1000 8 60 8 60 8 60 2 1 20 800 150 100 100 800 800 100 100
8333 -2 700 600 80 100 700 0 15 100 1000 1000 8 60 8 60 8 60 2 1 10 700 300 100 100 700 700 100 100
8334 -2 900 600 80 100 900 0 25 100 1000 1000 9 100 9 100 9 100 0 1 15 900 300 100 100 900 800 100 100
8335 -2 900 600 80 100 900 100 20 100 1000 1000 8 100 8 100 8 100 0 1 20 900 100 100 100 900 800 100 100
8336 -2 800 600 80 100 800 0 20 100 1000 1000 10 60 10 60 10 60 0 1 20 800 300 100 100 800 600 100 100
8337 -2 900 600 80 100 900 0 25 100 1000 1000 8 100 8 100 8 100 0 1 10 900 150 100 100 900 600 100 100
8338 -2 900 600 80 100 900 100 20 100 1000 1000 10 100 10 100 10 100 2 1 10 900 300 100 100 900 800 100 100
8339 -2 700 600 80 100 700 100 20 100 1000 1000 8 60 8 60 8 60 0 1 15 700 100 100 100 700 800 100 100
8340 -2 900 600 80 100 900 100 20 100 1000 1000 10 60 10 60 10 60 0 1 20 900 300 100 100 900 800 100 100
8341 -2 800 600 80 100 800 100 20 100 1000 1000 8 60 8 60 8 60 0 1 15 800 100 100 100 800 800 100 100
8342 -2 700 600 80 100 700 100 20 100 1000 1000 9 100 9 100 9 100 0 1 15 700 100 100 100 700 600 100 100
8343 -2 700 600 80 100 700 100 25 100 1000 1000 10 100 10 100 10 100 0 1 20 700 100 100 100 700 800 100 100
8344 -2 900 600 80 100 900 100 25 100 1000 1000 9 60 9 60 9 60 2 1 15 900 300 100 100 900 800 100 100
8345 -2 900 600 80 100 900 100 20 100 1000 1000 10 60 10 60 10 60 0 1 10 900 300 100 100 900 800 100 100
8346 -2 900 600 80 100 900 100 20 100 1000 1000 10 100 10 100 10 100 0 1 10 900 300 100 100 900 800 100 100
8347 -2 800 600 80 100 800 100 20 100 1000 1000 9 60 9 60 9 60 2 1 10 800 150 100 100 800 700 100 100
8348 -2 700 600 80 100 700 100 15 100 1000 1000 9 60 9 60 9 60 2 1 10 700 100 100 100 700 600 100 100
8349 -2 700 600 80 100 700 0 20 100 1000 1000 10 60 10 60 10 60 2 1 10 700 300 100 100 700 700 100 100
8350 -2 900 600 80 100 900 100 20 100 1000 1000 9 60 9 60 9 60 0 1 15 900 300 100 100 900 800 100 100
8351 -2 800 600 80 100 800 100 25 100 1000 1000 10 60 10 60 10 60 2 1 10 800 100 100 100 800 800 100 100
8352 -2 900 600 80 100 900 0 15 100 1000 1000 9 100 9 100 9 100 2 1 10 900 300 100 100 900 700 100 100
8353 -2 900 600 80 100 900 0 25 100 1000 1000 8 60 8 60 8 60 2 1 10 900 150 100 100 900 800 100 100
8354 -2 900 600 80 100 900 100 20 100 1000 1000 8 60 8 60 8 60 0 1 10 900 150 100 100 900 700 100 100
8355 -2 900 600 80 100 900 0 15 100 1000 1000 8 100 8 100 8 100 2 1 20 900 150 100 100 900 700 100 100
8356 -2 700 600 80 100 700 0 15 100 1000 1000 9 60 9 60 9 60 0 1 15 700 150 100 100 700 700 100 100
8357 -2 700 600 80 100 700 0 15 100 1000 1000 10 100 10 100 10 100 0 1 10 700 150 100 100 700 800 100 100
8358 -2 700 600 80 100 700 100 25 100 1000 1000 8 100 8 100 8 100 0 1 15 700 300 100 100 700 700 100 100
8359 -2 700 600 80 100 700 0 20 100 1000 1000 9 60 9 60 9 60 2 1 20 700 150 100 100 700 700 100 100
8360 -2 700 600 80 100 700 0 15 100 1000 1000 10 60 10 60 10 60 0 1 10 700 150 100 100 700 600 100 100
8361 -2 700 600 80 100 700 100 20 100 1000 1000 9 60 9 60 9 60 2 1 10 700 300 100 100 700 800 100 100
8362 -2 900 600 80 100 900 100 20 100 1000 1000 10 60 10 60 10 60 2 1 15 900 150 100 100 900 700 100 100
8363 -2 700 600 80 100 700 100 15 100 1000 1000 10 60 10 60 10 60 2 1 10 700 300 100 100 700 700 100 100
8364 -2 900 600 80 100 900 0 20 100 1000 1000 9 60 9 60 9 60 2 1 20 900 300 100 100 900 700 100 100
8365 -2 900 600 80 100 900 0 25 100 1000 1000 10 100 10 100 10 100 2 1 15 900 300 100 100 900 700 100 100
8366 -2 700 600 80 100 700 0 25 100 1000 1000 9 60 9 60 9 60 0 1 15 700 100 100 100 700 700 100 100
8367 -2 800 600 80 100 800 100 25 100 1000 1000 8 60 8 60 8 60 2 1 15 800 100 100 100 800 800 100 100
8368 -2 800 600 80 100 800 100 20 100 1000 1000 9 60 9 60 9 60 2 1 15 800 100 100 100 800 800 100 100
8369 -2 800 600 80 100 800 100 20 100 1000 1000 8 100 8 100 8 100 0 1 20 800 150 100 100 800 800 100 100
8370 -2 700 600 80 100 700 0 15 100 1000 1000 9 100 9 100 9 100 2 1 20 700 150 100 100 700 700 100 100
8371 -2 900 600 80 100 900 100 15 100 1000 1000 10 60 10 60 10 60 2 1 10 900 100 100 100 900 600 100 100
8372 -2 900 600 80 100 900 0 25 100 1000 1000 8 100 8 100 8 100 0 1 10 900 150 100 100 900 800 100 100
8373 -2 900 600 80 100 900 0 20 100 1000 1000 9 100 9 100 9 100 2 1 10 900 300 100 100 900 600 100 100
8374 -2 800 600 80 100 800 100 25 100 1000 1000 10 60 10 60 10 60 2 1 10 800 100 100 100 800 700 100 100
8375 -2 800 600 80 100 800 0 25 100 1000 1000 10 100 10 100 10 100 0 1 20 800 150 100 100 800 800 100 100
8376 -2 800 600 80 100 800 0 15 100 1000 1000 10 100 10 100 10 100 2 1 20 800 100 100 100 800 600 100 100
8377 -2 900 600 80 100 900 100 15 100 1000 1000 10 60 10 60 10 60 0 1 20 900 300 100 100 900 800 100 100
8378 -2 900 600 80 100 900 0 20 100 1000 1000 10 100 10 100 10 100 0 1 15 900 150 100 100 900 800 100 100
8379 -2 700 600 80 100 700 100 15 100 1000 1000 10 100 10 100 10 100 2 1 20 700 300 100 100 700 600 100 100
8380 -2 700 600 80 100 700 0 25 100 1000 1000 9 100 9 100 9 100 2 1 20 700 300 100 100 700 600 100 100
8381 -2 900 600 80 100 900 0 25 100 1000 1000 10 100 10 100 10 100 0 1 20 900 150 100 100 900 700 100 100
8382 -2 800 600 80 100 800 0 25 100 1000 1000 10 60 10 60 10 60 2 1 20 800 150 100 100 800 700 100 100
8383 -2 800 600 80 100 800 100 20 100 1000 1000 9 60 9 60 9 60 2 1 15 800 100 100 100 800 600 100 100
8384 -2 800 600 80 100 800 0 20 100 1000 1000 10 60 10 60 10 60 0 1 10 800 150 100 100 800 700 100 100
8385 -2 900 600 80 100 900 100 25 100 1000 1000 8 100 8 100 8 100 0 1 15 900 100 100 100 900 600 100 100
8386 -2 800 600 80 100 800 100 15 100 1000 1000 10 100 10 100 10 100 2 1 20 800 300 100 100 800 600 100 100
8387 -2 800 600 80 100 800 0 20 100 1000 1000 9 100 9 100 9 100 2 1 15 800 100 100 100 800 600 100 100
8388 -2 700 600 80 100 700 0 15 100 1000 1000 9 60 9 60 9 60 0 1 15 700 150 100 100 700 600 100 100
8389 -2 800 600 80 100 800 0 20 100 1000 1000 9 60 9 60 9 60 0 1 15 800 150 100 100 800 700 100 100
8390 -2 800 600 80 100 800 100 15 100 1000 1000 10 100 10 100 10 100 2 1 15 800 300 100 100 800 700 100 100
8391 -2 700 600 80 100 700 100 15 100 1000 1000 10 60 10 60 10 60 0 1 20 700 300 100 100 700 600 100 100
8392 -2 900 600 80 100 900 0 20 100 1000 1000 8 60 8 60 8 60 2 1 15 900 300 100 100 900 600 100 100
8393 -2 800 600 80 100 800 100 15 100 1000 1000 9 100 9 100 9 100 0 1 15 800 100 100 100 800 600 100 100
8394 -2 800 600 80 100 800 100 25 100 1000 1000 10 100 10 100 10 100 2 1 20 800 100 100 100 800 800 100 100
8395 -2 900 600 80 100 900 100 25 100 1000 1000 8 100 8 100 8 100 2 1 10 900 150 100 100 900 700 100 100
8396 -2 800 600 80 100 800 0 20 100 1000 1000 8 100 8 100 8 100 0 1 20 800 300 100 100 800 700 100 100
8397 -2 900 600 80 100 900 100 25 100 1000 1000 9 100 9 100 9 100 2 1 20 900 150 100 100 900 800 100 100
8398 -2 700 600 80 100 700 100 20 100 1000 1000 8 60 8 60 8 60 2 1 15 700 300 100 100 700 800 100 100
8399 -2 700 600 80 100 700 0 20 100 1000 1000 9 100 9 100 9 100 2 1 20 700 300 100 100 700 800 100 100
8400 -2 800 600 80 100 800 100 25 100 1000 1000 9 60 9 60 9 60 0 1 10 800 100 100 100 800 700 100 100
8401 -2 900 600 80 100 900 0 15 100 1000 1000 9 60 9 60 9 60 0 1 20 900 300 100 100 900 700 100 100
8402 -2 800 600 80 100 800 0 20 100 1000 1000 9 60 9 60 9 60 2 1 10 800 300 100 100 800 600 100 100
8403 -2 800 600 80 100 800 0 20 100 1000 1000 8 100 8 100 8 100 2 1 15 800 300 100 100 800 700 100 100
8404 -2 800 600 80 100 800 0 20 100 1000 1000 10 60 10 60 10 60 2 1 15 800 300 100 100 800 800 100 100
8405 -2 700 600 80 100 700 100 15 100 1000 1000 8 100 8 100 8 100 2 1 10 700 100 100 100 700 600 100 100
8406 -2 900 600 80 100 900 0 15 100 1000 1000 10 60 10 60 10 60 0 1 15 900 150 100 100 900 600 100 100
8407 -2 800 600 80 100 800 100 25 100 1000 1000 9 100 9 100 9 100 2 1 15 800 300 100 100 800 600 100 100
8408 -2 900 600 80 100 900 100 25 100 1000 1000 8 60 8 60 8 60 2 1 20 900 150 100 100 900 600 100 100
8409 -2 900 600 80 100 900 0 25 100 1000 1000 10 60 10 60 10 60 0 1 10 900 100 100 100 900 700 100 100
8410 -2 700 600 80 100 700 100 15 100 1000 1000 9 60 9 60 9 60 2 1 20 700 100 100 100 700 700 100 100
8411 -2 800 600 80 100 800 0 20 100 1000 1000 10 100 10 100 10 100 2 1 15 800 150 100 100 800 700 100 100
8412 -2 800 600 80 100 800 100 25 100 1000 1000 9 100 9 100 9 100 0 1 15 800 100 100 100 800 800 100 100
8413 -2 700 600 80 100 700 0 25 100 1000 1000 9 100 9 100 9 100 0 1 15 700 150 100 100 700 700 100 100
8414 -2 900 600 80 100 900 0 25 100 1000 1000 9 100 9 100 9 100 2 1 10 900 300 100 100 900 700 100 100
8415 -2 700 600 80 100 700 100 25 100 1000 1000 8 100 8 100 8 100 2 1 20 700 300 100 100 700 700 100 100
8416 -2 700 600 80 100 700 100 25 100 1000 1000 9 60 9 60 9 60 0 1 20 700 100 100 100 700 800 100 100
8417 -2 900 600 80 100 900 0 15 100 1000 1000 10 60 10 60 10 60 0 1 10 900 300 100 100 900 800 100 100
8418 -2 900 600 80 100 900 0 15 100 1000 1000 9 100 9 100 9 100 2 1 20 900 150 100 100 900 700 100 100
8419 -2 800 600 80 100 800 0 25 100 1000 1000 8 60 8 60 8 60 2 1 20 800 150 100 100 800 600 100 100
8420 -2 800 600 80 100 800 100 20 100 1000 1000 10 60 10 60 10 60 0 1 20 800 150 100 100 800 700 100 100
8421 -2 700 600 80 100 700 0 25 100 1000 1000 8 100 8 100 8 100 2 1 15 700 100 100 100 700 800 100 100
8422 -2 700 600 80 100 700 100 15 100 1000 1000 8 60 8 60 8 60 0 1 15 700 150 100 100 700 700 100 100
8423 -2 700 600 80 100 700 100 15 100 1000 1000 8 60 8 60 8 60 2 1 10 700 150 100 100 700 800 100 100
8424 -2 900 600 80 100 900 100 25 100 1000 1000 10 100 10 100 10 100 0 1 15 900 100 100 100 900 800 100 100
8425 -2 900 600 80 100 900 0 15 100 1000 1000 10 100 10 100 10 100 2 1 15 900 300 100 100 900 800 100 100
8426 -2 900 600 80 100 900 100 25 100 1000 1000 9 100 9 100 9 100 2 1 10 900 300 100 100 900 800 100 100
8427 -2 800 600 80 100 800 0 20 100 1000 1000 8 100 8 100 8 100 2 1 20 800 150 100 100 800 800 100 100
8428 -2 800 600 80 100 800 0 15 100 1000 1000 10 100 10 100 10 100 2 1 15 800 150 100 100 800 700 100 100
8429 -2 800 600 80 100 800 0 20 100 1000 1000 8 60 8 60 8 60 2 1 10 800 300 100 100 800 800 100 100
8430 -2 900 600 80 100 900 100 20 100 1000 1000 9 100 9 100 9 100 2 1 15 900 150 100 100 900 800 100 100
8431 -2 800 600 80 100 800 0 15 100 1000 1000 8 60 8 60 8 60 0 1 15 800 100 100 100 800 800 100 100
8432 -2 800 600 80 100 800 100 20 100 1000 1000 9 100 9 100 9 100 2 1 20 800 100 100 100 800 700 100 100
8433 -2 700 600 80 100 700 0 20 100 1000 1000 10 60 10 60 10 60 2 1 15 700 150 100 100 700 700 100 100
8434 -2 900 600 80 100 900 0 15 100 1000 1000 8 100 8 100 8 100 2 1 20 900 100 100 100 900 700 100 100
8435 -2 900 600 80 100 900 100 15 100 1000 1000 9 100 9 100 9 100 0 1 15 900 150 100 100 900 600 100 100
8436 -2 800 600 80 100 800 0 20 100 1000 1000 8 100 8 100 8 100 0 1 20 800 300 100 100 800 600 100 100
8437 -2 900 600 80 100 900 0 25 100 1000 1000 10 100 10 100 10 100 0 1 15 900 300 100 100 900 600 100 100
8438 -2 800 600 80 100 800 100 15 100 1000 1000 10 100 10 100 10 100 2 1 15 800 100 100 100 800 600 100 100
8439 -2 700 600 80 100 700 0 20 100 1000 1000 9 100 9 100 9 100 0 1 10 700 300 100 100 700 700 100 100
8440 -2 700 600 80 100 700 0 20 100 1000 1000 9 60 9 60 9 60 0 1 10 700 150 100 100 700 700 100 100
8441 -2 900 600 80 100 900 100 20 100 1000 1000 8 100 8 100 8 100 0 1 20 900 100 100 100 900 600 100 100
8442 -2 900 600 80 100 900 100 15 100 1000 1000 10 60 10 60 10 60 2 1 15 900 300 100 100 900 600 100 100
8443 -2 800 600 80 100 800 100 20 100 1000 1000 10 100 10 100 10 100 0 1 15 800 100 100 100 800 800 100 100
8444 -2 800 600 80 100 800 0 20 100 1000 1000 8 100 8 100 8 100 2 1 20 800 300 100 100 800 700 100 100
8445 -2 800 600 80 100 800 100 20 100 1000 1000 10 100 10 100 10 100 2 1 10 800 300 100 100 800 700 100 100
8446 -2 800 600 80 100 800 100 15 100 1000 1000 9 60 9 60 9 60 2 1 20 800 100 100 100 800 800 100 100
8447 -2 800 600 80 100 800 100 15 100 1000 1000 9 100 9 100 9 100 0 1 10 800 100 100 100 800 600 100 100
8448 -2 700 600 80 100 700 0 25 100 1000 1000 9 100 9 100 9 100 0 1 15 700 150 100 100 700 800 100 100
8449 -2 800 600 80 100 800 0 20 100 1000 1000 9 60 9 60 9 60 2 1 15 800 150 100 100 800 800 100 100
8450 -2 900 600 80 100 900 100 20 100 1000 1000 8 60 8 60 8 60 0 1 10 900 100 100 100 900 700 100 100
8451 -2 700 600 80 100 700 100 20 100 1000 1000 8 100 8 100 8 100 2 1 15 700 100 100 100 700 800 100 100
8452 -2 800 600 80 100 800 100 20 100 1000 1000 9 60 9 60 9 60 0 1 20 800 150 100 100 800 600 100 100
8453 -2 700 600 80 100 700 0 20 100 1000 1000 9 60 9 60 9 60 2 1 15 700 150 100 100 700 700 100 100
8454 -2 800 600 80 100 800 100 15 100 1000 1000 9 60 9 60 9 60 0 1 10 800 300 100 100 800 600 100 100
8455 -2 700 600 80 100 700 100 20 100 1000 1000 10 100 10 100 10 100 0 1 15 700 100 100 100 700 600 100 100
8456 -2 700 600 80 100 700 0 15 100 1000 1000 9 100 9 100 9 100 0 1 20 700 300 100 100 700 600 100 100
8457 -2 700 600 80 100 700 0 20 100 1000 1000 8 100 8 100 8 100 0 1 10 700 150 100 100 700 700 100 100
8458 -2 800 600 80 100 800 0 20 100 1000 1000 8 100 8 100 8 100 0 1 15 800 100 100 100 800 700 100 100
8459 -2 800 600 80 100 800 100 25 100 1000 1000 9 100 9 100 9 100 2 1 10 800 300 100 100 800 700 100 100
8460 -2 700 600 80 100 700 0 25 100 1000 1000 10 60 10 60 10 60 2 1 20 700 300 100 100 700 600 100 100
8461 -2 900 600 80 100 900 0 15 100 1000 1000 9 100 9 100 9 100 0 1 15 900 150 100 100 900 600 100 100
8462 -2 800 600 80 100 800 0 25 100 1000 1000 10 60 10 60 10 60 0 1 10 800 300 100 100 800 600 100 100
8463 -2 700 600 80 100 700 100 15 100 1000 1000 9 100 9 100 9 100 0 1 10 700 150 100 100 700 700 100 100
8464 -2 800 600 80 100 800 100 20 100 1000 1000 8 60 8 60 8 60 0 1 15 800 300 100 100 800 700 100 100
8465 -2 900 600 80 100 900 0 20 100 1000 1000 10 60 10 60 10 60 0 1 10 900 150 100 100 900 700 100 100
8466 -2 800 600 80 100 800 0 20 100 1000 1000 9 60 9 60 9 60 0 1 15 800 300 100 100 800 600 100 100
8467 -2 900 600 80 100 900 100 15 100 1000 1000 8 100 8 100 8 100 2 1 20 900 300 100 100 900 700 100 100
8468 -2 900 600 80 100 900 100 25 100 1000 1000 8 60 8 60 8 60 2 1 15 900 300 100 100 900 600 100 100
8469 -2 800 600 80 100 800 100 25 100 1000 1000 10 100 10 100 10 100 0 1 20 800 300 100 100 800 600 100 100
8470 -2 800 600 80 100 800 0 25 100 1000 1000 9 60 9 60 9 60 2 1 15 800 100 100 100 800 700 100 100
8471 -2 700 600 80 100 700 100 20 100 1000 1000 10 60 10 60 10 60 2 1 10 700 100 100 100 700 700 100 100
8472 -2 900 600 80 100 900 0 20 100 1000 1000 9 100 9 100 9 100 0 1 20 900 150 100 100 900 800 100 100
8473 -2 900 600 80 100 900 0 25 100 1000 1000 8 100 8 100 8 100 0 1 20 900 150 100 100 900 800 100 100
8474 -2 800 600 80 100 800 0 25 100 1000 1000 10 100 10 100 10 100 0 1 20 800 100 100 100 800 700 100 100
8475 -2 900 600 80 100 900 100 20 100 1000 1000 9 100 9 100 9 100 2 1 15 900 300 100 100 900 800 100 100
8476 -2 700 600 80 100 700 100 15 100 1000 1000 8 100 8 100 8 100 2 1 10 700 150 100 100 700 700 100 100
8477 -2 700 600 80 100 700 0 20 100 1000 1000 10 60 10 60 10 60 0 1 20 700 300 100 100 700 800 100 100
8478 -2 800 600 80 100 800 100 25 100 1000 1000 10 60 10 60 10 60 2 1 15 800 100 100 100 800 800 100 100
8479 -2 700 600 80 100 700 0 25 100 1000 1000 9 60 9 60 9 60 0 1 20 700 100 100 100 700 800 100 100
8480 -2 800 600 80 100 800 100 25 100 1000 1000 8 100 8 100 8 100 0 1 10 800 300 100 100 800 600 100 100
8481 -2 900 600 80 100 900 100 20 100 1000 1000 9 60 9 60 9 60 0 1 10 900 300 100 100 900 800 100 100
8482 -2 800 600 80 100 800 100 25 100 1000 1000 10 60 10 60 10 60 0 1 15 800 100 100 100 800 700 100 100
8483 -2 700 600 80 100 700 0 25 100 1000 1000 9 100 9 100 9 100 2 1 20 700 100 100 100 700 800 100 100
8484 -2 700 600 80 100 700 100 25 100 1000 1000 9 60 9 60 9 60 0 1 20 700 300 100 100 700 700 100 100
8485 -2 900 600 80 100 900 0 20 100 1000 1000 10 100 10 100 10 100 2 1 15 900 300 100 100 900 600 100 100
8486 -2 700 600 80 100 700 100 20 100 1000 1000 8 60 8 60 8 60 2 1 20 700 150 100 100 700 700 100 100
8487 -2 700 600 80 100 700 0 25 100 1000 1000 10 60 10 60 10 60 0 1 10 700 300 100 100 700 600 100 100
8488 -2 800 600 80 100 800 0 15 100 1000 1000 10 100 10 100 10 100 2 1 15 800 300 100 100 800 800 100 100
8489 -2 900 600 80 100 900 100 25 100 1000 1000 8 60 8 60 8 60 0 1 20 900 300 100 100 900 600 100 100
8490 -2 900 600 80 100 900 0 15 100 1000 1000 10 60 10 60 10 60 2 1 20 900 300 100 100 900 700 100 100
8491 -2 700 600 80 100 700 100 25 100 1000 1000 9 100 9 100 9 100 0 1 20 700 100 100 100 700 700 100 100
8492 -2 700 600 80 100 700 0 20 100 1000 1000 9 60 9 60 9 60 2 1 20 700 300 100 100 700 700 100 100
8493 -2 900 600 80 100 900 100 25 100 1000 1000 10 60 10 60 10 60 0 1 10 900 150 100 100 900 700 100 100
8494 -2 800 600 80 100 800 100 15 100 1000 1000 10 60 10 60 10 60 2 1 10 800 300 100 100 800 700 100 100
8495 -2 700 600 80 100 700 0 20 100 1000 1000 9 60 9 60 9 60 0 1 20 700 100 100 100 700 800 100 100
8496 -2 900 600 80 100 900 0 20 100 1000 1000 9 60 9 60 9 60 0 1 20 900 100 100 100 900 700 100 100
8497 -2 800 600 80 100 800 100 25 100 1000 1000 9 100 9 100 9 100 2 1 15 800 100 100 100 800 800 100 100
8498 -2 700 600 80 100 700 0 15 100 1000 1000 8 60 8 60 8 60 2 1 20 700 150 100 100 700 700 100 100
8499 -2 800 600 80 100 800 100 15 100 1000 1000 8 100 8 100 8 100 2 1 15 800 100 100 100 800 800 100 100
8500 -2 800 600 80 100 800 0 20 100 1000 1000 9 60 9 60 9 60 0 1 15 800 100 100 100 800 700 100 100
8501 -2 900 600 80 100 900 0 25 100 1000 1000 9 100 9 100 9 100 2 1 15 900 150 100 100 900 700 100 100
8502 -2 700 600 80 100 700 100 20 100 1000 1000 10 60 10 60 10 60 0 1 15 700 100 100 100 700 600 100 100
8503 -2 800 600 80 100 800 0 25 100 1000 1000 10 100 10 100 10 100 0 1 20 800 300 100 100 800 800 100 100
8504 -2 900 600 80 100 900 100 25 100 1000 1000 9 60 9 60 9 60 0 1 20 900 300 100 100 900 800 100 100
8505 -2 700 600 80 100 700 100 25 100 1000 1000 8 100 8 100 8 100 0 1 15 700 100 100 100 700 600 100 100
8506 -2 700 600 80 100 700 100 20 100 1000 1000 10 100 10 100 10 100 0 1 20 700 100 100 100 700 800 100 100
8507 -2 900 600 80 100 900 0 20 100 1000 1000 10 100 10 100 10 100 0 1 15 900 150 100 100 900 600 100 100
8508 -2 800 600 80 100 800 0 25 100 1000 1000 10 60 10 60 10 60 0 1 10 800 300 100 100 800 700 100 100
8509 -2 800 600 80 100 800 100 20 100 1000 1000 8 100 8 100 8 100 2 1 20 800 100 100 100 800 700 100 100
8510 -2 900 600 80 100 900 100 25 100 1000 1000 8 60 8 60 8 60 0 1 15 900 100 100 100 900 600 100 100
8511 -2 700 600 80 100 700 100 20 100 1000 1000 10 60 10 60 10 60 2 1 15 700 100 100 100 700 700 100 100
8512 -2 700 600 80 100 700 0 20 100 1000 1000 9 100 9 100 9 100 0 1 20 700 150 100 100 700 800 100 100
8513 -2 800 600 80 100 800 100 25 100 1000 1000 10 60 10 60 10 60 2 1 20 800 100 100 100 800 600 100 100
8514 -2 900 600 80 100 900 100 15 100 1000 1000 10 100 10 100 10 100 0 1 10 900 300 100 100 900 800 100 100
8515 -2 700 600 80 100 700 100 15 100 1000 1000 10 60 10 60 10 60 0 1 20 700 300 100 100 700 800 100 100
8516 -2 900 600 80 100 900 0 20 100 1000 1000 8 100 8 100 8 100 0 1 10 900 300 100 100 900 800 100 100
8517 -2 800 600 80 100 800 100 25 100 1000 1000 8 60 8 60 8 60 0 1 15 800 300 100 100 800 800 100 100
8518 -2 800 600 80 100 800 100 20 100 1000 1000 10 60 10 60 10 60 0 1 10 800 100 100 100 800 800 100 100
8519 -2 700 600 80 100 700 0 20 100 1000 1000 9 60 9 60 9 60 2 1 10 700 150 100 100 700 600 100 100
8520 -2 700 600 80 100 700 0 20 100 1000 1000 8 100 8 100 8 100 0 1 20 700 300 100 100 700 600 100 100
8521 -2 800 600 80 100 800 100 15 100 1000 1000 8 100 8 100 8 100 0 1 20 800 300 100 100 800 800 100 100
8522 -2 800 600 80 100 800 100 15 100 1000 1000 8 100 8 100 8 100 2 1 15 800 300 100 100 800 700 100 100
8523 -2 900 600 80 100 900 0 20 100 1000 1000 8 100 8 100 8 100 0 1 10 900 150 100 100 900 800 100 100
8524 -2 900 600 80 100 900 100 25 100 1000 1000 10 100 10 100 10 100 0 1 15 900 150 100 100 900 800 100 100
8525 -2 700 600 80 100 700 0 20 100 1000 1000 10 100 10 100 10 100 0 1 20 700 100 100 100 700 700 100 100
8526 -2 800 600 80 100 800 100 20 100 1000 1000 9 60 9 60 9 60 2 1 20 800 150 100 100 800 600 100 100
8527 -2 700 600 80 100 700 100 15 100 1000 1000 9 100 9 100 9 100 2 1 10 700 100 100 100 700 600 100 100
8528 -2 800 600 80 100 800 0 20 100 1000 1000 9 60 9 60 9 60 0 1 20 800 150 100 100 800 700 100 100
8529 -2 900 600 80 100 900 100 20 100 1000 1000 10 100 10 100 10 100 2 1 10 900 150 100 100 900 700 100 100
8530 -2 700 600 80 100 700 0 25 100 1000 1000 9 60 9 60 9 60 0 1 15 700 300 100 100 700 800 100 100
8531 -2 700 600 80 100 700 0 20 100 1000 1000 10 60 10 60 10 60 0 1 15 700 150 100 100 700 800 100 100
8532 -2 700 600 80 100 700 100 20 100 1000 1000 9 100 9 100 9 100 2 1 15 700 100 100 100 700 600 100 100
8533 -2 800 600 80 100 800 100 15 100 1000 1000 8 60 8 60 8 60 0 1 15 800 100 100 100 800 700 100 100
8534 -2 700 600 80 100 700 0 15 100 1000 1000 9 60 9 60 9 60 0 1 10 700 300 100 100 700 800 100 100
8535 -2 800 600 80 100 800 0 25 100 1000 1000 9 100 9 100 9 100 2 1 20 800 100 100 100 800 600 100 100
8536 -2 900 600 80 100 900 100 20 100 1000 1000 10 60 10 60 10 60 0 1 15 900 300 100 100 900 800 100 100
8537 -2 700 600 80 100 700 0 15 100 1000 1000 8 60 8 60 8 60 0 1 20 700 100 100 100 700 800 100 100
8538 -2 900 600 80 100 900 100 20 100 1000 1000 10 100 10 100 10 100 2 1 10 900 300 100 100 900 600 100 100
8539 -2 900 600 80 100 900 0 25 100 1000 1000 8 100 8 100 8 100 0 1 20 900 300 100 100 900 600 100 100
8540 -2 800 600 80 100 800 0 25 100 1000 1000 10 60 10 60 10 60 0 1 15 800 300 100 100 800 700 100 100
8541 -2 800 600 80 100 800 100 15 100 1000 1000 10 100 10 100 10 100 2 1 15 800 150 100 100 800 800 100 100
8542 -2 900 600 80 100 900 100 25 100 1000 1000 9 100 9 100 9 100 0 1 15 900 150 100 100 900 600 100 100
8543 -2 900 600 80 100 900 100 15 100 1000 1000 9 60 9 60 9 60 2 1 15 900 300 100 100 900 700 100 100
8544 -2 800 600 80 100 800 0 25 100 1000 1000 9 100 9 100 9 100 2 1 20 800 150 100 100 800 800 100 100
8545 -2 700 600 80 100 700 100 20 100 1000 1000 9 100 9 100 9 100 0 1 10 700 300 100 100 700 600 100 100
8546 -2 700 600 80 100 700 100 20 100 1000 1000 8 60 8 60 8 60 0 1 15 700 150 100 100 700 600 100 100
8547 -2 900 600 80 100 900 100 15 100 1000 1000 10 60 10 60 10 60 2 1 20 900 150 100 100 900 700 100 100
8548 -2 800 600 80 100 800 0 15 100 1000 1000 10 100 10 100 10 100 2 1 15 800 100 100 100 800 700 100 100
8549 -2 700 600 80 100 700 100 15 100 1000 1000 8 100 8 100 8 100 0 1 20 700 100 100 100 700 700 100 100
8550 -2 900 600 80 100 900 100 25 100 1000 1000 9 60 9 60 9 60 2 1 10 900 150 100 100 900 600 100 100
8551 -2 900 600 80 100 900 0 25 100 1000 1000 10 100 10 100 10 100 0 1 10 900 150 100 100 900 700 100 100
8552 -2 700 600 80 100 700 100 15 100 1000 1000 10 100 10 100 10 100 0 1 15 700 150 100 100 700 800 100 100
8553 -2 800 600 80 100 800 0 15 100 1000 1000 8 100 8 100 8 100 0 1 15 800 100 100 100 800 800 100 100
8554 -2 800 600 80 100 800 0 15 100 1000 1000 10 100 10 100 10 100 0 1 20 800 300 100 100 800 700 100 100
8555 -2 700 600 80 100 700 0 20 100 1000 1000 8 60 8 60 8 60 0 1 15 700 100 100 100 700 700 100 100
8556 -2 700 600 80 100 700 100 25 100 1000 1000 9 100 9 100 9 100 0 1 20 700 100 100 100 700 600 100 100
8557 -2 700 600 80 100 700 100 25 100 1000 1000 9 60 9 60 9 60 0 1 20 700 150 100 100 700 600 100 100
8558 -2 900 600 80 100 900 0 15 100 1000 1000 9 100 9 100 9 100 0 1 15 900 300 100 100 900 700 100 100
8559 -2 900 600 80 100 900 100 25 100 1000 1000 9 60 9 60 9 60 0 1 15 900 150 100 100 900 800 100 100
8560 -2 800 600 80 100 800 0 20 100 1000 1000 9 100 9 100 9 100 2 1 20 800 100 100 100 800 800 100 100
8561 -2 700 600 80 100 700 100 20 100 1000 1000 8 100 8 100 8 100 2 1 10 700 150 100 100 700 800 100 100
8562 -2 700 600 80 100 700 0 20 100 1000 1000 8 100 8 100 8 100 2 1 15 700 300 100 100 700 800 100 100
8563 -2 900 600 80 100 900 100 15 100 1000 1000 10 60 10 60 10 60 0 1 10 900 150 100 100 900 800 100 100
8564 -2 700 600 80 100 700 0 15 100 1000 1000 8 100 8 100 8 100 2 1 15 700 150 100 100 700 700 100 100
8565 -2 800 600 80 100 800 0 15 100 1000 1000 8 100 8 100 8 100 0 1 20 800 150 100 100 800 700 100 100
8566 -2 900 600 80 100 900 0 15 100 1000 1000 8 100 8 100 8 100 0 1 20 900 100 100 100 900 700 100 100
8567 -2 900 600 80 100 900 0 25 100 1000 1000 10 100 10 100 10 100 0 1 15 900 100 100 100 900 600 100 100
8568 -2 700 600 80 100 700 0 20 100 1000 1000 10 100 10 100 10 100 0 1 10 700 150 100 100 700 600 100 100
8569 -2 800 600 80 100 800 100 25 100 1000 1000 9 100 9 100 9 100 2 1 15 800 100 100 100 800 600 100 100
8570 -2 800 600 80 100 800 100 25 100 1000 1000 8 60 8 60 8 60 0 1 15 800 100 100 100 800 600 100 100
8571 -2 900 600 80 100 900 100 25 100 1000 1000 8 100 8 100 8 100 0 1 15 900 150 100 100 900 600 100 100
8572 -2 900 600 80 100 900 100 20 100 1000 1000 8 60 8 60 8 60 0 1 20 900 150 100 100 900 600 100 100
8573 -2 800 600 80 100 800 0 15 100 1000 1000 10 60 10 60 10 60 0 1 10 800 150 100 100 800 600 100 100
8574 -2 700 600 80 100 700 100 20 100 1000 1000 10 100 10 100 10 100 2 1 15 700 150 100 100 700 700 100 100
8575 -2 800 600 80 100 800 0 20 100 1000 1000 8 100 8 100 8 100 0 1 20 800 300 100 100 800 800 100 100
8576 -2 900 600 80 100 900 0 20 100 1000 1000 9 60 9 60 9 60 0 1 15 900 100 100 100 900 600 100 100
8577 -2 700 600 80 100 700 0 15 100 1000 1000 10 60 10 60 10 60 2 1 10 700 100 100 100 700 700 100 100
8578 -2 700 600 80 100 700 100 15 100 1000 1000 10 60 10 60 10 60 2 1 20 700 100 100 100 700 700 100 100
8579 -2 800 600 80 100 800 100 15 100 1000 1000 10 60 10 60 10 60 0 1 15 800 100 100 100 800 600 100 100
8580 -2 900 600 80 100 900 100 25 100 1000 1000 8 100 8 100 8 100 0 1 15 900 300 100 100 900 800 100 100
8581 -2 900 600 80 100 900 0 15 100 1000 1000 10 60 10 60 10 60 2 1 20 900 300 100 100 900 800 100 100
8582 -2 800 600 80 100 800 100 20 100 1000 1000 9 60 9 60 9 60 0 1 20 800 300 100 100 800 600 100 100
8583 -2 900 600 80 100 900 100 20 100 1000 1000 8 100 8 100 8 100 2 1 15 900 100 100 100 900 600 100 100
8584 -2 700 600 80 100 700 100 20 100 1000 1000 9 60 9 60 9 60 0 1 10 700 150 100 100 700 700 100 100
8585 -2 700 600 80 100 700 100 20 100 1000 1000 8 60 8 60 8 60 2 1 10 700 100 100 100 700 800 100 100
8586 -2 700 600 80 100 700 0 25 100 1000 1000 8 60 8 60 8 60 0 1 10 700 300 100 100 700 600 100 100
8587 -2 900 600 80 100 900 0 20 100 1000 1000 9 60 9 60 9 60 2 1 20 900 150 100 100 900 800 100 100
8588 -2 700 600 80 100 700 100 20 100 1000 1000 9 60 9 60 9 60 0 1 15 700 150 100 100 700 600 100 100
8589 -2 800 600 80 100 800 100 25 100 1000 1000 8 100 8 100 8 100 0 1 10 800 100 100 100 800 600 100 100
8590 -2 700 600 80 100 700 0 25 100 1000 1000 8 60 8 60 8 60 2 1 20 700 100 100 100 700 600 100 100
8591 -2 900 600 80 100 900 100 15 100 1000 1000 9 100 9 100 9 100 2 1 20 900 100 100 100 900 700 100 100
8592 -2 900 600 80 100 900 0 20 100 1000 1000 9 100 9 100 9 100 2 1 15 900 100 100 100 900 600 100 100
8593 -2 800 600 80 100 800 0 25 100 1000 1000 10 100 10 100 10 100 2 1 10 800 100 100 100 800 700 100 100
8594 -2 700 600 80 100 700 100 20 100 1000 1000 8 100 8 100 8 100 0 1 15 700 150 100 100 700 600 100 100
8595 -2 800 600 80 100 800 0 15 100 1000 1000 8 60 8 60 8 60 0 1 15 800 100 100 100 800 700 100 100
8596 -2 700 600 80 100 700 0 15 100 1000 1000 9 60 9 60 9 60 2 1 10 700 100 100 100 700 800 100 100
8597 -2 700 600 80 100 700 0 15 100 1000 1000 10 100 10 100 10 100 2 1 20 700 300 100 100 700 800 100 100
8598 -2 800 600 80 100 800 0 20 100 1000 1000 8 60 8 60 8 60 2 1 20 800 100 100 100 800 700 100 100
8599 -2 700 600 80 100 700 100 20 100 1000 1000 9 100 9 100 9 100 2 1 10 700 100 100 100 700 800 100 100
8600 -2 800 600 80 100 800 0 25 100 1000 1000 8 100 8 100 8 100 0 1 15 800 300 100 100 800 800 100 100
8601 -2 800 600 80 100 800 100 15 100 1000 1000 10 60 10 60 10 60 0 1 10 800 300 100 100 800 700 100 100
8602 -2 900 600 80 100 900 100 20 100 1000 1000 9 60 9 60 9 60 0 1 20 900 300 100 100 900 600 100 100
8603 -2 800 600 80 100 800 100 25 100 1000 1000 8 100 8 100 8 100 2 1 20 800 100 100 100 800 600 100 100
8604 -2 800 600 80 100 800 100 25 100 1000 1000 9 100 9 100 9 100 0 1 15 800 100 100 100 800 700 100 100
8605 -2 700 600 80 100 700 100 20 100 1000 1000 9 100 9 100 9 100 0 1 15 700 300 100 100 700 800 100 100
8606 -2 800 600 80 100 800 0 15 100 1000 1000 9 100 9 100 9 100 2 1 20 800 100 100 100 800 800 100 100
8607 -2 700 600 80 100 700 100 25 100 1000 1000 9 100 9 100 9 100 0 1 20 700 300 100 100 700 800 100 100
8608 -2 700 600 80 100 700 100 15 100 1000 1000 10 100 10 100 10 100 2 1 10 700 150 100 100 700 700 100 100
8609 -2 700 600 80 100 700 100 25 100 1000 1000 9 60 9 60 9 60 2 1 20 700 100 100 100 700 700 100 100
8610 -2 700 600 80 100 700 0 20 100 1000 1000 9 60 9 60 9 60 2 1 20 700 150 100 100 700 800 100 100
8611 -2 800 600 80 100 800 100 25 100 1000 1000 8 100 8 100 8 100 0 1 20 800 300 100 100 800 800 100 100
8612 -2 800 600 80 100 800 0 20 100 1000 1000 8 100 8 100 8 100 0 1 10 800 300 100 100 800 700 100 100
8613 -2 700 600 80 100 700 100 15 100 1000 1000 8 100 8 100 8 100 2 1 10 700 300 100 100 700 800 100 100
8614 -2 900 600 80 100 900 100 25 100 1000 1000 8 100 8 100 8 100 2 1 15 900 100 100 100 900 800 100 100
8615 -2 900 600 80 100 900 0 15 100 1000 1000 9 100 9 100 9 100 2 1 10 900 150 100 100 900 600 100 100
8616 -2 800 600 80 100 800 0 20 100 1000 1000 8 100 8 100 8 100 0 1 10 800 100 100 100 800 700 100 100
8617 -2 700 600 80 100 700 100 25 100 1000 1000 8 60 8 60 8 60 2 1 20 700 100 100 100 700 700 100 100
8618 -2 700 600 80 100 700 100 15 100 1000 1000 9 100 9 100 9 100 0 1 20 700 300 100 100 700 700 100 100
8619 -2 800 600 80 100 800 0 20 100 1000 1000 8 60 8 60 8 60 2 1 20 800 300 100 100 800 800 100 100
8620 -2 800 600 80 100 800 100 20 100 1000 1000 9 60 9 60 9 60 0 1 15 800 300 100 100 800 800 100 100
8621 -2 800 600 80 100 800 0 20 100 1000 1000 10 100 10 100 10 100 2 1 10 800 150 100 100 800 800 100 100
8622 -2 800 600 80 100 800 0 25 100 1000 1000 10 100 10 100 10 100 2 1 15 800 300 100 100 800 600 100 100
8623 -2 800 600 80 100 800 100 20 100 1000 1000 8 60 8 60 8 60 0 1 20 800 100 100 100 800 600 100 100
8624 -2 800 600 80 100 800 100 20 100 1000 1000 8 100 8 100 8 100 2 1 15 800 150 100 100 800 600 100 100
8625 -2 900 600 80 100 900 100 20 100 1000 1000 9 60 9 60 9 60 0 1 15 900 100 100 100 900 800 100 100
8626 -2 800 600 80 100 800 100 15 100 1000 1000 9 60 9 60 9 60 2 1 15 800 100 100 100 800 700 100 100
8627 -2 900 600 80 100 900 100 25 100 1000 1000 10 60 10 60 10 60 2 1 20 900 150 100 100 900 700 100 100
8628 -2 700 600 80 100 700 100 20 100 1000 1000 9 100 9 100 9 100 2 1 15 700 150 100 100 700 800 100 100
8629 -2 900 600 80 100 900 0 25 100 1000 1000 8 60 8 60 8 60 0 1 15 900 100 100 100 900 700 100 100
8630 -2 900 600 80 100 900 0 20 100 1000 1000 10 60 10 60 10 60 0 1 20 900 300 100 100 900 600 100 100
8631 -2 900 600 80 100 900 0 20 100 1000 1000 8 100 8 100 8 100 0 1 20 900 300 100 100 900 600 100 100
8632 -2 900 600 80 100 900 100 15 100 1000 1000 10 100 10 100 10 100 2 1 15 900 300 100 100 900 800 100 100
8633 -2 800 600 80 100 800 100 15 100 1000 1000 9 60 9 60 9 60 0 1 20 800 300 100 100 800 700 100 100
8634 -2 700 600 80 100 700 100 20 100 1000 1000 9 60 9 60 9 60 2 1 20 700 300 100 100 700 800 100 100
8635 -2 900 600 80 100 900 0 20 100 1000 1000 9 100 9 100 9 100 2 1 10 900 300 100 100 900 700 100 100
8636 -2 900 600 80 100 900 0 15 100 1000 1000 8 60 8 60 8 60 2 1 10 900 150 100 100 900 700 100 100
8637 -2 800 600 80 100 800 100 15 100 1000 1000 10 60 10 60 10 60 0 1 10 800 300 100 100 800 800 100 100
8638 -2 800 600 80 100 800 100 20 100 1000 1000 9 100 9 100 9 100 2 1 20 800 300 100 100 800 800 100 100
8639 -2 900 600 80 100 900 0 15 100 1000 1000 9 100 9 100 9 100 0 1 20 900 100 100 100 900 600 100 100
8640 -2 800 600 80 100 800 100 20 100 1000 1000 10 60 10 60 10 60 2 1 15 800 150 100 100 800 700 100 100
8641 -2 800 600 80 100 800 100 25 100 1000 1000 9 60 9 60 9 60 2 1 20 800 300 100 100 800 800 100 100
8642 -2 900 600 80 100 900 100 20 100 1000 1000 8 60 8 60 8 60 2 1 20 900 150 100 100 900 700 100 100
8643 -2 800 600 80 100 800 100 15 100 1000 1000 10 100 10 100 10 100 0 1 15 800 150 100 100 800 700 100 100
8644 -2 900 600 80 100 900 100 20 100 1000 1000 8 100 8 100 8 100 0 1 10 900 300 100 100 900 800 100 100
8645 -2 800 600 80 100 800 100 20 100 1000 1000 8 100 8 100 8 100 2 1 15 800 100 100 100 800 800 100 100
8646 -2 700 600 80 100 700 0 15 100 1000 1000 8 60 8 60 8 60 0 1 15 700 100 100 100 700 700 100 100
8647 -2 800 600 80 100 800 0 20 100 1000 1000 10 60 10 60 10 60 0 1 15 800 300 100 100 800 600 100 100
8648 -2 900 600 80 100 900 0 20 100 1000 1000 8 60 8 60 8 60 0 1 10 900 300 100 100 900 700 100 100
8649 -2 800 600 80 100 800 100 15 100 1000 1000 10 100 10 100 10 100 0 1 10 800 150 100 100 800 600 100 100
8650 -2 700 600 80 100 700 100 25 100 1000 1000 8 60 8 60 8 60 0 1 15 700 150 100 100 700 800 100 100
8651 -2 900 600 80 100 900 0 25 100 1000 1000 8 60 8 60 8 60 0 1 10 900 150 100 100 900 800 100 100
8652 -2 900 600 80 100 900 100 25 100 1000 1000 10 60 10 60 10 60 0 1 10 900 150 100 100 900 600 100 100
8653 -2 700 600 80 100 700 100 25 100 1000 1000 9 60 9 60 9 60 0 1 10 700 150 100 100 700 700 100 100
8654 -2 800 600 80 100 800 100 15 100 1000 1000 9 60 9 60 9 60 2 1 15 800 150 100 100 800 800 100 100
8655 -2 700 600 80 100 700 0 25 100 1000 1000 8 60 8 60 8 60 0 1 15 700 300 100 100 700 800 100 100
8656 -2 700 600 80 100 700 100 20 100 1000 1000 8 100 8 100 8 100 0 1 15 700 100 100 100 700 600 100 100
8657 -2 800 600 80 100 800 0 20 100 1000 1000 10 60 10 60 10 60 0 1 20 800 300 100 100 800 800 100 100
8658 -2 700 600 80 100 700 100 25 100 1000 1000 10 60 10 60 10 60 0 1 20 700 150 100 100 700 700 100 100
8659 -2 900 600 80 100 900 100 20 100 1000 1000 9 100 9 100 9 100 0 1 15 900 150 100 100 900 600 100 100
8660 -2 900 600 80 100 900 100 15 100 1000 1000 10 100 10 100 10 100 2 1 15 900 150 100 100 900 800 100 100
8661 -2 700 600 80 100 700 0 25 100 1000 1000 10 60 10 60 10 60 0 1 15 700 150 100 100 700 700 100 100
8662 -2 800 600 80 100 800 0 15 100 1000 1000 10 60 10 60 10 60 2 1 10 800 100 100 100 800 700 100 100
8663 -2 900 600 80 100 900 100 25 100 1000 1000 9 100 9 100 9 100 0 1 20 900 150 100 100 900 800 100 100
8664 -2 900 600 80 100 900 0 15 100 1000 1000 8 60 8 60 8 60 2 1 20 900 150 100 100 900 600 100 100
8665 -2 700 600 80 100 700 0 15 100 1000 1000 8 60 8 60 8 60 0 1 10 700 300 100 100 700 600 100 100
8666 -2 900 600 80 100 900 100 25 100 1000 1000 8 100 8 100 8 100 2 1 15 900 100 100 100 900 600 100 100
8667 -2 900 600 80 100 900 100 15 100 1000 1000 9 100 9 100 9 100 0 1 15 900 150 100 100 900 700 100 100
8668 -2 700 600 80 100 700 0 20 100 1000 1000 8 60 8 60 8 60 2 1 10 700 150 100 100 700 700 100 100
8669 -2 800 600 80 100 800 0 15 100 1000 1000 8 60 8 60 8 60 0 1 20 800 100 100 100 800 700 100 100
8670 -2 800 600 80 100 800 0 20 100 1000 1000 9 100 9 100 9 100 2 1 15 800 150 100 100 800 600 100 100
8671 -2 700 600 80 100 700 0 25 100 1000 1000 8 60 8 60 8 60 2 1 20 700 150 100 100 700 700 100 100
8672 -2 800 600 80 100 800 0 15 100 1000 1000 8 100 8 100 8 100 2 1 10 800 150 100 100 800 800 100 100
8673 -2 900 600 80 100 900 0 25 100 1000 1000 8 100 8 100 8 100 2 1 15 900 150 100 100 900 700 100 100
8674 -2 800 600 80 100 800 100 15 100 1000 1000 8 100 8 100 8 100 0 1 15 800 100 100 100 800 700 100 100
8675 -2 900 600 80 100 900 100 20 100 1000 1000 10 60 10 60 10 60 0 1 10 900 150 100 100 900 700 100 100
8676 -2 800 600 80 100 800 100 20 100 1000 1000 8 100 8 100 8 100 0 1 20 800 100 100 100 800 800 100 100
8677 -2 700 600 80 100 700 100 15 100 1000 1000 8 100 8 100 8 100 2 1 20 700 300 100 100 700 700 100 100
8678 -2 800 600 80 100 800 100 15 100 1000 1000 10 100 10 100 10 100 0 1 20 800 300 100 100 800 700 100 100
8679 -2 900 600 80 100 900 100 20 100 1000 1000 8 100 8 100 8 100 0 1 15 900 300 100 100 900 600 100 100
8680 -2 900 600 80 100 900 100 20 100 1000 1000 8 100 8 100 8 100 2 1 10 900 100 100 100 900 800 100 100
8681 -2 700 600 80 100 700 0 25 100 1000 1000 10 60 10 60 10 60 0 1 15 700 150 100 100 700 800 100 100
8682 -2 900 600 80 100 900 0 15 100 1000 1000 10 100 10 100 10 100 0 1 20 900 300 100 100 900 600 100 100
8683 -2 700 600 80 100 700 100 15 100 1000 1000 10 100 10 100 10 100 2 1 10 700 300 100 100 700 700 100 100
8684 -2 700 600 80 100 700 0 20 100 1000 1000 8 100 8 100 8 100 0 1 20 700 150 100 100 700 700 100 100
8685 -2 800 600 80 100 800 100 25 100 1000 1000 10 100 10 100 10 100 2 1 10 800 150 100 100 800 800 100 100
8686 -2 800 600 80 100 800 0 15 100 1000 1000 9 100 9 100 9 100 2 1 15 800 150 100 100 800 600 100 100
8687 -2 700 600 80 100 700 100 20 100 1000 1000 10 100 10 100 10 100 0 1 20 700 300 100 100 700 700 100 100
8688 -2 900 600 80 100 900 100 20 100 1000 1000 8 60 8 60 8 60 0 1 15 900 300 100 100 900 800 100 100
8689 -2 900 600 80 100 900 0 15 100 1000 1000 10 60 10 60 10 60 2 1 10 900 300 100 100 900 700 100 100
8690 -2 900 600 80 100 900 100 25 100 1000 1000 8 60 8 60 8 60 0 1 20 900 150 100 100 900 800 100 100
8691 -2 700 600 80 100 700 100 20 100 1000 1000 10 60 10 60 10 60 2 1 10 700 150 100 100 700 800 100 100
8692 -2 900 600 80 100 900 0 15 100 1000 1000 9 60 9 60 9 60 2 1 20 900 100 100 100 900 600 100 100
8693 -2 900 600 80 100 900 100 20 100 1000 1000 10 60 10 60 10 60 2 1 10 900 100 100 100 900 600 100 100
8694 -2 700 600 80 100 700 100 25 100 1000 1000 8 60 8 60 8 60 2 1 10 700 300 100 100 700 600 100 100
8695 -2 700 600 80 100 700 0 15 100 1000 1000 9 100 9 100 9 100 0 1 15 700 150 100 100 700 800 100 100
8696 -2 900 600 80 100 900 100 15 100 1000 1000 10 100 10 100 10 100 0 1 15 900 100 100 100 900 800 100 100
8697 -2 900 600 80 100 900 0 20 100 1000 1000 8 100 8 100 8 100 0 1 15 900 100 100 100 900 600 100 100
8698 -2 900 600 80 100 900 0 25 100 1000 1000 9 100 9 100 9 100 0 1 20 900 300 100 100 900 600 100 100
8699 -2 800 600 80 100 800 0 15 100 1000 1000 8 60 8 60 8 60 2 1 10 800 300 100 100 800 800 100 100
8700 -2 900 600 80 100 900 100 15 100 1000 1000 10 100 10 100 10 100 0 1 10 900 150 100 100 900 600 100 100
8701 -2 700 600 80 100 700 100 25 100 1000 1000 8 100 8 100 8 100 2 1 10 700 300 100 100 700 600 100 100
8702 -2 800 600 80 100 800 0 15 100 1000 1000 9 60 9 60 9 60 0 1 10 800 150 100 100 800 700 100 100
8703 -2 700 600 80 100 700 0 25 100 1000 1000 8 100 8 100 8 100 2 1 15 700 150 100 100 700 700 100 100
8704 -2 900 600 80 100 900 0 15 100 1000 1000 10 60 10 60 10 60 0 1 15 900 100 100 100 900 600 100 100
8705 -2 800 600 80 100 800 100 20 100 1000 1000 10 60 10 60 10 60 0 1 10 800 100 100 100 800 600 100 100
8706 -2 800 600 80 100 800 100 25 100 1000 1000 8 60 8 60 8 60 0 1 15 800 150 100 100 800 600 100 100
8707 -2 800 600 80 100 800 100 15 100 1000 1000 8 60 8 60 8 60 0 1 20 800 300 100 100 800 700 100 100
8708 -2 800 600 80 100 800 100 20 100 1000 1000 9 60 9 60 9 60 0 1 10 800 300 100 100 800 800 100 100
8709 -2 800 600 80 100 800 100 20 100 1000 1000 9 60 9 60 9 60 2 1 15 800 300 100 100 800 800 100 100
8710 -2 900 600 80 100 900 0 15 100 1000 1000 10 100 10 100 10 100 2 1 10 900 150 100 100 900 600 100 100
8711 -2 900 600 80 100 900 0 20 100 1000 1000 8 60 8 60 8 60 2 1 15 900 100 100 100 900 700 100 100
8712 -2 700 600 80 100 700 100 25 100 1000 1000 10 100 10 100 10 100 2 1 10 700 100 100 100 700 700 100 100
8713 -2 900 600 80 100 900 0 15 100 1000 1000 8 100 8 100 8 100 2 1 20 900 300 100 100 900 800 100 100
8714 -2 800 600 80 100 800 0 20 100 1000 1000 9 100 9 100 9 100 0 1 15 800 100 100 100 800 800 100 100
8715 -2 800 600 80 100 800 100 15 100 1000 1000 9 60 9 60 9 60 0 1 15 800 150 100 100 800 800 100 100
8716 -2 900 600 80 100 900 100 15 100 1000 1000 9 100 9 100 9 100 0 1 15 900 100 100 100 900 600 100 100
8717 -2 800 600 80 100 800 0 20 100 1000 1000 9 100 9 100 9 100 0 1 15 800 300 100 100 800 600 100 100
8718 -2 900 600 80 100 900 0 25 100 1000 1000 8 100 8 100 8 100 0 1 20 900 100 100 100 900 800 100 100
8719 -2 700 600 80 100 700 0 25 100 1000 1000 8 60 8 60 8 60 2 1 10 700 150 100 100 700 800 100 100
8720 -2 700 600 80 100 700 0 15 100 1000 1000 9 100 9 100 9 100 0 1 15 700 100 100 100 700 800 100 100
8721 -2 900 600 80 100 900 100 15 100 1000 1000 10 100 10 100 10 100 2 1 20 900 300 100 100 900 700 100 100
8722 -2 800 600 80 100 800 0 20 100 1000 1000 10 60 10 60 10 60 0 1 15 800 150 100 100 800 800 100 100
8723 -2 900 600 80 100 900 100 15 100 1000 1000 10 60 10 60 10 60 0 1 15 900 100 100 100 900 600 100 100
8724 -2 900 600 80 100 900 100 15 100 1000 1000 9 60 9 60 9 60 2 1 20 900 150 100 100 900 700 100 100
8725 -2 800 600 80 100 800 100 20 100 1000 1000 8 100 8 100 8 100 2 1 10 800 100 100 100 800 800 100 100
8726 -2 700 600 80 100 700 0 25 100 1000 1000 8 60 8 60 8 60 2 1 20 700 300 100 100 700 700 100 100
8727 -2 900 600 80 100 900 100 15 100 1000 1000 9 60 9 60 9 60 2 1 10 900 300 100 100 900 800 100 100
8728 -2 800 600 80 100 800 0 20 100 1000 1000 8 100 8 100 8 100 2 1 10 800 300 100 100 800 700 100 100
8729 -2 700 600 80 100 700 100 20 100 1000 1000 8 100 8 100 8 100 0 1 20 700 300 100 100 700 700 100 100
8730 -2 700 600 80 100 700 0 25 100 1000 1000 9 100 9 100 9 100 2 1 10 700 150 100 100 700 600 100 100
8731 -2 800 600 80 100 800 100 25 100 1000 1000 10 100 10 100 10 100 0 1 20 800 150 100 100 800 700 100 100
8732 -2 800 600 80 100 800 100 15 100 1000 1000 10 100 10 100 10 100 2 1 10 800 100 100 100 800 800 100 100
8733 -2 900 600 80 100 900 0 25 100 1000 1000 8 100 8 100 8 100 2 1 10 900 150 100 100 900 600 100 100
8734 -2 800 600 80 100 800 0 20 100 1000 1000 9 60 9 60 9 60 2 1 15 800 300 100 100 800 800 100 100
8735 -2 900 600 80 100 900 100 15 100 1000 1000 8 60 8 60 8 60 0 1 20 900 150 100 100 900 800 100 100
8736 -2 800 600 80 100 800 0 15 100 1000 1000 9 100 9 100 9 100 0 1 20 800 150 100 100 800 700 100 100
8737 -2 700 600 80 100 700 0 15 100 1000 1000 10 60 10 60 10 60 0 1 20 700 100 100 100 700 600 100 100
8738 -2 900 600 80 100 900 0 20 100 1000 1000 10 100 10 100 10 100 2 1 15 900 150 100 100 900 700 100 100
8739 -2 800 600 80 100 800 0 15 100 1000 1000 9 60 9 60 9 60 0 1 15 800 150 100 100 800 700 100 100
8740 -2 900 600 80 100 900 100 20 100 1000 1000 10 100 10 100 10 100 0 1 20 900 100 100 100 900 700 100 100
8741 -2 800 600 80 100 800 0 15 100 1000 1000 8 60 8 60 8 60 0 1 10 800 100 100 100 800 700 100 100
8742 -2 700 600 80 100 700 0 25 100 1000 1000 9 100 9 100 9 100 0 1 20 700 100 100 100 700 800 100 100
8743 -2 900 600 80 100 900 0 20 100 1000 1000 8 60 8 60 8 60 0 1 15 900 100 100 100 900 700 100 100
8744 -2 900 600 80 100 900 100 20 100 1000 1000 10 60 10 60 10 60 0 1 20 900 100 100 100 900 700 100 100
8745 -2 800 600 80 100 800 100 15 100 1000 1000 10 60 10 60 10 60 0 1 10 800 300 100 100 800 600 100 100
8746 -2 800 600 80 100 800 0 20 100 1000 1000 8 100 8 100 8 100 2 1 20 800 150 100 100 800 600 100 100
8747 -2 700 600 80 100 700 0 20 100 1000 1000 8 100 8 100 8 100 0 1 10 700 300 100 100 700 800 100 100
8748 -2 800 600 80 100 800 0 15 100 1000 1000 10 60 10 60 10 60 2 1 15 800 150 100 100 800 600 100 100
8749 -2 700 600 80 100 700 0 20 100 1000 1000 10 60 10 60 10 60 0 1 20 700 100 100 100 700 800 100 100
8750 -2 900 600 80 100 900 0 20 100 1000 1000 8 60 8 60 8 60 2 1 20 900 300 100 100 900 800 100 100
8751 -2 900 600 80 100 900 0 25 100 1000 1000 10 100 10 100 10 100 2 1 10 900 150 100 100 900 700 100 100
8752 -2 800 600 80 100 800 100 20 100 1000 1000 9 60 9 60 9 60 2 1 15 800 150 100 100 800 600 100 100
8753 -2 700 600 80 100 700 100 15 100 1000 1000 8 60 8 60 8 60 2 1 15 700 150 100 100 700 600 100 100
8754 -2 800 600 80 100 800 0 25 100 1000 1000 8 100 8 100 8 100 2 1 20 800 300 100 100 800 700 100 100
8755 -2 700 600 80 100 700 0 20 100 1000 1000 10 60 10 60 10 60 0 1 15 700 300 100 100 700 600 100 100
8756 -2 900 600 80 100 900 100 20 100 1000 1000 8 60 8 60 8 60 0 1 10 900 150 100 100 900 800 100 100
8757 -2 800 600 80 100 800 0 20 100 1000 1000 8 100 8 100 8 100 0 1 10 800 150 100 100 800 600 100 100
8758 -2 800 600 80 100 800 100 25 100 1000 1000 9 100 9 100 9 100 2 1 10 800 150 100 100 800 600 100 100
8759 -2 700 600 80 100 700 0 25 100 1000 1000 10 100 10 100 10 100 2 1 20 700 100 100 100 700 700 100 100
8760 -2 800 600 80 100 800 100 25 100 1000 1000 8 100 8 100 8 100 2 1 10 800 100 100 100 800 800 100 100
8761 -2 800 600 80 100 800 0 15 100 1000 1000 10 60 10 60 10 60 2 1 20 800 150 100 100 800 700 100 100
8762 -2 700 600 80 100 700 0 15 100 1000 1000 10 60 10 60 10 60 2 1 10 700 150 100 100 700 700 100 100
8763 -2 900 600 80 100 900 0 20 100 1000 1000 8 60 8 60 8 60 0 1 10 900 100 100 100 900 600 100 100
8764 -2 900 600 80 100 900 100 15 100 1000 1000 8 60 8 60 8 60 0 1 20 900 300 100 100 900 800 100 100
8765 -2 700 600 80 100 700 100 25 100 1000 1000 9 100 9 100 9 100 0 1 10 700 150 100 100 700 700 100 100
8766 -2 700 600 80 100 700 0 15 100 1000 1000 9 60 9 60 9 60 0 1 20 700 100 100 100 700 600 100 100
8767 -2 800 600 80 100 800 100 15 100 1000 1000 9 100 9 100 9 100 2 1 15 800 100 100 100 800 700 100 100
8768 -2 900 600 80 100 900 0 20 100 1000 1000 8 100 8 100 8 100 0 1 15 900 150 100 100 900 800 100 100
8769 -2 800 600 80 100 800 0 20 100 1000 1000 9 100 9 100 9 100 0 1 10 800 100 100 100 800 700 100 100
8770 -2 800 600 80 100 800 0 20 100 1000 1000 8 60 8 60 8 60 0 1 15 800 100 100 100 800 600 100 100
8771 -2 700 600 80 100 700 0 15 100 1000 1000 9 60 9 60 9 60 2 1 15 700 150 100 100 700 800 100 100
8772 -2 800 600 80 100 800 100 25 100 1000 1000 10 60 10 60 10 60 0 1 20 800 100 100 100 800 700 100 100
8773 -2 900 600 80 100 900 100 15 100 1000 1000 8 100 8 100 8 100 2 1 10 900 100 100 100 900 600 100 100
8774 -2 800 600 80 100 800 100 15 100 1000 1000 10 100 10 100 10 100 0 1 20 800 150 100 100 800 800 100 100
8775 -2 900 600 80 100 900 0 25 100 1000 1000 10 60 10 60 10 60 2 1 10 900 300 100 100 900 600 100 100
8776 -2 700 600 80 100 700 0 15 100 1000 1000 9 100 9 100 9 100 2 1 15 700 150 100 100 700 800 100 100
8777 -2 800 600 80 100 800 100 15 100 1000 1000 10 100 10 100 10 100 2 1 10 800 150 100 100 800 700 100 100
8778 -2 900 600 80 100 900 100 15 100 1000 1000 8 100 8 100 8 100 0 1 10 900 100 100 100 900 800 100 100
8779 -2 800 600 80 100 800 0 25 100 1000 1000 10 100 10 100 10 100 2 1 10 800 100 100 100 800 600 100 100
8780 -2 900 600 80 100 900 0 20 100 1000 1000 10 60 10 60 10 60 2 1 20 900 300 100 100 900 800 100 100
8781 -2 900 600 80 100 900 100 20 100 1000 1000 9 100 9 100 9 100 2 1 10 900 150 100 100 900 600 100 100
8782 -2 700 600 80 100 700 0 15 100 1000 1000 8 60 8 60 8 60 0 1 20 700 100 100 100 700 700 100 100
8783 -2 900 600 80 100 900 0 25 100 1000 1000 8 100 8 100 8 100 2 1 10 900 300 100 100 900 600 100 100
8784 -2 800 600 80 100 800 0 20 100 1000 1000 8 60 8 60 8 60 0 1 10 800 300 100 100 800 700 100 100
8785 -2 900 600 80 100 900 0 15 100 1000 1000 9 60 9 60 9 60 0 1 15 900 100 100 100 900 600 100 100
8786 -2 700 600 80 100 700 100 15 100 1000 1000 8 60 8 60 8 60 0 1 10 700 150 100 100 700 800 100 100
8787 -2 800 600 80 100 800 100 25 100 1000 1000 10 100 10 100 10 100 2 1 20 800 300 100 100 800 700 100 100
8788 -2 700 600 80 100 700 100 15 100 1000 1000 8 100 8 100 8 100 2 1 15 700 150 100 100 700 800 100 100
8789 -2 900 600 80 100 900 100 15 100 1000 1000 8 100 8 100 8 100 0 1 15 900 150 100 100 900 700 100 100
8790 -2 700 600 80 100 700 0 25 100 1000 1000 9 60 9 60 9 60 2 1 15 700 300 100 100 700 800 100 100
8791 -2 700 600 80 100 700 0 25 100 1000 1000 8 100 8 100 8 100 2 1 15 700 300 100 100 700 700 100 100
8792 -2 900 600 80 100 900 0 15 100 1000 1000 9 100 9 100 9 100 0 1 20 900 150 100 100 900 700 100 100
8793 -2 900 600 80 100 900 100 15 100 1000 1000 8 100 8 100 8 100 0 1 20 900 150 100 100 900 600 100 100
8794 -2 800 600 80 100 800 100 25 100 1000 1000 9 100 9 100 9 100 0 1 20 800 100 100 100 800 800 100 100
8795 -2 800 600 80 100 800 0 25 100 1000 1000 10 100 10 100 10 100 0 1 20 800 300 100 100 800 700 100 100
8796 -2 900 600 80 100 900 100 20 100 1000 1000 8 60 8 60 8 60 2 1 20 900 300 100 100 900 600 100 100
8797 -2 800 600 80 100 800 100 25 100 1000 1000 9 60 9 60 9 60 2 1 10 800 100 100 100 800 700 100 100
8798 -2 700 600 80 100 700 0 20 100 1000 1000 10 100 10 100 10 100 0 1 15 700 100 100 100 700 700 100 100
8799 -2 900 600 80 100 900 100 25 100 1000 1000 10 60 10 60 10 60 0 1 15 900 150 100 100 900 700 100 100
8800 -2 900 600 80 100 900 100 25 100 1000 1000 10 60 10 60 10 60 2 1 15 900 300 100 100 900 700 100 100
8801 -2 900 600 80 100 900 0 25 100 1000 1000 10 100 10 100 10 100 2 1 20 900 300 100 100 900 700 100 100
8802 -2 700 600 80 100 700 0 15 100 1000 1000 8 100 8 100 8 100 0 1 20 700 100 100 100 700 800 100 100
8803 -2 900 600 80 100 900 0 15 100 1000 1000 9 100 9 100 9 100 0 1 10 900 100 100 100 900 700 100 100
8804 -2 700 600 80 100 700 100 25 100 1000 1000 9 100 9 100 9 100 2 1 15 700 150 100 100 700 600 100 100
8805 -2 900 600 80 100 900 100 25 100 1000 1000 10 60 10 60 10 60 2 1 20 900 300 100 100 900 700 100 100
8806 -2 900 600 80 100 900 100 20 100 1000 1000 8 60 8 60 8 60 2 1 10 900 100 100 100 900 700 100 100
8807 -2 700 600 80 100 700 0 25 100 1000 1000 9 100 9 100 9 100 2 1 15 700 150 100 100 700 800 100 100
8808 -2 800 600 80 100 800 100 20 100 1000 1000 10 100 10 100 10 100 2 1 10 800 150 100 100 800 700 100 100
8809 -2 700 600 80 100 700 100 20 100 1000 1000 8 60 8 60 8 60 0 1 10 700 150 100 100 700 600 100 100
8810 -2 700 600 80 100 700 100 25 100 1000 1000 9 60 9 60 9 60 2 1 20 700 150 100 100 700 600 100 100
8811 -2 700 600 80 100 700 0 25 100 1000 1000 8 100 8 100 8 100 0 1 10 700 150 100 100 700 700 100 100
8812 -2 700 600 80 100 700 100 15 100 1000 1000 9 60 9 60 9 60 0 1 10 700 150 100 100 700 600 100 100
8813 -2 700 600 80 100 700 100 20 100 1000 1000 9 60 9 60 9 60 0 1 10 700 100 100 100 700 600 100 100
8814 -2 900 600 80 100 900 100 20 100 1000 1000 9 100 9 100 9 100 2 1 15 900 100 100 100 900 800 100 100
8815 -2 700 600 80 100 700 100 25 100 1000 1000 10 100 10 100 10 100 0 1 10 700 300 100 100 700 800 100 100
8816 -2 700 600 80 100 700 100 25 100 1000 1000 8 100 8 100 8 100 2 1 15 700 100 100 100 700 800 100 100
8817 -2 700 600 80 100 700 0 15 100 1000 1000 8 100 8 100 8 100 0 1 10 700 300 100 100 700 700 100 100
8818 -2 800 600 80 100 800 0 15 100 1000 1000 10 60 10 60 10 60 0 1 10 800 100 100 100 800 600 100 100
8819 -2 800 600 80 100 800 100 25 100 1000 1000 9 100 9 100 9 100 0 1 10 800 150 100 100 800 700 100 100
8820 -2 900 600 80 100 900 0 25 100 1000 1000 8 60 8 60 8 60 2 1 15 900 150 100 100 900 800 100 100
8821 -2 900 600 80 100 900 100 20 100 1000 1000 8 60 8 60 8 60 0 1 20 900 300 100 100 900 700 100 100
8822 -2 700 600 80 100 700 0 25 100 1000 1000 9 60 9 60 9 60 0 1 20 700 150 100 100 700 600 100 100
8823 -2 800 600 80 100 800 100 15 100 1000 1000 9 60 9 60 9 60 0 1 20 800 100 100 100 800 600 100 100
8824 -2 800 600 80 100 800 100 25 100 1000 1000 10 60 10 60 10 60 0 1 10 800 300 100 100 800 800 100 100
8825 -2 700 600 80 100 700 0 20 100 1000 1000 10 100 10 100 10 100 2 1 20 700 300 100 100 700 800 100 100
8826 -2 700 600 80 100 700 100 15 100 1000 1000 10 100 10 100 10 100 2 1 10 700 100 100 100 700 800 100 100
8827 -2 900 600 80 100 900 100 20 100 1000 1000 8 60 8 60 8 60 2 1 10 900 150 100 100 900 800 100 100
8828 -2 900 600 80 100 900 100 20 100 1000 1000 9 100 9 100 9 100 0 1 20 900 300 100 100 900 700 100 100
8829 -2 800 600 80 100 800 100 20 100 1000 1000 9 60 9 60 9 60 0 1 20 800 100 100 100 800 800 100 100
8830 -2 700 600 80 100 700 100 25 100 1000 1000 8 100 8 100 8 100 2 1 15 700 150 100 100 700 600 100 100
8831 -2 700 600 80 100 700 0 25 100 1000 1000 8 100 8 100 8 100 2 1 15 700 100 100 100 700 600 100 100
8832 -2 800 600 80 100 800 100 15 100 1000 1000 8 60 8 60 8 60 0 1 20 800 300 100 100 800 800 100 100
8833 -2 800 600 80 100 800 0 20 100 1000 1000 10 100 10 100 10 100 0 1 15 800 100 100 100 800 700 100 100
8834 -2 700 600 80 100 700 0 20 100 1000 1000 8 100 8 100 8 100 2 1 15 700 100 100 100 700 700 100 100
8835 -2 800 600 80 100 800 0 25 100 1000 1000 9 60 9 60 9 60 2 1 15 800 300 100 100 800 600 100 100
8836 -2 700 600 80 100 700 0 25 100 1000 1000 10 60 10 60 10 60 0 1 20 700 150 100 100 700 600 100 100
8837 -2 800 600 80 100 800 100 15 100 1000 1000 9 100 9 100 9 100 2 1 15 800 150 100 100 800 600 100 100
8838 -2 700 600 80 100 700 100 20 100 1000 1000 8 100 8 100 8 100 0 1 20 700 150 100 100 700 600 100 100
8839 -2 900 600 80 100 900 0 15 100 1000 1000 10 60 10 60 10 60 0 1 15 900 100 100 100 900 700 100 100
8840 -2 800 600 80 100 800 0 15 100 1000 1000 10 60 10 60 10 60 2 1 10 800 150 100 100 800 800 100 100
8841 -2 800 600 80 100 800 100 15 100 1000 1000 8 100 8 100 8 100 0 1 20 800 300 100 100 800 600 100 100
8842 -2 900 600 80 100 900 100 25 100 1000 1000 9 100 9 100 9 100 2 1 10 900 150 100 100 900 800 100 100
8843 -2 900 600 80 100 900 0 20 100 1000 1000 8 60 8 60 8 60 2 1 15 900 100 100 100 900 600 100 100
8844 -2 900 600 80 100 900 0 20 100 1000 1000 10 100 10 100 10 100 0 1 10 900 100 100 100 900 600 100 100
8845 -2 900 600 80 100 900 100 15 100 1000 1000 9 100 9 100 9 100 0 1 20 900 150 100 100 900 700 100 100
8846 -2 900 600 80 100 900 100 25 100 1000 1000 9 100 9 100 9 100 2 1 20 900 300 100 100 900 800 100 100
8847 -2 700 600 80 100 700 0 20 100 1000 1000 10 100 10 100 10 100 0 1 20 700 150 100 100 700 600 100 100
8848 -2 700 600 80 100 700 100 25 100 1000 1000 10 100 10 100 10 100 2 1 20 700 100 100 100 700 800 100 100
8849 -2 800 600 80 100 800 0 15 100 1000 1000 8 60 8 60 8 60 0 1 20 800 300 100 100 800 700 100 100
8850 -2 900 600 80 100 900 0 25 100 1000 1000 9 60 9 60 9 60 2 1 10 900 300 100 100 900 700 100 100
8851 -2 900 600 80 100 900 100 15 100 1000 1000 8 60 8 60 8 60 0 1 10 900 150 100 100 900 600 100 100
8852 -2 800 600 80 100 800 0 25 100 1000 1000 8 60 8 60 8 60 2 1 20 800 150 100 100 800 800 100 100
8853 -2 900 600 80 100 900 0 20 100 1000 1000 8 60 8 60 8 60 2 1 20 900 300 100 100 900 600 100 100
8854 -2 900 600 80 100 900 100 25 100 1000 1000 8 100 8 100 8 100 2 1 15 900 300 100 100 900 600 100 100
8855 -2 900 600 80 100 900 0 25 100 1000 1000 9 60 9 60 9 60 2 1 15 900 300 100 100 900 600 100 100
8856 -2 700 600 80 100 700 100 15 100 1000 1000 8 100 8 100 8 100 2 1 15 700 100 100 100 700 600 100 100
8857 -2 800 600 80 100 800 100 15 100 1000 1000 8 100 8 100 8 100 0 1 10 800 300 100 100 800 700 100 100
8858 -2 700 600 80 100 700 100 15 100 1000 1000 10 60 10 60 10 60 2 1 15 700 300 100 100 700 800 100 100
8859 -2 700 600 80 100 700 100 15 100 1000 1000 10 100 10 100 10 100 0 1 15 700 300 100 100 700 800 100 100
8860 -2 800 600 80 100 800 100 20 100 1000 1000 8 60 8 60 8 60 2 1 20 800 150 100 100 800 700 100 100
8861 -2 900 600 80 100 900 100 20 100 1000 1000 10 60 10 60 10 60 0 1 10 900 100 100 100 900 700 100 100
8862 -2 800 600 80 100 800 100 25 100 1000 1000 8 60 8 60 8 60 2 1 20 800 100 100 100 800 700 100 100
8863 -2 800 600 80 100 800 100 20 100 1000 1000 9 60 9 60 9 60 0 1 20 800 150 100 100 800 700 100 100
8864 -2 800 600 80 100 800 0 15 100 1000 1000 10 60 10 60 10 60 0 1 20 800 150 100 100 800 700 100 100
8865 -2 700 600 80 100 700 0 20 100 1000 1000 10 60 10 60 10 60 2 1 15 700 100 100 100 700 600 100 100
8866 -2 700 600 80 100 700 0 15 100 1000 1000 9 100 9 100 9 100 0 1 15 700 300 100 100 700 700 100 100
8867 -2 900 600 80 100 900 0 15 100 1000 1000 10 60 10 60 10 60 0 1 15 900 300 100 100 900 800 100 100
8868 -2 800 600 80 100 800 100 15 100 1000 1000 8 100 8 100 8 100 2 1 20 800 300 100 100 800 700 100 100
8869 -2 700 600 80 100 700 0 20 100 1000 1000 8 60 8 60 8 60 2 1 15 700 300 100 100 700 600 100 100
8870 -2 900 600 80 100 900 100 25 100 1000 1000 8 100 8 100 8 100 2 1 15 900 300 100 100 900 700 100 100
8871 -2 900 600 80 100 900 0 15 100 1000 1000 10 100 10 100 10 100 0 1 10 900 100 100 100 900 800 100 100
8872 -2 900 600 80 100 900 100 25 100 1000 1000 8 60 8 60 8 60 0 1 10 900 300 100 100 900 800 100 100
8873 -2 800 600 80 100 800 0 25 100 1000 1000 9 100 9 100 9 100 0 1 15 800 100 100 100 800 800 100 100
8874 -2 900 600 80 100 900 0 20 100 1000 1000 8 100 8 100 8 100 2 1 15 900 150 100 100 900 700 100 100
8875 -2 900 600 80 100 900 100 20 100 1000 1000 9 100 9 100 9 100 0 1 10 900 150 100 100 900 700 100 100
8876 -2 900 600 80 100 900 0 15 100 1000 1000 10 100 10 100 10 100 0 1 10 900 150 100 100 900 700 100 100
8877 -2 900 600 80 100 900 100 15 100 1000 1000 9 60 9 60 9 60 2 1 10 900 150 100 100 900 600 100 100
8878 -2 900 600 80 100 900 100 15 100 1000 1000 8 100 8 100 8 100 2 1 20 900 150 100 100 900 700 100 100
8879 -2 900 600 80 100 900 100 25 100 1000 1000 10 60 10 60 10 60 0 1 20 900 100 100 100 900 700 100 100
8880 -2 800 600 80 100 800 100 20 100 1000 1000 8 60 8 60 8 60 0 1 10 800 100 100 100 800 600 100 100
8881 -2 900 600 80 100 900 0 20 100 1000 1000 10 100 10 100 10 100 0 1 15 900 100 100 100 900 800 100 100
8882 -2 900 600 80 100 900 100 25 100 1000 1000 9 100 9 100 9 100 2 1 15 900 150 100 100 900 700 100 100
8883 -2 800 600 80 100 800 100 15 100 1000 1000 8 60 8 60 8 60 0 1 20 800 150 100 100 800 600 100 100
8884 -2 900 600 80 100 900 100 25 100 1000 1000 10 60 10 60 10 60 2 1 20 900 150 100 100 900 600 100 100
8885 -2 700 600 80 100 700 100 15 100 1000 1000 8 100 8 100 8 100 0 1 20 700 150 100 100 700 700 100 100
8886 -2 800 600 80 100 800 0 20 100 1000 1000 10 100 10 100 10 100 2 1 15 800 150 100 100 800 800 100 100
8887 -2 800 600 80 100 800 100 20 100 1000 1000 8 60 8 60 8 60 2 1 15 800 100 100 100 800 800 100 100
8888 -2 700 600 80 100 700 100 25 100 1000 1000 9 100 9 100 9 100 0 1 20 700 300 100 100 700 700 100 100
8889 -2 900 600 80 100 900 0 20 100 1000 1000 8 60 8 60 8 60 0 1 15 900 300 100 100 900 700 100 100
8890 -2 700 600 80 100 700 0 25 100 1000 1000 10 100 10 100 10 100 2 1 10 700 150 100 100 700 600 100 100
8891 -2 900 600 80 100 900 100 15 100 1000 1000 10 60 10 60 10 60 0 1 20 900 150 100 100 900 600 100 100
8892 -2 700 600 80 100 700 100 20 100 1000 1000 10 60 10 60 10 60 0 1 20 700 300 100 100 700 600 100 100
8893 -2 800 600 80 100 800 0 25 100 1000 1000 10 60 10 60 10 60 2 1 20 800 100 100 100 800 700 100 100
8894 -2 700 600 80 100 700 0 15 100 1000 1000 8 60 8 60 8 60 2 1 15 700 150 100 100 700 700 100 100
8895 -2 900 600 80 100 900 0 15 100 1000 1000 9 100 9 100 9 100 2 1 20 900 150 100 100 900 600 100 100
8896 -2 700 600 80 100 700 100 20 100 1000 1000 9 60 9 60 9 60 2 1 20 700 150 100 100 700 700 100 100
8897 -2 900 600 80 100 900 0 15 100 1000 1000 10 60 10 60 10 60 2 1 15 900 150 100 100 900 700 100 100
8898 -2 900 600 80 100 900 100 15 100 1000 1000 10 100 10 100 10 100 2 1 10 900 300 100 100 900 700 100 100
8899 -2 700 600 80 100 700 0 15 100 1000 1000 8 100 8 100 8 100 0 1 10 700 150 100 100 700 700 100 100
8900 -2 800 600 80 100 800 100 15 100 1000 1000 9 60 9 60 9 60 0 1 20 800 150 100 100 800 800 100 100
8901 -2 700 600 80 100 700 100 25 100 1000 1000 9 60 9 60 9 60 0 1 20 700 100 100 100 700 700 100 100
8902 -2 900 600 80 100 900 0 25 100 1000 1000 10 60 10 60 10 60 2 1 10 900 150 100 100 900 800 100 100
8903 -2 900 600 80 100 900 100 15 100 1000 1000 8 60 8 60 8 60 2 1 10 900 300 100 100 900 800 100 100
8904 -2 700 600 80 100 700 0 15 100 1000 1000 9 100 9 100 9 100 2 1 10 700 100 100 100 700 700 100 100
8905 -2 900 600 80 100 900 0 20 100 1000 1000 9 100 9 100 9 100 0 1 20 900 100 100 100 900 800 100 100
8906 -2 700 600 80 100 700 100 25 100 1000 1000 8 60 8 60 8 60 2 1 20 700 300 100 100 700 800 100 100
8907 -2 900 600 80 100 900 100 25 100 1000 1000 8 100 8 100 8 100 0 1 10 900 300 100 100 900 600 100 100
8908 -2 700 600 80 100 700 0 20 100 1000 1000 9 100 9 100 9 100 0 1 15 700 300 100 100 700 800 100 100
8909 -2 700 600 80 100 700 0 15 100 1000 1000 8 60 8 60 8 60 0 1 15 700 150 100 100 700 800 100 100
8910 -2 900 600 80 100 900 100 15 100 1000 1000 9 60 9 60 9 60 2 1 15 900 300 100 100 900 600 100 100
8911 -2 700 600 80 100 700 0 15 100 1000 1000 8 100 8 100 8 100 2 1 20 700 150 100 100 700 800 100 100
8912 -2 900 600 80 100 900 0 25 100 1000 1000 10 100 10 100 10 100 2 1 15 900 100 100 100 900 700 100 100
8913 -2 900 600 80 100 900 0 15 100 1000 1000 9 60 9 60 9 60 2 1 10 900 150 100 100 900 800 100 100
8914 -2 900 600 80 100 900 0 25 100 1000 1000 9 60 9 60 9 60 2 1 10 900 300 100 100 900 800 100 100
8915 -2 800 600 80 100 800 100 25 100 1000 1000 10 100 10 100 10 100 2 1 15 800 150 100 100 800 600 100 100
8916 -2 800 600 80 100 800 100 20 100 1000 1000 10 100 10 100 10 100 2 1 20 800 100 100 100 800 800 100 100
8917 -2 900 600 80 100 900 0 15 100 1000 1000 10 100 10 100 10 100 0 1 20 900 100 100 100 900 800 100 100
8918 -2 800 600 80 100 800 100 25 100 1000 1000 8 60 8 60 8 60 0 1 20 800 150 100 100 800 600 100 100
8919 -2 700 600 80 100 700 100 15 100 1000 1000 8 60 8 60 8 60 2 1 10 700 150 100 100 700 700 100 100
8920 -2 700 600 80 100 700 0 20 100 1000 1000 10 60 10 60 10 60 2 1 20 700 100 100 100 700 800 100 100
8921 -2 900 600 80 100 900 0 20 100 1000 1000 8 60 8 60 8 60 2 1 20 900 100 100 100 900 800 100 100
8922 -2 900 600 80 100 900 100 15 100 1000 1000 10 60 10 60 10 60 2 1 15 900 300 100 100 900 700 100 100
8923 -2 700 600 80 100 700 0 25 100 1000 1000 8 60 8 60 8 60 2 1 20 700 300 100 100 700 800 100 100
8924 -2 800 600 80 100 800 100 25 100 1000 1000 9 60 9 60 9 60 0 1 10 800 300 100 100 800 800 100 100
8925 -2 800 600 80 100 800 100 15 100 1000 1000 10 100 10 100 10 100 0 1 15 800 150 100 100 800 800 100 100
8926 -2 700 600 80 100 700 0 15 100 1000 1000 10 100 10 100 10 100 0 1 15 700 300 100 100 700 600 100 100
8927 -2 700 600 80 100 700 100 25 100 1000 1000 9 60 9 60 9 60 2 1 10 700 150 100 100 700 700 100 100
8928 -2 800 600 80 100 800 100 15 100 1000 1000 8 100 8 100 8 100 0 1 20 800 150 100 100 800 600 100 100
8929 -2 800 600 80 100 800 0 20 100 1000 1000 8 60 8 60 8 60 2 1 20 800 300 100 100 800 700 100 100
8930 -2 800 600 80 100 800 100 20 100 1000 1000 9 100 9 100 9 100 0 1 10 800 300 100 100 800 700 100 100
8931 -2 700 600 80 100 700 0 15 100 1000 1000 9 100 9 100 9 100 0 1 20 700 100 100 100 700 600 100 100
8932 -2 700 600 80 100 700 100 20 100 1000 1000 8 100 8 100 8 100 0 1 10 700 300 100 100 700 700 100 100
8933 -2 900 600 80 100 900 0 15 100 1000 1000 8 60 8 60 8 60 2 1 20 900 300 100 100 900 800 100 100
8934 -2 700 600 80 100 700 0 25 100 1000 1000 10 60 10 60 10 60 0 1 20 700 150 100 100 700 800 100 100
8935 -2 900 600 80 100 900 100 25 100 1000 1000 8 60 8 60 8 60 2 1 15 900 100 100 100 900 700 100 100
8936 -2 700 600 80 100 700 100 20 100 1000 1000 9 100 9 100 9 100 0 1 20 700 300 100 100 700 700 100 100
8937 -2 800 600 80 100 800 100 25 100 1000 1000 8 60 8 60 8 60 2 1 10 800 300 100 100 800 600 100 100
8938 -2 800 600 80 100 800 100 20 100 1000 1000 8 60 8 60 8 60 2 1 20 800 150 100 100 800 600 100 100
8939 -2 900 600 80 100 900 0 15 100 1000 1000 9 60 9 60 9 60 0 1 20 900 100 100 100 900 800 100 100
8940 -2 900 600 80 100 900 100 15 100 1000 1000 8 60 8 60 8 60 0 1 15 900 100 100 100 900 600 100 100
8941 -2 900 600 80 100 900 100 20 100 1000 1000 8 100 8 100 8 100 2 1 20 900 150 100 100 900 600 100 100
8942 -2 700 600 80 100 700 0 25 100 1000 1000 10 100 10 100 10 100 2 1 15 700 300 100 100 700 800 100 100
8943 -2 800 600 80 100 800 100 20 100 1000 1000 9 100 9 100 9 100 0 1 20 800 100 100 100 800 700 100 100
8944 -2 700 600 80 100 700 100 20 100 1000 1000 8 100 8 100 8 100 0 1 20 700 100 100 100 700 700 100 100
8945 -2 900 600 80 100 900 100 25 100 1000 1000 9 100 9 100 9 100 2 1 15 900 150 100 100 900 600 100 100
8946 -2 900 600 80 100 900 100 20 100 1000 1000 8 60 8 60 8 60 0 1 20 900 300 100 100 900 800 100 100
8947 -2 800 600 80 100 800 100 20 100 1000 1000 9 60 9 60 9 60 2 1 20 800 150 100 100 800 800 100 100
8948 -2 700 600 80 100 700 100 15 100 1000 1000 10 100 10 100 10 100 2 1 10 700 150 100 100 700 800 100 100
8949 -2 700 600 80 100 700 100 15 100 1000 1000 8 100 8 100 8 100 2 1 20 700 100 100 100 700 600 100 100
8950 -2 700 600 80 100 700 100 25 100 1000 1000 9 60 9 60 9 60 0 1 15 700 100 100 100 700 700 100 100
8951 -2 800 600 80 100 800 100 25 100 1000 1000 9 60 9 60 9 60 0 1 15 800 150 100 100 800 800 100 100
8952 -2 700 600 80 100 700 100 20 100 1000 1000 8 60 8 60 8 60 0 1 20 700 100 100 100 700 800 100 100
8953 -2 900 600 80 100 900 100 15 100 1000 1000 9 100 9 100 9 100 0 1 15 900 300 100 100 900 600 100 100
8954 -2 900 600 80 100 900 100 20 100 1000 1000 10 100 10 100 10 100 0 1 20 900 300 100 100 900 700 100 100
8955 -2 800 600 80 100 800 100 25 100 1000 1000 8 60 8 60 8 60 0 1 10 800 100 100 100 800 700 100 100
8956 -2 800 600 80 100 800 0 15 100 1000 1000 9 100 9 100 9 100 0 1 15 800 100 100 100 800 700 100 100
8957 -2 700 600 80 100 700 0 25 100 1000 1000 8 60 8 60 8 60 0 1 20 700 300 100 100 700 700 100 100
8958 -2 700 600 80 100 700 0 15 100 1000 1000 9 60 9 60 9 60 0 1 20 700 150 100 100 700 600 100 100
8959 -2 700 600 80 100 700 100 15 100 1000 1000 9 60 9 60 9 60 2 1 20 700 150 100 100 700 600 100 100
8960 -2 700 600 80 100 700 100 20 100 1000 1000 10 100 10 100 10 100 0 1 10 700 150 100 100 700 700 100 100
8961 -2 800 600 80 100 800 0 25 100 1000 1000 10 100 10 100 10 100 2 1 15 800 100 100 100 800 600 100 100
8962 -2 900 600 80 100 900 0 20 100 1000 1000 10 60 10 60 10 60 0 1 10 900 300 100 100 900 800 100 100
8963 -2 700 600 80 100 700 100 20 100 1000 1000 10 60 10 60 10 60 0 1 10 700 300 100 100 700 800 100 100
8964 -2 900 600 80 100 900 100 20 100 1000 1000 10 100 10 100 10 100 2 1 15 900 100 100 100 900 600 100 100
8965 -2 800 600 80 100 800 0 25 100 1000 1000 10 100 10 100 10 100 0 1 15 800 100 100 100 800 700 100 100
8966 -2 800 600 80 100 800 0 20 100 1000 1000 8 60 8 60 8 60 2 1 10 800 100 100 100 800 700 100 100
8967 -2 900 600 80 100 900 0 20 100 1000 1000 10 100 10 100 10 100 2 1 10 900 150 100 100 900 800 100 100
8968 -2 800 600 80 100 800 0 20 100 1000 1000 8 100 8 100 8 100 2 1 10 800 150 100 100 800 800 100 100
8969 6 900 600 98 100 900 0 15 100 1000 1000 7 100 9 100 9 100 0 0 15
8970 6 900 600 99 100 900 0 15 100 1000 1000 7 100 9 100 9 100 0 0 15
8971 6 900 600 100 100 900 0 13 100 1000 1000 7 100 9 100 9 100 0 0 15
8972 6 900 600 100 100 900 0 14 100 1000 1000 7 100 9 100 9 100 0 0 15
8973 6 900 600 100 100 900 0 16 100 1000 1000 7 100 9 100 9 100 0 0 15
8974 6 900 600 100 100 900 0 17 100 1000 1000 7 100 9 100 9 100 0 0 15
8975 6 900 600 100 100 900 0 15 100 1000 1000 5 100 9 100 9 100 0 0 15
8976 6 900 600 100 100 900 0 15 100 1000 1000 6 100 9 100 9 100 0 0 15
8977 6 900 600 100 100 900 0 15 100 1000 1000 8 100 9 100 9 100 0 0 15
8978 6 900 600 100 100 900 0 15 100 1000 1000 9 100 9 100 9 100 0 0 15
8979 6 900 600 100 100 900 0 15 100 1000 1000 7 100 9 100 9 100 0 0 13
8980 6 900 600 100 100 900 0 15 100 1000 1000 7 100 9 100 9 100 0 0 14
8981 6 900 600 100 100 900 0 15 100 1000 1000 7 100 9 100 9 100 0 0 16
8982 6 900 600 100 100 900 0 15 100 1000 1000 7 100 9 100 9 100 0 0 17
8983 6 880 600 100 100 900 0 15 100 1000 1000 7 100 9 100 9 100 0 0 15
8984 6 890 600 100 100 900 0 15 100 1000 1000 7 100 9 100 9 100 0 0 15
8985 6 910 600 100 100 900 0 15 100 1000 1000 7 100 9 100 9 100 0 0 15
8986 6 920 600 100 100 900 0 15 100 1000 1000 7 100 9 100 9 100 0 0 15
8987 6 900 580 100 100 900 0 15 100 1000 1000 7 100 9 100 9 100 0 0 15
8988 6 900 590 100 100 900 0 15 100 1000 1000 7 100 9 100 9 100 0 0 15
8989 6 900 610 100 100 900 0 15 100 1000 1000 7 100 9 100 9 100 0 0 15
8990 6 900 620 100 100 900 0 15 100 1000 1000 7 100 9 100 9 100 0 0 15
8991 6 900 600 100 100 880 0 15 100 1000 1000 7 100 9 100 9 100 0 0 15
8992 6 900 600 100 100 890 0 15 100 1000 1000 7 100 9 100 9 100 0 0 15
8993 6 900 600 100 100 910 0 15 100 1000 1000 7 100 9 100 9 100 0 0 15
8994 6 900 600 100 100 920 0 15 100 1000 1000 7 100 9 100 9 100 0 0 15
8995 6 900 600 100 100 900 10 15 100 1000 1000 7 100 9 100 9 100 0 0 15
8996 6 900 600 100 100 900 20 15 100 1000 1000 7 100 9 100 9 100 0 0 15
8997 6 900 600 98 100 900 0 15 100 1000 1000 7 100 9 100 9 100 0 0 20
8998 6 900 600 99 100 900 0 15 100 1000 1000 7 100 9 100 9 100 0 0 20
8999 6 900 600 100 100 900 0 13 100 1000 1000 7 100 9 100 9 100 0 0 20
9000 6 900 600 100 100 900 0 14 100 1000 1000 7 100 9 100 9 100 0 0 20
9001 6 900 600 100 100 900 0 16 100 1000 1000 7 100 9 100 9 100 0 0 20
9002 6 900 600 100 100 900 0 17 100 1000 1000 7 100 9 100 9 100 0 0 20
9003 6 900 600 100 100 900 0 15 100 1000 1000 5 100 9 100 9 100 0 0 20
9004 6 900 600 100 100 900 0 15 100 1000 1000 6 100 9 100 9 100 0 0 20
9005 6 900 600 100 100 900 0 15 100 1000 1000 8 100 9 100 9 100 0 0 20
9006 6 900 600 100 100 900 0 15 100 1000 1000 9 100 9 100 9 100 0 0 20
9007 6 900 600 100 100 900 0 15 100 1000 1000 7 100 9 100 9 100 0 0 18
9008 6 900 600 100 100 900 0 15 100 1000 1000 7 100 9 100 9 100 0 0 19
9009 6 900 600 100 100 900 0 15 100 1000 1000 7 100 9 100 9 100 0 0 21
9010 6 900 600 100 100 900 0 15 100 1000 1000 7 100 9 100 9 100 0 0 22
9011 6 880 600 100 100 900 0 15 100 1000 1000 7 100 9 100 9 100 0 0 20
9012 6 890 600 100 100 900 0 15 100 1000 1000 7 100 9 100 9 100 0 0 20
9013 6 910 600 100 100 900 0 15 100 1000 1000 7 100 9 100 9 100 0 0 20
9014 6 920 600 100 100 900 0 15 100 1000 1000 7 100 9 100 9 100 0 0 20
9015 6 900 580 100 100 900 0 15 100 1000 1000 7 100 9 100 9 100 0 0 20
9016 6 900 590 100 100 900 0 15 100 1000 1000 7 100 9 100 9 100 0 0 20
9017 6 900 610 100 100 900 0 15 100 1000 1000 7 100 9 100 9 100 0 0 20
9018 6 900 620 100 100 900 0 15 100 1000 1000 7 100 9 100 9 100 0 0 20
9019 6 900 600 100 100 880 0 15 100 1000 1000 7 100 9 100 9 100 0 0 20
9020 6 900 600 100 100 890 0 15 100 1000 1000 7 100 9 100 9 100 0 0 20
9021 6 900 600 100 100 910 0 15 100 1000 1000 7 100 9 100 9 100 0 0 20
9022 6 900 600 100 100 920 0 15 100 1000 1000 7 100 9 100 9 100 0 0 20
9023 6 900 600 100 100 900 10 15 100 1000 1000 7 100 9 100 9 100 0 0 20
9024 6 900 600 100 100 900 20 15 100 1000 1000 7 100 9 100 9 100 0 0 20
9025 6 900 600 98 100 900 0 15 100 1000 1000 7 100 9 100 9 100 0 0 25
9026 6 900 600 99 100 900 0 15 100 1000 1000 7 100 9 100 9 100 0 0 25
9027 6 900 600 100 100 900 0 13 100 1000 1000 7 100 9 100 9 100 0 0 25
9028 6 900 600 100 100 900 0 14 100 1000 1000 7 100 9 100 9 100 0 0 25
9029 6 900 600 100 100 900 0 16 100 1000 1000 7 100 9 100 9 100 0 0 25
9030 6 900 600 100 100 900 0 17 100 1000 1000 7 100 9 100 9 100 0 0 25
9031 6 900 600 100 100 900 0 15 100 1000 1000 5 100 9 100 9 100 0 0 25
9032 6 900 600 100 100 900 0 15 100 1000 1000 6 100 9 100 9 100 0 0 25
9033 6 900 600 100 100 900 0 15 100 1000 1000 8 100 9 100 9 100 0 0 25
9034 6 900 600 100 100 900 0 15 100 1000 1000 9 100 9 100 9 100 0 0 25
9035 6 900 600 100 100 900 0 15 100 1000 1000 7 100 9 100 9 100 0 0 23
9036 6 900 600 100 100 900 0 15 100 1000 1000 7 100 9 100 9 100 0 0 24
9037 6 900 600 100 100 900 0 15 100 1000 1000 7 100 9 100 9 100 0 0 26
9038 6 900 600 100 100 900 0 15 100 1000 1000 7 100 9 100 9 100 0 0 27
9039 6 880 600 100 100 900 0 15 100 1000 1000 7 100 9 100 9 100 0 0 25
9040 6 890 600 100 100 900 0 15 100 1000 1000 7 100 9 100 9 100 0 0 25
9041 6 910 600 100 100 900 0 15 100 1000 1000 7 100 9 100 9 100 0 0 25
9042 6 920 600 100 100 900 0 15 100 1000 1000 7 100 9 100 9 100 0 0 25
9043 6 900 580 100 100 900 0 15 100 1000 1000 7 100 9 100 9 100 0 0 25
9044 6 900 590 100 100 900 0 15 100 1000 1000 7 100 9 100 9 100 0 0 25
9045 6 900 610 100 100 900 0 15 100 1000 1000 7 100 9 100 9 100 0 0 25
9046 6 900 620 100 100 900 0 15 100 1000 1000 7 100 9 100 9 100 0 0 25
9047 6 900 600 100 100 880 0 15 100 1000 1000 7 100 9 100 9 100 0 0 25
9048 6 900 600 100 100 890 0 15 100 1000 1000 7 100 9 100 9 100 0 0 25
9049 6 900 600 100 100 910 0 15 100 1000 1000 7 100 9 100 9 100 0 0 25
9050 6 900 600 100 100 920 0 15 100 1000 1000 7 100 9 100 9 100 0 0 25
9051 6 900 600 100 100 900 10 15 100 1000 1000 7 100 9 100 9 100 0 0 25
9052 6 900 600 100 100 900 20 15 100 1000 1000 7 100 9 100 9 100 0 0 25
9053 6 900 600 98 100 900 0 15 100 1000 1000 7 100 9 100 9 100 0 0 30
9054 6 900 600 99 100 900 0 15 100 1000 1000 7 100 9 100 9 100 0 0 30
9055 6 900 600 100 100 900 0 13 100 1000 1000 7 100 9 100 9 100 0 0 30
9056 6 900 600 100 100 900 0 14 100 1000 1000 7 100 9 100 9 100 0 0 30
9057 6 900 600 100 100 900 0 16 100 1000 1000 7 100 9 100 9 100 0 0 30
9058 6 900 600 100 100 900 0 17 100 1000 1000 7 100 9 100 9 100 0 0 30
9059 6 900 600 100 100 900 0 15 100 1000 1000 5 100 9 100 9 100 0 0 30
9060 6 900 600 100 100 900 0 15 100 1000 1000 6 100 9 100 9 100 0 0 30
9061 6 900 600 100 100 900 0 15 100 1000 1000 8 100 9 100 9 100 0 0 30
9062 6 900 600 100 100 900 0 15 100 1000 1000 9 100 9 100 9 100 0 0 30
9063 6 900 600 100 100 900 0 15 100 1000 1000 7 100 9 100 9 100 0 0 28
9064 6 900 600 100 100 900 0 15 100 1000 1000 7 100 9 100 9 100 0 0 29
9065 6 900 600 100 100 900 0 15 100 1000 1000 7 100 9 100 9 100 0 0 31
9066 6 900 600 100 100 900 0 15 100 1000 1000 7 100 9 100 9 100 0 0 32
9067 6 880 600 100 100 900 0 15 100 1000 1000 7 100 9 100 9 100 0 0 30
9068 6 890 600 100 100 900 0 15 100 1000 1000 7 100 9 100 9 100 0 0 30
9069 6 910 600 100 100 900 0 15 100 1000 1000 7 100 9 100 9 100 0 0 30
9070 6 920 600 100 100 900 0 15 100 1000 1000 7 100 9 100 9 100 0 0 30
9071 6 900 580 100 100 900 0 15 100 1000 1000 7 100 9 100 9 100 0 0 30
9072 6 900 590 100 100 900 0 15 100 1000 1000 7 100 9 100 9 100 0 0 30
9073 6 900 610 100 100 900 0 15 100 1000 1000 7 100 9 100 9 100 0 0 30
9074 6 900 620 100 100 900 0 15 100 1000 1000 7 100 9 100 9 100 0 0 30
9075 6 900 600 100 100 880 0 15 100 1000 1000 7 100 9 100 9 100 0 0 30
9076 6 900 600 100 100 890 0 15 100 1000 1000 7 100 9 100 9 100 0 0 30
9077 6 900 600 100 100 910 0 15 100 1000 1000 7 100 9 100 9 100 0 0 30
9078 6 900 600 100 100 920 0 15 100 1000 1000 7 100 9 100 9 100 0 0 30
9079 6 900 600 100 100 900 10 15 100 1000 1000 7 100 9 100 9 100 0 0 30
9080 6 900 600 100 100 900 20 15 100 1000 1000 7 100 9 100 9 100 0 0 30
9081 6 900 600 98 100 900 0 15 100 1000 1000 7 100 9 100 9 100 0 0 40
9082 6 900 600 99 100 900 0 15 100 1000 1000 7 100 9 100 9 100 0 0 40
9083 6 900 600 100 100 900 0 13 100 1000 1000 7 100 9 100 9 100 0 0 40
9084 6 900 600 100 100 900 0 14 100 1000 1000 7 100 9 100 9 100 0 0 40
9085 6 900 600 100 100 900 0 16 100 1000 1000 7 100 9 100 9 100 0 0 40
9086 6 900 600 100 100 900 0 17 100 1000 1000 7 100 9 100 9 100 0 0 40
9087 6 900 600 100 100 900 0 15 100 1000 1000 5 100 9 100 9 100 0 0 40
9088 6 900 600 100 100 900 0 15 100 1000 1000 6 100 9 100 9 100 0 0 40
9089 6 900 600 100 100 900 0 15 100 1000 1000 8 100 9 100 9 100 0 0 40
9090 6 900 600 100 100 900 0 15 100 1000 1000 9 100 9 100 9 100 0 0 40
9091 6 900 600 100 100 900 0 15 100 1000 1000 7 100 9 100 9 100 0 0 38
9092 6 900 600 100 100 900 0 15 100 1000 1000 7 100 9 100 9 100 0 0 39
9093 6 900 600 100 100 900 0 15 100 1000 1000 7 100 9 100 9 100 0 0 41
9094 6 900 600 100 100 900 0 15 100 1000 1000 7 100 9 100 9 100 0 0 42
9095 6 880 600 100 100 900 0 15 100 1000 1000 7 100 9 100 9 100 0 0 40
9096 6 890 600 100 100 900 0 15 100 1000 1000 7 100 9 100 9 100 0 0 40
9097 6 910 600 100 100 900 0 15 100 1000 1000 7 100 9 100 9 100 0 0 40
9098 6 920 600 100 100 900 0 15 100 1000 1000 7 100 9 100 9 100 0 0 40
9099 6 900 580 100 100 900 0 15 100 1000 1000 7 100 9 100 9 100 0 0 40
9100 6 900 590 100 100 900 0 15 100 1000 1000 7 100 9 100 9 100 0 0 40
9101 6 900 610 100 100 900 0 15 100 1000 1000 7 100 9 100 9 100 0 0 40
9102 6 900 620 100 100 900 0 15 100 1000 1000 7 100 9 100 9 100 0 0 40
9103 6 900 600 100 100 880 0 15 100 1000 1000 7 100 9 100 9 100 0 0 40
9104 6 900 600 100 100 890 0 15 100 1000 1000 7 100 9 100 9 100 0 0 40
9105 6 900 600 100 100 910 0 15 100 1000 1000 7 100 9 100 9 100 0 0 40
9106 6 900 600 100 100 920 0 15 100 1000 1000 7 100 9 100 9 100 0 0 40
9107 6 900 600 100 100 900 10 15 100 1000 1000 7 100 9 100 9 100 0 0 40
9108 6 900 600 100 100 900 20 15 100 1000 1000 7 100 9 100 9 100 0 0 40
9109 6 900 600 98 100 900 0 15 100 1000 1000 7 100 9 100 9 100 0 0 50
9110 6 900 600 99 100 900 0 15 100 1000 1000 7 100 9 100 9 100 0 0 50
9111 6 900 600 100 100 900 0 13 100 1000 1000 7 100 9 100 9 100 0 0 50
9112 6 900 600 100 100 900 0 14 100 1000 1000 7 100 9 100 9 100 0 0 50
9113 6 900 600 100 100 900 0 16 100 1000 1000 7 100 9 100 9 100 0 0 50
9114 6 900 600 100 100 900 0 17 100 1000 1000 7 100 9 100 9 100 0 0 50
9115 6 900 600 100 100 900 0 15 100 1000 1000 5 100 9 100 9 100 0 0 50
9116 6 900 600 100 100 900 0 15 100 1000 1000 6 100 9 100 9 100 0 0 50
9117 6 900 600 100 100 900 0 15 100 1000 1000 8 100 9 100 9 100 0 0 50
9118 6 900 600 100 100 900 0 15 100 1000 1000 9 100 9 100 9 100 0 0 50
9119 6 900 600 100 100 900 0 15 100 1000 1000 7 100 9 100 9 100 0 0 48
9120 6 900 600 100 100 900 0 15 100 1000 1000 7 100 9 100 9 100 0 0 49
9121 6 900 600 100 100 900 0 15 100 1000 1000 7 100 9 100 9 100 0 0 51
9122 6 900 600 100 100 900 0 15 100 1000 1000 7 100 9 100 9 100 0 0 52
9123 6 880 600 100 100 900 0 15 100 1000 1000 7 100 9 100 9 100 0 0 50
9124 6 890 600 100 100 900 0 15 100 1000 1000 7 100 9 100 9 100 0 0 50
9125 6 910 600 100 100 900 0 15 100 1000 1000 7 100 9 100 9 100 0 0 50
9126 6 920 600 100 100 900 0 15 100 1000 1000 7 100 9 100 9 100 0 0 50
9127 6 900 580 100 100 900 0 15 100 1000 1000 7 100 9 100 9 100 0 0 50
9128 6 900 590 100 100 900 0 15 100 1000 1000 7 100 9 100 9 100 0 0 50
9129 6 900 610 100 100 900 0 15 100 1000 1000 7 100 9 100 9 100 0 0 50
9130 6 900 620 100 100 900 0 15 100 1000 1000 7 100 9 100 9 100 0 0 50
9131 6 900 600 100 100 880 0 15 100 1000 1000 7 100 9 100 9 100 0 0 50
9132 6 900 600 100 100 890 0 15 100 1000 1000 7 100 9 100 9 100 0 0 50
9133 6 900 600 100 100 910 0 15 100 1000 1000 7 100 9 100 9 100 0 0 50
9134 6 900 600 100 100 920 0 15 100 1000 1000 7 100 9 100 9 100 0 0 50
9135 6 900 600 100 100 900 10 15 100 1000 1000 7 100 9 100 9 100 0 0 50
9136 6 900 600 100 100 900 20 15 100 1000 1000 7 100 9 100 9 100 0 0 50
9137 6 900 600 98 100 900 0 15 100 1000 1000 7 100 9 100 9 100 0 0 60
9138 6 900 600 99 100 900 0 15 100 1000 1000 7 100 9 100 9 100 0 0 60
9139 6 900 600 100 100 900 0 13 100 1000 1000 7 100 9 100 9 100 0 0 60
9140 6 900 600 100 100 900 0 14 100 1000 1000 7 100 9 100 9 100 0 0 60
9141 6 900 600 100 100 900 0 16 100 1000 1000 7 100 9 100 9 100 0 0 60
9142 6 900 600 100 100 900 0 17 100 1000 1000 7 100 9 100 9 100 0 0 60
9143 6 900 600 100 100 900 0 15 100 1000 1000 5 100 9 100 9 100 0 0 60
9144 6 900 600 100 100 900 0 15 100 1000 1000 6 100 9 100 9 100 0 0 60
9145 6 900 600 100 100 900 0 15 100 1000 1000 8 100 9 100 9 100 0 0 60
9146 6 900 600 100 100 900 0 15 100 1000 1000 9 100 9 100 9 100 0 0 60
9147 6 900 600 100 100 900 0 15 100 1000 1000 7 100 9 100 9 100 0 0 58
9148 6 900 600 100 100 900 0 15 100 1000 1000 7 100 9 100 9 100 0 0 59
9149 6 900 600 100 100 900 0 15 100 1000 1000 7 100 9 100 9 100 0 0 61
9150 6 900 600 100 100 900 0 15 100 1000 1000 7 100 9 100 9 100 0 0 62
9151 6 880 600 100 100 900 0 15 100 1000 1000 7 100 9 100 9 100 0 0 60
9152 6 890 600 100 100 900 0 15 100 1000 1000 7 100 9 100 9 100 0 0 60
9153 6 910 600 100 100 900 0 15 100 1000 1000 7 100 9 100 9 100 0 0 60
9154 6 920 600 100 100 900 0 15 100 1000 1000 7 100 9 100 9 100 0 0 60
9155 6 900 580 100 100 900 0 15 100 1000 1000 7 100 9 100 9 100 0 0 60
9156 6 900 590 100 100 900 0 15 100 1000 1000 7 100 9 100 9 100 0 0 60
9157 6 900 610 100 100 900 0 15 100 1000 1000 7 100 9 100 9 100 0 0 60
9158 6 900 620 100 100 900 0 15 100 1000 1000 7 100 9 100 9 100 0 0 60
9159 6 900 600 100 100 880 0 15 100 1000 1000 7 100 9 100 9 100 0 0 60
9160 6 900 600 100 100 890 0 15 100 1000 1000 7 100 9 100 9 100 0 0 60
9161 6 900 600 100 100 910 0 15 100 1000 1000 7 100 9 100 9 100 0 0 60
9162 6 900 600 100 100 920 0 15 100 1000 1000 7 100 9 100 9 100 0 0 60
9163 6 900 600 100 100 900 10 15 100 1000 1000 7 100 9 100 9 100 0 0 60
9164 6 900 600 100 100 900 20 15 100 1000 1000 7 100 9 100 9 100 0 0 60
9165 6 880 600 98 100 900 0 15 100 1000 1000 9 100 9 100 9 100 0 0 15
9166 6 880 600 99 100 900 0 15 100 1000 1000 9 100 9 100 9 100 0 0 15
9167 6 880 600 100 100 900 0 13 100 1000 1000 9 100 9 100 9 100 0 0 15
9168 6 880 600 100 100 900 0 14 100 1000 1000 9 100 9 100 9 100 0 0 15
9169 6 880 600 100 100 900 0 16 100 1000 1000 9 100 9 100 9 100 0 0 15
9170 6 880 600 100 100 900 0 17 100 1000 1000 9 100 9 100 9 100 0 0 15
9171 6 880 600 100 100 900 0 15 100 1000 1000 8 100 9 100 9 100 0 0 15
9172 6 880 600 100 100 900 0 15 100 1000 1000 10 100 9 100 9 100 0 0 15
9173 6 880 600 100 100 900 0 15 100 1000 1000 11 100 9 100 9 100 0 0 15
9174 6 880 600 100 100 900 0 15 100 1000 1000 9 100 9 100 9 100 0 0 13
9175 6 880 600 100 100 900 0 15 100 1000 1000 9 100 9 100 9 100 0 0 14
9176 6 880 600 100 100 900 0 15 100 1000 1000 9 100 9 100 9 100 0 0 16
9177 6 880 600 100 100 900 0 15 100 1000 1000 9 100 9 100 9 100 0 0 17
9178 6 860 600 100 100 900 0 15 100 1000 1000 9 100 9 100 9 100 0 0 15
9179 6 870 600 100 100 900 0 15 100 1000 1000 9 100 9 100 9 100 0 0 15
9180 6 890 600 100 100 900 0 15 100 1000 1000 9 100 9 100 9 100 0 0 15
9181 6 880 580 100 100 900 0 15 100 1000 1000 9 100 9 100 9 100 0 0 15
9182 6 880 590 100 100 900 0 15 100 1000 1000 9 100 9 100 9 100 0 0 15
9183 6 880 610 100 100 900 0 15 100 1000 1000 9 100 9 100 9 100 0 0 15
9184 6 880 620 100 100 900 0 15 100 1000 1000 9 100 9 100 9 100 0 0 15
9185 6 880 600 100 100 880 0 15 100 1000 1000 9 100 9 100 9 100 0 0 15
9186 6 880 600 100 100 890 0 15 100 1000 1000 9 100 9 100 9 100 0 0 15
9187 6 880 600 100 100 910 0 15 100 1000 1000 9 100 9 100 9 100 0 0 15
9188 6 880 600 100 100 920 0 15 100 1000 1000 9 100 9 100 9 100 0 0 15
9189 6 880 600 100 100 900 10 15 100 1000 1000 9 100 9 100 9 100 0 0 15
9190 6 880 600 100 100 900 20 15 100 1000 1000 9 100 9 100 9 100 0 0 15
9191 6 880 600 98 100 900 0 15 100 1000 1000 9 100 9 100 9 100 0 0 20
9192 6 880 600 99 100 900 0 15 100 1000 1000 9 100 9 100 9 100 0 0 20
9193 6 880 600 100 100 900 0 13 100 1000 1000 9 100 9 100 9 100 0 0 20
9194 6 880 600 100 100 900 0 14 100 1000 1000 9 100 9 100 9 100 0 0 20
9195 6 880 600 100 100 900 0 16 100 1000 1000 9 100 9 100 9 100 0 0 20
9196 6 880 600 100 100 900 0 17 100 1000 1000 9 100 9 100 9 100 0 0 20
9197 6 880 600 100 100 900 0 15 100 1000 1000 8 100 9 100 9 100 0 0 20
9198 6 880 600 100 100 900 0 15 100 1000 1000 10 100 9 100 9 100 0 0 20
9199 6 880 600 100 100 900 0 15 100 1000 1000 11 100 9 100 9 100 0 0 20
9200 6 880 600 100 100 900 0 15 100 1000 1000 9 100 9 100 9 100 0 0 18
9201 6 880 600 100 100 900 0 15 100 1000 1000 9 100 9 100 9 100 0 0 19
9202 6 880 600 100 100 900 0 15 100 1000 1000 9 100 9 100 9 100 0 0 21
9203 6 880 600 100 100 900 0 15 100 1000 1000 9 100 9 100 9 100 0 0 22
9204 6 860 600 100 100 900 0 15 100 1000 1000 9 100 9 100 9 100 0 0 20
9205 6 870 600 100 100 900 0 15 100 1000 1000 9 100 9 100 9 100 0 0 20
9206 6 890 600 100 100 900 0 15 100 1000 1000 9 100 9 100 9 100 0 0 20
9207 6 880 580 100 100 900 0 15 100 1000 1000 9 100 9 100 9 100 0 0 20
9208 6 880 590 100 100 900 0 15 100 1000 1000 9 100 9 100 9 100 0 0 20
9209 6 880 610 100 100 900 0 15 100 1000 1000 9 100 9 100 9 100 0 0 20
9210 6 880 620 100 100 900 0 15 100 1000 1000 9 100 9 100 9 100 0 0 20
9211 6 880 600 100 100 880 0 15 100 1000 1000 9 100 9 100 9 100 0 0 20
9212 6 880 600 100 100 890 0 15 100 1000 1000 9 100 9 100 9 100 0 0 20
9213 6 880 600 100 100 910 0 15 100 1000 1000 9 100 9 100 9 100 0 0 20
9214 6 880 600 100 100 920 0 15 100 1000 1000 9 100 9 100 9 100 0 0 20
9215 6 880 600 100 100 900 10 15 100 1000 1000 9 100 9 100 9 100 0 0 20
9216 6 880 600 100 100 900 20 15 100 1000 1000 9 100 9 100 9 100 0 0 20
9217 6 880 600 98 100 900 0 15 100 1000 1000 9 100 9 100 9 100 0 0 25
9218 6 880 600 99 100 900 0 15 100 1000 1000 9 100 9 100 9 100 0 0 25
9219 6 880 600 100 100 900 0 13 100 1000 1000 9 100 9 100 9 100 0 0 25
9220 6 880 600 100 100 900 0 14 100 1000 1000 9 100 9 100 9 100 0 0 25
9221 6 880 600 100 100 900 0 16 100 1000 1000 9 100 9 100 9 100 0 0 25
9222 6 880 600 100 100 900 0 17 100 1000 1000 9 100 9 100 9 100 0 0 25
9223 6 880 600 100 100 900 0 15 100 1000 1000 8 100 9 100 9 100 0 0 25
9224 6 880 600 100 100 900 0 15 100 1000 1000 10 100 9 100 9 100 0 0 25
9225 6 880 600 100 100 900 0 15 100 1000 1000 11 100 9 100 9 100 0 0 25
9226 6 880 600 100 100 900 0 15 100 1000 1000 9 100 9 100 9 100 0 0 23
9227 6 880 600 100 100 900 0 15 100 1000 1000 9 100 9 100 9 100 0 0 24
9228 6 880 600 100 100 900 0 15 100 1000 1000 9 100 9 100 9 100 0 0 26
9229 6 880 600 100 100 900 0 15 100 1000 1000 9 100 9 100 9 100 0 0 27
9230 6 860 600 100 100 900 0 15 100 1000 1000 9 100 9 100 9 100 0 0 25
9231 6 870 600 100 100 900 0 15 100 1000 1000 9 100 9 100 9 100 0 0 25
9232 6 890 600 100 100 900 0 15 100 1000 1000 9 100 9 100 9 100 0 0 25
9233 6 880 580 100 100 900 0 15 100 1000 1000 9 100 9 100 9 100 0 0 25
9234 6 880 590 100 100 900 0 15 100 1000 1000 9 100 9 100 9 100 0 0 25
9235 6 880 610 100 100 900 0 15 100 1000 1000 9 100 9 100 9 100 0 0 25
9236 6 880 620 100 100 900 0 15 100 1000 1000 9 100 9 100 9 100 0 0 25
9237 6 880 600 100 100 880 0 15 100 1000 1000 9 100 9 100 9 100 0 0 25
9238 6 880 600 100 100 890 0 15 100 1000 1000 9 100 9 100 9 100 0 0 25
9239 6 880 600 100 100 910 0 15 100 1000 1000 9 100 9 100 9 100 0 0 25
9240 6 880 600 100 100 920 0 15 100 1000 1000 9 100 9 100 9 100 0 0 25
9241 6 880 600 100 100 900 10 15 100 1000 1000 9 100 9 100 9 100 0 0 25
9242 6 880 600 100 100 900 20 15 100 1000 1000 9 100 9 100 9 100 0 0 25
9243 6 880 600 98 100 900 0 15 100 1000 1000 9 100 9 100 9 100 0 0 30
9244 6 880 600 99 100 900 0 15 100 1000 1000 9 100 9 100 9 100 0 0 30
9245 6 880 600 100 100 900 0 13 100 1000 1000 9 100 9 100 9 100 0 0 30
9246 6 880 600 100 100 900 0 14 100 1000 1000 9 100 9 100 9 100 0 0 30
9247 6 880 600 100 100 900 0 16 100 1000 1000 9 100 9 100 9 100 0 0 30
9248 6 880 600 100 100 900 0 17 100 1000 1000 9 100 9 100 9 100 0 0 30
9249 6 880 600 100 100 900 0 15 100 1000 1000 8 100 9 100 9 100 0 0 30
9250 6 880 600 100 100 900 0 15 100 1000 1000 10 100 9 100 9 100 0 0 30
9251 6 880 600 100 100 900 0 15 100 1000 1000 11 100 9 100 9 100 0 0 30
9252 6 880 600 100 100 900 0 15 100 1000 1000 9 100 9 100 9 100 0 0 28
9253 6 880 600 100 100 900 0 15 100 1000 1000 9 100 9 100 9 100 0 0 29
9254 6 880 600 100 100 900 0 15 100 1000 1000 9 100 9 100 9 100 0 0 31
9255 6 880 600 100 100 900 0 15 100 1000 1000 9 100 9 100 9 100 0 0 32
9256 6 860 600 100 100 900 0 15 100 1000 1000 9 100 9 100 9 100 0 0 30
9257 6 870 600 100 100 900 0 15 100 1000 1000 9 100 9 100 9 100 0 0 30
9258 6 890 600 100 100 900 0 15 100 1000 1000 9 100 9 100 9 100 0 0 30
9259 6 880 580 100 100 900 0 15 100 1000 1000 9 100 9 100 9 100 0 0 30
9260 6 880 590 100 100 900 0 15 100 1000 1000 9 100 9 100 9 100 0 0 30
9261 6 880 610 100 100 900 0 15 100 1000 1000 9 100 9 100 9 100 0 0 30
9262 6 880 620 100 100 900 0 15 100 1000 1000 9 100 9 100 9 100 0 0 30
9263 6 880 600 100 100 880 0 15 100 1000 1000 9 100 9 100 9 100 0 0 30
9264 6 880 600 100 100 890 0 15 100 1000 1000 9 100 9 100 9 100 0 0 30
9265 6 880 600 100 100 910 0 15 100 1000 1000 9 100 9 100 9 100 0 0 30
9266 6 880 600 100 100 920 0 15 100 1000 1000 9 100 9 100 9 100 0 0 30
9267 6 880 600 100 100 900 10 15 100 1000 1000 9 100 9 100 9 100 0 0 30
9268 6 880 600 100 100 900 20 15 100 1000 1000 9 100 9 100 9 100 0 0 30
9269 6 900 600 78 100 900 0 15 100 1000 1000 8 100 10 100 10 100 0 1 15
9270 6 900 600 79 100 900 0 15 100 1000 1000 8 100 10 100 10 100 0 1 15
9271 6 900 600 81 100 900 0 15 100 1000 1000 8 100 10 100 10 100 0 1 15
9272 6 900 600 82 100 900 0 15 100 1000 1000 8 100 10 100 10 100 0 1 15
9273 6 900 600 80 100 900 0 13 100 1000 1000 8 100 10 100 10 100 0 1 15
9274 6 900 600 80 100 900 0 14 100 1000 1000 8 100 10 100 10 100 0 1 15
9275 6 900 600 80 100 900 0 16 100 1000 1000 8 100 10 100 10 100 0 1 15
9276 6 900 600 80 100 900 0 17 100 1000 1000 8 100 10 100 10 100 0 1 15
9277 6 900 600 80 100 900 0 15 100 1000 1000 6 100 10 100 10 100 0 1 15
9278 6 900 600 80 100 900 0 15 100 1000 1000 7 100 10 100 10 100 0 1 15
9279 6 900 600 80 100 900 0 15 100 1000 1000 8 100 10 100 10 100 0 1 13
9280 6 900 600 80 100 900 0 15 100 1000 1000 8 100 10 100 10 100 0 1 14
9281 6 900 600 80 100 900 0 15 100 1000 1000 8 100 10 100 10 100 0 1 16
9282 6 900 600 80 100 900 0 15 100 1000 1000 8 100 10 100 10 100 0 1 17
9283 6 880 600 80 100 900 0 15 100 1000 1000 8 100 10 100 10 100 0 1 15
9284 6 890 600 80 100 900 0 15 100 1000 1000 8 100 10 100 10 100 0 1 15
9285 6 910 600 80 100 900 0 15 100 1000 1000 8 100 10 100 10 100 0 1 15
9286 6 920 600 80 100 900 0 15 100 1000 1000 8 100 10 100 10 100 0 1 15
9287 6 900 580 80 100 900 0 15 100 1000 1000 8 100 10 100 10 100 0 1 15
9288 6 900 590 80 100 900 0 15 100 1000 1000 8 100 10 100 10 100 0 1 15
9289 6 900 610 80 100 900 0 15 100 1000 1000 8 100 10 100 10 100 0 1 15
9290 6 900 620 80 100 900 0 15 100 1000 1000 8 100 10 100 10 100 0 1 15
9291 6 900 600 80 100 880 0 15 100 1000 1000 8 100 10 100 10 100 0 1 15
9292 6 900 600 80 100 890 0 15 100 1000 1000 8 100 10 100 10 100 0 1 15
9293 6 900 600 80 100 910 0 15 100 1000 1000 8 100 10 100 10 100 0 1 15
9294 6 900 600 80 100 920 0 15 100 1000 1000 8 100 10 100 10 100 0 1 15
9295 6 900 600 80 100 900 10 15 100 1000 1000 8 100 10 100 10 100 0 1 15
9296 6 900 600 80 100 900 20 15 100 1000 1000 8 100 10 100 10 100 0 1 15
9297 6 900 600 78 100 900 0 15 100 1000 1000 8 100 10 100 10 100 0 1 20
9298 6 900 600 79 100 900 0 15 100 1000 1000 8 100 10 100 10 100 0 1 20
9299 6 900 600 81 100 900 0 15 100 1000 1000 8 100 10 100 10 100 0 1 20
9300 6 900 600 82 100 900 0 15 100 1000 1000 8 100 10 100 10 100 0 1 20
9301 6 900 600 80 100 900 0 13 100 1000 1000 8 100 10 100 10 100 0 1 20
9302 6 900 600 80 100 900 0 14 100 1000 1000 8 100 10 100 10 100 0 1 20
9303 6 900 600 80 100 900 0 16 100 1000 1000 8 100 10 100 10 100 0 1 20
9304 6 900 600 80 100 900 0 17 100 1000 1000 8 100 10 100 10 100 0 1 20
9305 6 900 600 80 100 900 0 15 100 1000 1000 6 100 10 100 10 100 0 1 20
9306 6 900 600 80 100 900 0 15 100 1000 1000 7 100 10 100 10 100 0 1 20
9307 6 900 600 80 100 900 0 15 100 1000 1000 8 100 10 100 10 100 0 1 18
9308 6 900 600 80 100 900 0 15 100 1000 1000 8 100 10 100 10 100 0 1 19
9309 6 900 600 80 100 900 0 15 100 1000 1000 8 100 10 100 10 100 0 1 21
9310 6 900 600 80 100 900 0 15 100 1000 1000 8 100 10 100 10 100 0 1 22
9311 6 880 600 80 100 900 0 15 100 1000 1000 8 100 10 100 10 100 0 1 20
9312 6 890 600 80 100 900 0 15 100 1000 1000 8 100 10 100 10 100 0 1 20
9313 6 910 600 80 100 900 0 15 100 1000 1000 8 100 10 100 10 100 0 1 20
9314 6 920 600 80 100 900 0 15 100 1000 1000 8 100 10 100 10 100 0 1 20
9315 6 900 580 80 100 900 0 15 100 1000 1000 8 100 10 100 10 100 0 1 20
9316 6 900 590 80 100 900 0 15 100 1000 1000 8 100 10 100 10 100 0 1 20
9317 6 900 610 80 100 900 0 15 100 1000 1000 8 100 10 100 10 100 0 1 20
9318 6 900 620 80 100 900 0 15 100 1000 1000 8 100 10 100 10 100 0 1 20
9319 6 900 600 80 100 880 0 15 100 1000 1000 8 100 10 100 10 100 0 1 20
9320 6 900 600 80 100 890 0 15 100 1000 1000 8 100 10 100 10 100 0 1 20
9321 6 900 600 80 100 910 0 15 100 1000 1000 8 100 10 100 10 100 0 1 20
9322 6 900 600 80 100 920 0 15 100 1000 1000 8 100 10 100 10 100 0 1 20
9323 6 900 600 80 100 900 10 15 100 1000 1000 8 100 10 100 10 100 0 1 20
9324 6 900 600 80 100 900 20 15 100 1000 1000 8 100 10 100 10 100 0 1 20
9325 6 900 600 78 100 900 0 15 100 1000 1000 8 100 10 100 10 100 0 1 25
9326 6 900 600 79 100 900 0 15 100 1000 1000 8 100 10 100 10 100 0 1 25
9327 6 900 600 81 100 900 0 15 100 1000 1000 8 100 10 100 10 100 0 1 25
9328 6 900 600 82 100 900 0 15 100 1000 1000 8 100 10 100 10 100 0 1 25
9329 6 900 600 80 100 900 0 13 100 1000 1000 8 100 10 100 10 100 0 1 25
9330 6 900 600 80 100 900 0 14 100 1000 1000 8 100 10 100 10 100 0 1 25
9331 6 900 600 80 100 900 0 16 100 1000 1000 8 100 10 100 10 100 0 1 25
9332 6 900 600 80 100 900 0 17 100 1000 1000 8 100 10 100 10 100 0 1 25
9333 6 900 600 80 100 900 0 15 100 1000 1000 6 100 10 100 10 100 0 1 25
9334 6 900 600 80 100 900 0 15 100 1000 1000 7 100 10 100 10 100 0 1 25
9335 6 900 600 80 100 900 0 15 100 1000 1000 8 100 10 100 10 100 0 1 23
9336 6 900 600 80 100 900 0 15 100 1000 1000 8 100 10 100 10 100 0 1 24
9337 6 900 600 80 100 900 0 15 100 1000 1000 8 100 10 100 10 100 0 1 26
9338 6 900 600 80 100 900 0 15 100 1000 1000 8 100 10 100 10 100 0 1 27
9339 6 880 600 80 100 900 0 15 100 1000 1000 8 100 10 100 10 100 0 1 25
9340 6 890 600 80 100 900 0 15 100 1000 1000 8 100 10 100 10 100 0 1 25
9341 6 910 600 80 100 900 0 15 100 1000 1000 8 100 10 100 10 100 0 1 25
9342 6 920 600 80 100 900 0 15 100 1000 1000 8 100 10 100 10 100 0 1 25
9343 6 900 580 80 100 900 0 15 100 1000 1000 8 100 10 100 10 100 0 1 25
9344 6 900 590 80 100 900 0 15 100 1000 1000 8 100 10 100 10 100 0 1 25
9345 6 900 610 80 100 900 0 15 100 1000 1000 8 100 10 100 10 100 0 1 25
9346 6 900 620 80 100 900 0 15 100 1000 1000 8 100 10 100 10 100 0 1 25
9347 6 900 600 80 100 880 0 15 100 1000 1000 8 100 10 100 10 100 0 1 25
9348 6 900 600 80 100 890 0 15 100 1000 1000 8 100 10 100 10 100 0 1 25
9349 6 900 600 80 100 910 0 15 100 1000 1000 8 100 10 100 10 100 0 1 25
9350 6 900 600 80 100 920 0 15 100 1000 1000 8 100 10 100 10 100 0 1 25
9351 6 900 600 80 100 900 10 15 100 1000 1000 8 100 10 100 10 100 0 1 25
9352 6 900 600 80 100 900 20 15 100 1000 1000 8 100 10 100 10 100 0 1 25
9353 6 900 600 78 100 900 0 15 100 1000 1000 8 100 10 100 10 100 0 1 30
9354 6 900 600 79 100 900 0 15 100 1000 1000 8 100 10 100 10 100 0 1 30
9355 6 900 600 81 100 900 0 15 100 1000 1000 8 100 10 100 10 100 0 1 30
9356 6 900 600 82 100 900 0 15 100 1000 1000 8 100 10 100 10 100 0 1 30
9357 6 900 600 80 100 900 0 13 100 1000 1000 8 100 10 100 10 100 0 1 30
9358 6 900 600 80 100 900 0 14 100 1000 1000 8 100 10 100 10 100 0 1 30
9359 6 900 600 80 100 900 0 16 100 1000 1000 8 100 10 100 10 100 0 1 30
9360 6 900 600 80 100 900 0 17 100 1000 1000 8 100 10 100 10 100 0 1 30
9361 6 900 600 80 100 900 0 15 100 1000 1000 6 100 10 100 10 100 0 1 30
9362 6 900 600 80 100 900 0 15 100 1000 1000 7 100 10 100 10 100 0 1 30
9363 6 900 600 80 100 900 0 15 100 1000 1000 8 100 10 100 10 100 0 1 28
9364 6 900 600 80 100 900 0 15 100 1000 1000 8 100 10 100 10 100 0 1 29
9365 6 900 600 80 100 900 0 15 100 1000 1000 8 100 10 100 10 100 0 1 31
9366 6 900 600 80 100 900 0 15 100 1000 1000 8 100 10 100 10 100 0 1 32
9367 6 880 600 80 100 900 0 15 100 1000 1000 8 100 10 100 10 100 0 1 30
9368 6 890 600 80 100 900 0 15 100 1000 1000 8 100 10 100 10 100 0 1 30
9369 6 910 600 80 100 900 0 15 100 1000 1000 8 100 10 100 10 100 0 1 30
9370 6 920 600 80 100 900 0 15 100 1000 1000 8 100 10 100 10 100 0 1 30
9371 6 900 580 80 100 900 0 15 100 1000 1000 8 100 10 100 10 100 0 1 30
9372 6 900 590 80 100 900 0 15 100 1000 1000 8 100 10 100 10 100 0 1 30
9373 6 900 610 80 100 900 0 15 100 1000 1000 8 100 10 100 10 100 0 1 30
9374 6 900 620 80 100 900 0 15 100 1000 1000 8 100 10 100 10 100 0 1 30
9375 6 900 600 80 100 880 0 15 100 1000 1000 8 100 10 100 10 100 0 1 30
9376 6 900 600 80 100 890 0 15 100 1000 1000 8 100 10 100 10 100 0 1 30
9377 6 900 600 80 100 910 0 15 100 1000 1000 8 100 10 100 10 100 0 1 30
9378 6 900 600 80 100 920 0 15 100 1000 1000 8 100 10 100 10 100 0 1 30
9379 6 900 600 80 100 900 10 15 100 1000 1000 8 100 10 100 10 100 0 1 30
9380 6 900 600 80 100 900 20 15 100 1000 1000 8 100 10 100 10 100 0 1 30
9381 6 900 600 78 100 900 0 15 100 1000 1000 8 100 10 100 10 100 0 1 40
9382 6 900 600 79 100 900 0 15 100 1000 1000 8 100 10 100 10 100 0 1 40
9383 6 900 600 81 100 900 0 15 100 1000 1000 8 100 10 100 10 100 0 1 40
9384 6 900 600 82 100 900 0 15 100 1000 1000 8 100 10 100 10 100 0 1 40
9385 6 900 600 80 100 900 0 13 100 1000 1000 8 100 10 100 10 100 0 1 40
9386 6 900 600 80 100 900 0 14 100 1000 1000 8 100 10 100 10 100 0 1 40
9387 6 900 600 80 100 900 0 16 100 1000 1000 8 100 10 100 10 100 0 1 40
9388 6 900 600 80 100 900 0 17 100 1000 1000 8 100 10 100 10 100 0 1 40
9389 6 900 600 80 100 900 0 15 100 1000 1000 6 100 10 100 10 100 0 1 40
9390 6 900 600 80 100 900 0 15 100 1000 1000 7 100 10 100 10 100 0 1 40
9391 6 900 600 80 100 900 0 15 100 1000 1000 8 100 10 100 10 100 0 1 38
9392 6 900 600 80 100 900 0 15 100 1000 1000 8 100 10 100 10 100 0 1 39
9393 6 900 600 80 100 900 0 15 100 1000 1000 8 100 10 100 10 100 0 1 41
9394 6 900 600 80 100 900 0 15 100 1000 1000 8 100 10 100 10 100 0 1 42
9395 6 880 600 80 100 900 0 15 100 1000 1000 8 100 10 100 10 100 0 1 40
9396 6 890 600 80 100 900 0 15 100 1000 1000 8 100 10 100 10 100 0 1 40
9397 6 910 600 80 100 900 0 15 100 1000 1000 8 100 10 100 10 100 0 1 40
9398 6 920 600 80 100 900 0 15 100 1000 1000 8 100 10 100 10 100 0 1 40
9399 6 900 580 80 100 900 0 15 100 1000 1000 8 100 10 100 10 100 0 1 40
9400 6 900 590 80 100 900 0 15 100 1000 1000 8 100 10 100 10 100 0 1 40
9401 6 900 610 80 100 900 0 15 100 1000 1000 8 100 10 100 10 100 0 1 40
9402 6 900 620 80 100 900 0 15 100 1000 1000 8 100 10 100 10 100 0 1 40
9403 6 900 600 80 100 880 0 15 100 1000 1000 8 100 10 100 10 100 0 1 40
9404 6 900 600 80 100 890 0 15 100 1000 1000 8 100 10 100 10 100 0 1 40
9405 6 900 600 80 100 910 0 15 100 1000 1000 8 100 10 100 10 100 0 1 40
9406 6 900 600 80 100 920 0 15 100 1000 1000 8 100 10 100 10 100 0 1 40
9407 6 900 600 80 100 900 10 15 100 1000 1000 8 100 10 100 10 100 0 1 40
9408 6 900 600 80 100 900 20 15 100 1000 1000 8 100 10 100 10 100 0 1 40
9409 6 900 600 78 100 900 0 15 100 1000 1000 8 100 10 100 10 100 0 1 50
9410 6 900 600 79 100 900 0 15 100 1000 1000 8 100 10 100 10 100 0 1 50
9411 6 900 600 81 100 900 0 15 100 1000 1000 8 100 10 100 10 100 0 1 50
9412 6 900 600 82 100 900 0 15 100 1000 1000 8 100 10 100 10 100 0 1 50
9413 6 900 600 80 100 900 0 13 100 1000 1000 8 100 10 100 10 100 0 1 50
9414 6 900 600 80 100 900 0 14 100 1000 1000 8 100 10 100 10 100 0 1 50
9415 6 900 600 80 100 900 0 16 100 1000 1000 8 100 10 100 10 100 0 1 50
9416 6 900 600 80 100 900 0 17 100 1000 1000 8 100 10 100 10 100 0 1 50
9417 6 900 600 80 100 900 0 15 100 1000 1000 6 100 10 100 10 100 0 1 50
9418 6 900 600 80 100 900 0 15 100 1000 1000 7 100 10 100 10 100 0 1 50
9419 6 900 600 80 100 900 0 15 100 1000 1000 8 100 10 100 10 100 0 1 48
9420 6 900 600 80 100 900 0 15 100 1000 1000 8 100 10 100 10 100 0 1 49
9421 6 900 600 80 100 900 0 15 100 1000 1000 8 100 10 100 10 100 0 1 51
9422 6 900 600 80 100 900 0 15 100 1000 1000 8 100 10 100 10 100 0 1 52
9423 6 880 600 80 100 900 0 15 100 1000 1000 8 100 10 100 10 100 0 1 50
9424 6 890 600 80 100 900 0 15 100 1000 1000 8 100 10 100 10 100 0 1 50
9425 6 910 600 80 100 900 0 15 100 1000 1000 8 100 10 100 10 100 0 1 50
9426 6 920 600 80 100 900 0 15 100 1000 1000 8 100 10 100 10 100 0 1 50
9427 6 900 580 80 100 900 0 15 100 1000 1000 8 100 10 100 10 100 0 1 50
9428 6 900 590 80 100 900 0 15 100 1000 1000 8 100 10 100 10 100 0 1 50
9429 6 900 610 80 100 900 0 15 100 1000 1000 8 100 10 100 10 100 0 1 50
9430 6 900 620 80 100 900 0 15 100 1000 1000 8 100 10 100 10 100 0 1 50
9431 6 900 600 80 100 880 0 15 100 1000 1000 8 100 10 100 10 100 0 1 50
9432 6 900 600 80 100 890 0 15 100 1000 1000 8 100 10 100 10 100 0 1 50
9433 6 900 600 80 100 910 0 15 100 1000 1000 8 100 10 100 10 100 0 1 50
9434 6 900 600 80 100 920 0 15 100 1000 1000 8 100 10 100 10 100 0 1 50
9435 6 900 600 80 100 900 10 15 100 1000 1000 8 100 10 100 10 100 0 1 50
9436 6 900 600 80 100 900 20 15 100 1000 1000 8 100 10 100 10 100 0 1 50
9437 6 900 600 78 100 900 0 15 100 1000 1000 8 100 10 100 10 100 0 1 60
9438 6 900 600 79 100 900 0 15 100 1000 1000 8 100 10 100 10 100 0 1 60
9439 6 900 600 81 100 900 0 15 100 1000 1000 8 100 10 100 10 100 0 1 60
9440 6 900 600 82 100 900 0 15 100 1000 1000 8 100 10 100 10 100 0 1 60
9441 6 900 600 80 100 900 0 13 100 1000 1000 8 100 10 100 10 100 0 1 60
9442 6 900 600 80 100 900 0 14 100 1000 1000 8 100 10 100 10 100 0 1 60
9443 6 900 600 80 100 900 0 16 100 1000 1000 8 100 10 100 10 100 0 1 60
9444 6 900 600 80 100 900 0 17 100 1000 1000 8 100 10 100 10 100 0 1 60
9445 6 900 600 80 100 900 0 15 100 1000 1000 6 100 10 100 10 100 0 1 60
9446 6 900 600 80 100 900 0 15 100 1000 1000 7 100 10 100 10 100 0 1 60
9447 6 900 600 80 100 900 0 15 100 1000 1000 8 100 10 100 10 100 0 1 58
9448 6 900 600 80 100 900 0 15 100 1000 1000 8 100 10 100 10 100 0 1 59
9449 6 900 600 80 100 900 0 15 100 1000 1000 8 100 10 100 10 100 0 1 61
9450 6 900 600 80 100 900 0 15 100 1000 1000 8 100 10 100 10 100 0 1 62
9451 6 880 600 80 100 900 0 15 100 1000 1000 8 100 10 100 10 100 0 1 60
9452 6 890 600 80 100 900 0 15 100 1000 1000 8 100 10 100 10 100 0 1 60
9453 6 910 600 80 100 900 0 15 100 1000 1000 8 100 10 100 10 100 0 1 60
9454 6 920 600 80 100 900 0 15 100 1000 1000 8 100 10 100 10 100 0 1 60
9455 6 900 580 80 100 900 0 15 100 1000 1000 8 100 10 100 10 100 0 1 60
9456 6 900 590 80 100 900 0 15 100 1000 1000 8 100 10 100 10 100 0 1 60
9457 6 900 610 80 100 900 0 15 100 1000 1000 8 100 10 100 10 100 0 1 60
9458 6 900 620 80 100 900 0 15 100 1000 1000 8 100 10 100 10 100 0 1 60
9459 6 900 600 80 100 880 0 15 100 1000 1000 8 100 10 100 10 100 0 1 60
9460 6 900 600 80 100 890 0 15 100 1000 1000 8 100 10 100 10 100 0 1 60
9461 6 900 600 80 100 910 0 15 100 1000 1000 8 100 10 100 10 100 0 1 60
9462 6 900 600 80 100 920 0 15 100 1000 1000 8 100 10 100 10 100 0 1 60
9463 6 900 600 80 100 900 10 15 100 1000 1000 8 100 10 100 10 100 0 1 60
9464 6 900 600 80 100 900 20 15 100 1000 1000 8 100 10 100 10 100 0 1 60
9465 6 900 600 78 100 900 0 15 100 1000 1000 9 100 10 100 10 100 0 1 15
9466 6 900 600 79 100 900 0 15 100 1000 1000 9 100 10 100 10 100 0 1 15
9467 6 900 600 81 100 900 0 15 100 1000 1000 9 100 10 100 10 100 0 1 15
9468 6 900 600 82 100 900 0 15 100 1000 1000 9 100 10 100 10 100 0 1 15
9469 6 900 600 80 100 900 0 13 100 1000 1000 9 100 10 100 10 100 0 1 15
9470 6 900 600 80 100 900 0 14 100 1000 1000 9 100 10 100 10 100 0 1 15
9471 6 900 600 80 100 900 0 16 100 1000 1000 9 100 10 100 10 100 0 1 15
9472 6 900 600 80 100 900 0 17 100 1000 1000 9 100 10 100 10 100 0 1 15
9473 6 900 600 80 100 900 0 15 100 1000 1000 9 100 10 100 10 100 0 1 13
9474 6 900 600 80 100 900 0 15 100 1000 1000 9 100 10 100 10 100 0 1 14
9475 6 900 600 80 100 900 0 15 100 1000 1000 9 100 10 100 10 100 0 1 16
9476 6 900 600 80 100 900 0 15 100 1000 1000 9 100 10 100 10 100 0 1 17
9477 6 880 600 80 100 900 0 15 100 1000 1000 9 100 10 100 10 100 0 1 15
9478 6 890 600 80 100 900 0 15 100 1000 1000 9 100 10 100 10 100 0 1 15
9479 6 910 600 80 100 900 0 15 100 1000 1000 9 100 10 100 10 100 0 1 15
9480 6 920 600 80 100 900 0 15 100 1000 1000 9 100 10 100 10 100 0 1 15
9481 6 900 580 80 100 900 0 15 100 1000 1000 9 100 10 100 10 100 0 1 15
9482 6 900 590 80 100 900 0 15 100 1000 1000 9 100 10 100 10 100 0 1 15
9483 6 900 610 80 100 900 0 15 100 1000 1000 9 100 10 100 10 100 0 1 15
9484 6 900 620 80 100 900 0 15 100 1000 1000 9 100 10 100 10 100 0 1 15
9485 6 900 600 80 100 880 0 15 100 1000 1000 9 100 10 100 10 100 0 1 15
9486 6 900 600 80 100 890 0 15 100 1000 1000 9 100 10 100 10 100 0 1 15
9487 6 900 600 80 100 910 0 15 100 1000 1000 9 100 10 100 10 100 0 1 15
9488 6 900 600 80 100 920 0 15 100 1000 1000 9 100 10 100 10 100 0 1 15
9489 6 900 600 80 100 900 10 15 100 1000 1000 9 100 10 100 10 100 0 1 15
9490 6 900 600 80 100 900 20 15 100 1000 1000 9 100 10 100 10 100 0 1 15
9491 6 900 600 78 100 900 0 15 100 1000 1000 9 100 10 100 10 100 0 1 20
9492 6 900 600 79 100 900 0 15 100 1000 1000 9 100 10 100 10 100 0 1 20
9493 6 900 600 81 100 900 0 15 100 1000 1000 9 100 10 100 10 100 0 1 20
9494 6 900 600 82 100 900 0 15 100 1000 1000 9 100 10 100 10 100 0 1 20
9495 6 900 600 80 100 900 0 13 100 1000 1000 9 100 10 100 10 100 0 1 20
9496 6 900 600 80 100 900 0 14 100 1000 1000 9 100 10 100 10 100 0 1 20
9497 6 900 600 80 100 900 0 16 100 1000 1000 9 100 10 100 10 100 0 1 20
9498 6 900 600 80 100 900 0 17 100 1000 1000 9 100 10 100 10 100 0 1 20
9499 6 900 600 80 100 900 0 15 100 1000 1000 9 100 10 100 10 100 0 1 18
9500 6 900 600 80 100 900 0 15 100 1000 1000 9 100 10 100 10 100 0 1 19
9501 6 900 600 80 100 900 0 15 100 1000 1000 9 100 10 100 10 100 0 1 21
9502 6 900 600 80 100 900 0 15 100 1000 1000 9 100 10 100 10 100 0 1 22
9503 6 880 600 80 100 900 0 15 100 1000 1000 9 100 10 100 10 100 0 1 20
9504 6 890 600 80 100 900 0 15 100 1000 1000 9 100 10 100 10 100 0 1 20
9505 6 910 600 80 100 900 0 15 100 1000 1000 9 100 10 100 10 100 0 1 20
9506 6 920 600 80 100 900 0 15 100 1000 1000 9 100 10 100 10 100 0 1 20
9507 6 900 580 80 100 900 0 15 100 1000 1000 9 100 10 100 10 100 0 1 20
9508 6 900 590 80 100 900 0 15 100 1000 1000 9 100 10 100 10 100 0 1 20
9509 6 900 610 80 100 900 0 15 100 1000 1000 9 100 10 100 10 100 0 1 20
9510 6 900 620 80 100 900 0 15 100 1000 1000 9 100 10 100 10 100 0 1 20
9511 6 900 600 80 100 880 0 15 100 1000 1000 9 100 10 100 10 100 0 1 20
9512 6 900 600 80 100 890 0 15 100 1000 1000 9 100 10 100 10 100 0 1 20
9513 6 900 600 80 100 910 0 15 100 1000 1000 9 100 10 100 10 100 0 1 20
9514 6 900 600 80 100 920 0 15 100 1000 1000 9 100 10 100 10 100 0 1 20
9515 6 900 600 80 100 900 10 15 100 1000 1000 9 100 10 100 10 100 0 1 20
9516 6 900 600 80 100 900 20 15 100 1000 1000 9 100 10 100 10 100 0 1 20
9517 6 900 600 78 100 900 0 15 100 1000 1000 9 100 10 100 10 100 0 1 25
9518 6 900 600 79 100 900 0 15 100 1000 1000 9 100 10 100 10 100 0 1 25
9519 6 900 600 81 100 900 0 15 100 1000 1000 9 100 10 100 10 100 0 1 25
9520 6 900 600 82 100 900 0 15 100 1000 1000 9 100 10 100 10 100 0 1 25
9521 6 900 600 80 100 900 0 13 100 1000 1000 9 100 10 100 10 100 0 1 25
9522 6 900 600 80 100 900 0 14 100 1000 1000 9 100 10 100 10 100 0 1 25
9523 6 900 600 80 100 900 0 16 100 1000 1000 9 100 10 100 10 100 0 1 25
9524 6 900 600 80 100 900 0 17 100 1000 1000 9 100 10 100 10 100 0 1 25
9525 6 900 600 80 100 900 0 15 100 1000 1000 9 100 10 100 10 100 0 1 23
9526 6 900 600 80 100 900 0 15 100 1000 1000 9 100 10 100 10 100 0 1 24
9527 6 900 600 80 100 900 0 15 100 1000 1000 9 100 10 100 10 100 0 1 26
9528 6 900 600 80 100 900 0 15 100 1000 1000 9 100 10 100 10 100 0 1 27
9529 6 880 600 80 100 900 0 15 100 1000 1000 9 100 10 100 10 100 0 1 25
9530 6 890 600 80 100 900 0 15 100 1000 1000 9 100 10 100 10 100 0 1 25
9531 6 910 600 80 100 900 0 15 100 1000 1000 9 100 10 100 10 100 0 1 25
9532 6 920 600 80 100 900 0 15 100 1000 1000 9 100 10 100 10 100 0 1 25
9533 6 900 580 80 100 900 0 15 100 1000 1000 9 100 10 100 10 100 0 1 25
9534 6 900 590 80 100 900 0 15 100 1000 1000 9 100 10 100 10 100 0 1 25
9535 6 900 610 80 100 900 0 15 100 1000 1000 9 100 10 100 10 100 0 1 25
9536 6 900 620 80 100 900 0 15 100 1000 1000 9 100 10 100 10 100 0 1 25
9537 6 900 600 80 100 880 0 15 100 1000 1000 9 100 10 100 10 100 0 1 25
9538 6 900 600 80 100 890 0 15 100 1000 1000 9 100 10 100 10 100 0 1 25
9539 6 900 600 80 100 910 0 15 100 1000 1000 9 100 10 100 10 100 0 1 25
9540 6 900 600 80 100 920 0 15 100 1000 1000 9 100 10 100 10 100 0 1 25
9541 6 900 600 80 100 900 10 15 100 1000 1000 9 100 10 100 10 100 0 1 25
9542 6 900 600 80 100 900 20 15 100 1000 1000 9 100 10 100 10 100 0 1 25
9543 6 900 600 78 100 900 0 15 100 1000 1000 9 100 10 100 10 100 0 1 30
9544 6 900 600 79 100 900 0 15 100 1000 1000 9 100 10 100 10 100 0 1 30
9545 6 900 600 81 100 900 0 15 100 1000 1000 9 100 10 100 10 100 0 1 30
9546 6 900 600 82 100 900 0 15 100 1000 1000 9 100 10 100 10 100 0 1 30
9547 6 900 600 80 100 900 0 13 100 1000 1000 9 100 10 100 10 100 0 1 30
9548 6 900 600 80 100 900 0 14 100 1000 1000 9 100 10 100 10 100 0 1 30
9549 6 900 600 80 100 900 0 16 100 1000 1000 9 100 10 100 10 100 0 1 30
9550 6 900 600 80 100 900 0 17 100 1000 1000 9 100 10 100 10 100 0 1 30
9551 6 900 600 80 100 900 0 15 100 1000 1000 9 100 10 100 10 100 0 1 28
9552 6 900 600 80 100 900 0 15 100 1000 1000 9 100 10 100 10 100 0 1 29
9553 6 900 600 80 100 900 0 15 100 1000 1000 9 100 10 100 10 100 0 1 31
9554 6 900 600 80 100 900 0 15 100 1000 1000 9 100 10 100 10 100 0 1 32
9555 6 880 600 80 100 900 0 15 100 1000 1000 9 100 10 100 10 100 0 1 30
9556 6 890 600 80 100 900 0 15 100 1000 1000 9 100 10 100 10 100 0 1 30
9557 6 910 600 80 100 900 0 15 100 1000 1000 9 100 10 100 10 100 0 1 30
9558 6 920 600 80 100 900 0 15 100 1000 1000 9 100 10 100 10 100 0 1 30
9559 6 900 580 80 100 900 0 15 100 1000 1000 9 100 10 100 10 100 0 1 30
9560 6 900 590 80 100 900 0 15 100 1000 1000 9 100 10 100 10 100 0 1 30
9561 6 900 610 80 100 900 0 15 100 1000 1000 9 100 10 100 10 100 0 1 30
9562 6 900 620 80 100 900 0 15 100 1000 1000 9 100 10 100 10 100 0 1 30
9563 6 900 600 80 100 880 0 15 100 1000 1000 9 100 10 100 10 100 0 1 30
9564 6 900 600 80 100 890 0 15 100 1000 1000 9 100 10 100 10 100 0 1 30
9565 6 900 600 80 100 910 0 15 100 1000 1000 9 100 10 100 10 100 0 1 30
9566 6 900 600 80 100 920 0 15 100 1000 1000 9 100 10 100 10 100 0 1 30
9567 6 900 600 80 100 900 10 15 100 1000 1000 9 100 10 100 10 100 0 1 30
9568 6 900 600 80 100 900 20 15 100 1000 1000 9 100 10 100 10 100 0 1 30
9569 6 900 600 78 100 900 0 15 100 1000 1000 9 100 10 100 10 100 0 1 40
9570 6 900 600 79 100 900 0 15 100 1000 1000 9 100 10 100 10 100 0 1 40
9571 6 900 600 81 100 900 0 15 100 1000 1000 9 100 10 100 10 100 0 1 40
9572 6 900 600 82 100 900 0 15 100 1000 1000 9 100 10 100 10 100 0 1 40
9573 6 900 600 80 100 900 0 13 100 1000 1000 9 100 10 100 10 100 0 1 40
9574 6 900 600 80 100 900 0 14 100 1000 1000 9 100 10 100 10 100 0 1 40
9575 6 900 600 80 100 900 0 16 100 1000 1000 9 100 10 100 10 100 0 1 40
9576 6 900 600 80 100 900 0 17 100 1000 1000 9 100 10 100 10 100 0 1 40
9577 6 900 600 80 100 900 0 15 100 1000 1000 9 100 10 100 10 100 0 1 38
9578 6 900 600 80 100 900 0 15 100 1000 1000 9 100 10 100 10 100 0 1 39
9579 6 900 600 80 100 900 0 15 100 1000 1000 9 100 10 100 10 100 0 1 41
9580 6 900 600 80 100 900 0 15 100 1000 1000 9 100 10 100 10 100 0 1 42
9581 6 880 600 80 100 900 0 15 100 1000 1000 9 100 10 100 10 100 0 1 40
9582 6 890 600 80 100 900 0 15 100 1000 1000 9 100 10 100 10 100 0 1 40
9583 6 910 600 80 100 900 0 15 100 1000 1000 9 100 10 100 10 100 0 1 40
9584 6 920 600 80 100 900 0 15 100 1000 1000 9 100 10 100 10 100 0 1 40
9585 6 900 580 80 100 900 0 15 100 1000 1000 9 100 10 100 10 100 0 1 40
9586 6 900 590 80 100 900 0 15 100 1000 1000 9 100 10 100 10 100 0 1 40
9587 6 900 610 80 100 900 0 15 100 1000 1000 9 100 10 100 10 100 0 1 40
9588 6 900 620 80 100 900 0 15 100 1000 1000 9 100 10 100 10 100 0 1 40
9589 6 900 600 80 100 880 0 15 100 1000 1000 9 100 10 100 10 100 0 1 40
9590 6 900 600 80 100 890 0 15 100 1000 1000 9 100 10 100 10 100 0 1 40
9591 6 900 600 80 100 910 0 15 100 1000 1000 9 100 10 100 10 100 0 1 40
9592 6 900 600 80 100 920 0 15 100 1000 1000 9 100 10 100 10 100 0 1 40
9593 6 900 600 80 100 900 10 15 100 1000 1000 9 100 10 100 10 100 0 1 40
9594 6 900 600 80 100 900 20 15 100 1000 1000 9 100 10 100 10 100 0 1 40
9595 6 900 600 78 100 900 0 15 100 1000 1000 9 100 10 100 10 100 0 1 50
9596 6 900 600 79 100 900 0 15 100 1000 1000 9 100 10 100 10 100 0 1 50
9597 6 900 600 81 100 900 0 15 100 1000 1000 9 100 10 100 10 100 0 1 50
9598 6 900 600 82 100 900 0 15 100 1000 1000 9 100 10 100 10 100 0 1 50
9599 6 900 600 80 100 900 0 13 100 1000 1000 9 100 10 100 10 100 0 1 50
9600 6 900 600 80 100 900 0 14 100 1000 1000 9 100 10 100 10 100 0 1 50
9601 6 900 600 80 100 900 0 16 100 1000 1000 9 100 10 100 10 100 0 1 50
9602 6 900 600 80 100 900 0 17 100 1000 1000 9 100 10 100 10 100 0 1 50
9603 6 900 600 80 100 900 0 15 100 1000 1000 9 100 10 100 10 100 0 1 48
9604 6 900 600 80 100 900 0 15 100 1000 1000 9 100 10 100 10 100 0 1 49
9605 6 900 600 80 100 900 0 15 100 1000 1000 9 100 10 100 10 100 0 1 51
9606 6 900 600 80 100 900 0 15 100 1000 1000 9 100 10 100 10 100 0 1 52
9607 6 880 600 80 100 900 0 15 100 1000 1000 9 100 10 100 10 100 0 1 50
9608 6 890 600 80 100 900 0 15 100 1000 1000 9 100 10 100 10 100 0 1 50
9609 6 910 600 80 100 900 0 15 100 1000 1000 9 100 10 100 10 100 0 1 50
9610 6 920 600 80 100 900 0 15 100 1000 1000 9 100 10 100 10 100 0 1 50
9611 6 900 580 80 100 900 0 15 100 1000 1000 9 100 10 100 10 100 0 1 50
9612 6 900 590 80 100 900 0 15 100 1000 1000 9 100 10 100 10 100 0 1 50
9613 6 900 610 80 100 900 0 15 100 1000 1000 9 100 10 100 10 100 0 1 50
9614 6 900 620 80 100 900 0 15 100 1000 1000 9 100 10 100 10 100 0 1 50
9615 6 900 600 80 100 880 0 15 100 1000 1000 9 100 10 100 10 100 0 1 50
9616 6 900 600 80 100 890 0 15 100 1000 1000 9 100 10 100 10 100 0 1 50
9617 6 900 600 80 100 910 0 15 100 1000 1000 9 100 10 100 10 100 0 1 50
9618 6 900 600 80 100 920 0 15 100 1000 1000 9 100 10 100 10 100 0 1 50
9619 6 900 600 80 100 900 10 15 100 1000 1000 9 100 10 100 10 100 0 1 50
9620 6 900 600 80 100 900 20 15 100 1000 1000 9 100 10 100 10 100 0 1 50
9621 6 900 600 78 100 900 0 15 100 1000 1000 9 100 10 100 10 100 0 1 60
9622 6 900 600 79 100 900 0 15 100 1000 1000 9 100 10 100 10 100 0 1 60
9623 6 900 600 81 100 900 0 15 100 1000 1000 9 100 10 100 10 100 0 1 60
9624 6 900 600 82 100 900 0 15 100 1000 1000 9 100 10 100 10 100 0 1 60
9625 6 900 600 80 100 900 0 13 100 1000 1000 9 100 10 100 10 100 0 1 60
9626 6 900 600 80 100 900 0 14 100 1000 1000 9 100 10 100 10 100 0 1 60
9627 6 900 600 80 100 900 0 16 100 1000 1000 9 100 10 100 10 100 0 1 60
9628 6 900 600 80 100 900 0 17 100 1000 1000 9 100 10 100 10 100 0 1 60
9629 6 900 600 80 100 900 0 15 100 1000 1000 9 100 10 100 10 100 0 1 58
9630 6 900 600 80 100 900 0 15 100 1000 1000 9 100 10 100 10 100 0 1 59
9631 6 900 600 80 100 900 0 15 100 1000 1000 9 100 10 100 10 100 0 1 61
9632 6 900 600 80 100 900 0 15 100 1000 1000 9 100 10 100 10 100 0 1 62
9633 6 880 600 80 100 900 0 15 100 1000 1000 9 100 10 100 10 100 0 1 60
9634 6 890 600 80 100 900 0 15 100 1000 1000 9 100 10 100 10 100 0 1 60
9635 6 910 600 80 100 900 0 15 100 1000 1000 9 100 10 100 10 100 0 1 60
9636 6 920 600 80 100 900 0 15 100 1000 1000 9 100 10 100 10 100 0 1 60
9637 6 900 580 80 100 900 0 15 100 1000 1000 9 100 10 100 10 100 0 1 60
9638 6 900 590 80 100 900 0 15 100 1000 1000 9 100 10 100 10 100 0 1 60
9639 6 900 610 80 100 900 0 15 100 1000 1000 9 100 10 100 10 100 0 1 60
9640 6 900 620 80 100 900 0 15 100 1000 1000 9 100 10 100 10 100 0 1 60
9641 6 900 600 80 100 880 0 15 100 1000 1000 9 100 10 100 10 100 0 1 60
9642 6 900 600 80 100 890 0 15 100 1000 1000 9 100 10 100 10 100 0 1 60
9643 6 900 600 80 100 910 0 15 100 1000 1000 9 100 10 100 10 100 0 1 60
9644 6 900 600 80 100 920 0 15 100 1000 1000 9 100 10 100 10 100 0 1 60
9645 6 900 600 80 100 900 10 15 100 1000 1000 9 100 10 100 10 100 0 1 60
9646 6 900 600 80 100 900 20 15 100 1000 1000 9 100 10 100 10 100 0 1 60
9647 6 900 580 78 100 900 0 15 100 1000 1000 10 100 10 100 10 100 0 1 15
9648 6 900 580 79 100 900 0 15 100 1000 1000 10 100 10 100 10 100 0 1 15
9649 6 900 580 81 100 900 0 15 100 1000 1000 10 100 10 100 10 100 0 1 15
9650 6 900 580 82 100 900 0 15 100 1000 1000 10 100 10 100 10 100 0 1 15
9651 6 900 580 80 100 900 0 13 100 1000 1000 10 100 10 100 10 100 0 1 15
9652 6 900 580 80 100 900 0 14 100 1000 1000 10 100 10 100 10 100 0 1 15
9653 6 900 580 80 100 900 0 16 100 1000 1000 10 100 10 100 10 100 0 1 15
9654 6 900 580 80 100 900 0 17 100 1000 1000 10 100 10 100 10 100 0 1 15
9655 6 900 580 80 100 900 0 15 100 1000 1000 11 100 10 100 10 100 0 1 15
9656 6 900 580 80 100 900 0 15 100 1000 1000 12 100 10 100 10 100 0 1 15
9657 6 900 580 80 100 900 0 15 100 1000 1000 10 100 10 100 10 100 0 1 13
9658 6 900 580 80 100 900 0 15 100 1000 1000 10 100 10 100 10 100 0 1 14
9659 6 900 580 80 100 900 0 15 100 1000 1000 10 100 10 100 10 100 0 1 16
9660 6 900 580 80 100 900 0 15 100 1000 1000 10 100 10 100 10 100 0 1 17
9661 6 880 580 80 100 900 0 15 100 1000 1000 10 100 10 100 10 100 0 1 15
9662 6 890 580 80 100 900 0 15 100 1000 1000 10 100 10 100 10 100 0 1 15
9663 6 910 580 80 100 900 0 15 100 1000 1000 10 100 10 100 10 100 0 1 15
9664 6 920 580 80 100 900 0 15 100 1000 1000 10 100 10 100 10 100 0 1 15
9665 6 900 560 80 100 900 0 15 100 1000 1000 10 100 10 100 10 100 0 1 15
9666 6 900 570 80 100 900 0 15 100 1000 1000 10 100 10 100 10 100 0 1 15
9667 6 900 580 80 100 880 0 15 100 1000 1000 10 100 10 100 10 100 0 1 15
9668 6 900 580 80 100 890 0 15 100 1000 1000 10 100 10 100 10 100 0 1 15
9669 6 900 580 80 100 910 0 15 100 1000 1000 10 100 10 100 10 100 0 1 15
9670 6 900 580 80 100 920 0 15 100 1000 1000 10 100 10 100 10 100 0 1 15
9671 6 900 580 80 100 900 10 15 100 1000 1000 10 100 10 100 10 100 0 1 15
9672 6 900 580 80 100 900 20 15 100 1000 1000 10 100 10 100 10 100 0 1 15
9673 6 900 580 78 100 900 0 15 100 1000 1000 10 100 10 100 10 100 0 1 20
9674 6 900 580 79 100 900 0 15 100 1000 1000 10 100 10 100 10 100 0 1 20
9675 6 900 580 81 100 900 0 15 100 1000 1000 10 100 10 100 10 100 0 1 20
9676 6 900 580 82 100 900 0 15 100 1000 1000 10 100 10 100 10 100 0 1 20
9677 6 900 580 80 100 900 0 13 100 1000 1000 10 100 10 100 10 100 0 1 20
9678 6 900 580 80 100 900 0 14 100 1000 1000 10 100 10 100 10 100 0 1 20
9679 6 900 580 80 100 900 0 16 100 1000 1000 10 100 10 100 10 100 0 1 20
9680 6 900 580 80 100 900 0 17 100 1000 1000 10 100 10 100 10 100 0 1 20
9681 6 900 580 80 100 900 0 15 100 1000 1000 11 100 10 100 10 100 0 1 20
9682 6 900 580 80 100 900 0 15 100 1000 1000 12 100 10 100 10 100 0 1 20
9683 6 900 580 80 100 900 0 15 100 1000 1000 10 100 10 100 10 100 0 1 18
9684 6 900 580 80 100 900 0 15 100 1000 1000 10 100 10 100 10 100 0 1 19
9685 6 900 580 80 100 900 0 15 100 1000 1000 10 100 10 100 10 100 0 1 21
9686 6 900 580 80 100 900 0 15 100 1000 1000 10 100 10 100 10 100 0 1 22
9687 6 880 580 80 100 900 0 15 100 1000 1000 10 100 10 100 10 100 0 1 20
9688 6 890 580 80 100 900 0 15 100 1000 1000 10 100 10 100 10 100 0 1 20
9689 6 910 580 80 100 900 0 15 100 1000 1000 10 100 10 100 10 100 0 1 20
9690 6 920 580 80 100 900 0 15 100 1000 1000 10 100 10 100 10 100 0 1 20
9691 6 900 560 80 100 900 0 15 100 1000 1000 10 100 10 100 10 100 0 1 20
9692 6 900 570 80 100 900 0 15 100 1000 1000 10 100 10 100 10 100 0 1 20
9693 6 900 580 80 100 880 0 15 100 1000 1000 10 100 10 100 10 100 0 1 20
9694 6 900 580 80 100 890 0 15 100 1000 1000 10 100 10 100 10 100 0 1 20
9695 6 900 580 80 100 910 0 15 100 1000 1000 10 100 10 100 10 100 0 1 20
9696 6 900 580 80 100 920 0 15 100 1000 1000 10 100 10 100 10 100 0 1 20
9697 6 900 580 80 100 900 10 15 100 1000 1000 10 100 10 100 10 100 0 1 20
9698 6 900 580 80 100 900 20 15 100 1000 1000 10 100 10 100 10 100 0 1 20
9699 6 900 580 78 100 900 0 15 100 1000 1000 10 100 10 100 10 100 0 1 25
9700 6 900 580 79 100 900 0 15 100 1000 1000 10 100 10 100 10 100 0 1 25
9701 6 900 580 81 100 900 0 15 100 1000 1000 10 100 10 100 10 100 0 1 25
9702 6 900 580 82 100 900 0 15 100 1000 1000 10 100 10 100 10 100 0 1 25
9703 6 900 580 80 100 900 0 13 100 1000 1000 10 100 10 100 10 100 0 1 25
9704 6 900 580 80 100 900 0 14 100 1000 1000 10 100 10 100 10 100 0 1 25
9705 6 900 580 80 100 900 0 16 100 1000 1000 10 100 10 100 10 100 0 1 25
9706 6 900 580 80 100 900 0 17 100 1000 1000 10 100 10 100 10 100 0 1 25
9707 6 900 580 80 100 900 0 15 100 1000 1000 11 100 10 100 10 100 0 1 25
9708 6 900 580 80 100 900 0 15 100 1000 1000 12 100 10 100 10 100 0 1 25
9709 6 900 580 80 100 900 0 15 100 1000 1000 10 100 10 100 10 100 0 1 23
9710 6 900 580 80 100 900 0 15 100 1000 1000 10 100 10 100 10 100 0 1 24
9711 6 900 580 80 100 900 0 15 100 1000 1000 10 100 10 100 10 100 0 1 26
9712 6 900 580 80 100 900 0 15 100 1000 1000 10 100 10 100 10 100 0 1 27
9713 6 880 580 80 100 900 0 15 100 1000 1000 10 100 10 100 10 100 0 1 25
9714 6 890 580 80 100 900 0 15 100 1000 1000 10 100 10 100 10 100 0 1 25
9715 6 910 580 80 100 900 0 15 100 1000 1000 10 100 10 100 10 100 0 1 25
9716 6 920 580 80 100 900 0 15 100 1000 1000 10 100 10 100 10 100 0 1 25
9717 6 900 560 80 100 900 0 15 100 1000 1000 10 100 10 100 10 100 0 1 25
9718 6 900 570 80 100 900 0 15 100 1000 1000 10 100 10 100 10 100 0 1 25
9719 6 900 580 80 100 880 0 15 100 1000 1000 10 100 10 100 10 100 0 1 25
9720 6 900 580 80 100 890 0 15 100 1000 1000 10 100 10 100 10 100 0 1 25
9721 6 900 580 80 100 910 0 15 100 1000 1000 10 100 10 100 10 100 0 1 25
9722 6 900 580 80 100 920 0 15 100 1000 1000 10 100 10 100 10 100 0 1 25
9723 6 900 580 80 100 900 10 15 100 1000 1000 10 100 10 100 10 100 0 1 25
9724 6 900 580 80 100 900 20 15 100 1000 1000 10 100 10 100 10 100 0 1 25
9725 6 900 580 78 100 900 0 15 100 1000 1000 10 100 10 100 10 100 0 1 30
9726 6 900 580 79 100 900 0 15 100 1000 1000 10 100 10 100 10 100 0 1 30
9727 6 900 580 81 100 900 0 15 100 1000 1000 10 100 10 100 10 100 0 1 30
9728 6 900 580 82 100 900 0 15 100 1000 1000 10 100 10 100 10 100 0 1 30
9729 6 900 580 80 100 900 0 13 100 1000 1000 10 100 10 100 10 100 0 1 30
9730 6 900 580 80 100 900 0 14 100 1000 1000 10 100 10 100 10 100 0 1 30
9731 6 900 580 80 100 900 0 16 100 1000 1000 10 100 10 100 10 100 0 1 30
9732 6 900 580 80 100 900 0 17 100 1000 1000 10 100 10 100 10 100 0 1 30
9733 6 900 580 80 100 900 0 15 100 1000 1000 11 100 10 100 10 100 0 1 30
9734 6 900 580 80 100 900 0 15 100 1000 1000 12 100 10 100 10 100 0 1 30
9735 6 900 580 80 100 900 0 15 100 1000 1000 10 100 10 100 10 100 0 1 28
9736 6 900 580 80 100 900 0 15 100 1000 1000 10 100 10 100 10 100 0 1 29
9737 6 900 580 80 100 900 0 15 100 1000 1000 10 100 10 100 10 100 0 1 31
9738 6 900 580 80 100 900 0 15 100 1000 1000 10 100 10 100 10 100 0 1 32
9739 6 880 580 80 100 900 0 15 100 1000 1000 10 100 10 100 10 100 0 1 30
9740 6 890 580 80 100 900 0 15 100 1000 1000 10 100 10 100 10 100 0 1 30
9741 6 910 580 80 100 900 0 15 100 1000 1000 10 100 10 100 10 100 0 1 30
9742 6 920 580 80 100 900 0 15 100 1000 1000 10 100 10 100 10 100 0 1 30
9743 6 900 560 80 100 900 0 15 100 1000 1000 10 100 10 100 10 100 0 1 30
9744 6 900 570 80 100 900 0 15 100 1000 1000 10 100 10 100 10 100 0 1 30
9745 6 900 580 80 100 880 0 15 100 1000 1000 10 100 10 100 10 100 0 1 30
9746 6 900 580 80 100 890 0 15 100 1000 1000 10 100 10 100 10 100 0 1 30
9747 6 900 580 80 100 910 0 15 100 1000 1000 10 100 10 100 10 100 0 1 30
9748 6 900 580 80 100 920 0 15 100 1000 1000 10 100 10 100 10 100 0 1 30
9749 6 900 580 80 100 900 10 15 100 1000 1000 10 100 10 100 10 100 0 1 30
9750 6 900 580 80 100 900 20 15 100 1000 1000 10 100 10 100 10 100 0 1 30
9751 6 900 580 78 100 900 0 15 100 1000 1000 10 100 10 100 10 100 0 1 40
9752 6 900 580 79 100 900 0 15 100 1000 1000 10 100 10 100 10 100 0 1 40
9753 6 900 580 81 100 900 0 15 100 1000 1000 10 100 10 100 10 100 0 1 40
9754 6 900 580 82 100 900 0 15 100 1000 1000 10 100 10 100 10 100 0 1 40
9755 6 900 580 80 100 900 0 13 100 1000 1000 10 100 10 100 10 100 0 1 40
9756 6 900 580 80 100 900 0 14 100 1000 1000 10 100 10 100 10 100 0 1 40
9757 6 900 580 80 100 900 0 16 100 1000 1000 10 100 10 100 10 100 0 1 40
9758 6 900 580 80 100 900 0 17 100 1000 1000 10 100 10 100 10 100 0 1 40
9759 6 900 580 80 100 900 0 15 100 1000 1000 11 100 10 100 10 100 0 1 40
9760 6 900 580 80 100 900 0 15 100 1000 1000 12 100 10 100 10 100 0 1 40
9761 6 900 580 80 100 900 0 15 100 1000 1000 10 100 10 100 10 100 0 1 38
9762 6 900 580 80 100 900 0 15 100 1000 1000 10 100 10 100 10 100 0 1 39
9763 6 900 580 80 100 900 0 15 100 1000 1000 10 100 10 100 10 100 0 1 41
9764 6 900 580 80 100 900 0 15 100 1000 1000 10 100 10 100 10 100 0 1 42
9765 6 880 580 80 100 900 0 15 100 1000 1000 10 100 10 100 10 100 0 1 40
9766 6 890 580 80 100 900 0 15 100 1000 1000 10 100 10 100 10 100 0 1 40
9767 6 910 580 80 100 900 0 15 100 1000 1000 10 100 10 100 10 100 0 1 40
9768 6 920 580 80 100 900 0 15 100 1000 1000 10 100 10 100 10 100 0 1 40
9769 6 900 560 80 100 900 0 15 100 1000 1000 10 100 10 100 10 100 0 1 40
9770 6 900 570 80 100 900 0 15 100 1000 1000 10 100 10 100 10 100 0 1 40
9771 6 900 580 80 100 880 0 15 100 1000 1000 10 100 10 100 10 100 0 1 40
9772 6 900 580 80 100 890 0 15 100 1000 1000 10 100 10 100 10 100 0 1 40
9773 6 900 580 80 100 910 0 15 100 1000 1000 10 100 10 100 10 100 0 1 40
9774 6 900 580 80 100 920 0 15 100 1000 1000 10 100 10 100 10 100 0 1 40
9775 6 900 580 80 100 900 10 15 100 1000 1000 10 100 10 100 10 100 0 1 40
9776 6 900 580 80 100 900 20 15 100 1000 1000 10 100 10 100 10 100 0 1 40
9777 6 900 580 78 100 900 0 15 100 1000 1000 10 100 10 100 10 100 0 1 50
9778 6 900 580 79 100 900 0 15 100 1000 1000 10 100 10 100 10 100 0 1 50
9779 6 900 580 81 100 900 0 15 100 1000 1000 10 100 10 100 10 100 0 1 50
9780 6 900 580 82 100 900 0 15 100 1000 1000 10 100 10 100 10 100 0 1 50
9781 6 900 580 80 100 900 0 13 100 1000 1000 10 100 10 100 10 100 0 1 50
9782 6 900 580 80 100 900 0 14 100 1000 1000 10 100 10 100 10 100 0 1 50
9783 6 900 580 80 100 900 0 16 100 1000 1000 10 100 10 100 10 100 0 1 50
9784 6 900 580 80 100 900 0 17 100 1000 1000 10 100 10 100 10 100 0 1 50
9785 6 900 580 80 100 900 0 15 100 1000 1000 11 100 10 100 10 100 0 1 50
9786 6 900 580 80 100 900 0 15 100 1000 1000 12 100 10 100 10 100 0 1 50
9787 6 900 580 80 100 900 0 15 100 1000 1000 10 100 10 100 10 100 0 1 48
9788 6 900 580 80 100 900 0 15 100 1000 1000 10 100 10 100 10 100 0 1 49
9789 6 900 580 80 100 900 0 15 100 1000 1000 10 100 10 100 10 100 0 1 51
9790 6 900 580 80 100 900 0 15 100 1000 1000 10 100 10 100 10 100 0 1 52
9791 6 880 580 80 100 900 0 15 100 1000 1000 10 100 10 100 10 100 0 1 50
9792 6 890 580 80 100 900 0 15 100 1000 1000 10 100 10 100 10 100 0 1 50
9793 6 910 580 80 100 900 0 15 100 1000 1000 10 100 10 100 10 100 0 1 50
9794 6 920 580 80 100 900 0 15 100 1000 1000 10 100 10 100 10 100 0 1 50
9795 6 900 560 80 100 900 0 15 100 1000 1000 10 100 10 100 10 100 0 1 50
9796 6 900 570 80 100 900 0 15 100 1000 1000 10 100 10 100 10 100 0 1 50
9797 6 900 580 80 100 880 0 15 100 1000 1000 10 100 10 100 10 100 0 1 50
9798 6 900 580 80 100 890 0 15 100 1000 1000 10 100 10 100 10 100 0 1 50
9799 6 900 580 80 100 910 0 15 100 1000 1000 10 100 10 100 10 100 0 1 50
9800 6 900 580 80 100 920 0 15 100 1000 1000 10 100 10 100 10 100 0 1 50
9801 6 900 580 80 100 900 10 15 100 1000 1000 10 100 10 100 10 100 0 1 50
9802 6 900 580 80 100 900 20 15 100 1000 1000 10 100 10 100 10 100 0 1 50
9803 6 900 580 78 100 900 0 15 100 1000 1000 10 100 10 100 10 100 0 1 60
9804 6 900 580 79 100 900 0 15 100 1000 1000 10 100 10 100 10 100 0 1 60
9805 6 900 580 81 100 900 0 15 100 1000 1000 10 100 10 100 10 100 0 1 60
9806 6 900 580 82 100 900 0 15 100 1000 1000 10 100 10 100 10 100 0 1 60
9807 6 900 580 80 100 900 0 13 100 1000 1000 10 100 10 100 10 100 0 1 60
9808 6 900 580 80 100 900 0 14 100 1000 1000 10 100 10 100 10 100 0 1 60
9809 6 900 580 80 100 900 0 16 100 1000 1000 10 100 10 100 10 100 0 1 60
9810 6 900 580 80 100 900 0 17 100 1000 1000 10 100 10 100 10 100 0 1 60
9811 6 900 580 80 100 900 0 15 100 1000 1000 11 100 10 100 10 100 0 1 60
9812 6 900 580 80 100 900 0 15 100 1000 1000 12 100 10 100 10 100 0 1 60
9813 6 900 580 80 100 900 0 15 100 1000 1000 10 100 10 100 10 100 0 1 58
9814 6 900 580 80 100 900 0 15 100 1000 1000 10 100 10 100 10 100 0 1 59
9815 6 900 580 80 100 900 0 15 100 1000 1000 10 100 10 100 10 100 0 1 61
9816 6 900 580 80 100 900 0 15 100 1000 1000 10 100 10 100 10 100 0 1 62
9817 6 880 580 80 100 900 0 15 100 1000 1000 10 100 10 100 10 100 0 1 60
9818 6 890 580 80 100 900 0 15 100 1000 1000 10 100 10 100 10 100 0 1 60
9819 6 910 580 80 100 900 0 15 100 1000 1000 10 100 10 100 10 100 0 1 60
9820 6 920 580 80 100 900 0 15 100 1000 1000 10 100 10 100 10 100 0 1 60
9821 6 900 560 80 100 900 0 15 100 1000 1000 10 100 10 100 10 100 0 1 60
9822 6 900 570 80 100 900 0 15 100 1000 1000 10 100 10 100 10 100 0 1 60
9823 6 900 580 80 100 880 0 15 100 1000 1000 10 100 10 100 10 100 0 1 60
9824 6 900 580 80 100 890 0 15 100 1000 1000 10 100 10 100 10 100 0 1 60
9825 6 900 580 80 100 910 0 15 100 1000 1000 10 100 10 100 10 100 0 1 60
9826 6 900 580 80 100 920 0 15 100 1000 1000 10 100 10 100 10 100 0 1 60
9827 6 900 580 80 100 900 10 15 100 1000 1000 10 100 10 100 10 100 0 1 60
9828 6 900 580 80 100 900 20 15 100 1000 1000 10 100 10 100 10 100 0 1 60
9829 6 900 590 78 100 900 0 15 100 1000 1000 10 100 10 100 10 100 0 1 15
9830 6 900 590 79 100 900 0 15 100 1000 1000 10 100 10 100 10 100 0 1 15
9831 6 900 590 81 100 900 0 15 100 1000 1000 10 100 10 100 10 100 0 1 15
9832 6 900 590 82 100 900 0 15 100 1000 1000 10 100 10 100 10 100 0 1 15
9833 6 900 590 80 100 900 0 13 100 1000 1000 10 100 10 100 10 100 0 1 15
9834 6 900 590 80 100 900 0 14 100 1000 1000 10 100 10 100 10 100 0 1 15
9835 6 900 590 80 100 900 0 16 100 1000 1000 10 100 10 100 10 100 0 1 15
9836 6 900 590 80 100 900 0 17 100 1000 1000 10 100 10 100 10 100 0 1 15
9837 6 900 590 80 100 900 0 15 100 1000 1000 11 100 10 100 10 100 0 1 15
9838 6 900 590 80 100 900 0 15 100 1000 1000 12 100 10 100 10 100 0 1 15
9839 6 900 590 80 100 900 0 15 100 1000 1000 10 100 10 100 10 100 0 1 13
9840 6 900 590 80 100 900 0 15 100 1000 1000 10 100 10 100 10 100 0 1 14
9841 6 900 590 80 100 900 0 15 100 1000 1000 10 100 10 100 10 100 0 1 16
9842 6 900 590 80 100 900 0 15 100 1000 1000 10 100 10 100 10 100 0 1 17
9843 6 880 590 80 100 900 0 15 100 1000 1000 10 100 10 100 10 100 0 1 15
9844 6 890 590 80 100 900 0 15 100 1000 1000 10 100 10 100 10 100 0 1 15
9845 6 910 590 80 100 900 0 15 100 1000 1000 10 100 10 100 10 100 0 1 15
9846 6 920 590 80 100 900 0 15 100 1000 1000 10 100 10 100 10 100 0 1 15
9847 6 900 590 80 100 880 0 15 100 1000 1000 10 100 10 100 10 100 0 1 15
9848 6 900 590 80 100 890 0 15 100 1000 1000 10 100 10 100 10 100 0 1 15
9849 6 900 590 80 100 910 0 15 100 1000 1000 10 100 10 100 10 100 0 1 15
9850 6 900 590 80 100 920 0 15 100 1000 1000 10 100 10 100 10 100 0 1 15
9851 6 900 590 80 100 900 10 15 100 1000 1000 10 100 10 100 10 100 0 1 15
9852 6 900 590 80 100 900 20 15 100 1000 1000 10 100 10 100 10 100 0 1 15
9853 6 900 590 78 100 900 0 15 100 1000 1000 10 100 10 100 10 100 0 1 20
9854 6 900 590 79 100 900 0 15 100 1000 1000 10 100 10 100 10 100 0 1 20
9855 6 900 590 81 100 900 0 15 100 1000 1000 10 100 10 100 10 100 0 1 20
9856 6 900 590 82 100 900 0 15 100 1000 1000 10 100 10 100 10 100 0 1 20
9857 6 900 590 80 100 900 0 13 100 1000 1000 10 100 10 100 10 100 0 1 20
9858 6 900 590 80 100 900 0 14 100 1000 1000 10 100 10 100 10 100 0 1 20
9859 6 900 590 80 100 900 0 16 100 1000 1000 10 100 10 100 10 100 0 1 20
9860 6 900 590 80 100 900 0 17 100 1000 1000 10 100 10 100 10 100 0 1 20
9861 6 900 590 80 100 900 0 15 100 1000 1000 11 100 10 100 10 100 0 1 20
9862 6 900 590 80 100 900 0 15 100 1000 1000 12 100 10 100 10 100 0 1 20
9863 6 900 590 80 100 900 0 15 100 1000 1000 10 100 10 100 10 100 0 1 18
9864 6 900 590 80 100 900 0 15 100 1000 1000 10 100 10 100 10 100 0 1 19
9865 6 900 590 80 100 900 0 15 100 1000 1000 10 100 10 100 10 100 0 1 21
9866 6 900 590 80 100 900 0 15 100 1000 1000 10 100 10 100 10 100 0 1 22
9867 6 880 590 80 100 900 0 15 100 1000 1000 10 100 10 100 10 100 0 1 20
9868 6 890 590 80 100 900 0 15 100 1000 1000 10 100 10 100 10 100 0 1 20
9869 6 910 590 80 100 900 0 15 100 1000 1000 10 100 10 100 10 100 0 1 20
9870 6 920 590 80 100 900 0 15 100 1000 1000 10 100 10 100 10 100 0 1 20
9871 6 900 590 80 100 880 0 15 100 1000 1000 10 100 10 100 10 100 0 1 20
9872 6 900 590 80 100 890 0 15 100 1000 1000 10 100 10 100 10 100 0 1 20
9873 6 900 590 80 100 910 0 15 100 1000 1000 10 100 10 100 10 100 0 1 20
9874 6 900 590 80 100 920 0 15 100 1000 1000 10 100 10 100 10 100 0 1 20
9875 6 900 590 80 100 900 10 15 100 1000 1000 10 100 10 100 10 100 0 1 20
9876 6 900 590 80 100 900 20 15 100 1000 1000 10 100 10 100 10 100 0 1 20
9877 6 900 590 78 100 900 0 15 100 1000 1000 10 100 10 100 10 100 0 1 25
9878 6 900 590 79 100 900 0 15 100 1000 1000 10 100 10 100 10 100 0 1 25
9879 6 900 590 81 100 900 0 15 100 1000 1000 10 100 10 100 10 100 0 1 25
9880 6 900 590 82 100 900 0 15 100 1000 1000 10 100 10 100 10 100 0 1 25
9881 6 900 590 80 100 900 0 13 100 1000 1000 10 100 10 100 10 100 0 1 25
9882 6 900 590 80 100 900 0 14 100 1000 1000 10 100 10 100 10 100 0 1 25
9883 6 900 590 80 100 900 0 16 100 1000 1000 10 100 10 100 10 100 0 1 25
9884 6 900 590 80 100 900 0 17 100 1000 1000 10 100 10 100 10 100 0 1 25
9885 6 900 590 80 100 900 0 15 100 1000 1000 11 100 10 100 10 100 0 1 25
9886 6 900 590 80 100 900 0 15 100 1000 1000 12 100 10 100 10 100 0 1 25
9887 6 900 590 80 100 900 0 15 100 1000 1000 10 100 10 100 10 100 0 1 23
9888 6 900 590 80 100 900 0 15 100 1000 1000 10 100 10 100 10 100 0 1 24
9889 6 900 590 80 100 900 0 15 100 1000 1000 10 100 10 100 10 100 0 1 26
9890 6 900 590 80 100 900 0 15 100 1000 1000 10 100 10 100 10 100 0 1 27
9891 6 880 590 80 100 900 0 15 100 1000 1000 10 100 10 100 10 100 0 1 25
9892 6 890 590 80 100 900 0 15 100 1000 1000 10 100 10 100 10 100 0 1 25
9893 6 910 590 80 100 900 0 15 100 1000 1000 10 100 10 100 10 100 0 1 25
9894 6 920 590 80 100 900 0 15 100 1000 1000 10 100 10 100 10 100 0 1 25
9895 6 900 590 80 100 880 0 15 100 1000 1000 10 100 10 100 10 100 0 1 25
9896 6 900 590 80 100 890 0 15 100 1000 1000 10 100 10 100 10 100 0 1 25
9897 6 900 590 80 100 910 0 15 100 1000 1000 10 100 10 100 10 100 0 1 25
9898 6 900 590 80 100 920 0 15 100 1000 1000 10 100 10 100 10 100 0 1 25
9899 6 900 590 80 100 900 10 15 100 1000 1000 10 100 10 100 10 100 0 1 25
9900 6 900 590 80 100 900 20 15 100 1000 1000 10 100 10 100 10 100 0 1 25
9901 6 900 590 78 100 900 0 15 100 1000 1000 10 100 10 100 10 100 0 1 30
9902 6 900 590 79 100 900 0 15 100 1000 1000 10 100 10 100 10 100 0 1 30
9903 6 900 590 81 100 900 0 15 100 1000 1000 10 100 10 100 10 100 0 1 30
9904 6 900 590 82 100 900 0 15 100 1000 1000 10 100 10 100 10 100 0 1 30
9905 6 900 590 80 100 900 0 13 100 1000 1000 10 100 10 100 10 100 0 1 30
9906 6 900 590 80 100 900 0 14 100 1000 1000 10 100 10 100 10 100 0 1 30
9907 6 900 590 80 100 900 0 16 100 1000 1000 10 100 10 100 10 100 0 1 30
9908 6 900 590 80 100 900 0 17 100 1000 1000 10 100 10 100 10 100 0 1 30
9909 6 900 590 80 100 900 0 15 100 1000 1000 11 100 10 100 10 100 0 1 30
9910 6 900 590 80 100 900 0 15 100 1000 1000 12 100 10 100 10 100 0 1 30
9911 6 900 590 80 100 900 0 15 100 1000 1000 10 100 10 100 10 100 0 1 28
9912 6 900 590 80 100 900 0 15 100 1000 1000 10 100 10 100 10 100 0 1 29
9913 6 900 590 80 100 900 0 15 100 1000 1000 10 100 10 100 10 100 0 1 31
9914 6 900 590 80 100 900 0 15 100 1000 1000 10 100 10 100 10 100 0 1 32
9915 6 880 590 80 100 900 0 15 100 1000 1000 10 100 10 100 10 100 0 1 30
9916 6 890 590 80 100 900 0 15 100 1000 1000 10 100 10 100 10 100 0 1 30
9917 6 910 590 80 100 900 0 15 100 1000 1000 10 100 10 100 10 100 0 1 30
9918 6 920 590 80 100 900 0 15 100 1000 1000 10 100 10 100 10 100 0 1 30
9919 6 900 590 80 100 880 0 15 100 1000 1000 10 100 10 100 10 100 0 1 30
9920 6 900 590 80 100 890 0 15 100 1000 1000 10 100 10 100 10 100 0 1 30
9921 6 900 590 80 100 910 0 15 100 1000 1000 10 100 10 100 10 100 0 1 30
9922 6 900 590 80 100 920 0 15 100 1000 1000 10 100 10 100 10 100 0 1 30
9923 6 900 590 80 100 900 10 15 100 1000 1000 10 100 10 100 10 100 0 1 30
9924 6 900 590 80 100 900 20 15 100 1000 1000 10 100 10 100 10 100 0 1 30
9925 6 900 590 78 100 900 0 15 100 1000 1000 10 100 10 100 10 100 0 1 40
9926 6 900 590 79 100 900 0 15 100 1000 1000 10 100 10 100 10 100 0 1 40
9927 6 900 590 81 100 900 0 15 100 1000 1000 10 100 10 100 10 100 0 1 40
9928 6 900 590 82 100 900 0 15 100 1000 1000 10 100 10 100 10 100 0 1 40
9929 6 900 590 80 100 900 0 13 100 1000 1000 10 100 10 100 10 100 0 1 40
9930 6 900 590 80 100 900 0 14 100 1000 1000 10 100 10 100 10 100 0 1 40
9931 6 900 590 80 100 900 0 16 100 1000 1000 10 100 10 100 10 100 0 1 40
9932 6 900 590 80 100 900 0 17 100 1000 1000 10 100 10 100 10 100 0 1 40
9933 6 900 590 80 100 900 0 15 100 1000 1000 11 100 10 100 10 100 0 1 40
9934 6 900 590 80 100 900 0 15 100 1000 1000 12 100 10 100 10 100 0 1 40
9935 6 900 590 80 100 900 0 15 100 1000 1000 10 100 10 100 10 100 0 1 38
9936 6 900 590 80 100 900 0 15 100 1000 1000 10 100 10 100 10 100 0 1 39
9937 6 900 590 80 100 900 0 15 100 1000 1000 10 100 10 100 10 100 0 1 41
9938 6 900 590 80 100 900 0 15 100 1000 1000 10 100 10 100 10 100 0 1 42
9939 6 880 590 80 100 900 0 15 100 1000 1000 10 100 10 100 10 100 0 1 40
9940 6 890 590 80 100 900 0 15 100 1000 1000 10 100 10 100 10 100 0 1 40
9941 6 910 590 80 100 900 0 15 100 1000 1000 10 100 10 100 10 100 0 1 40
9942 6 920 590 80 100 900 0 15 100 1000 1000 10 100 10 100 10 100 0 1 40
9943 6 900 590 80 100 880 0 15 100 1000 1000 10 100 10 100 10 100 0 1 40
9944 6 900 590 80 100 890 0 15 100 1000 1000 10 100 10 100 10 100 0 1 40
9945 6 900 590 80 100 910 0 15 100 1000 1000 10 100 10 100 10 100 0 1 40
9946 6 900 590 80 100 920 0 15 100 1000 1000 10 100 10 100 10 100 0 1 40
9947 6 900 590 80 100 900 10 15 100 1000 1000 10 100 10 100 10 100 0 1 40
9948 6 900 590 80 100 900 20 15 100 1000 1000 10 100 10 100 10 100 0 1 40
9949 6 900 590 78 100 900 0 15 100 1000 1000 10 100 10 100 10 100 0 1 50
9950 6 900 590 79 100 900 0 15 100 1000 1000 10 100 10 100 10 100 0 1 50
9951 6 900 590 81 100 900 0 15 100 1000 1000 10 100 10 100 10 100 0 1 50
9952 6 900 590 82 100 900 0 15 100 1000 1000 10 100 10 100 10 100 0 1 50
9953 6 900 590 80 100 900 0 13 100 1000 1000 10 100 10 100 10 100 0 1 50
9954 6 900 590 80 100 900 0 14 100 1000 1000 10 100 10 100 10 100 0 1 50
9955 6 900 590 80 100 900 0 16 100 1000 1000 10 100 10 100 10 100 0 1 50
9956 6 900 590 80 100 900 0 17 100 1000 1000 10 100 10 100 10 100 0 1 50
9957 6 900 590 80 100 900 0 15 100 1000 1000 11 100 10 100 10 100 0 1 50
9958 6 900 590 80 100 900 0 15 100 1000 1000 12 100 10 100 10 100 0 1 50
9959 6 900 590 80 100 900 0 15 100 1000 1000 10 100 10 100 10 100 0 1 48
9960 6 900 590 80 100 900 0 15 100 1000 1000 10 100 10 100 10 100 0 1 49
9961 6 900 590 80 100 900 0 15 100 1000 1000 10 100 10 100 10 100 0 1 51
9962 6 900 590 80 100 900 0 15 100 1000 1000 10 100 10 100 10 100 0 1 52
9963 6 880 590 80 100 900 0 15 100 1000 1000 10 100 10 100 10 100 0 1 50
9964 6 890 590 80 100 900 0 15 100 1000 1000 10 100 10 100 10 100 0 1 50
9965 6 910 590 80 100 900 0 15 100 1000 1000 10 100 10 100 10 100 0 1 50
9966 6 920 590 80 100 900 0 15 100 1000 1000 10 100 10 100 10 100 0 1 50
9967 6 900 590 80 100 880 0 15 100 1000 1000 10 100 10 100 10 100 0 1 50
9968 6 900 590 80 100 890 0 15 100 1000 1000 10 100 10 100 10 100 0 1 50
9969 6 900 590 80 100 910 0 15 100 1000 1000 10 100 10 100 10 100 0 1 50
9970 6 900 590 80 100 920 0 15 100 1000 1000 10 100 10 100 10 100 0 1 50
9971 6 900 590 80 100 900 10 15 100 1000 1000 10 100 10 100 10 100 0 1 50
9972 6 900 590 80 100 900 20 15 100 1000 1000 10 100 10 100 10 100 0 1 50
9973 6 900 590 78 100 900 0 15 100 1000 1000 10 100 10 100 10 100 0 1 60
9974 6 900 590 79 100 900 0 15 100 1000 1000 10 100 10 100 10 100 0 1 60
9975 6 900 590 81 100 900 0 15 100 1000 1000 10 100 10 100 10 100 0 1 60
9976 6 900 590 82 100 900 0 15 100 1000 1000 10 100 10 100 10 100 0 1 60
9977 6 900 590 80 100 900 0 13 100 1000 1000 10 100 10 100 10 100 0 1 60
9978 6 900 590 80 100 900 0 14 100 1000 1000 10 100 10 100 10 100 0 1 60
9979 6 900 590 80 100 900 0 16 100 1000 1000 10 100 10 100 10 100 0 1 60
9980 6 900 590 80 100 900 0 17 100 1000 1000 10 100 10 100 10 100 0 1 60
9981 6 900 590 80 100 900 0 15 100 1000 1000 11 100 10 100 10 100 0 1 60
9982 6 900 590 80 100 900 0 15 100 1000 1000 12 100 10 100 10 100 0 1 60
9983 6 900 590 80 100 900 0 15 100 1000 1000 10 100 10 100 10 100 0 1 58
9984 6 900 590 80 100 900 0 15 100 1000 1000 10 100 10 100 10 100 0 1 59
9985 6 900 590 80 100 900 0 15 100 1000 1000 10 100 10 100 10 100 0 1 61
9986 6 900 590 80 100 900 0 15 100 1000 1000 10 100 10 100 10 100 0 1 62
9987 6 880 590 80 100 900 0 15 100 1000 1000 10 100 10 100 10 100 0 1 60
9988 6 890 590 80 100 900 0 15 100 1000 1000 10 100 10 100 10 100 0 1 60
9989 6 910 590 80 100 900 0 15 100 1000 1000 10 100 10 100 10 100 0 1 60
9990 6 920 590 80 100 900 0 15 100 1000 1000 10 100 10 100 10 100 0 1 60
9991 6 900 590 80 100 880 0 15 100 1000 1000 10 100 10 100 10 100 0 1 60
9992 6 900 590 80 100 890 0 15 100 1000 1000 10 100 10 100 10 100 0 1 60
9993 6 900 590 80 100 910 0 15 100 1000 1000 10 100 10 100 10 100 0 1 60
9994 6 900 590 80 100 920 0 15 100 1000 1000 10 100 10 100 10 100 0 1 60
9995 6 900 590 80 100 900 10 15 100 1000 1000 10 100 10 100 10 100 0 1 60
9996 6 900 590 80 100 900 20 15 100 1000 1000 10 100 10 100 10 100 0 1 60
9997 6 900 600 78 100 900 20 15 100 1000 1000 10 100 10 100 10 100 0 1 15
9998 6 900 600 79 100 900 20 15 100 1000 1000 10 100 10 100 10 100 0 1 15
9999 6 900 600 81 100 900 20 15 100 1000 1000 10 100 10 100 10 100 0 1 15
