region,id,tier,complexity,features,status,reference_minutes,mean_regret_seconds,mean_regret_percent,worst_regret_seconds,worst_regret_percent,shells_consumed,pulls,purchased_shells,farming_seconds,trips
PAL,9748,3,28,"[2, 3, 4, 0, 7, 1, 0, 1]",exactly_dominated,125.0967375482895,424.50872949540246,6.116594582982565,825.9662820341136,11.35186859591423,3319.43650798566,312.902366955026,409.663396285212,648.545143670956,4.55181551428014
PAL,3715,2,12,"[1, 1, 1, 0, 4, 0, 0, 1]",exactly_dominated,144.4465379907519,1537.352743736915,21.856084162546303,2320.4462211178197,36.56772516195476,2229.40573681243,384.405736812459,343.905736865683,493.482221814,4.7831422504766
PAL,9318,3,25,"[2, 2, 4, 0, 6, 1, 0, 1]",exactly_dominated,128.3141794310078,579.772470906348,8.295040584718814,801.9889985554082,12.638480054046655,3094.07755473076,329.095483929114,375.963056175411,571.312702120988,4.1773672908379
PAL,8509,4,39,"[4, 4, 3, 0, 8, 1, 0, 2]",exactly_dominated,123.28176414241712,319.5110656305049,4.627265583236428,691.100549021081,10.890997906301298,3804.35117196871,325.289512529352,285.537752466857,392.362280853698,3.31518735946973
PAL,3650,2,11,"[1, 0, 2, 0, 4, 0, 0, 1]",exactly_dominated,171.1129185432815,3139.829005532728,44.895590957976864,3913.9296123671884,61.679301621277446,5008.78698896908,292.5525535098,1418.78698896929,2682.521424400976,15.7642998774366
PAL,8335,4,38,"[4, 4, 3, 0, 8, 1, 0, 1]",exactly_dominated,122.9096253725401,293.73835999816265,4.2537550466972585,635.0999250534223,10.008488582227917,3474.07853857798,325.844152822685,280.593658057335,382.2412120328188,3.11770731174816
PAL,3579,1,12,"[1, 1, 1, 0, 4, 0, 0, 1]",exactly_dominated,146.68398137612573,1711.225904563825,24.319128893513344,2348.3937597523836,37.00814817302956,1537.59208483572,389.59170986616,384.441696771351,573.136707499148,4.27157440857058
PAL,9524,3,25,"[2, 2, 4, 0, 6, 1, 0, 1]",exactly_dominated,123.8362873224828,350.9635317897875,5.0611309400495585,750.8690679690053,10.319751759513947,3161.67062668995,319.899545927618,343.794624207484,512.082879552312,3.81994026897204
PAL,9461,3,28,"[2, 3, 4, 0, 7, 1, 0, 1]",exactly_dominated,123.17502890204578,302.8391156641057,4.331363000049527,712.9203730230956,9.798194635715268,3066.29005088273,333.140661289083,248.414048400175,314.066297435594,2.76015609333528
PAL,7886,3,25,"[2, 2, 4, 0, 6, 1, 0, 1]",exactly_dominated,125.24284911014688,432.2595886078974,6.2250705997456866,834.7370562818869,11.472411866155179,3270.64268196051,313.523603253738,409.766679477979,648.276398499884,4.55296310531088
PAL,9932,3,25,"[2, 2, 4, 0, 6, 1, 0, 1]",exactly_dominated,124.97086798297036,423.3670052669061,6.117768703431547,818.7641277683406,11.252884036119351,3285.23163036477,310.285894288484,424.355627882229,679.869354968996,4.71506253202477
PAL,9898,3,28,"[2, 3, 4, 0, 7, 1, 0, 1]",exactly_dominated,125.24284911014657,432.2595886078837,6.225070599745496,834.7370562818869,11.472411866155179,3270.64268196051,313.523603253737,409.766679477979,648.276398499884,4.55296310531088
PAL,3607,1,8,"[1, 0, 1, 0, 2, 0, 0, 1]",exactly_dominated,191.95896397164623,4373.841916368098,62.26500265321273,4948.586503374311,79.26763954852015,4991.77688697948,347.417355980689,1488.90196435014,2790.444827282652,16.543355159446
PAL,4438,2,10,"[1, 0, 1, 0, 4, 0, 0, 1]",exactly_dominated,183.5773971776254,3859.4965334004987,54.68746795684197,4662.700776881937,73.47912611364688,3977.78544664599,474.77905080617,402.285446646021,480.958161519424,13.4095148882007
PAL,7644,3,24,"[2, 2, 3, 0, 5, 1, 0, 2]",exactly_dominated,133.22645363573014,885.0024395424061,12.523966935354158,1232.0881618303438,19.416378137566163,3033.96142797639,390.573855747333,7.78025594843776,0.2301342344292172,0.0864472883159752
PAL,9573,3,25,"[2, 2, 4, 0, 6, 1, 0, 1]",exactly_dominated,124.43139156768308,372.96010410829524,5.339106811279642,787.5038417851783,10.82325068852357,3136.55787766327,325.820997120322,318.681875180611,458.305964641372,3.54090972422901
PAL,9089,3,23,"[2, 2, 3, 0, 5, 1, 0, 1]",exactly_dominated,125.48095129864983,443.7946272339696,6.350525807138325,753.1053662360036,10.947899302538117,3050.46436895025,333.896076022562,289.840031415607,397.127732554886,3.22044479350675
PAL,9123,3,26,"[2, 3, 3, 0, 6, 1, 0, 1]",exactly_dominated,124.96362646895727,407.3479082034438,5.770156048397378,720.202467442733,10.536568446421237,2889.46436895006,356.896076022595,132.582789237408,80.1165368351772,1.47314210263787
PAL,9820,3,28,"[2, 3, 4, 0, 7, 1, 0, 1]",exactly_dominated,125.0967375482895,424.5087294954028,6.11659458298257,825.9662820341136,11.35186859591423,3319.43650798567,312.902366955026,409.663396285212,648.545143670956,4.55181551428014
PAL,8677,4,40,"[4, 4, 4, 0, 8, 1, 0, 2]",exactly_dominated,123.79674230589193,348.8847147768258,5.0059096053833425,682.0340996816776,9.97816488966792,3656.22311691563,331.887930890487,256.716145722829,331.4960313450764,2.97092514373888
PAL,9965,3,28,"[2, 3, 4, 0, 7, 1, 0, 1]",exactly_dominated,125.24284911014688,432.2595886078974,6.2250705997456866,834.7370562818869,11.472411866155179,3270.64268196051,313.523603253738,409.766679477979,648.276398499884,4.55296310531088
PAL,9436,3,27,"[2, 3, 4, 0, 6, 1, 0, 1]",exactly_dominated,123.20590755460961,304.01449657924564,4.348649297872128,703.005451821864,9.661926503391463,3062.84741969124,333.189815052358,248.800588295895,314.8048359846628,2.76445098106551
PAL,9066,3,23,"[2, 2, 3, 0, 5, 1, 0, 1]",exactly_dominated,124.96362646895695,407.34790820342806,5.7701560483971575,720.202467442733,10.536568446421237,2889.46436895007,356.896076022594,132.582789237408,80.1165368351772,1.47314210263787
PAL,9709,3,25,"[2, 2, 4, 0, 6, 1, 0, 1]",exactly_dominated,125.0967375482895,424.50872949540246,6.116594582982565,825.9662820341136,11.35186859591423,3319.43650798566,312.902366955026,409.663396285212,648.545143670956,4.55181551428014
PAL,9359,3,25,"[2, 2, 4, 0, 6, 1, 0, 1]",exactly_dominated,123.11268602247365,303.5609529462986,4.3508388866155,709.0482608288339,9.744977319495476,3071.32412189925,332.140856467119,253.448119416786,324.6158970251416,2.81609021574207
PAL,8118,4,40,"[4, 5, 3, 0, 8, 1, 0, 1]",exactly_dominated,123.2268475873292,295.12224936407154,4.241420772727858,560.3402460897241,8.197782739030062,3698.96996874168,330.133118736798,254.514120452841,328.0290752144,2.82793467169823
PAL,8548,4,39,"[4, 4, 3, 0, 8, 1, 0, 2]",exactly_dominated,125.18997770920006,430.47749462819746,6.218650219722336,736.3006276540418,10.77208467219895,4006.51387106251,309.967812337712,416.513871063003,664.586459361128,4.84278441178706
PAL,7652,3,23,"[2, 2, 3, 0, 5, 1, 0, 1]",exactly_dominated,124.96362646895695,407.34790820342806,5.7701560483971575,720.202467442733,10.536568446421237,2889.46436895007,356.896076022594,132.582789237408,80.1165368351772,1.47314210263787
PAL,3611,1,8,"[1, 0, 1, 0, 2, 0, 0, 1]",exactly_dominated,191.95896397164623,4373.841916368098,62.26500265321273,4948.586503374311,79.26763954852015,4991.77688697948,347.417355980689,1488.90196435014,2790.444827282652,16.543355159446
PAL,9135,3,25,"[2, 3, 3, 0, 5, 1, 0, 1]",exactly_dominated,124.96362646895727,407.34790820344097,5.770156048397338,720.2024674427139,10.536568446420958,2889.46436895007,356.896076022595,132.582789237408,80.1165368351772,1.47314210263788
PAL,7982,4,41,"[4, 4, 4, 1, 8, 1, 0, 1]",exactly_dominated,125.50459868602914,444.7560910969575,6.34913752993838,787.7821459232428,11.090552267101845,3486.11805421077,337.085758792837,248.711661100656,344.724286439456,2.76346290111841
PAL,9565,3,28,"[2, 3, 4, 0, 7, 1, 0, 1]",exactly_dominated,124.08231244205989,358.39809518057706,5.148233075480505,766.2931483854672,10.531736362165388,3147.14264076185,323.021473389877,329.266638279346,481.088950248364,3.65851820310385
PAL,9070,3,26,"[2, 3, 3, 0, 6, 1, 0, 1]",exactly_dominated,124.96362646895695,407.34790820342806,5.7701560483971575,720.202467442733,10.536568446421237,2889.46436895007,356.896076022594,132.582789237408,80.1165368351772,1.47314210263787
PAL,9420,3,25,"[2, 2, 4, 0, 6, 1, 0, 1]",exactly_dominated,123.17502890204578,302.8391156641057,4.331363000049527,712.9203730230956,9.798194635715268,3066.29005088273,333.140661289083,248.414048400175,314.066297435594,2.76015609333528
PAL,3703,2,12,"[1, 1, 1, 0, 4, 0, 0, 1]",exactly_dominated,144.4465379907519,1537.352743736915,21.856084162546303,2320.4462211178197,36.56772516195476,2229.40573681243,384.405736812459,343.905736865683,493.482221814,4.7831422504766
PAL,3646,2,11,"[1, 0, 2, 0, 4, 0, 0, 1]",exactly_dominated,170.19701332516652,3083.9638983870864,44.07519159593396,3858.976604894573,60.813301601197956,4928.69141489853,302.623263757906,1338.69141489875,2512.25956604374,14.8743490544305
PAL,8909,4,40,"[4, 4, 3, 1, 8, 1, 0, 1]",exactly_dominated,125.36646218747413,435.4579307666467,6.220918614303924,751.7034217666842,10.398305283443099,3732.50225353451,335.666775256133,249.725474870334,346.97337782549,2.77472749855926
PAL,9532,3,28,"[2, 3, 4, 0, 7, 1, 0, 1]",exactly_dominated,124.08231244205989,358.3980951805771,5.148233075480506,766.2931483854682,10.531736362165402,3147.14264076184,323.021473389877,329.266638279346,481.088950248364,3.65851820310385
PAL,9162,3,26,"[2, 3, 3, 0, 6, 1, 0, 1]",exactly_dominated,124.96362646895727,407.34790820344375,5.770156048397377,720.2024674427321,10.536568446421223,2889.46436895007,356.896076022595,132.582789237408,80.1165368351772,1.47314210263787
PAL,9498,3,25,"[2, 2, 4, 0, 6, 1, 0, 1]",exactly_dominated,123.83628732248279,350.9635317897867,5.061130940049547,750.8690679690053,10.319751759513947,3161.67062668995,319.899545927618,343.794624207484,512.082879552312,3.81994026897204
PAL,9924,3,27,"[2, 3, 4, 0, 6, 1, 0, 1]",exactly_dominated,125.27190724029907,433.3102711610019,6.240563284816001,825.5994900449596,11.34682750095251,3267.27719704453,313.567885446692,410.147841295303,648.998202421216,4.55719823661448
PAL,3580,1,12,"[1, 1, 1, 0, 4, 0, 0, 1]",exactly_dominated,146.68398137612573,1711.225904563825,24.319128893513344,2348.3937597523836,37.00814817302956,1537.59208483572,389.59170986616,384.441696771351,573.136707499148,4.27157440857058
PAL,9027,3,23,"[2, 2, 3, 0, 5, 1, 0, 1]",exactly_dominated,125.70683590958582,442.741942027592,6.25945835980756,737.4104011539739,10.788320668284301,2862.45677968876,360.825080303199,121.587192331183,59.6562618727644,1.35096880367982
PAL,9660,3,25,"[2, 2, 4, 0, 6, 1, 0, 1]",exactly_dominated,125.0967375482895,424.50872949540275,6.11659458298257,825.9662820341136,11.35186859591423,3319.43650798566,312.902366955026,409.663396285212,648.545143670956,4.55181551428014
PAL,8972,3,23,"[2, 2, 3, 0, 5, 1, 0, 1]",exactly_dominated,125.26646347478483,422.0772110765473,5.974026930070619,731.5568967162835,10.702683846769164,2876.37414921807,358.657248049952,127.002071263036,69.781561995204,1.41113412514485
PAL,8564,4,37,"[4, 3, 3, 0, 8, 1, 0, 2]",exactly_dominated,122.8797066116292,290.1870997883099,4.173176509915269,600.8691272636952,8.790720627819475,3844.77850715881,328.676734468323,254.791182988443,329.314992686782,2.96132315897835
PAL,9375,3,28,"[2, 3, 4, 0, 7, 1, 0, 1]",exactly_dominated,123.17502890204543,302.8391156640893,4.331363000049299,712.9203730230956,9.798194635715268,3066.29005088273,333.140661289082,248.414048400175,314.066297435594,2.76015609333528
PAL,9549,3,25,"[2, 2, 4, 0, 6, 1, 0, 1]",exactly_dominated,124.02110701459638,359.1389799834716,5.167943177449971,762.4157635029624,10.478446579471619,3152.21405598021,322.009825966915,334.338053497665,491.85910564118,3.71486726108517
PAL,9119,3,23,"[2, 2, 3, 0, 5, 1, 0, 1]",exactly_dominated,124.96362646895727,407.3479082034438,5.770156048397378,720.202467442733,10.536568446421237,2889.46436895006,356.896076022595,132.582789237408,80.1165368351772,1.47314210263787
PAL,9637,3,25,"[2, 2, 4, 0, 6, 1, 0, 1]",exactly_dominated,123.78048697411575,344.82676207586064,4.959810784037858,748.1941906057291,10.282988931540732,3238.8328816519,321.776408896091,329.059769951359,481.499165564728,3.65621966612622
PAL,8925,4,38,"[4, 4, 3, 0, 8, 1, 0, 1]",exactly_dominated,125.43841353954274,430.1394661677464,6.212250127905667,693.2093434435365,10.141658804400487,3860.48831048502,311.064646867492,416.032462195917,662.77643827394,4.62258291328796
PAL,6468,2,20,"[1, 2, 3, 0, 5, 1, 0, 2]",exactly_dominated,133.9356070721105,947.0957738439798,13.495926871633179,1650.3875052840312,26.008323810615185,1695.57940824873,371.91875343992,242.642203830715,291.1005659891104,2.71400912682883
PAL,9267,4,28,"[2, 4, 3, 0, 6, 1, 0, 1]",exactly_dominated,126.41444369049955,501.1891347647423,7.194213356634583,807.5503004723896,11.723862667278773,3131.35325783933,323.784964911491,371.207103107423,565.103580602792,4.12452336786026
PAL,6487,2,19,"[1, 2, 2, 0, 5, 1, 0, 2]",exactly_dominated,144.1013413658681,1439.31739970993,20.535991530116576,1727.4002525541855,27.933719563439986,2340.79365785552,333.259206390717,683.960821525669,1183.48768867674,7.70454550933014
PAL,9772,3,28,"[2, 3, 4, 0, 7, 1, 0, 1]",exactly_dominated,125.0967375482895,424.50872949540286,6.116594582982571,825.9662820341136,11.35186859591423,3319.43650798566,312.902366955026,409.663396285212,648.545143670956,4.55181551428014
PAL,8860,4,43,"[4, 5, 3, 1, 8, 1, 0, 2]",exactly_dominated,126.150086030152,493.5362989538059,7.084783320260625,869.5405326177633,13.703019240251399,3776.05801309665,333.761795927203,280.625191874101,401.20289731662,3.2181724707612
PAL,9288,3,24,"[2, 2, 3, 0, 6, 1, 0, 1]",exactly_dominated,123.01902483300316,297.01436560407234,4.251357905469885,703.5651750989146,9.669619196458187,3109.18725889276,332.517469943238,248.311256410302,314.1953739942984,2.75901396011447
PAL,9322,3,28,"[2, 3, 4, 0, 7, 1, 0, 1]",exactly_dominated,123.17502890204543,302.8391156640908,4.331363000049319,712.9203730230956,9.798194635715268,3066.29005088273,333.140661289082,248.414048400175,314.066297435594,2.76015609333528
PAL,8499,4,37,"[4, 3, 3, 0, 8, 1, 0, 2]",exactly_dominated,123.21365311774461,294.83942519025834,4.237716683545323,575.3535594644773,8.417427646027326,3704.92962948434,330.255959768488,254.473781195505,327.825970510548,2.95077570338722
PAL,9908,3,25,"[2, 2, 4, 0, 6, 1, 0, 1]",exactly_dominated,124.97086798297036,423.36700526690623,6.117768703431547,818.7641277683406,11.252884036119351,3285.23163036477,310.285894288484,424.355627882229,679.869354968996,4.71506253202477
PAL,4286,2,11,"[1, 0, 2, 0, 4, 0, 0, 1]",exactly_dominated,173.2993517623637,3265.8359514969793,46.3935168537923,4046.234503230242,63.76428374352287,4307.57066352224,413.058676675726,717.570663522617,1159.582776248228,7.97300737247354
PAL,892,2,9,"[1, 0, 1, 0, 3, 0, 0, 1]",exactly_dominated,187.49817135050816,4141.141078871734,58.56439766499535,5098.32842478676,74.67455416732186,3770.67563009787,529.767549466088,230.163431463481,89.9572958408048,7.67211438211602
PAL,9271,3,24,"[2, 2, 3, 0, 6, 1, 0, 1]",exactly_dominated,123.12093585507067,299.69483171192763,4.287204807686921,709.6756574912997,9.753600098202964,3084.87766586334,332.906093387734,248.414048401402,314.1914912229564,2.76015609334891
PAL,4443,2,9,"[1, 0, 0, 0, 4, 0, 0, 1]",exactly_evaluated,183.5773971776254,3859.4965334004987,54.68746795684197,4662.700776881937,73.47912611364688,3977.78544664599,474.77905080617,402.285446646021,480.958161519424,13.4095148882007
PAL,8933,4,42,"[4, 4, 4, 1, 8, 1, 0, 2]",exactly_dominated,125.59816179119775,448.17167233861454,6.3932124747267745,804.7496494174593,11.060272642482682,3378.20794092376,338.015386503025,247.213444558535,342.8165147398696,2.82583670819158
PAL,9621,3,25,"[2, 2, 4, 0, 6, 1, 0, 1]",exactly_dominated,124.05155472686558,357.46322419184554,5.1355624825874475,764.451661519457,10.50642743929681,3154.55470956858,322.914503479113,329.162884301326,480.95156004136,3.65736538112584
PAL,6868,2,19,"[1, 2, 3, 0, 5, 1, 0, 1]",exactly_dominated,133.93347330655047,946.9608038188887,13.494041077052229,1650.177781187167,26.00501878545917,1695.5794093063,371.90076881185,242.642204888281,290.8272328233752,2.69602449875868
PAL,9334,3,25,"[2, 2, 4, 0, 6, 1, 0, 1]",exactly_dominated,123.1750737606781,301.3681402642937,4.260402254504936,665.4007751719337,9.14509747876038,2905.66002389583,356.066245158386,87.7840238924103,29.74725556601524,0.975378043249004
PAL,4156,2,10,"[1, 0, 1, 0, 3, 0, 0, 2]",exactly_dominated,169.99025353398795,3090.7271549629163,44.047167982975466,3853.002487045318,60.71915595903287,4567.27539401195,350.275394012084,1039.09482363192,1865.414253251744,12.6474875844351
PAL,9764,3,25,"[2, 2, 4, 0, 6, 1, 0, 1]",exactly_dominated,125.0967375482895,424.50872949540286,6.116594582982571,825.9662820341136,11.35186859591423,3319.43650798566,312.902366955026,409.663396285212,648.545143670956,4.55181551428014
PAL,9508,3,25,"[2, 2, 4, 0, 6, 1, 0, 1]",exactly_dominated,123.9279838464985,352.6372995143601,5.069116207110336,757.0387390051492,10.404546134787768,3190.03888678384,322.398680694292,329.162884301326,481.291354448324,3.65736538112584
PAL,4290,2,10,"[1, 0, 1, 0, 4, 0, 0, 1]",exactly_dominated,178.8149277352171,3595.705374652632,50.939193476129105,4377.168993036474,68.97945372234547,3977.03299752244,474.819163448547,431.500137369165,567.531335501304,4.79444597076851
PAL,7238,2,18,"[1, 2, 3, 0, 4, 1, 0, 1]",exactly_dominated,133.68263852213644,936.4821282840325,13.471659979548594,1659.4286736406148,26.150802854773875,2754.43070030312,321.478896569476,520.852896210229,865.224880475008,7.10391936118869
PAL,6079,2,13,"[1, 0, 2, 0, 4, 1, 0, 1]",exactly_dominated,160.49017584029679,2539.456429297668,36.35326668340595,3283.7971665250443,51.74909514397083,2241.08411068552,301.084009170118,1215.73963920626,2268.866034922192,13.5082182134029
PAL,9676,3,25,"[2, 2, 4, 0, 6, 1, 0, 1]",exactly_dominated,125.14110286377552,426.1696098670738,6.139459349685383,828.6323762267184,11.38851071024394,3307.10251444326,313.070640681098,409.766866274686,648.623452738068,4.55296518082984
PAL,9226,3,26,"[2, 3, 3, 0, 6, 1, 0, 1]",exactly_dominated,126.41444369049955,501.1891347647419,7.1942133566345765,807.5503004723896,11.723862667278773,3131.35325783933,323.784964911491,371.207103107424,565.103580602792,4.12452336786026
PAL,9363,3,25,"[2, 2, 4, 0, 6, 1, 0, 1]",exactly_dominated,123.17502890204543,302.8391156640893,4.331363000049299,712.9203730230956,9.798194635715268,3066.29005088273,333.140661289082,248.414048400175,314.066297435594,2.76015609333528
PAL,7957,3,27,"[2, 3, 4, 0, 6, 1, 0, 1]",exactly_dominated,125.4249757000563,439.143140888456,6.320782759932875,834.5544934916052,11.469902770020312,3224.30835652966,314.188854150164,410.261525134492,648.753971701016,4.55846139038324
PAL,9528,3,25,"[2, 2, 4, 0, 6, 1, 0, 1]",exactly_dominated,124.08231244205989,358.39809518057706,5.148233075480505,766.2931483854672,10.531736362165388,3147.14264076185,323.021473389877,329.266638279346,481.088950248364,3.65851820310385
PAL,9482,3,24,"[2, 2, 3, 0, 6, 1, 0, 1]",exactly_dominated,123.92798384652421,352.63729961783184,5.069116208623739,757.0387390051492,10.404546134787768,3190.03888678478,322.398680694224,329.162884302276,481.291354450208,3.6573653811364
PAL,9894,3,28,"[2, 3, 4, 0, 7, 1, 0, 1]",exactly_dominated,125.24284911014657,432.2595886078837,6.225070599745496,834.7370562818869,11.472411866155179,3270.64268196051,313.523603253737,409.766679477979,648.276398499884,4.55296310531088
PAL,7473,4,29,"[1, 4, 4, 2, 6, 1, 0, 1]",exactly_dominated,145.90432002026407,1672.6816749026261,23.944886445182217,2408.646476221884,37.9576658804714,2455.28399914557,326.323488309215,759.68373567814,1338.88955009102,8.44093039642379
PAL,9197,3,26,"[2, 3, 3, 0, 6, 1, 0, 1]",exactly_dominated,125.48095129864984,443.79462723397,6.3505258071383315,753.1053662360036,10.947899302538117,3050.46436895026,333.896076022562,289.840031415607,397.1277325548864,3.22044479350676
PAL,8155,4,36,"[4, 3, 3, 0, 8, 1, 0, 1]",exactly_dominated,129.08459429441254,592.3268925486583,8.482583238651257,755.5377261192016,12.529034637550051,4011.46906668959,321.147437516542,421.469066690722,667.46135243552,4.68298962989692
PAL,9314,3,28,"[2, 3, 4, 0, 7, 1, 0, 1]",exactly_dominated,123.17502890204543,302.8391156640908,4.331363000049319,712.9203730230956,9.798194635715268,3066.29005088273,333.140661289082,248.414048400175,314.066297435594,2.76015609333528
PAL,9744,3,25,"[2, 2, 4, 0, 6, 1, 0, 1]",exactly_dominated,125.09642898484374,424.4923662889093,6.116365573855963,825.9477593789579,11.351614025295609,3319.53918132584,312.901059732127,409.663178953815,648.545624041192,4.55181309948683
PAL,9601,3,25,"[2, 2, 4, 0, 6, 1, 0, 1]",exactly_dominated,124.02110701459638,359.13897998347016,5.16794317744995,762.4157635029624,10.478446579471619,3152.21405598022,322.009825966915,334.338053497665,491.85910564118,3.71486726108517
PAL,4033,2,10,"[1, 0, 1, 0, 3, 0, 0, 2]",exactly_dominated,169.60208592082304,3074.3412846040733,43.941181660881476,3829.712430255424,60.352129829339205,4886.32301305957,298.323013059704,1353.02267087854,2545.222328697368,15.7740156070144
PAL,9986,3,25,"[2, 2, 4, 0, 6, 1, 0, 1]",exactly_dominated,125.24284911014688,432.2595886078974,6.2250705997456866,834.7370562818869,11.472411866155179,3270.64268196051,313.523603253738,409.766679477979,648.276398499884,4.55296310531088
PAL,3522,1,12,"[1, 1, 1, 0, 4, 0, 0, 1]",exactly_dominated,146.65362786986495,1708.1386026823225,24.185818388362726,2344.8307608557952,36.951999160302165,1296.87747062278,425.877458303945,145.964417035775,102.6197251900448,1.62182685595306
PAL,9085,3,23,"[2, 2, 3, 0, 5, 1, 0, 1]",exactly_dominated,124.85441276761577,402.4272944649751,5.706553259408366,703.5794823442129,10.250641920946403,2895.67887377323,355.682600523078,138.596577951901,91.2545325028888,1.53996197724334
PAL,9590,3,28,"[2, 3, 4, 0, 7, 1, 0, 1]",exactly_dominated,124.08231244205989,358.3980951805771,5.148233075480506,766.2931483854672,10.531736362165388,3147.14264076184,323.021473389877,329.266638279346,481.088950248364,3.65851820310385
PAL,9969,3,28,"[2, 3, 4, 0, 7, 1, 0, 1]",exactly_dominated,125.24284911014688,432.2595886078974,6.2250705997456866,834.7370562818869,11.472411866155179,3270.64268196051,313.523603253738,409.766679477979,648.276398499884,4.55296310531088
PAL,9713,3,28,"[2, 3, 4, 0, 7, 1, 0, 1]",exactly_dominated,125.0967375482895,424.5087294954025,6.116594582982565,825.9662820341136,11.35186859591423,3319.43650798566,312.902366955026,409.663396285212,648.545143670956,4.55181551428014
PAL,9343,3,25,"[2, 2, 4, 0, 6, 1, 0, 1]",exactly_dominated,122.86987220281416,289.1194010635255,4.140864329577947,694.6210345752179,9.546693224615428,3157.98221567042,331.894797318429,248.209103969864,314.3301295469356,2.75787893299849
PAL,8552,4,40,"[4, 5, 3, 0, 8, 1, 0, 1]",exactly_dominated,125.43841353954274,430.1394661677478,6.212250127905686,693.2093434435365,10.141658804400487,3860.48831048502,311.064646867492,416.032462195917,662.77643827394,4.62258291328796
PAL,6059,2,15,"[1, 1, 2, 0, 4, 1, 0, 1]",exactly_dominated,137.97542619913145,1192.9451433119502,17.001796942756734,1932.912567613881,30.4606135196459,1335.6973873501,371.697387350108,332.57277485801,471.449061752756,3.69525305397789
PAL,8944,4,36,"[4, 3, 3, 0, 8, 1, 0, 1]",exactly_dominated,123.30700311376698,320.55267094271966,4.642746768820353,692.8758751652786,10.9189751280628,3804.43943196913,325.147947530631,285.626012467282,392.6821183863668,3.17362236074759
PAL,9206,3,26,"[2, 3, 3, 0, 6, 1, 0, 1]",exactly_dominated,126.41444369049923,501.1891347647285,7.194213356634392,807.5503004723896,11.72386266727876,3131.35325783933,323.78496491149,371.207103107423,565.103580602792,4.12452336786026
PAL,9569,3,25,"[2, 2, 4, 0, 6, 1, 0, 1]",exactly_dominated,124.05155472686558,357.46322419184554,5.1355624825874475,764.451661519457,10.50642743929681,3154.55470956858,322.914503479113,329.162884301326,480.95156004136,3.65736538112584
PAL,9093,3,23,"[2, 2, 3, 0, 5, 1, 0, 1]",exactly_dominated,124.96362646895727,407.3479082034438,5.770156048397378,720.202467442733,10.536568446421237,2889.46436895006,356.896076022595,132.582789237408,80.1165368351772,1.47314210263787
PAL,9139,3,23,"[2, 2, 3, 0, 5, 1, 0, 1]",exactly_dominated,125.70683590958582,442.74194202759224,6.259458359807563,737.410401153973,10.788320668284289,2862.45677968875,360.825080303199,121.587192331183,59.6562618727644,1.35096880367982
PAL,3534,1,12,"[1, 1, 1, 0, 4, 0, 0, 1]",exactly_dominated,146.65362786986495,1708.1386026823225,24.185818388362726,2344.8307608557952,36.951999160302165,1296.87747062278,425.877458303945,145.964417035775,102.6197251900448,1.62182685595306
PAL,9990,3,28,"[2, 3, 4, 0, 7, 1, 0, 1]",exactly_dominated,125.24284911014688,432.2595886078974,6.2250705997456866,834.7370562818869,11.472411866155179,3270.64268196051,313.523603253738,409.766679477979,648.276398499884,4.55296310531088
PAL,8682,4,37,"[4, 3, 4, 0, 8, 1, 0, 1]",exactly_dominated,124.5441886993961,390.0863018625857,5.631583371464479,792.8106928598672,10.896186687690019,3540.55849995973,310.376366446458,409.558499960332,650.306431898632,4.55064999955924
PAL,9586,3,25,"[2, 2, 4, 0, 6, 1, 0, 1]",exactly_dominated,123.92798384649849,352.6372995143577,5.069116207110302,757.0387390051492,10.404546134787768,3190.03888678384,322.398680694292,329.162884301326,481.291354448324,3.65736538112584
PAL,9355,3,25,"[2, 2, 4, 0, 6, 1, 0, 1]",exactly_dominated,123.12093585503813,299.69483170958216,4.287204807653092,709.6756574912997,9.753600098202964,3084.87766586212,332.906093387823,248.414048400175,314.1914912205408,2.76015609333529
PAL,9705,3,25,"[2, 2, 4, 0, 6, 1, 0, 1]",exactly_dominated,125.02357547852002,424.4196070978066,6.124753132662948,821.7807770416875,11.29434408950877,3324.54158604376,311.839259830198,414.768474343299,659.551415235136,4.60853860381443
PAL,7873,3,25,"[2, 2, 4, 0, 6, 1, 0, 1]",exactly_dominated,125.0967375482895,424.5087294954025,6.116594582982565,825.9662820341136,11.35186859591423,3319.43650798566,312.902366955026,409.663396285212,648.545143670956,4.55181551428014
PAL,9494,3,25,"[2, 2, 4, 0, 6, 1, 0, 1]",exactly_dominated,123.97386665244552,354.3656540376548,5.092889983175428,759.787577321842,10.442325463122653,3178.68856066551,322.567393293545,329.266638279346,481.387482544988,3.65851820310385
PAL,3563,1,12,"[1, 1, 1, 0, 4, 0, 0, 1]",exactly_dominated,146.16034869220368,1678.1327125403811,23.79074861848395,2314.570973758089,36.475137611873286,1376.59181169913,412.59173772064,224.819714160818,253.6863290814048,2.49799682400908
PAL,9181,3,25,"[2, 3, 2, 0, 6, 1, 0, 1]",exactly_dominated,126.27686564573287,494.19027150548453,7.096267022710677,809.1635061502329,11.838069226798435,3175.73736387009,323.210435001265,371.113299024264,565.258828821976,4.12348110026961
PAL,9882,3,25,"[2, 2, 4, 0, 6, 1, 0, 1]",exactly_dominated,125.36293149434798,436.6805931859352,6.280624028769174,841.6530426028185,11.567463407161197,3265.36612908258,314.760147338216,404.490126600114,636.8335786155,4.49433474000126
PAL,9752,3,25,"[2, 2, 4, 0, 6, 1, 0, 1]",exactly_dominated,125.15300278883177,427.8778690108483,6.163962058516749,829.3417665463176,11.398260388731384,3299.78918143599,313.151059730763,409.663178953582,648.353730310532,4.55181309948425
PAL,4160,2,10,"[1, 0, 1, 0, 3, 0, 0, 2]",exactly_dominated,169.99025353398795,3090.7271549629163,44.047167982975466,3853.002487045318,60.71915595903287,4567.27539401195,350.275394012084,1039.09482363192,1865.414253251744,12.6474875844351
PAL,9302,3,25,"[2, 2, 4, 0, 6, 1, 0, 1]",exactly_dominated,123.27785382004188,306.2665569631863,4.3732305262860285,719.222898461112,9.884814927791325,3061.07391332054,334.29496654736,243.197910838084,303.084946154772,2.70219900931204
PAL,8006,4,42,"[4, 4, 4, 1, 8, 1, 0, 2]",exactly_dominated,125.97430667593372,472.9540207882715,6.76655398096388,857.6904894228601,11.787877960242865,3452.87578805697,328.994757294998,317.444023086858,470.190451514492,3.65329806607096
PAL,8456,4,37,"[4, 3, 4, 0, 8, 1, 0, 1]",exactly_dominated,125.48594217064746,446.8608934256567,6.424638956767541,757.1782406844895,11.0775243348459,3784.74178572342,323.356736427056,340.982228005695,504.48198422404,3.7886914222855
PAL,9617,3,28,"[2, 3, 4, 0, 7, 1, 0, 1]",exactly_dominated,124.08231244205989,358.3980951805771,5.148233075480506,766.2931483854672,10.531736362165388,3147.14264076184,323.021473389877,329.266638279346,481.088950248364,3.65851820310385
PAL,8905,4,38,"[4, 4, 3, 0, 8, 1, 0, 1]",exactly_dominated,122.83524473614338,302.0710244116589,4.395830492113286,672.7358889777488,9.59383761962548,3621.41960804419,312.942893634557,357.419608045116,544.21297836198,3.97132897827907
PAL,9247,3,26,"[2, 3, 3, 0, 6, 1, 0, 1]",exactly_dominated,126.21803587034063,492.35887370929834,7.075153499073175,806.6706254248102,11.4765457052263,3137.56776266222,322.571489412059,374.95434131188,573.065220880776,4.16615934790977
PAL,9050,3,26,"[2, 3, 3, 0, 6, 1, 0, 1]",exactly_dominated,124.96362646895695,407.3479082034267,5.770156048397139,720.2024674427139,10.536568446420958,2889.46436895007,356.896076022594,132.582789237408,80.1165368351772,1.47314210263787
PAL,9400,3,25,"[2, 2, 4, 0, 6, 1, 0, 1]",exactly_dominated,123.01902483297769,297.01436550053523,4.251357903955521,703.5651750989146,9.669619196458187,3109.18725889182,332.517469943306,248.311256409352,314.1953739924268,2.75901396010391
PAL,9816,3,25,"[2, 2, 4, 0, 6, 1, 0, 1]",exactly_dominated,125.0967375482895,424.5087294954028,6.11659458298257,825.9662820341136,11.35186859591423,3319.43650798567,312.902366955026,409.663396285212,648.545143670956,4.55181551428014
PAL,3518,1,12,"[1, 1, 1, 0, 4, 0, 0, 1]",exactly_dominated,146.65362786986495,1708.1386026823225,24.185818388362726,2344.8307608557952,36.951999160302165,1296.87747062278,425.877458303945,145.964417035775,102.6197251900448,1.62182685595306
PAL,9545,3,25,"[2, 2, 4, 0, 6, 1, 0, 1]",exactly_dominated,124.02883278554084,355.28790367026755,5.104556942821318,763.084977216784,10.487644081000589,3165.73025574116,322.786905488691,329.266638279347,481.242871105572,3.65851820310385
PAL,8587,4,41,"[4, 4, 3, 1, 8, 1, 0, 2]",exactly_dominated,125.38538320661513,458.22892709516566,6.594318733163056,824.59445719636,12.050484344852503,3581.46604369588,322.82758610724,344.055722183211,521.874757853848,3.9806395806637
PAL,9729,3,25,"[2, 2, 4, 0, 6, 1, 0, 1]",exactly_dominated,125.4720766359872,440.62528280293503,6.329019915005025,847.8717301560082,11.652931452865202,3308.85857243747,315.806103557626,399.085460737014,625.359480952152,4.43428289707793
PAL,9379,3,27,"[2, 3, 4, 0, 6, 1, 0, 1]",exactly_dominated,123.1704470747545,302.4299450436209,4.325806029301175,709.9094113187348,9.756812750814278,3065.52544569575,333.110230994916,248.536009817255,314.3202207023712,2.76151122019172
PAL,9683,3,25,"[2, 2, 4, 0, 6, 1, 0, 1]",exactly_dominated,125.0967375482895,424.50872949540275,6.11659458298257,825.9662820341136,11.35186859591423,3319.43650798567,312.902366955026,409.663396285212,648.545143670956,4.55181551428014
PAL,8991,3,25,"[2, 3, 2, 0, 6, 1, 0, 1]",exactly_dominated,124.96362646996542,407.3479083969479,5.770156051210338,720.2024695003984,10.5365684765249,2889.46436898723,356.896076019949,132.58278927498,80.11653690836,1.47314210305534
PAL,7737,3,25,"[2, 2, 4, 0, 6, 1, 0, 1]",exactly_dominated,123.17502890204578,302.8391156641057,4.331363000049527,712.9203730230956,9.798194635715268,3066.29005088273,333.140661289083,248.414048400175,314.066297435594,2.76015609333528
PAL,9457,3,25,"[2, 2, 4, 0, 6, 1, 0, 1]",exactly_dominated,123.17505837323856,302.8407040483783,4.331385734648381,712.920325061441,9.798193976542596,3066.29021046337,333.14063805799,248.414780902501,314.0677707022672,2.76016423225
PAL,9007,3,23,"[2, 2, 3, 0, 5, 1, 0, 1]",exactly_dominated,124.96362646895695,407.34790820342806,5.7701560483971575,720.202467442733,10.536568446421237,2889.46436895007,356.896076022594,132.582789237408,80.1165368351772,1.47314210263787
PAL,9512,3,28,"[2, 3, 4, 0, 7, 1, 0, 1]",exactly_dominated,124.08231244205989,358.39809518057854,5.148233075480527,766.2931483854672,10.531736362165388,3147.14264076184,323.021473389877,329.266638279346,481.088950248364,3.65851820310385
PAL,9142,3,23,"[2, 2, 3, 0, 5, 1, 0, 1]",exactly_evaluated,124.98643984410985,405.55029843303015,5.757991235607617,674.3063482628104,9.86510781829889,2888.80639769224,354.260269539885,151.329947990226,115.0957722219192,1.68144386655806
PAL,9841,3,25,"[2, 2, 4, 0, 6, 1, 0, 1]",exactly_dominated,125.24284911014657,432.2595886078851,6.225070599745516,834.7370562818869,11.472411866155179,3270.64268196051,313.523603253737,409.766679477979,648.276398499884,4.55296310531088
PAL,4459,2,13,"[1, 1, 1, 0, 5, 0, 0, 1]",exactly_dominated,142.08877289815374,1397.2440151560118,19.897644978747326,2178.98031556193,34.3383753467874,2306.72356384856,369.658707190476,406.723563848602,619.459710883624,4.51915070942891
PAL,9791,3,28,"[2, 3, 4, 0, 7, 1, 0, 1]",exactly_dominated,125.0967375482895,424.50872949540286,6.116594582982571,825.9662820341136,11.35186859591423,3319.43650798566,312.902366955026,409.663396285212,648.545143670956,4.55181551428014
PAL,8929,4,41,"[4, 4, 3, 1, 8, 1, 0, 2]",exactly_dominated,125.46405910783871,461.7742072223369,6.62680825458448,800.3022434107606,12.611898615535546,3696.5516993839,332.556187811499,275.981675392621,393.7137672692668,3.16972541567141
PAL,8495,4,40,"[4, 4, 3, 1, 8, 1, 0, 1]",exactly_dominated,125.31164048710535,450.23576751291563,6.4872765101287495,796.6575056689226,12.215018335336453,3840.8251523532,321.109420543587,346.757956697263,527.0328738343,3.85286618552514
PAL,3723,2,12,"[1, 1, 1, 0, 4, 0, 0, 1]",exactly_dominated,144.4465379907519,1537.352743736915,21.856084162546303,2320.4462211178197,36.56772516195476,2229.40573681243,384.405736812459,343.905736865683,493.482221814,4.7831422504766
PAL,9011,3,26,"[2, 3, 3, 0, 6, 1, 0, 1]",exactly_dominated,124.96362646895695,407.34790820342806,5.7701560483971575,720.202467442733,10.536568446421237,2889.46436895007,356.896076022594,132.582789237408,80.1165368351772,1.47314210263787
PAL,9441,3,25,"[2, 2, 4, 0, 6, 1, 0, 1]",exactly_dominated,123.51776925711447,317.2368742922378,4.520377433934931,733.7359676454489,10.0842788258796,3055.82666091689,335.876311003573,237.950658434168,291.9168937145852,2.64389620482409
PAL,9912,3,25,"[2, 2, 4, 0, 6, 1, 0, 1]",exactly_dominated,125.24284911014688,432.25958860789734,6.2250705997456866,834.7370562818869,11.472411866155179,3270.64268196051,313.523603253738,409.766679477979,648.276398499884,4.55296310531088
PAL,9154,3,26,"[2, 3, 3, 0, 6, 1, 0, 1]",exactly_dominated,124.96362646895727,407.34790820344375,5.770156048397377,720.2024674427321,10.536568446421223,2889.46436895007,356.896076022595,132.582789237408,80.1165368351772,1.47314210263787
PAL,3559,1,12,"[1, 1, 1, 0, 4, 0, 0, 1]",exactly_dominated,146.16034869220368,1678.1327125403811,23.79074861848395,2314.570973758089,36.475137611873286,1376.59181169913,412.59173772064,224.819714160818,253.6863290814048,2.49799682400908
PAL,9787,3,25,"[2, 2, 4, 0, 6, 1, 0, 1]",exactly_dominated,125.0967375482895,424.50872949540286,6.116594582982571,825.9662820341136,11.35186859591423,3319.43650798566,312.902366955026,409.663396285212,648.545143670956,4.55181551428014
PAL,9768,3,28,"[2, 3, 4, 0, 7, 1, 0, 1]",exactly_dominated,125.0967375482895,424.50872949540286,6.116594582982571,825.9662820341136,11.35186859591423,3319.43650798566,312.902366955026,409.663396285212,648.545143670956,4.55181551428014
PAL,9292,3,27,"[2, 3, 3, 0, 7, 1, 0, 1]",exactly_dominated,123.17502890207828,302.8391156656845,4.33136300007214,712.9203730230956,9.798194635715268,3066.29005088396,333.140661288994,248.414048401402,314.0662974380096,2.76015609334891
PAL,9338,3,25,"[2, 2, 4, 0, 6, 1, 0, 1]",exactly_dominated,123.17502890204543,302.8391156640893,4.331363000049299,712.9203730230956,9.798194635715268,3066.29005088273,333.140661289082,248.414048400175,314.066297435594,2.76015609333528
PAL,7408,3,26,"[1, 3, 3, 2, 5, 1, 0, 2]",exactly_dominated,135.68834985367172,1057.985072988652,15.213588674002992,1779.2517801319036,28.039085542107316,3041.08392590267,316.592885439267,606.329650832529,1037.916079370692,6.93029977679793
PAL,9945,3,28,"[2, 3, 4, 0, 7, 1, 0, 1]",exactly_dominated,125.24284911014688,432.2595886078974,6.2250705997456866,834.7370562818869,11.472411866155179,3270.64268196051,313.523603253738,409.766679477979,648.276398499884,4.55296310531088
PAL,9416,3,25,"[2, 2, 4, 0, 6, 1, 0, 1]",exactly_dominated,122.91805435324757,294.91633930789845,4.237512718347031,697.1382313928943,9.581288931638655,3080.7510424891,330.02491553695,262.87504000675,344.4899338533736,2.92083377785277
PAL,9553,3,25,"[2, 2, 4, 0, 6, 1, 0, 1]",exactly_dominated,124.08231244205989,358.39809518057706,5.148233075480505,766.2931483854672,10.531736362165388,3147.14264076185,323.021473389877,329.266638279346,481.088950248364,3.65851820310385
PAL,9103,3,26,"[2, 3, 3, 0, 6, 1, 0, 1]",exactly_dominated,124.96362646895727,407.34790820344375,5.770156048397377,720.2024674427321,10.536568446421223,2889.46436895006,356.896076022595,132.582789237408,80.1165368351772,1.47314210263787
PAL,9800,3,28,"[2, 3, 4, 0, 7, 1, 0, 1]",exactly_dominated,125.0967375482895,424.50872949540286,6.116594582982571,825.9662820341136,11.35186859591423,3319.43650798566,312.902366955026,409.663396285212,648.545143670956,4.55181551428014
PAL,3627,1,7,"[1, 0, 0, 0, 2, 0, 0, 1]",exactly_evaluated,269.90333333333336,9162.495956046057,131.04621372540333,10751.206815131642,184.36255106008994,7849,136,4320,8640,48
PAL,9380,3,27,"[2, 3, 4, 0, 6, 1, 0, 1]",exactly_dominated,123.20590755460961,304.01449657924564,4.348649297872128,703.005451821864,9.661926503391463,3062.84741969124,333.189815052358,248.800588295895,314.8048359846628,2.76445098106551
PAL,6075,2,13,"[1, 0, 2, 0, 4, 1, 0, 1]",exactly_dominated,164.62072741999157,2763.574718157208,39.3006829997151,3129.1486157449963,49.62130760212367,4093.07108219034,342.846347504538,992.051318416537,1797.528311492668,11.0227924268503
PAL,7664,3,26,"[2, 3, 3, 0, 6, 1, 0, 1]",exactly_dominated,126.41444369049955,501.1891347647423,7.194213356634583,807.5503004723896,11.72386266727876,3131.35325783933,323.784964911491,371.207103107424,565.103580602792,4.12452336786026
PAL,7721,3,25,"[2, 2, 4, 0, 6, 1, 0, 1]",exactly_dominated,125.51454792705671,442.12836595495344,6.355267998182695,850.7553545651272,11.692563246661523,3222.47303739834,315.37663628872,404.597034915849,636.591292412168,4.4955226101761
PAL,8987,3,22,"[2, 2, 2, 0, 5, 1, 0, 1]",exactly_dominated,124.81741057203968,399.9373283046881,5.666464363539786,729.1820199346612,10.667939378522295,2933.84847498115,356.321546112366,132.428398809299,79.9086002704272,1.47142665343666
PAL,9695,3,28,"[2, 3, 4, 0, 7, 1, 0, 1]",exactly_dominated,125.0967375482895,424.50872949540275,6.11659458298257,825.9662820341136,11.35186859591423,3319.43650798566,312.902366955026,409.663396285212,648.545143670956,4.55181551428013
PAL,8969,3,23,"[2, 2, 3, 0, 5, 1, 0, 1]",exactly_dominated,124.96362646996542,407.34790839393924,5.770156051168988,720.2024695003984,10.5365684765249,2889.46436898723,356.896076019949,132.58278927498,80.11653690836,1.47314210305534
PAL,6074,2,13,"[1, 0, 2, 0, 4, 1, 0, 1]",exactly_dominated,164.69397752068008,2816.3206708915427,40.04940608797289,3326.743709718593,49.75883562420802,4094.72793882193,342.224702982716,997.20354864321,1808.560504978996,11.0800394293689
PAL,9381,3,25,"[2, 2, 4, 0, 6, 1, 0, 1]",exactly_dominated,123.14393718423953,301.89313005443563,4.318540652112597,711.0580104137698,9.77259880198832,3073.70308167662,333.033292728159,248.311256409352,313.9186535897352,2.75901396010391
PAL,7665,3,26,"[2, 3, 3, 0, 6, 1, 0, 1]",exactly_dominated,126.41444369049955,501.18913476474216,7.194213356634583,807.5503004723896,11.723862667278773,3131.35325783933,323.784964911491,371.207103107423,565.103580602792,4.12452336786026
PAL,8986,3,25,"[2, 3, 2, 0, 6, 1, 0, 1]",exactly_dominated,124.96362646996542,407.34790839393924,5.770156051168988,720.2024695003984,10.5365684765249,2889.46436898723,356.896076019949,132.58278927498,80.11653690836,1.47314210305534
PAL,9694,3,28,"[2, 3, 4, 0, 7, 1, 0, 1]",exactly_dominated,125.0967375482895,424.50872949540275,6.11659458298257,825.9662820341136,11.35186859591423,3319.43650798566,312.902366955026,409.663396285212,648.545143670956,4.55181551428013
PAL,9944,3,28,"[2, 3, 4, 0, 7, 1, 0, 1]",exactly_dominated,125.24284911014688,432.2595886078974,6.2250705997456866,834.7370562818869,11.472411866155179,3270.64268196051,313.523603253738,409.766679477979,648.276398499884,4.55296310531088
PAL,9417,3,25,"[2, 2, 4, 0, 6, 1, 0, 1]",exactly_dominated,125.96988550535045,460.6318060894425,6.505944644788871,730.2506461523744,10.683573389506117,2826.10698991722,368.884408381668,17.5434028754153,3.483614950226028,0.194926698615726
PAL,6648,2,19,"[1, 2, 3, 0, 5, 1, 0, 1]",exactly_dominated,133.93347330655047,946.9608038188887,13.494041077052229,1650.177781187167,26.00501878545917,1695.5794093063,371.90076881185,242.642204888281,290.8272328233752,2.69602449875868
PAL,9047,3,26,"[2, 3, 3, 0, 6, 1, 0, 1]",exactly_dominated,124.96362646895695,407.3479082034267,5.770156048397139,720.2024674427139,10.536568446420958,2889.46436895007,356.896076022594,132.582789237408,80.1165368351772,1.47314210263787
PAL,9552,3,25,"[2, 2, 4, 0, 6, 1, 0, 1]",exactly_dominated,124.08231244205989,358.39809518057706,5.148233075480505,766.2931483854672,10.531736362165388,3147.14264076185,323.021473389877,329.266638279346,481.088950248364,3.65851820310385
PAL,8713,4,40,"[4, 4, 4, 0, 8, 1, 0, 2]",exactly_dominated,122.30388323072934,252.33657579457875,3.622923855078279,648.3319514706454,8.910507946525883,3405.63181908964,329.369883025923,248.631819090399,316.5329101441288,2.88956391852635
PAL,9801,3,27,"[2, 3, 4, 0, 6, 1, 0, 1]",exactly_dominated,125.09262628052848,424.1734779685994,6.112083021292397,823.3594780314188,11.316041350737805,3318.74025748774,312.873648574965,409.775332293229,648.78775965774,4.55305924770254
PAL,8894,4,39,"[4, 3, 3, 1, 8, 1, 0, 2]",exactly_dominated,126.10282098485253,482.27321811308417,6.890073215536169,796.0521324089477,11.646249713402163,3817.34694820035,337.313246486607,252.730551311074,352.3720199089964,2.89094506031818
PAL,6189,2,21,"[1, 2, 2, 1, 5, 1, 0, 2]",exactly_dominated,136.4702698009726,1111.661868048191,15.947367062531379,1842.6034630643962,29.037439612518273,2205.28369820825,329.109602843819,560.627009187526,940.045339395516,6.34637809237819
PAL,9769,3,25,"[2, 2, 4, 0, 6, 1, 0, 1]",exactly_dominated,125.09642898450758,424.49236627115033,6.116365573607487,825.9477593588681,11.3516140250195,3319.53918143601,312.901059730718,409.663178953582,648.545624041548,4.55181309948424
PAL,9293,3,27,"[2, 3, 3, 0, 7, 1, 0, 1]",exactly_dominated,123.17502890207828,302.8391156656845,4.33136300007214,712.9203730230956,9.798194635715268,3066.29005088396,333.140661288994,248.414048401402,314.0662974380096,2.76015609334891
PAL,9010,3,23,"[2, 2, 3, 0, 5, 1, 0, 1]",exactly_dominated,124.96362646895727,407.3479082034422,5.7701560483973555,720.202467442733,10.536568446421237,2889.46436895006,356.896076022595,132.582789237408,80.1165368351768,1.47314210263787
PAL,9440,3,25,"[2, 2, 4, 0, 6, 1, 0, 1]",exactly_dominated,123.06539850796935,298.76076102620715,4.275380486302625,706.3442268623912,9.707813770651386,3097.83597078644,332.686581192666,248.414048400175,314.309254714836,2.76015609333528
PAL,9913,3,25,"[2, 2, 4, 0, 6, 1, 0, 1]",exactly_dominated,125.24284911014688,432.25958860789734,6.2250705997456866,834.7370562818869,11.472411866155179,3270.64268196051,313.523603253738,409.766679477979,648.276398499884,4.55296310531088
PAL,9155,3,23,"[2, 2, 3, 0, 5, 1, 0, 1]",exactly_dominated,124.81741057124762,399.937327453432,5.666464351097939,729.1820084957681,10.667939211171188,2933.84847495193,356.321546114451,132.42839877974,79.908600212852,1.47142665310822
PAL,9505,3,28,"[2, 3, 4, 0, 7, 1, 0, 1]",exactly_dominated,124.08231244205989,358.39809518057865,5.148233075480528,766.2931483854682,10.531736362165402,3147.14264076184,323.021473389877,329.266638279346,481.088950248364,3.65851820310385
PAL,9790,3,25,"[2, 2, 4, 0, 6, 1, 0, 1]",exactly_dominated,125.0967375482895,424.50872949540286,6.116594582982571,825.9662820341136,11.35186859591423,3319.43650798566,312.902366955026,409.663396285212,648.545143670956,4.55181551428014
PAL,3722,2,12,"[1, 1, 1, 0, 4, 0, 0, 1]",exactly_dominated,144.4465379907519,1537.352743736915,21.856084162546303,2320.4462211178197,36.56772516195476,2229.40573681243,384.405736812459,343.905736865683,493.482221814,4.7831422504766
PAL,9285,3,27,"[2, 3, 3, 0, 7, 1, 0, 1]",exactly_dominated,123.17502890207828,302.8391156656845,4.33136300007214,712.9203730230956,9.798194635715268,3066.29005088396,333.140661288994,248.414048401402,314.0662974380096,2.76015609334891
PAL,9456,3,25,"[2, 2, 4, 0, 6, 1, 0, 1]",exactly_dominated,123.01902483297769,297.0143655005354,4.251357903955523,703.5651750989146,9.669619196458187,3109.18725889182,332.517469943306,248.311256409352,314.1953739924272,2.75901396010391
PAL,9006,3,23,"[2, 2, 3, 0, 5, 1, 0, 1]",exactly_dominated,126.41444369049923,501.1891347647285,7.194213356634392,807.5503004723896,11.72386266727876,3131.35325783933,323.78496491149,371.207103107423,565.103580602792,4.12452336786026
PAL,9513,3,28,"[2, 3, 4, 0, 7, 1, 0, 1]",exactly_dominated,124.08231244205989,358.39809518057854,5.148233075480527,766.2931483854672,10.531736362165388,3147.14264076184,323.021473389877,329.266638279346,481.088950248364,3.65851820310385
PAL,9840,3,25,"[2, 2, 4, 0, 6, 1, 0, 1]",exactly_dominated,125.24287141882687,432.27855441224193,6.225347739572761,834.7370562818869,11.472411866155179,3270.64352446693,313.523540831376,409.767521984408,648.278082632908,4.55297246649342
PAL,9397,3,28,"[2, 3, 4, 0, 7, 1, 0, 1]",exactly_dominated,123.17502890204578,302.8391156641057,4.331363000049527,712.9203730230956,9.798194635715268,3066.29005088273,333.140661289083,248.414048400175,314.066297435594,2.76015609333528
PAL,3630,1,7,"[1, 0, 0, 0, 2, 0, 0, 1]",exactly_evaluated,269.90333333333336,9162.495956046057,131.04621372540333,10751.206815131642,184.36255106008994,7849,136,4320,8640,48
PAL,9728,3,25,"[2, 2, 4, 0, 6, 1, 0, 1]",exactly_dominated,125.14110286377552,426.16960986707375,6.139459349685382,828.6323762267184,11.38851071024394,3307.10251444326,313.070640681098,409.766866274686,648.623452738068,4.55296518082985
PAL,9378,3,28,"[2, 3, 4, 0, 7, 1, 0, 1]",exactly_dominated,123.17502890204543,302.8391156640893,4.331363000049299,712.9203730230956,9.798194635715268,3066.29005088273,333.140661289082,248.414048400175,314.066297435594,2.76015609333528
PAL,7736,3,25,"[2, 2, 4, 0, 6, 1, 0, 1]",exactly_dominated,123.17502890204578,302.8391156641057,4.331363000049527,712.9203730230956,9.798194635715268,3066.29005088273,333.140661289083,248.414048400175,314.066297435594,2.76015609333528
PAL,9051,3,25,"[2, 3, 3, 0, 5, 1, 0, 1]",exactly_dominated,124.96362646895695,407.3479082034265,5.770156048397138,720.202467442733,10.536568446421237,2889.46436895007,356.896076022594,132.582789237408,80.1165368351772,1.47314210263787
PAL,9401,3,25,"[2, 2, 4, 0, 6, 1, 0, 1]",exactly_dominated,123.17505837323856,302.84070404837814,4.3313857346483795,712.920325061441,9.798193976542596,3066.29021046337,333.14063805799,248.4147809025,314.0677707022672,2.76016423225
PAL,9817,3,28,"[2, 3, 4, 0, 7, 1, 0, 1]",exactly_dominated,125.0967375482895,424.5087294954028,6.11659458298257,825.9662820341136,11.35186859591423,3319.43650798566,312.902366955026,409.663396285212,648.545143670956,4.55181551428014
PAL,9114,3,23,"[2, 2, 3, 0, 5, 1, 0, 1]",exactly_evaluated,124.98643984410985,405.55029843302844,5.757991235607591,674.3063482628104,9.86510781829889,2888.80639769224,354.260269539885,151.329947990226,115.0957722219192,1.68144386655806
PAL,3519,1,12,"[1, 1, 1, 0, 4, 0, 0, 1]",exactly_dominated,146.65362786986495,1708.1386026823225,24.185818388362726,2344.8307608557952,36.951999160302165,1296.87747062278,425.877458303945,145.964417035775,102.6197251900448,1.62182685595306
PAL,9544,3,25,"[2, 2, 4, 0, 6, 1, 0, 1]",exactly_dominated,123.99118817433693,353.84973946079,5.084754747603208,760.83033399346,10.456656843193725,3175.096518433,322.651182051164,329.163301014185,481.125663918312,3.65737001126873
PAL,9753,3,25,"[2, 2, 4, 0, 6, 1, 0, 1]",exactly_dominated,125.19002250756711,429.0985675033295,6.180632948119397,831.5675412522814,11.42885086504476,3289.40811405928,313.289035352452,409.766679477979,648.455641810104,4.55296310531088
PAL,4161,2,10,"[1, 0, 1, 0, 3, 0, 0, 2]",exactly_dominated,169.99025353398795,3090.7271549629163,44.047167982975466,3853.002487045318,60.71915595903287,4567.27539401195,350.275394012084,1039.09482363192,1865.414253251744,12.6474875844351
PAL,9303,3,25,"[2, 2, 4, 0, 6, 1, 0, 1]",exactly_dominated,123.11268602247365,303.56095294629716,4.350838886615478,709.0482608288339,9.744977319495476,3071.32412189925,332.140856467119,253.448119416786,324.6158970251416,2.81609021574207
PAL,8512,4,38,"[4, 4, 3, 0, 8, 1, 0, 1]",exactly_dominated,122.65775003277362,291.686292300292,4.252319895346902,639.7897520888046,9.620903695584921,3867.63405742614,311.353471193506,358.3808932637,547.379794299708,3.98200992515222
PAL,9616,3,28,"[2, 3, 4, 0, 7, 1, 0, 1]",exactly_dominated,124.08231244205989,358.3980951805771,5.148233075480506,766.2931483854672,10.531736362165388,3147.14264076184,323.021473389877,329.266638279346,481.088950248364,3.65851820310385
PAL,9246,3,26,"[2, 3, 3, 0, 6, 1, 0, 1]",exactly_dominated,126.81368154500292,519.5831102530133,7.44841350909862,818.2232402702621,11.970613216825317,3118.26303810704,325.546136938932,368.274175349229,558.345543146216,4.09193528165809
PAL,9495,3,25,"[2, 2, 4, 0, 6, 1, 0, 1]",exactly_dominated,124.43139156768308,372.96010410829393,5.339106811279622,787.5038417851783,10.82325068852357,3136.55787766327,325.820997120322,318.681875180611,458.305964641372,3.54090972422901
PAL,7872,3,25,"[2, 2, 4, 0, 6, 1, 0, 1]",exactly_dominated,125.0967375482895,424.50872949540275,6.11659458298257,825.9662820341136,11.35186859591423,3319.43650798566,312.902366955026,409.663396285212,648.545143670956,4.55181551428013
PAL,3562,1,12,"[1, 1, 1, 0, 4, 0, 0, 1]",exactly_dominated,146.16034869220368,1678.1327125403811,23.79074861848395,2314.570973758089,36.475137611873286,1376.59181169913,412.59173772064,224.819714160818,253.6863290814048,2.49799682400908
PAL,9180,3,25,"[2, 3, 2, 0, 6, 1, 0, 1]",exactly_dominated,126.4144436915122,501.1891349576104,7.194213359440811,807.5503004723896,11.723862697828238,3131.35325787647,323.784964908843,371.207103144583,565.1035806767,4.12452336827315
PAL,9883,3,25,"[2, 2, 4, 0, 6, 1, 0, 1]",exactly_dominated,125.1693499007777,432.2473185553996,6.234357507836867,830.5297376467497,11.414587558642774,3275.73795300267,312.46145810913,414.861950520182,659.25553928084,4.60957722800203
PAL,9354,3,25,"[2, 2, 4, 0, 6, 1, 0, 1]",exactly_dominated,123.0828849902726,298.2406105769369,4.267180518181165,707.3958412890906,9.722266889434952,3094.24488667727,332.769972901326,248.311669258529,314.0605323548616,2.75901854731699
PAL,9704,3,25,"[2, 2, 4, 0, 6, 1, 0, 1]",exactly_dominated,125.21823861954338,429.04861400067284,6.173820890305654,832.9661237241517,11.448072623591756,3314.15678440163,314.144574410113,404.383672701202,637.0803856428,4.49315191890224
PAL,9211,3,23,"[2, 2, 3, 0, 5, 1, 0, 1]",exactly_dominated,126.41444369049923,501.18913476472864,7.194213356634392,807.5503004723905,11.72386266727876,3131.35325783933,323.78496491149,371.207103107423,565.103580602792,4.12452336786026
PAL,9641,3,28,"[2, 3, 4, 0, 7, 1, 0, 1]",exactly_dominated,124.08231244205989,358.3980951805771,5.148233075480506,766.2931483854672,10.531736362165388,3147.14264076184,323.021473389877,329.266638279346,481.088950248364,3.65851820310385
PAL,8953,4,38,"[4, 4, 3, 0, 8, 1, 0, 1]",exactly_dominated,123.99256446005752,350.93377540756666,5.0556821620982575,667.3402925640285,9.763194362028159,3419.16999322243,321.31154811032,332.094411539432,488.122499949808,3.68993790599369
PAL,9568,3,27,"[2, 3, 4, 0, 6, 1, 0, 1]",exactly_dominated,124.11270745979003,359.57667354647043,5.165568680679576,756.688687740123,10.399735120041955,3143.70387969291,323.068928934696,329.657048297581,481.830099040692,3.66285609219534
PAL,9092,3,23,"[2, 2, 3, 0, 5, 1, 0, 1]",exactly_dominated,124.96362646895727,407.3479082034438,5.770156048397378,720.202467442733,10.536568446421237,2889.46436895006,356.896076022595,132.582789237408,80.1165368351772,1.47314210263787
PAL,9138,3,24,"[2, 2, 4, 0, 5, 1, 0, 1]",exactly_dominated,124.96362646895727,407.34790820344375,5.770156048397377,720.2024674427321,10.536568446421223,2889.46436895007,356.896076022595,132.582789237408,80.1165368351772,1.47314210263787
PAL,9991,3,28,"[2, 3, 4, 0, 7, 1, 0, 1]",exactly_dominated,125.24284911014688,432.2595886078974,6.2250705997456866,834.7370562818869,11.472411866155179,3270.64268196051,313.523603253738,409.766679477979,648.276398499884,4.55296310531088
PAL,8729,4,38,"[4, 4, 3, 0, 8, 1, 0, 1]",exactly_dominated,123.28249935893943,325.0239680091994,4.701797127831355,686.1579571019074,10.813107998212427,3670.11457843906,325.824990561492,283.744047552635,388.7044217171752,3.15271163947373
PAL,8396,4,38,"[4, 4, 3, 0, 8, 1, 0, 1]",exactly_dominated,122.51355768317521,285.9995907611804,4.143973308614812,617.1232499876769,9.72519560730464,3724.1673146239,323.744127542186,280.407756906511,383.1712511613532,3.11564174340567
PAL,9587,3,25,"[2, 2, 4, 0, 6, 1, 0, 1]",exactly_dominated,124.08234195650485,358.3996853539269,5.148255835009943,766.293101008835,10.531735711033116,3147.14280048457,323.021450108123,329.267370923641,481.090428730272,3.65852634359601
PAL,9712,3,25,"[2, 2, 4, 0, 6, 1, 0, 1]",exactly_dominated,125.0967375482895,424.50872949540246,6.116594582982565,825.9662820341136,11.35186859591423,3319.43650798566,312.902366955026,409.663396285212,648.545143670956,4.55181551428014
PAL,9342,3,28,"[2, 3, 4, 0, 7, 1, 0, 1]",exactly_dominated,123.17502890204543,302.8391156640893,4.331363000049299,712.9203730230956,9.798194635715268,3066.29005088273,333.140661289082,248.414048400175,314.066297435594,2.76015609333528
PAL,8553,4,36,"[4, 3, 3, 0, 8, 1, 0, 1]",exactly_evaluated,122.06959743843026,238.19565287271007,3.430736582804543,594.2538370444336,8.167272221007712,3765.5083918487,326.928769692174,250.255227686381,321.2830358480456,2.78061364095979
PAL,9207,3,26,"[2, 3, 3, 0, 6, 1, 0, 1]",exactly_dominated,126.27686564493504,494.19027064182154,7.096267010087456,809.1634945411406,11.838069056957314,3175.73736384087,323.210435003345,371.11329899503,565.258828763828,4.12348109994478
PAL,8695,4,38,"[4, 4, 3, 0, 8, 1, 0, 1]",exactly_dominated,122.98469503654546,294.72247633533624,4.260693151652495,648.4985395559361,8.912797490415262,3840.37692993916,316.80345212833,331.123765776823,489.104153899608,3.67915295307581
PAL,9987,3,28,"[2, 3, 4, 0, 7, 1, 0, 1]",exactly_dominated,125.24284911014657,432.25958860788825,6.225070599745562,834.7370562818869,11.472411866155179,3270.64268196051,313.523603253737,409.766679477979,648.276398499884,4.55296310531088
PAL,3523,1,12,"[1, 1, 1, 0, 4, 0, 0, 1]",exactly_dominated,146.65362786986495,1708.1386026823225,24.185818388362726,2344.8307608557952,36.951999160302165,1296.87747062278,425.877458303945,145.964417035775,102.6197251900448,1.62182685595306
PAL,9084,3,23,"[2, 2, 3, 0, 5, 1, 0, 1]",exactly_dominated,125.26646347478479,422.0772110765493,5.97402693007065,731.5568967163426,10.702683846770027,2876.37414921807,358.657248049952,127.002071263035,69.7815619952024,1.41113412514484
PAL,9591,3,28,"[2, 3, 4, 0, 7, 1, 0, 1]",exactly_dominated,124.08231244205989,358.3980951805771,5.148233075480506,766.2931483854672,10.531736362165388,3147.14264076184,323.021473389877,329.266638279346,481.088950248364,3.65851820310385
PAL,9968,3,28,"[2, 3, 4, 0, 7, 1, 0, 1]",exactly_dominated,125.24284911014688,432.2595886078974,6.2250705997456866,834.7370562818869,11.472411866155179,3270.64268196051,313.523603253738,409.766679477979,648.276398499884,4.55296310531088
PAL,9315,3,25,"[2, 2, 4, 0, 6, 1, 0, 1]",exactly_dominated,122.86987220281416,289.1194010635255,4.140864329577947,694.6210345752179,9.546693224615428,3157.98221567042,331.894797318429,248.209103969864,314.3301295469356,2.75787893299849
PAL,9745,3,28,"[2, 3, 4, 0, 7, 1, 0, 1]",exactly_dominated,125.0967375482895,424.50872949540246,6.116594582982565,825.9662820341136,11.35186859591423,3319.43650798566,312.902366955026,409.663396285212,648.545143670956,4.55181551428014
PAL,9600,3,25,"[2, 2, 4, 0, 6, 1, 0, 1]",exactly_dominated,124.18720848847428,361.87789200441557,5.19067374949829,772.7518844299993,10.620503572725923,3141.87238552935,324.200813121493,323.996383046836,469.834298594108,3.59995981163151
PAL,9483,3,24,"[2, 2, 3, 0, 6, 1, 0, 1]",exactly_dominated,124.0823419565369,358.39968535548905,5.1482558350323275,766.293101008835,10.531735711033116,3147.14280048579,323.021450108032,329.267370924868,481.0904287327,3.65852634360965
PAL,9895,3,28,"[2, 3, 4, 0, 7, 1, 0, 1]",exactly_dominated,125.24284911014657,432.2595886078837,6.225070599745496,834.7370562818869,11.472411866155179,3270.64268196051,313.523603253737,409.766679477979,648.276398499884,4.55296310531088
PAL,7956,3,27,"[2, 3, 4, 0, 6, 1, 0, 1]",exactly_dominated,125.4249757000563,439.143140888456,6.320782759932875,834.5544934916052,11.469902770020312,3224.30835652966,314.188854150164,410.261525134492,648.753971701016,4.55846139038324
PAL,9948,3,27,"[2, 3, 4, 0, 6, 1, 0, 1]",exactly_dominated,125.27190724029914,433.3102711610058,6.240563284816057,825.5994900449596,11.34682750095251,3267.27719704453,313.567885446692,410.147841295303,648.99820242122,4.55719823661448
PAL,9677,3,25,"[2, 2, 4, 0, 6, 1, 0, 1]",exactly_dominated,125.4720766359872,440.6252828029337,6.329019915005006,847.8717301560082,11.652931452865202,3308.85857243747,315.806103557626,399.085460737014,625.359480952152,4.43428289707793
PAL,9227,3,26,"[2, 3, 3, 0, 6, 1, 0, 1]",exactly_dominated,126.41444369049955,501.18913476474233,7.194213356634584,807.5503004723896,11.723862667278773,3131.35325783933,323.784964911491,371.207103107424,565.103580602792,4.12452336786026
PAL,9732,3,25,"[2, 2, 4, 0, 6, 1, 0, 1]",exactly_dominated,124.8281908071608,415.61399619250534,6.009163324615578,810.2048201331818,11.135247108729239,3334.0449486669,309.6715817369,424.271836966371,680.188433252324,4.71413152184857
PAL,9362,3,25,"[2, 2, 4, 0, 6, 1, 0, 1]",exactly_dominated,123.1750737606781,301.3681402642937,4.260402254504936,665.4007751719337,9.14509747876038,2905.66002389583,356.066245158386,87.7840238924103,29.74725556601524,0.975378043249004
PAL,9698,3,27,"[2, 3, 4, 0, 6, 1, 0, 1]",exactly_dominated,125.12547712615358,425.58466238302844,6.132454117933276,817.0844584914703,11.229799092665402,3316.15831379129,312.947087334636,410.033289886443,649.244652780124,4.5559254431827
PAL,9509,3,25,"[2, 2, 4, 0, 6, 1, 0, 1]",exactly_dominated,124.08234195650451,358.3996853539125,5.148255835009743,766.293101008835,10.531735711033116,3147.14280048457,323.021450108122,329.267370923641,481.090428730272,3.65852634359602
PAL,9159,3,26,"[2, 3, 3, 0, 6, 1, 0, 1]",exactly_dominated,124.96362646895727,407.34790820344375,5.770156048397377,720.2024674427321,10.536568446421223,2889.46436895007,356.896076022595,132.582789237408,80.1165368351772,1.47314210263787
PAL,3554,1,12,"[1, 1, 1, 0, 4, 0, 0, 1]",exactly_dominated,146.16034869220368,1678.1327125403811,23.79074861848395,2314.570973758089,36.475137611873286,1376.59181169913,412.59173772064,224.819714160818,253.6863290814048,2.49799682400908
PAL,9270,3,24,"[2, 2, 3, 0, 6, 1, 0, 1]",exactly_dominated,123.08288499029848,298.24061057883324,4.267180518208513,707.3958412890906,9.722266889434952,3094.24488667821,332.769972901259,248.31166925948,314.0605323567352,2.75901854732756
PAL,4442,2,10,"[1, 0, 1, 0, 4, 0, 0, 1]",exactly_dominated,178.98856769451362,3585.1917907381335,50.93201592477219,4387.368030056963,69.14017952554991,4307.79460415499,413.32544885258,717.794604155029,1159.760423466904,15.4336907123253
PAL,9620,3,27,"[2, 3, 4, 0, 6, 1, 0, 1]",exactly_dominated,124.11270745978972,359.5766735464553,5.165568680679365,756.688687740123,10.399735120041955,3143.70387969291,323.068928934695,329.657048297581,481.830099040692,3.66285609219534
PAL,9335,3,25,"[2, 2, 4, 0, 6, 1, 0, 1]",exactly_dominated,123.17502890204543,302.8391156640908,4.331363000049319,712.9203730230956,9.798194635715268,3066.29005088273,333.140661289082,248.414048400175,314.066297435594,2.76015609333528
PAL,9765,3,28,"[2, 3, 4, 0, 7, 1, 0, 1]",exactly_dominated,125.0967375482895,424.50872949540286,6.116594582982571,825.9662820341136,11.35186859591423,3319.43650798566,312.902366955026,409.663396285212,648.545143670956,4.55181551428014
PAL,3542,1,12,"[1, 1, 1, 0, 4, 0, 0, 1]",exactly_dominated,146.16034869220368,1678.1327125403811,23.79074861848395,2314.570973758089,36.475137611873286,1376.59181169913,412.59173772064,224.819714160818,253.6863290814048,2.49799682400908
PAL,4287,2,10,"[1, 0, 1, 0, 4, 0, 0, 1]",exactly_dominated,178.8149277352171,3595.705374652632,50.939193476129105,4377.168993036474,68.97945372234547,3977.03299752244,474.819163448547,431.500137369165,567.531335501304,4.79444597076851
PAL,7628,4,31,"[1, 4, 4, 3, 6, 1, 0, 1]",exactly_dominated,145.41086141246606,1643.705490216977,23.56364681395728,2379.0389597540034,37.491083412378714,2530.90895601836,313.59325677934,828.905447847882,1484.975748976356,9.21006053164315
PAL,7278,2,18,"[1, 2, 3, 0, 4, 1, 0, 1]",exactly_dominated,133.14415492160478,907.259879891005,13.061687542636557,1641.3700436230793,25.86621835836415,2868.80459623754,319.92428551512,517.550396361155,859.663127655488,7.04961772806835
PAL,9636,3,28,"[2, 3, 4, 0, 7, 1, 0, 1]",exactly_dominated,124.08231244205989,358.3980951805771,5.148233075480506,766.2931483854682,10.531736362165402,3147.14264076184,323.021473389877,329.266638279346,481.088950248364,3.65851820310385
PAL,9266,3,26,"[2, 3, 3, 0, 6, 1, 0, 1]",exactly_dominated,126.41444369049955,501.1891347647423,7.194213356634583,807.5503004723896,11.72386266727876,3131.35325783933,323.784964911491,371.207103107424,565.103580602792,4.12452336786026
PAL,60,1,8,"[1, 0, 1, 0, 2, 0, 0, 1]",exactly_evaluated,195.30273436655054,4576.946661312974,65.02714758596494,5216.705896063989,77.6303464686553,4662.8879678121,407.20914907647,1170.21694916234,2144.85460478602,13.0024105462481
PAL,9773,3,28,"[2, 3, 4, 0, 7, 1, 0, 1]",exactly_dominated,125.0967375482895,424.50872949540286,6.116594582982571,825.9662820341136,11.35186859591423,3319.43650798566,312.902366955026,409.663396285212,648.545143670956,4.55181551428014
PAL,4141,2,11,"[1, 0, 2, 0, 3, 0, 0, 2]",exactly_dominated,169.99025353398795,3090.7271549629163,44.047167982975466,3853.002487045318,60.71915595903287,4567.27539401195,350.275394012084,1039.09482363192,1865.414253251744,12.6474875844351
PAL,9289,3,24,"[2, 2, 3, 0, 6, 1, 0, 1]",exactly_dominated,123.17505837327109,302.8407040499656,4.331385734671118,712.920325061441,9.798193976542596,3066.2902104646,333.140638057901,248.414780903727,314.0677707046832,2.76016423226363
PAL,9323,3,27,"[2, 3, 4, 0, 6, 1, 0, 1]",exactly_dominated,123.1704470747545,302.42994504362235,4.325806029301196,709.9094113187348,9.756812750814278,3065.52544569575,333.110230994916,248.536009817255,314.3202207023712,2.76151122019172
PAL,8498,4,40,"[4, 3, 4, 1, 8, 1, 0, 2]",exactly_dominated,126.10274079935509,482.26857011581177,6.890007150515733,796.0507955341591,11.646230154912221,3817.34397219611,337.313448666239,252.727591547436,352.3663271459152,2.89091178554675
PAL,9548,3,25,"[2, 2, 4, 0, 6, 1, 0, 1]",exactly_dominated,124.18720848847428,361.87789200441705,5.1906737494983135,772.7518844299993,10.620503572725923,3141.87238552936,324.200813121493,323.996383046836,469.834298594108,3.59995981163151
PAL,9118,3,23,"[2, 2, 3, 0, 5, 1, 0, 1]",exactly_dominated,126.41444369049955,501.18913476474233,7.194213356634584,807.5503004723896,11.723862667278773,3131.35325783933,323.784964911491,371.207103107423,565.103580602792,4.12452336786026
PAL,8359,4,39,"[4, 3, 3, 1, 8, 1, 0, 2]",exactly_dominated,125.73476689224495,478.7926827673422,6.895883273403328,822.0601198483873,12.954779238425235,3918.2578841322,322.052489577075,348.74088423474,531.037165052512,4.03754131328261
PAL,9661,3,27,"[2, 3, 3, 0, 7, 1, 0, 1]",exactly_dominated,125.09673754830978,424.50872996950574,6.11659458991839,825.9662820341136,11.35186859591423,3319.43650798639,312.902366954974,409.663396285949,648.545143672424,4.55181551428833
PAL,8973,3,23,"[2, 2, 3, 0, 5, 1, 0, 1]",exactly_dominated,124.85447034149163,402.43492624237643,5.7066640344432,703.5794823442129,10.251696008532237,2895.68099202212,355.682450165385,138.598718648802,91.2587021519608,1.53998576276447
PAL,8565,4,39,"[4, 4, 4, 0, 8, 1, 0, 1]",exactly_dominated,122.90087041668102,292.9752317717017,4.2123779641031645,597.4020679199139,8.739997519061921,3844.81928961423,328.547123625105,254.831965443837,329.5263786531108,2.83146628270931
PAL,8135,4,37,"[4, 3, 3, 0, 8, 1, 0, 2]",exactly_dominated,123.34785155889851,331.7562092371783,4.800109761000927,706.5903823448325,11.135100942446893,3877.04827427836,324.996622646312,287.06095010851,395.7076263274988,3.33411228375351
PAL,9374,3,25,"[2, 2, 4, 0, 6, 1, 0, 1]",exactly_dominated,128.3141794310075,579.7724709063343,8.295040584718622,801.9889985554082,12.638480054046655,3094.07755473075,329.095483929113,375.963056175411,571.312702120988,4.1773672908379
PAL,9724,3,27,"[2, 3, 4, 0, 6, 1, 0, 1]",exactly_dominated,125.12547712615358,425.5846623830285,6.1324541179332765,817.0844584914703,11.229799092665402,3316.15831379129,312.947087334636,410.033289886443,649.244652780124,4.5559254431827
PAL,9533,3,25,"[2, 2, 4, 0, 6, 1, 0, 1]",exactly_dominated,123.78048697411575,344.8267620758606,4.959810784037857,748.1941906057291,10.282988931540732,3238.8328816519,321.776408896091,329.059769951359,481.499165564728,3.65621966612622
PAL,9163,3,25,"[2, 3, 3, 0, 5, 1, 0, 1]",exactly_dominated,124.96362646895727,407.34790820344097,5.770156048397338,720.2024674427139,10.536568446420958,2889.46436895007,356.896076022595,132.582789237408,80.1165368351772,1.47314210263787
PAL,9499,3,25,"[2, 2, 4, 0, 6, 1, 0, 1]",exactly_dominated,124.08231244205989,358.39809518057854,5.148233075480527,766.2931483854672,10.531736362165388,3147.14264076184,323.021473389877,329.266638279346,481.088950248364,3.65851820310385
PAL,9860,3,25,"[2, 2, 4, 0, 6, 1, 0, 1]",exactly_dominated,124.97086798297036,423.3670052669076,6.117768703431568,818.7641277683406,11.252884036119351,3285.23163036477,310.285894288484,424.355627882229,679.869354968996,4.71506253202477
PAL,3581,1,12,"[1, 1, 1, 0, 4, 0, 0, 1]",exactly_dominated,146.68398137612573,1711.225904563825,24.319128893513344,2348.3937597523836,37.00814817302956,1537.59208483572,389.59170986616,384.441696771351,573.136707499148,4.27157440857058
PAL,9476,3,25,"[2, 2, 4, 0, 6, 1, 0, 1]",exactly_dominated,124.08231244205957,358.39809518056353,5.148233075480317,766.2931483854672,10.531736362165388,3147.14264076185,323.021473389876,329.266638279346,481.088950248364,3.65851820310385
PAL,9026,3,24,"[2, 2, 4, 0, 5, 1, 0, 1]",exactly_dominated,124.96362646895695,407.3479082034267,5.770156048397139,720.2024674427139,10.536568446420958,2889.46436895007,356.896076022594,132.582789237408,80.1165368351772,1.47314210263787
PAL,7741,3,24,"[2, 2, 3, 0, 6, 1, 0, 1]",exactly_dominated,124.08231244209361,358.39809518221455,5.148233075503941,766.2931483854672,10.531736362165388,3147.14264076307,323.021473389791,329.266638280573,481.088950250792,3.65851820311748
PAL,9134,3,26,"[2, 3, 3, 0, 6, 1, 0, 1]",exactly_dominated,124.96362646895727,407.3479082034438,5.770156048397378,720.202467442733,10.536568446421237,2889.46436895006,356.896076022595,132.582789237408,80.1165368351772,1.47314210263787
PAL,3539,1,12,"[1, 1, 1, 0, 4, 0, 0, 1]",exactly_dominated,146.16034869220368,1678.1327125403811,23.79074861848395,2314.570973758089,36.475137611873286,1376.59181169913,412.59173772064,224.819714160818,253.6863290814048,2.49799682400908
PAL,9564,3,28,"[2, 3, 4, 0, 7, 1, 0, 1]",exactly_dominated,124.08231244205989,358.39809518057706,5.148233075480505,766.2931483854672,10.531736362165388,3147.14264076185,323.021473389877,329.266638279346,481.088950248364,3.65851820310385
PAL,7983,4,42,"[4, 4, 4, 1, 8, 1, 0, 2]",exactly_dominated,126.84613108435678,512.9009379049766,7.344524102712269,778.5073156680683,11.389568889846258,3746.2087191488,329.874402351165,323.120732989545,480.00088356154,3.7136402214942
PAL,9071,3,23,"[2, 2, 3, 0, 5, 1, 0, 1]",exactly_dominated,124.8174105712476,399.93732745343135,5.66646435109793,729.1820084957681,10.667939211171188,2933.84847495193,356.321546114451,132.42839877974,79.908600212852,1.47142665310823
PAL,807,2,11,"[1, 0, 2, 0, 3, 0, 0, 2]",exactly_dominated,170.27765658524152,3101.8587125116974,44.20382339147524,3869.673966016697,60.98188045379621,4532.2173358292,351.308508981732,1039.1008869618,1864.39326494184,12.6479398710898
PAL,9421,3,25,"[2, 2, 4, 0, 6, 1, 0, 1]",exactly_dominated,123.17502890204578,302.8391156641057,4.331363000049527,712.9203730230956,9.798194635715268,3066.29005088273,333.140661289083,248.414048400175,314.066297435594,2.76015609333528
PAL,9972,3,27,"[2, 3, 4, 0, 6, 1, 0, 1]",exactly_dominated,125.27190724029914,433.3102711610058,6.240563284816057,825.5994900449596,11.34682750095251,3267.27719704453,313.567885446692,410.147841295303,648.99820242122,4.55719823661448
PAL,8660,4,41,"[4, 5, 3, 0, 8, 1, 0, 2]",exactly_dominated,125.29328857427863,434.1017636028656,6.264814254911194,755.3734811931918,11.051120687581392,3618.79894966584,312.047174542616,414.037136213185,658.171494922616,4.80380702994557
PAL,9358,3,25,"[2, 2, 4, 0, 6, 1, 0, 1]",exactly_dominated,123.27785382004188,306.2665569631848,4.373230526286008,719.222898461112,9.884814927791325,3061.07391332054,334.29496654736,243.197910838084,303.084946154772,2.70219900931204
PAL,8549,4,37,"[4, 3, 4, 0, 8, 1, 0, 1]",exactly_dominated,123.96000590975181,347.21595766691433,4.988872044931084,662.803739606743,9.696824552278716,3791.60840766816,331.405597955693,258.89873590693,336.3214983177496,2.87665262118811
PAL,7653,3,23,"[2, 2, 3, 0, 5, 1, 0, 1]",exactly_dominated,124.96362646895695,407.3479082034267,5.770156048397139,720.2024674427139,10.536568446420958,2889.46436895007,356.896076022594,132.582789237408,80.1165368351772,1.47314210263787
PAL,3610,1,8,"[1, 0, 1, 0, 2, 0, 0, 1]",exactly_dominated,191.95896397164623,4373.841916368098,62.26500265321273,4948.586503374311,79.26763954852015,4991.77688697948,347.417355980689,1488.90196435014,2790.444827282652,16.543355159446
PAL,9572,3,25,"[2, 2, 4, 0, 6, 1, 0, 1]",exactly_dominated,123.9738666524456,354.36565403765513,5.092889983175432,759.787577321842,10.442325463122653,3178.68856066551,322.567393293545,329.266638279346,481.387482544992,3.65851820310385
PAL,9088,3,23,"[2, 2, 3, 0, 5, 1, 0, 1]",exactly_dominated,126.83169255131558,515.8945414196477,7.292172450058593,825.5659921760762,12.078037741925062,2809.75008323578,370.181790308279,54.9443107543366,3.413938599049896,0.610492341714853
PAL,9122,3,23,"[2, 2, 3, 0, 5, 1, 0, 1]",exactly_dominated,124.96362646895727,407.3479082034438,5.770156048397378,720.202467442733,10.536568446421237,2889.46436895006,356.896076022595,132.582789237408,80.1165368351772,1.47314210263787
PAL,9821,3,25,"[2, 2, 4, 0, 6, 1, 0, 1]",exactly_dominated,125.09642898450753,424.4923662711473,6.116365573607445,825.9477593588681,11.3516140250195,3319.53918143601,312.901059730718,409.663178953582,648.545624041544,4.55181309948424
PAL,8676,4,36,"[4, 3, 3, 0, 8, 1, 0, 1]",exactly_dominated,122.68041020843907,282.82713605724217,4.102256604015137,627.7356448059427,9.892435482761679,3730.19957206061,324.123057154206,281.255889681334,384.5169729507288,3.12506544090371
PAL,9964,3,28,"[2, 3, 4, 0, 7, 1, 0, 1]",exactly_dominated,125.24284911014688,432.2595886078974,6.2250705997456866,834.7370562818869,11.472411866155179,3270.64268196051,313.523603253738,409.766679477979,648.276398499884,4.55296310531088
PAL,9437,3,25,"[2, 2, 4, 0, 6, 1, 0, 1]",exactly_dominated,123.14393718423953,301.893130054437,4.318540652112618,711.0580104137698,9.77259880198832,3073.70308167662,333.033292728159,248.311256409352,313.9186535897352,2.75901396010391
PAL,9067,3,26,"[2, 3, 3, 0, 6, 1, 0, 1]",exactly_dominated,124.96362646895695,407.34790820342806,5.7701560483971575,720.202467442733,10.536568446421237,2889.46436895007,356.896076022594,132.582789237408,80.1165368351772,1.47314210263787
PAL,4439,2,9,"[1, 0, 0, 0, 4, 0, 0, 1]",exactly_evaluated,183.5773971776254,3859.4965334004987,54.68746795684197,4662.700776881937,73.47912611364688,3977.78544664599,474.77905080617,402.285446646021,480.958161519424,13.4095148882007
PAL,8949,4,38,"[4, 3, 4, 0, 8, 1, 0, 2]",exactly_dominated,125.53824762271529,435.09646733182757,6.237986790816289,751.8671047857415,10.999822369835828,3789.23538451066,335.455429769625,265.752558507631,347.6483056727676,3.05608304268075
PAL,8764,4,43,"[4, 5, 4, 1, 8, 1, 0, 1]",exactly_dominated,126.47933296942129,494.92462963606994,7.063035806564794,791.9803782790623,11.586679914594233,3333.8573193453,340.256450925074,251.307285035599,348.1484535063968,2.79230316706222
PAL,9876,3,27,"[2, 3, 4, 0, 6, 1, 0, 1]",exactly_dominated,125.27190724029914,433.31027116100455,6.240563284816039,825.5994900449596,11.34682750095251,3267.27719704453,313.567885446692,410.147841295303,648.99820242122,4.55719823661448
PAL,3578,1,12,"[1, 1, 1, 0, 4, 0, 0, 1]",exactly_dominated,146.68398137612573,1711.225904563825,24.319128893513344,2348.3937597523836,37.00814817302956,1537.59208483572,389.59170986616,384.441696771351,573.136707499148,4.27157440857058
PAL,9175,3,26,"[2, 3, 3, 0, 6, 1, 0, 1]",exactly_dominated,126.41507829907184,501.2519369893626,7.195122894744416,807.5503004723896,11.731112531855675,3131.37772423065,323.78313604015,371.231487081881,565.15209755198,4.1247943009098
PAL,9525,3,25,"[2, 2, 4, 0, 6, 1, 0, 1]",exactly_dominated,124.08231244205989,358.39809518057854,5.148233075480527,766.2931483854672,10.531736362165388,3147.14264076184,323.021473389877,329.266638279346,481.088950248364,3.65851820310385
PAL,9030,3,23,"[2, 2, 3, 0, 5, 1, 0, 1]",exactly_evaluated,124.98643984410985,405.55029843302884,5.757991235607596,674.3063482628113,9.865107818298904,2888.80639769225,354.260269539885,151.329947990226,115.0957722219192,1.68144386655806
PAL,7887,3,25,"[2, 2, 4, 0, 6, 1, 0, 1]",exactly_dominated,125.24284911014688,432.2595886078974,6.2250705997456866,834.7370562818869,11.472411866155179,3270.64268196051,313.523603253738,409.766679477979,648.276398499884,4.55296310531088
PAL,9460,3,28,"[2, 3, 4, 0, 7, 1, 0, 1]",exactly_dominated,123.17502890204578,302.8391156641057,4.331363000049527,712.9203730230956,9.798194635715268,3066.29005088273,333.140661289083,248.414048400175,314.066297435594,2.76015609333528
PAL,9899,3,27,"[2, 3, 4, 0, 6, 1, 0, 1]",exactly_dominated,125.2384362023345,431.89724908372165,6.2201827564317895,832.0001246961347,11.434796180874475,3269.91206431504,313.493122167407,409.884441683983,648.532318811604,4.55427157426648
PAL,9749,3,27,"[2, 3, 4, 0, 6, 1, 0, 1]",exactly_dominated,125.09262628052814,424.1734779685839,6.112083021292181,823.3594780314188,11.316041350737805,3318.74025748774,312.873648574964,409.775332293229,648.78775965774,4.55305924770254
PAL,9319,3,28,"[2, 3, 4, 0, 7, 1, 0, 1]",exactly_dominated,123.17502890204543,302.8391156640908,4.331363000049319,712.9203730230956,9.798194635715268,3066.29005088273,333.140661289082,248.414048400175,314.066297435594,2.76015609333528
PAL,3714,2,12,"[1, 1, 1, 0, 4, 0, 0, 1]",exactly_dominated,144.4465379907519,1537.352743736915,21.856084162546303,2320.4462211178197,36.56772516195476,2229.40573681243,384.405736812459,343.905736865683,493.482221814,4.7831422504766
PAL,3651,2,11,"[1, 0, 2, 0, 4, 0, 0, 1]",exactly_dominated,171.1129185432815,3139.829005532728,44.895590957976864,3913.9296123671884,61.679301621277446,5008.78698896908,292.5525535098,1418.78698896929,2682.521424400976,15.7642998774366
PAL,8295,4,40,"[4, 5, 3, 0, 8, 1, 0, 1]",exactly_dominated,123.11927911659467,301.57297375328824,4.329846642056663,626.1319674139031,9.160316201879112,3457.51594557925,330.895123616208,252.754132126823,324.2968367830752,2.80837924585359
PAL,9191,3,27,"[2, 3, 4, 0, 6, 1, 0, 1]",exactly_dominated,126.41444369049923,501.1891347647285,7.194213356634392,807.5503004723896,11.72386266727876,3131.35325783933,323.78496491149,371.207103107423,565.103580602792,4.12452336786026
PAL,9892,3,28,"[2, 3, 4, 0, 7, 1, 0, 1]",exactly_dominated,125.24284911014657,432.2595886078837,6.225070599745496,834.7370562818869,11.472411866155179,3270.64268196051,313.523603253737,409.766679477979,648.276398499884,4.55296310531088
PAL,9938,3,25,"[2, 2, 4, 0, 6, 1, 0, 1]",exactly_dominated,125.24284911014688,432.2595886078974,6.2250705997456866,834.7370562818869,11.472411866155179,3270.64268196051,313.523603253738,409.766679477979,648.276398499884,4.55296310531088
PAL,9742,3,28,"[2, 3, 4, 0, 7, 1, 0, 1]",exactly_dominated,125.0967375482895,424.50872949540246,6.116594582982565,825.9662820341136,11.35186859591423,3319.43650798566,312.902366955026,409.663396285212,648.545143670956,4.55181551428014
PAL,8153,4,38,"[4, 4, 3, 0, 8, 1, 0, 1]",exactly_dominated,123.9497942087875,369.2072191887261,5.379365814099279,717.5590152362165,10.88601480768352,3954.25169376569,302.324923219159,438.998529603082,715.648902031076,4.87776144003425
PAL,8446,4,40,"[4, 3, 4, 1, 8, 1, 0, 2]",exactly_dominated,126.85279775102345,513.7998710918889,7.357944024216624,794.5419076987846,11.62415511258163,3752.2087191488,329.874402351165,323.120732989545,480.00088356154,3.7136402214942
PAL,6458,2,15,"[1, 0, 3, 0, 5, 1, 0, 1]",exactly_dominated,133.61712088638478,940.1100475907567,13.405030460496487,1659.5305636444773,26.152408531140807,2430.54788189591,367.956972984173,245.797723921691,297.864382104296,2.73108582135212
PAL,3524,1,12,"[1, 1, 1, 0, 4, 0, 0, 1]",exactly_dominated,146.65362786986495,1708.1386026823225,24.185818388362726,2344.8307608557952,36.951999160302165,1296.87747062278,425.877458303945,145.964417035775,102.6197251900448,1.62182685595306
PAL,0,1,7,"[1, 0, 0, 0, 2, 0, 0, 1]",exactly_dominated,353.7065084011834,13921.525181640374,196.4478718735655,17727.58852651458,214.03333316744266,1061.11952520355,1061.11952520355,1.41014103780285e-12,1.214868033839816e-14,1.5668233753365e-14
PAL,9579,3,25,"[2, 2, 4, 0, 6, 1, 0, 1]",exactly_dominated,124.08231244205989,358.3980951805771,5.148233075480506,766.2931483854672,10.531736362165388,3147.14264076184,323.021473389877,329.266638279346,481.088950248364,3.65851820310385
PAL,9083,3,23,"[2, 2, 3, 0, 5, 1, 0, 1]",exactly_dominated,125.70683590958582,442.74194202759224,6.259458359807563,737.4104011539721,10.788320668284273,2862.45677968876,360.825080303199,121.587192331183,59.6562618727644,1.35096880367982
PAL,9980,3,25,"[2, 2, 4, 0, 6, 1, 0, 1]",exactly_dominated,124.97086798297036,423.3670052669062,6.117768703431548,818.7641277683406,11.252884036119351,3285.23163036477,310.285894288484,424.355627882229,679.869354968996,4.71506253202477
PAL,9596,3,25,"[2, 2, 4, 0, 6, 1, 0, 1]",exactly_dominated,123.99118817433693,353.8497394607903,5.084754747603212,760.83033399346,10.456656843193725,3175.09651843301,322.651182051164,329.163301014185,481.125663918312,3.65737001126873
PAL,8554,4,39,"[4, 4, 4, 0, 8, 1, 0, 1]",exactly_dominated,125.31158692001564,441.81541223583105,6.374867858499565,748.006186769745,10.943337105232366,3859.05266082615,310.776289260944,415.293103108298,661.554541863188,4.61436781231442
PAL,9715,3,28,"[2, 3, 4, 0, 7, 1, 0, 1]",exactly_dominated,125.0967375482895,424.5087294954025,6.116594582982565,825.9662820341136,11.35186859591423,3319.43650798566,312.902366955026,409.663396285212,648.545143670956,4.55181551428014
PAL,9345,3,25,"[2, 2, 4, 0, 6, 1, 0, 1]",exactly_dominated,123.17505837323856,302.8407040483797,4.331385734648402,712.920325061441,9.798193976542596,3066.29021046337,333.14063805799,248.414780902501,314.0677707022672,2.76016423225
PAL,9650,3,24,"[2, 2, 3, 0, 6, 1, 0, 1]",exactly_dominated,125.14110286380038,426.16960997030117,6.139459351195236,828.6323762267184,11.38851071024394,3307.10251444421,313.070640681027,409.766866275638,648.62345273996,4.55296518084042
PAL,9200,3,26,"[2, 3, 3, 0, 6, 1, 0, 1]",exactly_dominated,126.41444369049923,501.18913476472846,7.194213356634391,807.5503004723896,11.72386266727876,3131.35325783933,323.78496491149,371.207103107424,565.103580602792,4.12452336786026
PAL,9996,3,27,"[2, 3, 4, 0, 6, 1, 0, 1]",exactly_dominated,125.27190724029914,433.31027116100597,6.24056328481606,825.5994900449596,11.34682750095251,3267.27719704453,313.567885446692,410.147841295303,648.99820242122,4.55719823661448
PAL,8684,4,36,"[4, 3, 3, 0, 8, 1, 0, 1]",exactly_dominated,122.2433798313043,268.5230988124002,3.900917316106601,609.9554973199711,9.612239570144137,3871.39107814273,322.214586292214,281.40375397263,386.1572914654964,3.12670837747367
PAL,9095,3,26,"[2, 3, 3, 0, 6, 1, 0, 1]",exactly_dominated,124.96362646895727,407.34790820344375,5.770156048397377,720.2024674427321,10.536568446421223,2889.46436895006,356.896076022595,132.582789237408,80.1165368351772,1.47314210263787
PAL,3532,1,12,"[1, 1, 1, 0, 4, 0, 0, 1]",exactly_dominated,146.65362786986495,1708.1386026823225,24.185818388362726,2344.8307608557952,36.951999160302165,1296.87747062278,425.877458303945,145.964417035775,102.6197251900448,1.62182685595306
PAL,9580,3,25,"[2, 2, 4, 0, 6, 1, 0, 1]",exactly_dominated,124.08231244205989,358.3980951805771,5.148233075480506,766.2931483854672,10.531736362165388,3147.14264076184,323.021473389877,329.266638279346,481.088950248364,3.65851820310385
PAL,9979,3,25,"[2, 2, 4, 0, 6, 1, 0, 1]",exactly_dominated,125.16934990077803,432.24731855541484,6.234357507837077,830.5297376467497,11.414587558642774,3275.73795300268,312.461458109131,414.861950520182,659.25553928084,4.60957722800203
PAL,9353,3,25,"[2, 2, 4, 0, 6, 1, 0, 1]",exactly_dominated,123.14393718423986,301.89313005445143,4.318540652112818,711.0580104137698,9.77259880198832,3073.70308167662,333.03329272816,248.311256409352,313.9186535897352,2.75901396010391
PAL,9703,3,25,"[2, 2, 4, 0, 6, 1, 0, 1]",exactly_dominated,125.4720766359872,440.62528280293503,6.329019915005025,847.8717301560082,11.652931452865202,3308.85857243747,315.806103557626,399.085460737014,625.359480952152,4.43428289707793
PAL,9216,4,28,"[2, 4, 3, 0, 6, 1, 0, 1]",exactly_dominated,126.41444369049923,501.1891347647285,7.194213356634392,807.5503004723896,11.72386266727876,3131.35325783933,323.78496491149,371.207103107423,565.103580602792,4.12452336786026
PAL,9646,3,27,"[2, 3, 4, 0, 6, 1, 0, 1]",exactly_dominated,124.11270745978972,359.5766735464567,5.165568680679384,756.688687740123,10.399735120041955,3143.70387969291,323.068928934695,329.657048297581,481.830099040692,3.66285609219534
PAL,9168,3,26,"[2, 3, 3, 0, 6, 1, 0, 1]",exactly_dominated,126.81368154500294,519.5831102530141,7.448413509098631,818.2232402702439,11.97061321682505,3118.26303810704,325.546136938932,368.27417534923,558.345543146216,4.0919352816581
PAL,7875,3,25,"[2, 2, 4, 0, 6, 1, 0, 1]",exactly_dominated,125.0967375482895,424.50872949540286,6.116594582982571,825.9662820341136,11.35186859591423,3319.43650798566,312.902366955026,409.663396285212,648.545143670956,4.55181551428014
PAL,9492,3,25,"[2, 2, 4, 0, 6, 1, 0, 1]",exactly_dominated,123.99118817433693,353.84973946079145,5.084754747603228,760.83033399346,10.456656843193725,3175.096518433,322.651182051164,329.163301014185,481.125663918312,3.65737001126873
PAL,9538,3,28,"[2, 3, 4, 0, 7, 1, 0, 1]",exactly_dominated,124.08231244205989,358.3980951805771,5.148233075480506,766.2931483854672,10.531736362165388,3147.14264076185,323.021473389877,329.266638279346,481.088950248364,3.65851820310385
PAL,7463,4,29,"[1, 4, 4, 2, 6, 1, 0, 1]",exactly_dominated,145.13397773671667,1626.4503976027959,23.291755320948937,2362.4259392090407,37.22928015925033,2453.2726922812,324.214997146086,757.673655054929,1336.248731305828,8.418596167277
PAL,9884,3,25,"[2, 2, 4, 0, 6, 1, 0, 1]",exactly_dominated,124.97086798297036,423.36700526690487,6.117768703431528,818.7641277683406,11.252884036119351,3285.23163036477,310.285894288484,424.355627882229,679.869354968996,4.71506253202477
PAL,9187,3,25,"[2, 3, 2, 0, 6, 1, 0, 1]",exactly_dominated,126.4144436915122,501.1891349576104,7.194213359440811,807.5503004723896,11.723862697828238,3131.35325787647,323.784964908843,371.207103144583,565.1035806767,4.12452336827315
PAL,6858,2,19,"[1, 2, 3, 0, 5, 1, 0, 1]",exactly_dominated,134.34501736448183,971.0463059938126,13.804485999603177,1675.673788866925,26.406808317608444,1616.22788749641,385.132260797508,163.290683078619,137.0198668619404,1.81434092309577
PAL,9754,3,25,"[2, 2, 4, 0, 6, 1, 0, 1]",exactly_dominated,125.14110286377552,426.1696098670753,6.1394593496854055,828.6323762267184,11.38851071024394,3307.10251444326,313.070640681098,409.766866274686,648.623452738068,4.55296518082985
PAL,3709,2,12,"[1, 1, 1, 0, 4, 0, 0, 1]",exactly_dominated,144.4465379907519,1537.352743736915,21.856084162546303,2320.4462211178197,36.56772516195476,2229.40573681243,384.405736812459,343.905736865683,493.482221814,4.7831422504766
PAL,9304,3,25,"[2, 2, 4, 0, 6, 1, 0, 1]",exactly_dominated,122.91805435324757,294.9163393078998,4.237512718347051,697.1382313928943,9.581288931638655,3080.7510424891,330.02491553695,262.87504000675,344.4899338533736,2.92083377785277
PAL,9611,3,25,"[2, 2, 4, 0, 6, 1, 0, 1]",exactly_dominated,123.78048697411575,344.8267620758606,4.959810784037857,748.1941906057291,10.282988931540732,3238.8328816519,321.776408896091,329.059769951359,481.499165564728,3.65621966612622
PAL,8903,4,44,"[4, 5, 4, 1, 8, 1, 0, 2]",exactly_dominated,147.7988233795746,1443.6044620951575,20.633490783806224,2095.878354669948,37.10226520909757,4156.09450302689,277.585823601187,1067.26049242146,1994.710683819152,12.3261065865697
PAL,9241,4,28,"[2, 4, 3, 0, 6, 1, 0, 1]",exactly_dominated,126.41444369049924,501.18913476472926,7.1942133566344015,807.5503004723896,11.723862667278773,3131.35325783933,323.78496491149,371.207103107424,565.103580602792,4.12452336786026
PAL,9955,3,25,"[2, 2, 4, 0, 6, 1, 0, 1]",exactly_dominated,125.16934990077769,432.24731855540034,6.234357507836877,830.5297376467497,11.414587558642774,3275.73795300268,312.46145810913,414.861950520182,659.25553928084,4.60957722800203
PAL,9056,3,23,"[2, 2, 3, 0, 5, 1, 0, 1]",exactly_dominated,125.26646347478479,422.077211076548,5.9740269300706315,731.5568967163435,10.70268384677004,2876.37414921807,358.657248049952,127.002071263035,69.7815619952024,1.41113412514484
PAL,9406,3,28,"[2, 3, 4, 0, 7, 1, 0, 1]",exactly_dominated,123.17502890204578,302.8391156641057,4.331363000049527,712.9203730230956,9.798194635715268,3066.29005088273,333.140661289083,248.414048400175,314.066297435594,2.76015609333528
PAL,9113,3,23,"[2, 2, 3, 0, 5, 1, 0, 1]",exactly_dominated,124.85441276761577,402.4272944649751,5.706553259408366,703.5794823442129,10.250641920946403,2895.67887377324,355.682600523078,138.596577951901,91.2545325028888,1.53996197724334
PAL,9543,3,25,"[2, 2, 4, 0, 6, 1, 0, 1]",exactly_dominated,124.05155472686558,357.4632241918456,5.135562482587448,764.451661519457,10.50642743929681,3154.55470956859,322.914503479113,329.162884301326,480.95156004136,3.65736538112584
PAL,9810,3,25,"[2, 2, 4, 0, 6, 1, 0, 1]",exactly_dominated,124.82819080716078,415.61399619250597,6.009163324615588,810.2048201331818,11.135247108729239,3334.0449486669,309.6715817369,424.271836966371,680.188433252324,4.71413152184857
PAL,8978,3,22,"[2, 2, 2, 0, 5, 1, 0, 1]",exactly_dominated,126.4144436915122,501.1891349576104,7.194213359440811,807.5503004723896,11.723862697828238,3131.35325787647,323.784964908843,371.207103144583,565.1035806767,4.12452336827315
PAL,4058,2,13,"[1, 1, 1, 0, 5, 0, 0, 1]",exactly_dominated,141.81374317833115,1381.3260172799787,19.703470652262535,2162.4785323725755,34.078325074189486,2385.9078449083,356.459194189764,485.907844908341,780.170718143992,5.39897605453713
PAL,9390,3,25,"[2, 2, 4, 0, 6, 1, 0, 1]",exactly_dominated,123.1750737606781,301.36814026429374,4.260402254504937,665.4007751719337,9.14509747876038,2905.66002389582,356.066245158386,87.7840238924103,29.74725556601524,0.975378043249004
PAL,3637,2,11,"[1, 0, 2, 0, 4, 0, 0, 1]",exactly_dominated,171.4956826345978,3163.15468615335,45.22408087484025,3936.6735129457484,62.03772091921187,5007.30026831526,294.006345170799,1417.30026831563,2678.094191467956,15.7477807590625
PAL,7731,3,24,"[2, 2, 3, 0, 6, 1, 0, 1]",exactly_dominated,123.17502890207828,302.8391156656845,4.33136300007214,712.9203730230956,9.798194635715268,3066.29005088396,333.140661288994,248.414048401402,314.0662974380096,2.76015609334891
PAL,7361,3,27,"[1, 3, 3, 2, 6, 1, 0, 2]",exactly_dominated,152.15703115347608,1997.347718465897,28.39630670204929,2782.2758108812777,43.845660481650754,2732.80652982116,387.007558740168,485.823847192767,771.455607465024,5.41126419678139
PAL,6989,2,17,"[1, 1, 3, 0, 5, 1, 0, 1]",exactly_dominated,137.32754345609678,1133.4927945190936,16.148784104956366,1854.1053170395662,29.21869640321189,1359.24789032576,373.689092195966,306.29921206751,417.709696086424,3.40332457852788
PAL,9685,3,25,"[2, 2, 4, 0, 6, 1, 0, 1]",exactly_dominated,125.0967375482895,424.50872949540246,6.116594582982565,825.9662820341136,11.35186859591423,3319.43650798567,312.902366955026,409.663396285212,648.545143670956,4.55181551428014
PAL,8997,3,24,"[2, 2, 4, 0, 5, 1, 0, 1]",exactly_dominated,124.96362646895695,407.34790820342806,5.7701560483971575,720.202467442733,10.536568446421237,2889.46436895007,356.896076022594,132.582789237408,80.1165368351772,1.47314210263787
PAL,9001,3,23,"[2, 2, 3, 0, 5, 1, 0, 1]",exactly_dominated,124.85441276761611,402.4272944649935,5.706553259408627,703.5794823442129,10.250641920946403,2895.67887377324,355.682600523079,138.596577951901,91.2545325028888,1.53996197724335
PAL,8240,4,39,"[4, 3, 3, 1, 8, 1, 0, 2]",exactly_dominated,125.20331491143658,444.70678291181224,6.407273177765408,791.7520719719487,12.076164293406178,3833.62577196658,321.24486347549,344.919394260163,524.514384252984,3.99765916033521
PAL,8610,4,41,"[4, 4, 3, 1, 8, 1, 0, 2]",exactly_dominated,125.20331491143658,444.70678291181224,6.407273177765408,791.7520719719487,12.076164293406178,3833.62577196658,321.24486347549,344.919394260163,524.514384252984,3.99765916033521
PAL,9847,3,27,"[2, 3, 3, 0, 7, 1, 0, 1]",exactly_dominated,125.24284911017347,432.259588711328,6.225070601258464,834.7370562818869,11.472411866155179,3270.64268196145,313.523603253672,409.766679478931,648.27639850178,4.55296310532145
PAL,9514,3,28,"[2, 3, 4, 0, 7, 1, 0, 1]",exactly_dominated,124.08231244205989,358.39809518057854,5.148233075480527,766.2931483854672,10.531736362165388,3147.14264076184,323.021473389877,329.266638279346,481.088950248364,3.65851820310385
PAL,3549,1,12,"[1, 1, 1, 0, 4, 0, 0, 1]",exactly_dominated,146.16034869220368,1678.1327125403811,23.79074861848395,2314.570973758089,36.475137611873286,1376.59181169913,412.59173772064,224.819714160818,253.6863290814048,2.49799682400908
PAL,9144,3,23,"[2, 2, 3, 0, 5, 1, 0, 1]",exactly_dominated,126.8316925513156,515.8945414196484,7.292172450058601,825.5659921760762,12.078037741925062,2809.75008323578,370.181790308279,54.9443107543365,3.413938599049896,0.610492341714853
PAL,8186,4,38,"[4, 4, 3, 0, 8, 1, 0, 1]",exactly_dominated,123.94312754212083,369.71621585974924,5.386004993391751,717.159015236216,10.879711239890547,3948.25169376569,302.324923219159,438.998529603083,715.648902031076,4.87776144003425
PAL,9797,3,28,"[2, 3, 4, 0, 7, 1, 0, 1]",exactly_dominated,125.0967375482895,424.50872949540286,6.116594582982571,825.9662820341136,11.35186859591423,3319.43650798566,312.902366955026,409.663396285212,648.545143670956,4.55181551428014
PAL,8885,4,39,"[4, 4, 4, 0, 8, 1, 0, 1]",exactly_dominated,123.76048178179674,336.82787591616676,4.841544227222256,651.0438394425073,9.524777109226319,3795.84325259379,330.862648090953,258.246495091506,335.341586623998,2.86940550101673
PAL,3660,2,11,"[1, 0, 2, 0, 4, 0, 0, 1]",exactly_dominated,171.1129185432815,3139.829005532728,44.895590957976864,3913.9296123671884,61.679301621277446,5008.78698896908,292.5525535098,1418.78698896929,2682.521424400976,15.7642998774366
PAL,9328,3,25,"[2, 2, 4, 0, 6, 1, 0, 1]",exactly_dominated,123.06539850796935,298.76076102620715,4.275380486302625,706.3442268623912,9.707813770651386,3097.83597078644,332.686581192666,248.414048400175,314.309254714836,2.76015609333528
PAL,3725,2,12,"[1, 1, 1, 0, 4, 0, 0, 1]",exactly_dominated,144.4465379907519,1537.352743736915,21.856084162546303,2320.4462211178197,36.56772516195476,2229.40573681243,384.405736812459,343.905736865683,493.482221814,4.7831422504766
PAL,9778,3,25,"[2, 2, 4, 0, 6, 1, 0, 1]",exactly_dominated,125.15300278883177,427.8778690108483,6.163962058516749,829.3417665463176,11.398260388731384,3299.78918143599,313.151059730763,409.663178953582,648.353730310532,4.55181309948425
PAL,9282,3,25,"[2, 2, 4, 0, 6, 1, 0, 1]",exactly_dominated,123.1750289020451,302.83911566407505,4.3313630000491,712.9203730230956,9.798194635715268,3066.29005088273,333.140661289081,248.414048400175,314.066297435594,2.76015609333528
PAL,8606,4,38,"[4, 3, 4, 0, 8, 1, 0, 2]",exactly_dominated,122.95746745917195,292.5158515211166,4.229523933524614,646.1007352865736,8.879842683933948,3846.19975063272,316.982587016413,330.946586470389,488.56907263402,3.85828783531975
PAL,9914,3,25,"[2, 2, 4, 0, 6, 1, 0, 1]",exactly_dominated,125.24284911014688,432.2595886078987,6.225070599745706,834.7370562818869,11.472411866155179,3270.64268196051,313.523603253738,409.766679477979,648.276398499884,4.55296310531088
PAL,9447,3,25,"[2, 2, 4, 0, 6, 1, 0, 1]",exactly_dominated,123.17502890204578,302.8391156641057,4.331363000049527,712.9203730230956,9.798194635715268,3066.29005088273,333.140661289083,248.414048400175,314.066297435594,2.76015609333528
PAL,9152,3,26,"[2, 3, 3, 0, 6, 1, 0, 1]",exactly_dominated,124.96362646895727,407.34790820344375,5.770156048397377,720.2024674427321,10.536568446421223,2889.46436895007,356.896076022595,132.582789237408,80.1165368351772,1.47314210263787
PAL,9502,3,25,"[2, 2, 4, 0, 6, 1, 0, 1]",exactly_dominated,124.08231244205989,358.3980951805771,5.148233075480506,766.2931483854672,10.531736362165388,3147.14264076184,323.021473389877,329.266638279346,481.088950248364,3.65851820310385
PAL,9851,3,26,"[2, 3, 3, 0, 6, 1, 0, 1]",exactly_dominated,125.23843620235945,431.897249183951,6.220182757897775,832.0001246961347,11.434796180874475,3269.91206431599,313.493122167338,409.884441684921,648.532318813476,4.5542715742769
PAL,8939,4,41,"[4, 4, 4, 1, 8, 1, 0, 1]",exactly_dominated,125.91023580355332,471.22002150358185,6.746601038890064,841.3949359411799,11.563916055446748,3561.20593372346,328.007559233945,319.372346408666,473.248203999464,3.54858162676295
PAL,9781,3,25,"[2, 2, 4, 0, 6, 1, 0, 1]",exactly_dominated,125.47207663598753,440.62528280294936,6.329019915005225,847.8717301560082,11.652931452865202,3308.85857243747,315.806103557627,399.085460737014,625.359480952152,4.43428289707794
PAL,4449,2,9,"[1, 0, 0, 0, 4, 0, 0, 1]",exactly_evaluated,183.5773971776254,3859.4965334004987,54.68746795684197,4662.700776881937,73.47912611364688,3977.78544664599,474.77905080617,402.285446646021,480.958161519424,13.4095148882007
PAL,9294,3,27,"[2, 3, 3, 0, 7, 1, 0, 1]",exactly_dominated,123.17502890207828,302.8391156656845,4.33136300007214,712.9203730230956,9.798194635715268,3066.29005088396,333.140661288994,248.414048401402,314.0662974380096,2.76015609334891
PAL,9410,3,25,"[2, 2, 4, 0, 6, 1, 0, 1]",exactly_dominated,123.08288499027293,298.24061057695064,4.267180518181355,707.3958412890906,9.722266889434952,3094.24488667727,332.769972901327,248.311669258529,314.0605323548616,2.75901854731699
PAL,9040,3,26,"[2, 3, 3, 0, 6, 1, 0, 1]",exactly_dominated,124.96362646895695,407.3479082034267,5.770156048397139,720.2024674427139,10.536568446420958,2889.46436895007,356.896076022594,132.582789237408,80.1165368351772,1.47314210263787
PAL,9943,3,28,"[2, 3, 4, 0, 7, 1, 0, 1]",exactly_dominated,125.24284911014688,432.2595886078974,6.2250705997456866,834.7370562818869,11.472411866155179,3270.64268196051,313.523603253738,409.766679477979,648.276398499884,4.55296310531088
PAL,9806,3,25,"[2, 2, 4, 0, 6, 1, 0, 1]",exactly_dominated,125.14110286377552,426.1696098670755,6.13945934968541,828.6323762267184,11.38851071024394,3307.10251444326,313.070640681098,409.766866274686,648.623452738068,4.55296518082984
PAL,9105,3,26,"[2, 3, 3, 0, 6, 1, 0, 1]",exactly_dominated,124.96362646895727,407.34790820344375,5.770156048397377,720.2024674427321,10.536568446421223,2889.46436895006,356.896076022595,132.582789237408,80.1165368351772,1.47314210263787
PAL,8597,4,40,"[4, 4, 4, 0, 8, 1, 0, 2]",exactly_dominated,124.54613145501338,387.06617656468745,5.5930964858484895,755.3783006391068,10.381725496036623,3771.19622331054,309.650085375819,410.894190383889,653.526312535128,4.78190647224178
PAL,7662,3,26,"[2, 3, 3, 0, 6, 1, 0, 1]",exactly_dominated,126.41444369049923,501.1891347647285,7.194213356634392,807.5503004723896,11.72386266727876,3131.35325783933,323.78496491149,371.207103107423,565.103580602792,4.12452336786026
PAL,9386,3,25,"[2, 2, 4, 0, 6, 1, 0, 1]",exactly_dominated,123.27785382004187,306.2665569631841,4.373230526285998,719.222898461112,9.884814927791325,3061.07391332054,334.29496654736,243.197910838084,303.0849461547716,2.70219900931204
PAL,9369,3,28,"[2, 3, 4, 0, 7, 1, 0, 1]",exactly_dominated,123.17502890204543,302.8391156640893,4.331363000049299,712.9203730230956,9.798194635715268,3066.29005088273,333.140661289082,248.414048400175,314.066297435594,2.76015609333528
PAL,8981,3,23,"[2, 2, 3, 0, 5, 1, 0, 1]",exactly_dominated,124.96362646895695,407.34790820342823,5.770156048397161,720.2024674427357,10.536568446421278,2889.46436895007,356.896076022594,132.582789237408,80.1165368351772,1.47314210263787
PAL,9693,3,28,"[2, 3, 4, 0, 7, 1, 0, 1]",exactly_dominated,125.0967375482895,424.50872949540275,6.11659458298257,825.9662820341136,11.35186859591423,3319.43650798566,312.902366955026,409.663396285212,648.545143670956,4.55181551428013
PAL,9739,3,28,"[2, 3, 4, 0, 7, 1, 0, 1]",exactly_dominated,125.0967375482895,424.50872949540246,6.116594582982565,825.9662820341136,11.35186859591423,3319.43650798566,312.902366955026,409.663396285212,648.545143670956,4.55181551428014
PAL,8082,4,40,"[4, 4, 4, 0, 8, 1, 0, 2]",exactly_dominated,124.28812683877008,361.1962400625372,5.205059141470242,646.7914306567218,9.462564331210316,3635.21806316068,321.369705484268,334.360121497635,492.555426375192,3.87503849357709
PAL,7727,3,25,"[2, 2, 4, 0, 6, 1, 0, 1]",exactly_dominated,125.51454792705671,442.1283659549531,6.355267998182692,850.7553545651272,11.692563246661523,3222.47303739834,315.37663628872,404.597034915849,636.591292412168,4.4955226101761
PAL,3713,2,12,"[1, 1, 1, 0, 4, 0, 0, 1]",exactly_dominated,144.4465379907519,1537.352743736915,21.856084162546303,2320.4462211178197,36.56772516195476,2229.40573681243,384.405736812459,343.905736865683,493.482221814,4.7831422504766
PAL,3656,2,11,"[1, 0, 2, 0, 4, 0, 0, 1]",exactly_dominated,171.1129185432815,3139.829005532728,44.895590957976864,3913.9296123671884,61.679301621277446,5008.78698896908,292.5525535098,1418.78698896929,2682.521424400976,15.7642998774366
PAL,9488,3,27,"[2, 3, 3, 0, 7, 1, 0, 1]",exactly_dominated,124.08231244209361,358.39809518221455,5.148233075503941,766.2931483854672,10.531736362165388,3147.14264076307,323.021473389791,329.266638280573,481.088950250792,3.65851820311748
PAL,9522,3,25,"[2, 2, 4, 0, 6, 1, 0, 1]",exactly_dominated,124.18720848847428,361.8778920044156,5.190673749498292,772.7518844299993,10.620503572725923,3141.87238552936,324.200813121493,323.996383046836,469.834298594108,3.59995981163151
PAL,9871,3,28,"[2, 3, 4, 0, 7, 1, 0, 1]",exactly_dominated,125.24284911014688,432.25958860789734,6.2250705997456866,834.7370562818869,11.472411866155179,3270.64268196051,313.523603253738,409.766679477979,648.276398499884,4.55296310531088
PAL,7029,2,17,"[1, 2, 2, 0, 4, 1, 0, 1]",exactly_dominated,146.2772476825317,1555.2329235663653,22.069876048145094,1859.8095679948492,27.864012578306678,1642.71479013351,376.714862123423,441.338192907694,688.745134524996,6.06908769565441
PAL,9037,3,23,"[2, 2, 3, 0, 5, 1, 0, 1]",exactly_dominated,124.96362646895695,407.34790820342783,5.770156048397156,720.202467442733,10.536568446421237,2889.46436895006,356.896076022594,132.582789237408,80.1165368351768,1.47314210263787
PAL,3590,1,12,"[1, 1, 1, 0, 4, 0, 0, 1]",exactly_dominated,146.68398137612573,1711.225904563825,24.319128893513344,2348.3937597523836,37.00814817302956,1537.59208483572,389.59170986616,384.441696771351,573.136707499148,4.27157440857058
PAL,9467,3,24,"[2, 2, 3, 0, 6, 1, 0, 1]",exactly_dominated,124.02883278557422,355.2879036726396,5.1045569428555115,763.084977216784,10.487644081000589,3165.73025574237,322.786905488604,329.266638280574,481.242871108,3.65851820311748
PAL,9349,3,28,"[2, 3, 4, 0, 7, 1, 0, 1]",exactly_dominated,123.17502890204543,302.8391156640893,4.331363000049299,712.9203730230956,9.798194635715268,3066.29005088273,333.140661289082,248.414048400175,314.066297435594,2.76015609333528
PAL,9719,3,28,"[2, 3, 4, 0, 7, 1, 0, 1]",exactly_dominated,125.0967375482895,424.5087294954025,6.116594582982565,825.9662820341136,11.35186859591423,3319.43650798566,312.902366955026,409.663396285212,648.545143670956,4.55181551428014
PAL,8108,4,37,"[4, 3, 3, 0, 8, 1, 0, 2]",exactly_dominated,122.21653037173911,266.88359771964423,3.8771982611639304,608.2577917920153,9.585485565424168,3871.29903701527,322.369540393604,281.311712845177,385.816476759158,3.2816624788644
PAL,7642,3,24,"[2, 2, 3, 0, 5, 1, 0, 2]",exactly_dominated,133.22645363573014,885.0024395424047,12.523966935354135,1232.0881618303247,19.416378137565864,3033.96142797639,390.573855747333,7.78025594843776,0.2301342344292172,0.0864472883159751
PAL,3601,1,8,"[1, 0, 1, 0, 2, 0, 0, 1]",exactly_dominated,191.95896397164623,4373.841916368098,62.26500265321273,4948.586503374311,79.26763954852015,4991.77688697948,347.417355980689,1488.90196435014,2790.444827282652,16.543355159446
PAL,9826,3,28,"[2, 3, 4, 0, 7, 1, 0, 1]",exactly_dominated,125.0967375482895,424.5087294954028,6.11659458298257,825.9662820341136,11.35186859591423,3319.43650798567,312.902366955026,409.663396285212,648.545143670956,4.55181551428014
PAL,9575,3,25,"[2, 2, 4, 0, 6, 1, 0, 1]",exactly_dominated,124.02110701459638,359.13897998347016,5.16794317744995,762.4157635029624,10.478446579471619,3152.21405598022,322.009825966915,334.338053497665,491.85910564118,3.71486726108517
PAL,9125,3,26,"[2, 3, 3, 0, 6, 1, 0, 1]",exactly_dominated,124.96362646895727,407.3479082034438,5.770156048397378,720.202467442733,10.536568446421237,2889.46436895006,356.896076022595,132.582789237408,80.1165368351772,1.47314210263787
PAL,9430,3,25,"[2, 2, 4, 0, 6, 1, 0, 1]",exactly_dominated,128.3141794310078,579.772470906348,8.295040584718814,801.9889985554082,12.638480054046655,3094.07755473076,329.095483929114,375.963056175411,571.312702120988,4.1773672908379
PAL,9060,3,23,"[2, 2, 3, 0, 5, 1, 0, 1]",exactly_dominated,126.83169255131558,515.8945414196464,7.292172450058573,825.5659921760771,12.078037741925076,2809.75008323578,370.181790308279,54.9443107543365,3.413938599049896,0.610492341714852
PAL,545,2,12,"[1, 1, 1, 0, 4, 0, 0, 1]",exactly_dominated,144.4465379907519,1537.352743736915,21.856084162546303,2320.4462211178197,36.56772516195476,2229.40573681243,384.405736812459,343.905736865683,493.482221814,4.7831422504766
PAL,9963,3,28,"[2, 3, 4, 0, 7, 1, 0, 1]",exactly_dominated,125.24284911014657,432.259588607888,6.225070599745559,834.7370562818869,11.472411866155179,3270.64268196051,313.523603253737,409.766679477979,648.276398499884,4.55296310531088
PAL,3617,1,8,"[1, 0, 1, 0, 2, 0, 0, 1]",exactly_dominated,191.95896397164623,4373.841916368098,62.26500265321273,4948.586503374311,79.26763954852015,4991.77688697948,347.417355980689,1488.90196435014,2790.444827282652,16.543355159446
PAL,7654,3,23,"[2, 2, 3, 0, 5, 1, 0, 1]",exactly_dominated,124.96362646895695,407.34790820342806,5.7701560483971575,720.202467442733,10.536568446421237,2889.46436895007,356.896076022594,132.582789237408,80.1165368351772,1.47314210263787
PAL,9133,3,26,"[2, 3, 3, 0, 6, 1, 0, 1]",exactly_dominated,124.96362646895727,407.3479082034438,5.770156048397378,720.202467442733,10.536568446421237,2889.46436895006,356.896076022595,132.582789237408,80.1165368351772,1.47314210263787
PAL,7984,4,39,"[4, 4, 3, 0, 8, 1, 0, 2]",exactly_dominated,124.69578702816347,404.38721161316937,5.821649052328219,736.4641500528096,10.77447700633418,3737.03290762663,321.793197822813,337.52593643382,498.62145286784,3.91014650306702
PAL,9563,3,28,"[2, 3, 4, 0, 7, 1, 0, 1]",exactly_dominated,124.08231244205989,358.39809518057706,5.148233075480505,766.2931483854672,10.531736362165388,3147.14264076185,323.021473389877,329.266638279346,481.088950248364,3.65851820310385
PAL,9099,3,23,"[2, 2, 3, 0, 5, 1, 0, 1]",exactly_dominated,124.8174105712476,399.93732745343283,5.666464351097953,729.1820084957681,10.667939211171188,2933.84847495193,356.321546114451,132.42839877974,79.908600212852,1.47142665310822
PAL,9975,3,25,"[2, 2, 4, 0, 6, 1, 0, 1]",exactly_dominated,125.1900225145895,429.09856787572437,6.180632953330177,831.5675416737986,11.428850870837982,3289.40811179675,313.289035381806,409.766679482889,648.455641801868,4.55296310536543
PAL,9076,3,26,"[2, 3, 3, 0, 6, 1, 0, 1]",exactly_dominated,124.96362646895695,407.34790820342806,5.7701560483971575,720.202467442733,10.536568446421237,2889.46436895007,356.896076022594,132.582789237408,80.1165368351772,1.47314210263787
PAL,9426,3,28,"[2, 3, 4, 0, 7, 1, 0, 1]",exactly_dominated,123.17502890204578,302.8391156641057,4.331363000049527,712.9203730230956,9.798194635715268,3066.29005088273,333.140661289083,248.414048400175,314.066297435594,2.76015609333528
PAL,9308,3,25,"[2, 2, 4, 0, 6, 1, 0, 1]",exactly_dominated,123.1750289020451,302.83911566407505,4.3313630000491,712.9203730230956,9.798194635715268,3066.29005088273,333.140661289081,248.414048400175,314.066297435594,2.76015609333528
PAL,3705,2,12,"[1, 1, 1, 0, 4, 0, 0, 1]",exactly_dominated,147.9995677392421,1784.3173154246167,25.271192171528895,2533.628006027233,39.92723974546752,1990.4057368124,431.405736812459,104.975260553475,48.0826098084268,1.59479836953273
PAL,9758,3,25,"[2, 2, 4, 0, 6, 1, 0, 1]",exactly_dominated,124.8281908071608,415.6139961925066,6.0091633246155975,810.2048201331818,11.135247108729239,3334.0449486669,309.6715817369,424.271836966371,680.188433252324,4.71413152184857
PAL,8149,4,36,"[4, 3, 3, 0, 8, 1, 0, 1]",exactly_dominated,123.28739244421345,330.4446147307591,4.8075903762501495,674.2921224262736,10.626115264967034,3952.61405702992,312.383068343505,362.614057031021,555.066855835888,4.02904507812245
PAL,7746,3,25,"[2, 2, 4, 0, 6, 1, 0, 1]",exactly_dominated,124.08231244205989,358.3980951805771,5.148233075480506,766.2931483854672,10.531736362165388,3147.14264076184,323.021473389877,329.266638279346,481.088950248364,3.65851820310385
PAL,3640,2,11,"[1, 0, 2, 0, 4, 0, 0, 1]",exactly_dominated,171.12037692623684,3139.4801225035235,44.89195546122987,3914.898925482521,61.69457694861528,5011.84197265474,292.081367938399,1421.84197265499,2689.10257717014,15.798244140611
PAL,9867,3,28,"[2, 3, 4, 0, 7, 1, 0, 1]",exactly_dominated,125.24284911014688,432.25958860790325,6.225070599745772,834.7370562818869,11.472411866155179,3270.64268196052,313.523603253738,409.766679477979,648.276398499884,4.55296310531088
PAL,9534,3,25,"[2, 2, 4, 0, 6, 1, 0, 1]",exactly_dominated,123.92798384649815,352.6372995143448,5.069116207110123,757.0387390051492,10.404546134787768,3190.03888678384,322.398680694291,329.162884301326,481.291354448324,3.65736538112584
PAL,3569,1,12,"[1, 1, 1, 0, 4, 0, 0, 1]",exactly_dominated,146.68398137612573,1711.225904563825,24.319128893513344,2348.3937597523836,37.00814817302956,1537.59208483572,389.59170986616,384.441696771351,573.136707499148,4.27157440857058
PAL,9164,3,25,"[2, 3, 3, 0, 5, 1, 0, 1]",exactly_dominated,124.96362646895695,407.34790820342806,5.7701560483971575,720.202467442733,10.536568446421237,2889.46436895007,356.896076022594,132.582789237408,80.1165368351772,1.47314210263787
PAL,9471,3,25,"[2, 2, 4, 0, 6, 1, 0, 1]",exactly_dominated,124.02110917213659,359.1390838156397,5.167944663486843,762.4157635029624,10.478446579471619,3152.21413496692,322.009820383855,334.338132484381,491.859262130092,3.71486813871534
PAL,9021,3,26,"[2, 3, 3, 0, 6, 1, 0, 1]",exactly_dominated,124.96362646895695,407.34790820342806,5.7701560483971575,720.202467442733,10.536568446421237,2889.46436895007,356.896076022594,132.582789237408,80.1165368351772,1.47314210263787
PAL,9888,3,25,"[2, 2, 4, 0, 6, 1, 0, 1]",exactly_dominated,125.24284911014688,432.25958860789734,6.2250705997456866,834.7370562818869,11.472411866155179,3270.64268196051,313.523603253738,409.766679477979,648.276398499884,4.55296310531088
PAL,9922,3,28,"[2, 3, 4, 0, 7, 1, 0, 1]",exactly_dominated,125.24284911014688,432.25958860789734,6.2250705997456866,834.7370562818869,11.472411866155179,3270.64268196051,313.523603253738,409.766679477979,648.276398499884,4.55296310531088
PAL,8427,4,37,"[4, 3, 3, 0, 8, 1, 0, 2]",exactly_dominated,121.67718906594799,232.29681255922736,3.381329411355412,582.1003186667367,8.69038386368873,3786.66245271102,321.582672844471,277.409288548724,378.5269863973948,3.24185971234611
PAL,9666,3,24,"[2, 2, 3, 0, 6, 1, 0, 1]",exactly_dominated,125.09642898486436,424.49236676381315,6.116365580803488,825.9477593789579,11.351614025295609,3319.53918132657,312.901059732076,409.663178954552,648.54562404266,4.55181309949502
PAL,9373,3,25,"[2, 2, 4, 0, 6, 1, 0, 1]",exactly_dominated,123.17505837323824,302.8407040483659,4.331385734648211,712.920325061441,9.798193976542596,3066.29021046337,333.140638057989,248.414780902501,314.0677707022672,2.76016423225
PAL,9689,3,28,"[2, 3, 4, 0, 7, 1, 0, 1]",exactly_dominated,125.0967375482895,424.50872949540275,6.11659458298257,825.9662820341136,11.35186859591423,3319.43650798566,312.902366955026,409.663396285212,648.545143670956,4.55181551428013
PAL,9723,3,27,"[2, 3, 4, 0, 6, 1, 0, 1]",exactly_dominated,125.09262628052814,424.1734779685839,6.112083021292181,823.3594780314188,11.316041350737805,3318.74025748774,312.873648574964,409.775332293229,648.78775965774,4.55305924770254
PAL,9959,3,25,"[2, 2, 4, 0, 6, 1, 0, 1]",exactly_dominated,125.24284911014688,432.2595886078974,6.2250705997456866,834.7370562818869,11.472411866155179,3270.64268196051,313.523603253738,409.766679477979,648.276398499884,4.55296310531088
PAL,3512,1,12,"[1, 1, 1, 0, 4, 0, 0, 1]",exactly_dominated,146.65362786986495,1708.1386026823225,24.185818388362726,2344.8307608557952,36.951999160302165,1296.87747062278,425.877458303945,145.964417035775,102.6197251900448,1.62182685595306
PAL,9631,3,25,"[2, 2, 4, 0, 6, 1, 0, 1]",exactly_dominated,124.08231244205989,358.3980951805771,5.148233075480506,766.2931483854672,10.531736362165388,3147.14264076184,323.021473389877,329.266638279346,481.088950248364,3.65851820310385
PAL,4146,2,10,"[1, 0, 1, 0, 3, 0, 0, 2]",exactly_dominated,171.69620343902224,3195.281809341402,45.45903126437037,3955.3594813473755,62.332191590704745,4408.60872734526,381.608727345418,878.488498168663,1512.8682689919,11.0642133937513
PAL,9774,3,28,"[2, 3, 4, 0, 7, 1, 0, 1]",exactly_dominated,125.0967375482895,424.50872949540286,6.116594582982571,825.9662820341136,11.35186859591423,3319.43650798566,312.902366955026,409.663396285212,648.545143670956,4.55181551428014
PAL,8866,4,36,"[4, 3, 3, 0, 8, 1, 0, 1]",exactly_dominated,124.00859759376314,362.7888390720867,5.227073067800874,670.6002801650748,9.810888009364406,3778.43404600179,319.704826001937,334.674488283987,494.233360139228,3.71860542537763
PAL,9324,3,27,"[2, 3, 4, 0, 6, 1, 0, 1]",exactly_dominated,123.20590755460961,304.01449657924707,4.348649297872149,703.005451821864,9.661926503391463,3062.84741969124,333.189815052358,248.800588295895,314.8048359846628,2.76445098106551
PAL,9148,3,23,"[2, 2, 3, 0, 5, 1, 0, 1]",exactly_dominated,124.96362646895727,407.34790820344375,5.770156048397377,720.2024674427321,10.536568446421223,2889.46436895007,356.896076022595,132.582789237408,80.1165368351772,1.47314210263787
PAL,4280,2,10,"[1, 0, 1, 0, 4, 0, 0, 1]",exactly_dominated,178.79651015823757,3594.5764226706974,50.92338656772233,4376.093846092286,68.96251056822021,3977.54628374814,474.677378342359,432.013211449595,568.705237503748,4.8001467938844
PAL,9518,3,25,"[2, 2, 4, 0, 6, 1, 0, 1]",exactly_dominated,123.99118817433693,353.8497394607902,5.084754747603211,760.83033399346,10.456656843193725,3175.096518433,322.651182051164,329.163301014185,481.125663918312,3.65737001126873
PAL,8309,4,38,"[4, 3, 4, 0, 8, 1, 0, 2]",exactly_dominated,123.19099080406878,308.15403349666263,4.442410207106825,712.2038398265531,9.788346787360334,3459.79017460527,319.416623791224,328.790174605902,482.515323747096,3.82232400252376
PAL,7506,4,31,"[1, 4, 4, 3, 6, 1, 0, 1]",exactly_dominated,156.21644110877608,2292.540126880341,32.74592856645888,3027.373741532605,47.70813903610051,2580.02628462579,336.742250027913,897.526328895828,1604.915496472212,9.97251476550917
PAL,7269,3,21,"[1, 3, 3, 0, 5, 1, 0, 1]",exactly_dominated,137.4361283793873,1162.5671620235098,16.663762297435746,1900.5549777692777,29.950692866638605,1935.80006891593,333.332401003088,538.416230357909,894.437819768856,7.3792947043906
PAL,4445,2,9,"[1, 0, 0, 0, 4, 0, 0, 1]",exactly_evaluated,183.5773971776254,3859.4965334004987,54.68746795684197,4662.700776881937,73.47912611364688,3977.78544664599,474.77905080617,402.285446646021,480.958161519424,13.4095148882007
PAL,6478,2,20,"[1, 2, 3, 0, 5, 1, 0, 2]",exactly_dominated,134.65809884494269,991.8863334738073,14.189950562411116,1694.3431196552283,26.70101679829257,1856.07199818279,349.140883785951,403.134793764754,615.733763292648,4.5329811546657
PAL,9277,3,24,"[2, 2, 3, 0, 6, 1, 0, 1]",exactly_dominated,125.96988550537858,460.6318060907873,6.505944644808152,730.2506461542043,10.683573389532889,2826.10698991842,368.88440838158,17.5434028766359,3.483614952390268,0.194926698629288
PAL,9627,3,25,"[2, 2, 4, 0, 6, 1, 0, 1]",exactly_dominated,124.02110701459638,359.1389799834701,5.167943177449949,762.4157635029624,10.478446579471619,3152.21405598022,322.009825966915,334.338053497665,491.85910564118,3.71486726108517
PAL,9332,3,25,"[2, 2, 4, 0, 6, 1, 0, 1]",exactly_dominated,122.91805435324756,294.9163393078994,4.237512718347046,697.1382313928943,9.581288931638655,3080.7510424891,330.02491553695,262.87504000675,344.4899338533732,2.92083377785277
PAL,9762,3,25,"[2, 2, 4, 0, 6, 1, 0, 1]",exactly_dominated,125.0967375482895,424.50872949540286,6.116594582982571,825.9662820341136,11.35186859591423,3319.43650798566,312.902366955026,409.663396285212,648.545143670956,4.55181551428014
PAL,4150,2,10,"[1, 0, 1, 0, 3, 0, 0, 2]",exactly_dominated,169.99025353398795,3090.7271549629163,44.047167982975466,3853.002487045318,60.71915595903287,4567.27539401195,350.275394012084,1039.09482363192,1865.414253251744,12.6474875844351
PAL,9298,3,25,"[2, 2, 4, 0, 6, 1, 0, 1]",exactly_dominated,123.0828849902726,298.2406105769384,4.267180518181188,707.3958412890906,9.722266889434952,3094.24488667727,332.769972901326,248.311669258529,314.0605323548616,2.75901854731699
PAL,4279,2,10,"[1, 0, 1, 0, 4, 0, 0, 1]",exactly_dominated,178.8149277352171,3595.7053746526312,50.9391934761291,4377.168993036474,68.97945372234547,3977.03299752244,474.819163448547,431.500137369165,567.531335501304,4.79444597076851
PAL,9918,3,28,"[2, 3, 4, 0, 7, 1, 0, 1]",exactly_dominated,125.24284911014688,432.25958860789734,6.2250705997456866,834.7370562818869,11.472411866155179,3270.64268196051,313.523603253738,409.766679477979,648.276398499884,4.55296310531088
PAL,3800,2,13,"[1, 1, 1, 0, 5, 0, 0, 1]",exactly_dominated,142.5825170334647,1428.9844516821302,20.438642294280708,2208.604963680589,34.80522779118531,2545.83142665739,333.545046555271,645.83142665742,1107.887441817492,7.175904740638
PAL,3553,1,12,"[1, 1, 1, 0, 4, 0, 0, 1]",exactly_dominated,146.16034869220368,1678.1327125403811,23.79074861848395,2314.570973758089,36.475137611873286,1376.59181169913,412.59173772064,224.819714160818,253.6863290814048,2.49799682400908
PAL,9670,3,27,"[2, 3, 3, 0, 7, 1, 0, 1]",exactly_dominated,125.09673754830978,424.50872996950574,6.11659458991839,825.9662820341136,11.35186859591423,3319.43650798639,312.902366954974,409.663396285949,648.545143672424,4.55181551428833
PAL,9220,3,26,"[2, 3, 3, 0, 6, 1, 0, 1]",exactly_dominated,126.81368154500323,519.5831102530269,7.448413509098809,818.2232402702621,11.970613216825317,3118.26303810704,325.546136938933,368.27417534923,558.345543146216,4.09193528165809
PAL,8061,4,38,"[4, 4, 3, 0, 8, 1, 0, 1]",exactly_dominated,124.14512281566537,352.0100353811853,5.077762401972206,630.9268583757321,9.230465498911972,3785.86678459285,320.000408148214,335.410936303863,495.494070344812,3.72678818115403
PAL,8431,4,38,"[4, 3, 3, 1, 8, 1, 0, 1]",exactly_dominated,125.3731288541408,435.20327649561284,6.217933886399477,752.1034217666838,10.537238498915176,3738.5022535345,335.666775256133,249.725474870334,346.97337782549,2.77472749855926
PAL,9735,3,25,"[2, 2, 4, 0, 6, 1, 0, 1]",exactly_dominated,125.0967375482895,424.50872949540246,6.116594582982565,825.9662820341136,11.35186859591423,3319.43650798566,312.902366955026,409.663396285212,648.545143670956,4.55181551428014
PAL,9365,3,25,"[2, 2, 4, 0, 6, 1, 0, 1]",exactly_dominated,123.17502890204543,302.8391156640893,4.331363000049299,712.9203730230956,9.798194635715268,3066.29005088273,333.140661289082,248.414048400175,314.066297435594,2.76015609333528
PAL,7951,3,26,"[2, 3, 3, 0, 6, 1, 0, 1]",exactly_dominated,125.4249757000895,439.1431408900723,6.320782759956013,834.5544934916052,11.469902770020312,3224.30835653087,314.188854150078,410.261525135702,648.753971703432,4.55846139039669
PAL,9109,3,24,"[2, 2, 4, 0, 5, 1, 0, 1]",exactly_dominated,124.96362646895727,407.3479082034438,5.770156048397378,720.202467442733,10.536568446421237,2889.46436895006,356.896076022595,132.582789237408,80.1165368351772,1.47314210263787
PAL,9559,3,25,"[2, 2, 4, 0, 6, 1, 0, 1]",exactly_dominated,123.78048697411575,344.8267620758606,4.959810784037857,748.1941906057291,10.282988931540732,3238.8328816519,321.776408896091,329.059769951359,481.499165564728,3.65621966612622
PAL,9108,3,25,"[2, 3, 3, 0, 5, 1, 0, 1]",exactly_dominated,124.96362646895727,407.3479082034438,5.770156048397378,720.202467442733,10.536568446421237,2889.46436895007,356.896076022595,132.582789237408,80.1165368351772,1.47314210263787
PAL,9558,3,28,"[2, 3, 4, 0, 7, 1, 0, 1]",exactly_dominated,124.08231244205989,358.3980951805771,5.148233075480506,766.2931483854682,10.531736362165402,3147.14264076185,323.021473389877,329.266638279346,481.088950248364,3.65851820310385
PAL,9671,3,26,"[2, 3, 3, 0, 6, 1, 0, 1]",exactly_dominated,125.0926262805496,424.17347842821874,6.112083028016293,823.3594780314188,11.316041350737805,3318.74025748846,312.873648574917,409.775332293956,648.787759659188,4.55305924771062
PAL,9221,3,26,"[2, 3, 3, 0, 6, 1, 0, 1]",exactly_dominated,126.21803587034063,492.35887370929964,7.075153499073193,806.6706254248102,11.476545705226288,3137.56776266222,322.571489412059,374.954341311879,573.065220880776,4.16615934790978
PAL,8125,4,42,"[4, 4, 4, 1, 8, 1, 0, 2]",exactly_dominated,125.69522721444372,456.99926968989166,6.547630763629492,801.4765931384036,11.015288597013694,3806.64505747206,326.685787625948,318.858242917664,474.056674237892,3.67935165317818
PAL,8575,4,36,"[4, 3, 3, 0, 8, 1, 0, 1]",exactly_dominated,122.01881627840008,249.81699146974057,3.6266578550752477,615.371513820588,8.90599160846366,3637.30066805495,323.024390768475,276.998635128727,376.7988534211796,3.07776261254141
PAL,9364,3,25,"[2, 2, 4, 0, 6, 1, 0, 1]",exactly_dominated,123.17502890204543,302.8391156640893,4.331363000049299,712.9203730230956,9.798194635715268,3066.29005088273,333.140661289082,248.414048400175,314.066297435594,2.76015609333528
PAL,4278,2,10,"[1, 0, 1, 0, 4, 0, 0, 1]",exactly_dominated,178.8100354089794,3595.4927128298186,50.936102558625585,4376.856366238544,68.97452706180883,3976.69886465292,474.857357759554,431.166145415677,566.832723472432,4.79073494906309
PAL,9919,3,28,"[2, 3, 4, 0, 7, 1, 0, 1]",exactly_dominated,125.24284911014688,432.25958860789734,6.2250705997456866,834.7370562818869,11.472411866155179,3270.64268196051,313.523603253738,409.766679477979,648.276398499884,4.55296310531088
PAL,3552,1,12,"[1, 1, 1, 0, 4, 0, 0, 1]",exactly_dominated,146.16034869220368,1678.1327125403811,23.79074861848395,2314.570973758089,36.475137611873286,1376.59181169913,412.59173772064,224.819714160818,253.6863290814048,2.49799682400908
PAL,7268,3,22,"[1, 3, 4, 0, 5, 1, 0, 1]",exactly_dominated,133.60405253518832,943.6445655805868,13.579062696476926,1669.0970937840048,26.303166709336068,2759.3725448252,321.636946802743,518.001967258498,859.689402875548,7.0763139437322
PAL,4444,2,9,"[1, 0, 0, 0, 4, 0, 0, 1]",exactly_evaluated,183.5773971776254,3859.4965334004987,54.68746795684197,4662.700776881937,73.47912611364688,3977.78544664599,474.77905080617,402.285446646021,480.958161519424,13.4095148882007
PAL,70,1,8,"[1, 0, 1, 0, 2, 0, 0, 1]",exactly_dominated,193.98578769753223,4479.516714762259,63.738716122164305,5000.895413082158,80.03478538924844,4907.40637638188,363.368480225249,1427.88263320349,2663.706680492916,15.8653625911498
PAL,9626,3,25,"[2, 2, 4, 0, 6, 1, 0, 1]",exactly_dominated,124.18720848847428,361.87789200441557,5.19067374949829,772.7518844299993,10.620503572725923,3141.87238552935,324.200813121493,323.996383046836,469.834298594108,3.59995981163151
PAL,9333,3,25,"[2, 2, 4, 0, 6, 1, 0, 1]",exactly_dominated,125.96988550535012,460.63180608942747,6.505944644788662,730.2506461523744,10.683573389506117,2826.10698991722,368.884408381667,17.5434028754153,3.483614950226028,0.194926698615726
PAL,9763,3,25,"[2, 2, 4, 0, 6, 1, 0, 1]",exactly_dominated,125.0967375482895,424.50872949540286,6.116594582982571,825.9662820341136,11.35186859591423,3319.43650798566,312.902366955026,409.663396285212,648.545143670956,4.55181551428014
PAL,9299,3,25,"[2, 2, 4, 0, 6, 1, 0, 1]",exactly_dominated,123.12093585503814,299.6948317095827,4.2872048076531,709.6756574912997,9.753600098202964,3084.87766586212,332.906093387823,248.414048400175,314.1914912205408,2.76015609333529
PAL,4151,2,10,"[1, 0, 1, 0, 3, 0, 0, 2]",exactly_dominated,169.99025353398795,3090.7271549629163,44.047167982975466,3853.002487045318,60.71915595903287,4567.27539401195,350.275394012084,1039.09482363192,1865.414253251744,12.6474875844351
PAL,8522,4,41,"[4, 5, 3, 0, 8, 1, 0, 2]",exactly_dominated,123.7972660780849,349.39952854611266,5.013152185031458,683.2470454086433,9.99591029634411,3656.24236956678,331.886566288196,256.735398374025,331.5341119909268,2.97114047499049
PAL,8488,4,37,"[4, 3, 3, 0, 8, 1, 0, 2]",exactly_dominated,124.54613145555477,387.066176585601,5.593096486149718,755.3783006392678,10.381725496038836,3771.19622333021,309.650085374431,410.894190403559,653.526312574296,4.78190647246043
PAL,4281,2,10,"[1, 0, 1, 0, 4, 0, 0, 1]",exactly_dominated,178.8149277352171,3595.705374652632,50.939193476129105,4377.168993036474,68.97945372234547,3977.03299752244,474.819163448547,431.500137369165,567.531335501304,4.79444597076851
PAL,9149,3,23,"[2, 2, 3, 0, 5, 1, 0, 1]",exactly_dominated,124.96362646895727,407.34790820344375,5.770156048397377,720.2024674427321,10.536568446421223,2889.46436895007,356.896076022595,132.582789237408,80.1165368351772,1.47314210263787
PAL,9519,3,25,"[2, 2, 4, 0, 6, 1, 0, 1]",exactly_dominated,124.02883278554084,355.28790367026755,5.104556942821318,763.084977216784,10.487644081000589,3165.73025574117,322.786905488691,329.266638279347,481.242871105572,3.65851820310385
PAL,8308,4,44,"[4, 5, 4, 1, 8, 1, 0, 2]",exactly_dominated,126.64384639136534,499.8479322996798,7.135482028722319,788.4915766679405,11.535638716273859,3527.05343904872,340.10687609892,251.739296260885,349.7848229112464,2.87200661194566
PAL,9630,3,25,"[2, 2, 4, 0, 6, 1, 0, 1]",exactly_dominated,124.08231244205989,358.3980951805771,5.148233075480506,766.2931483854672,10.531736362165388,3147.14264076184,323.021473389877,329.266638279346,481.088950248364,3.65851820310385
PAL,9260,3,26,"[2, 3, 3, 0, 6, 1, 0, 1]",exactly_dominated,126.27686564493504,494.1902706418203,7.096267010087437,809.1634945411215,11.838069056957034,3175.73736384087,323.210435003345,371.11329899503,565.258828763828,4.12348109994478
PAL,4452,2,9,"[1, 0, 0, 0, 4, 0, 0, 1]",exactly_evaluated,183.5773971776254,3859.4965334004987,54.68746795684197,4662.700776881937,73.47912611364688,3977.78544664599,474.77905080617,402.285446646021,480.958161519424,13.4095148882007
PAL,745,2,11,"[1, 1, 0, 0, 4, 0, 0, 1]",exactly_dominated,171.09972379614732,3179.37168469192,44.94803567012453,4014.2791749236058,61.76924970543764,1577.73907014572,509.739070145787,0.00271578282423222,4.74657452554196e-05,3.01753647136913e-05
PAL,4147,2,10,"[1, 0, 1, 0, 3, 0, 0, 2]",exactly_dominated,169.012444436413,3031.8713593003545,43.24758667098914,3794.333941190822,59.79460306875934,4645.6087273453,334.608727345424,1116.95917403504,2036.809620724652,13.3977674248266
PAL,9775,3,27,"[2, 3, 4, 0, 6, 1, 0, 1]",exactly_dominated,125.09262628052848,424.1734779685994,6.112083021292397,823.3594780314188,11.316041350737805,3318.74025748774,312.873648574965,409.775332293229,648.78775965774,4.55305924770254
PAL,9325,3,25,"[2, 2, 4, 0, 6, 1, 0, 1]",exactly_dominated,123.14393718423986,301.89313005445285,4.318540652112839,711.0580104137698,9.77259880198832,3073.70308167662,333.03329272816,248.311256409352,313.9186535897352,2.75901396010391
PAL,9237,3,23,"[2, 2, 3, 0, 5, 1, 0, 1]",exactly_dominated,126.41444369049957,501.18913476474006,7.194213356634551,807.5503004723896,11.723862667278468,3131.35325783933,323.784964911491,371.207103107424,565.103580602792,4.12452336786026
PAL,9667,3,27,"[2, 3, 3, 0, 7, 1, 0, 1]",exactly_dominated,125.09673754830978,424.50872996950574,6.11659458991839,825.9662820341136,11.35186859591423,3319.43650798639,312.902366954974,409.663396285949,648.545143672424,4.55181551428833
PAL,9372,3,25,"[2, 2, 4, 0, 6, 1, 0, 1]",exactly_dominated,123.01902483297769,297.0143655005365,4.251357903955539,703.5651750989146,9.669619196458187,3109.18725889182,332.517469943306,248.311256409352,314.1953739924272,2.75901396010391
PAL,9688,3,28,"[2, 3, 4, 0, 7, 1, 0, 1]",exactly_dominated,125.0967375482895,424.50872949540275,6.11659458298257,825.9662820341136,11.35186859591423,3319.43650798566,312.902366955026,409.663396285212,648.545143670956,4.55181551428013
PAL,9722,3,28,"[2, 3, 4, 0, 7, 1, 0, 1]",exactly_dominated,125.0967375482895,424.5087294954025,6.116594582982565,825.9662820341136,11.35186859591423,3319.43650798566,312.902366955026,409.663396285212,648.545143670956,4.55181551428014
PAL,8133,4,36,"[4, 3, 3, 0, 8, 1, 0, 1]",exactly_dominated,123.46603428397785,343.7128950955856,4.990666665072789,674.3964259422282,10.627758975676697,3805.03434691073,313.687345995359,361.274789193209,551.38362899058,4.01416432436899
PAL,9866,3,25,"[2, 2, 4, 0, 6, 1, 0, 1]",exactly_dominated,125.24284911014657,432.25958860788506,6.225070599745515,834.7370562818869,11.472411866155179,3270.64268196051,313.523603253737,409.766679477979,648.276398499884,4.55296310531088
PAL,8774,4,39,"[4, 4, 4, 0, 8, 1, 0, 1]",exactly_dominated,125.43841341320866,430.13946216002125,6.2122500702158066,693.2093433730606,10.141658803369426,3860.48830589745,311.064647192107,416.032457608354,662.776429116636,4.62258286231505
PAL,9535,3,25,"[2, 2, 4, 0, 6, 1, 0, 1]",exactly_dominated,124.08234195650485,358.3996853539269,5.148255835009943,766.293101008835,10.531735711033116,3147.14280048458,323.021450108123,329.267370923642,481.090428730272,3.65852634359601
PAL,9165,3,26,"[2, 3, 3, 0, 6, 1, 0, 1]",exactly_dominated,126.4144436915122,501.1891349576104,7.194213359440811,807.5503004723896,11.723862697828238,3131.35325787647,323.784964908843,371.207103144583,565.1035806767,4.12452336827315
PAL,9470,3,25,"[2, 2, 4, 0, 6, 1, 0, 1]",exactly_dominated,124.18720848847428,361.87789200441557,5.19067374949829,772.7518844299993,10.620503572725923,3141.87238552936,324.200813121493,323.996383046836,469.834298594108,3.59995981163151
PAL,9020,3,26,"[2, 3, 3, 0, 6, 1, 0, 1]",exactly_dominated,124.96362646895695,407.34790820342806,5.7701560483971575,720.202467442733,10.536568446421237,2889.46436895007,356.896076022594,132.582789237408,80.1165368351772,1.47314210263787
PAL,9889,3,25,"[2, 2, 4, 0, 6, 1, 0, 1]",exactly_dominated,125.24284911014688,432.25958860789734,6.2250705997456866,834.7370562818869,11.472411866155179,3270.64268196051,313.523603253738,409.766679477979,648.276398499884,4.55296310531088
PAL,9923,3,27,"[2, 3, 4, 0, 6, 1, 0, 1]",exactly_dominated,125.2384362023345,431.89724908372165,6.2201827564317895,832.0001246961347,11.434796180874475,3269.91206431504,313.493122167407,409.884441683983,648.532318811604,4.55427157426648
PAL,8631,4,36,"[4, 3, 3, 0, 8, 1, 0, 1]",exactly_dominated,122.0853378869164,255.3706033553473,3.700677832333995,646.9401119500371,8.89137886137045,3406.60496510475,324.266633091493,275.604965105836,373.199584160546,3.06227739006485
PAL,3704,2,12,"[1, 1, 1, 0, 4, 0, 0, 1]",exactly_dominated,144.4465379907519,1537.352743736915,21.856084162546303,2320.4462211178197,36.56772516195476,2229.40573681243,384.405736812459,343.905736865683,493.482221814,4.7831422504766
PAL,9309,3,25,"[2, 2, 4, 0, 6, 1, 0, 1]",exactly_dominated,123.17502890204543,302.8391156640923,4.331363000049341,712.9203730230956,9.798194635715268,3066.29005088273,333.140661289082,248.414048400175,314.066297435594,2.76015609333528
PAL,7747,3,25,"[2, 2, 4, 0, 6, 1, 0, 1]",exactly_dominated,124.08231244205989,358.3980951805771,5.148233075480506,766.2931483854672,10.531736362165388,3147.14264076184,323.021473389877,329.266638279346,481.088950248364,3.65851820310385
PAL,769,2,11,"[1, 0, 2, 0, 3, 0, 0, 2]",exactly_dominated,171.2986059531732,3194.073618898434,45.65505672608283,3933.5117972324606,61.98789569585978,4916.32898855306,293.368609884994,1417.60518447286,2679.341759060712,16.4711497002385
PAL,3641,2,11,"[1, 0, 2, 0, 4, 0, 0, 1]",exactly_dominated,171.1129185432815,3139.829005532728,44.895590957976864,3913.9296123671884,61.679301621277446,5008.78698896908,292.5525535098,1418.78698896929,2682.521424400976,15.7642998774366
PAL,9132,3,26,"[2, 3, 3, 0, 6, 1, 0, 1]",exactly_dominated,124.96362646895727,407.3479082034438,5.770156048397378,720.202467442733,10.536568446421237,2889.46436895006,356.896076022595,132.582789237408,80.1165368351772,1.47314210263787
PAL,9098,3,26,"[2, 3, 3, 0, 6, 1, 0, 1]",exactly_dominated,124.96362646895727,407.34790820344375,5.770156048397377,720.2024674427321,10.536568446421223,2889.46436895006,356.896076022595,132.582789237408,80.1165368351772,1.47314210263787
PAL,9831,3,24,"[2, 2, 3, 0, 6, 1, 0, 1]",exactly_dominated,125.19002251461568,429.09856797914165,6.180632954842769,831.5675416737986,11.428850870837982,3289.40811179769,313.289035381739,409.76667948384,648.45564180376,4.552963105376
PAL,9077,3,26,"[2, 3, 3, 0, 6, 1, 0, 1]",exactly_dominated,124.96362646895695,407.34790820342806,5.7701560483971575,720.202467442733,10.536568446421237,2889.46436895007,356.896076022594,132.582789237408,80.1165368351772,1.47314210263787
PAL,9427,3,25,"[2, 2, 4, 0, 6, 1, 0, 1]",exactly_dominated,122.86987220281416,289.1194010635241,4.140864329577925,694.6210345752179,9.546693224615428,3157.98221567043,331.894797318429,248.209103969864,314.3301295469356,2.75787893299849
PAL,7655,3,23,"[2, 2, 3, 0, 5, 1, 0, 1]",exactly_dominated,124.96362646895727,407.34790820344375,5.770156048397377,720.2024674427321,10.536568446421223,2889.46436895006,356.896076022595,132.582789237408,80.1165368351772,1.47314210263787
PAL,8735,4,43,"[4, 5, 4, 1, 8, 1, 0, 1]",exactly_dominated,126.41414730804681,497.8475930610668,7.106558208308476,823.6627414176955,12.050193166555047,3430.51495654594,339.629464912584,251.977113681704,349.5208688021196,2.7997457075745
PAL,9827,3,27,"[2, 3, 4, 0, 6, 1, 0, 1]",exactly_dominated,125.09262628052846,424.1734779685989,6.11208302129239,823.3594780314188,11.316041350737805,3318.74025748774,312.873648574965,409.775332293229,648.78775965774,4.55305924770254
PAL,9574,3,25,"[2, 2, 4, 0, 6, 1, 0, 1]",exactly_dominated,124.18720848847428,361.87789200441557,5.19067374949829,772.7518844299993,10.620503572725923,3141.87238552935,324.200813121493,323.996383046836,469.834298594108,3.59995981163151
PAL,3529,1,12,"[1, 1, 1, 0, 4, 0, 0, 1]",exactly_dominated,146.65362786986495,1708.1386026823225,24.185818388362726,2344.8307608557952,36.951999160302165,1296.87747062278,425.877458303945,145.964417035775,102.6197251900448,1.62182685595306
PAL,9124,3,26,"[2, 3, 3, 0, 6, 1, 0, 1]",exactly_dominated,124.96362646895727,407.3479082034438,5.770156048397378,720.202467442733,10.536568446421237,2889.46436895006,356.896076022595,132.582789237408,80.1165368351772,1.47314210263787
PAL,9431,3,28,"[2, 3, 4, 0, 7, 1, 0, 1]",exactly_dominated,123.17502890204578,302.8391156641057,4.331363000049527,712.9203730230956,9.798194635715268,3066.29005088273,333.140661289083,248.414048400175,314.066297435594,2.76015609333528
PAL,9061,3,23,"[2, 2, 3, 0, 5, 1, 0, 1]",exactly_dominated,125.48095129864984,443.79462723397,6.3505258071383315,753.1053662360036,10.947899302538117,3050.46436895026,333.896076022562,289.840031415607,397.1277325548864,3.22044479350675
PAL,9962,3,25,"[2, 2, 4, 0, 6, 1, 0, 1]",exactly_dominated,125.24284911014688,432.2595886078974,6.2250705997456866,834.7370562818869,11.472411866155179,3270.64268196051,313.523603253738,409.766679477979,648.276398499884,4.55296310531088
PAL,9348,3,28,"[2, 3, 4, 0, 7, 1, 0, 1]",exactly_dominated,123.17502890204543,302.8391156640893,4.331363000049299,712.9203730230956,9.798194635715268,3066.29005088273,333.140661289082,248.414048400175,314.066297435594,2.76015609333528
PAL,9718,3,25,"[2, 2, 4, 0, 6, 1, 0, 1]",exactly_dominated,125.09642898484374,424.4923662889093,6.116365573855963,825.9477593789579,11.351614025295609,3319.53918132583,312.901059732127,409.663178953815,648.545624041192,4.55181309948683
PAL,7643,3,24,"[2, 2, 3, 0, 5, 1, 0, 2]",exactly_dominated,133.22645363573048,885.0024395424158,12.523966935354288,1232.0881618303247,19.416378137565864,3033.96142797639,390.573855747334,7.78025594843775,0.2301342344292172,0.0864472883159752
PAL,3600,1,8,"[1, 0, 1, 0, 2, 0, 0, 1]",exactly_dominated,191.95896397164623,4373.841916368098,62.26500265321273,4948.586503374311,79.26763954852015,4991.77688697948,347.417355980689,1488.90196435014,2790.444827282652,16.543355159446
PAL,9489,3,26,"[2, 3, 3, 0, 6, 1, 0, 1]",exactly_dominated,124.07777577550414,357.99810321880256,5.1428081657840865,763.352335881521,10.491318589871096,3146.37925683248,322.990507152444,329.389820954014,481.351047135396,3.65988689948905
PAL,9523,3,25,"[2, 2, 4, 0, 6, 1, 0, 1]",exactly_dominated,124.02110701459638,359.13897998347164,5.167943177449972,762.4157635029624,10.478446579471619,3152.21405598021,322.009825966915,334.338053497665,491.85910564118,3.71486726108517
PAL,7497,4,31,"[1, 4, 4, 3, 6, 1, 0, 1]",exactly_dominated,165.73630486200838,2834.0541162505374,40.398396783014746,3598.5655667265437,56.70950501836634,3377.29596921787,356.292527342151,946.79596757056,1689.037205019148,10.5199551952284
PAL,9870,3,28,"[2, 3, 4, 0, 7, 1, 0, 1]",exactly_dominated,125.24284911014688,432.25958860789734,6.2250705997456866,834.7370562818869,11.472411866155179,3270.64268196051,313.523603253738,409.766679477979,648.276398499884,4.55296310531088
PAL,8332,4,39,"[4, 3, 3, 1, 8, 1, 0, 2]",exactly_dominated,124.65896369992815,410.3265825687749,5.896722497102581,737.2217071624118,11.617817523887947,3759.09360012549,330.228461340986,273.177882351045,389.9977132230212,3.14639687376655
PAL,9935,3,25,"[2, 2, 4, 0, 6, 1, 0, 1]",exactly_dominated,125.24284911014688,432.2595886078974,6.2250705997456866,834.7370562818869,11.472411866155179,3270.64268196051,313.523603253738,409.766679477979,648.276398499884,4.55296310531088
PAL,9036,3,23,"[2, 2, 3, 0, 5, 1, 0, 1]",exactly_dominated,124.96362646895695,407.34790820342806,5.7701560483971575,720.202467442733,10.536568446421237,2889.46436895006,356.896076022594,132.582789237408,80.1165368351772,1.47314210263787
PAL,3591,1,12,"[1, 1, 1, 0, 4, 0, 0, 1]",exactly_dominated,146.68398137612573,1711.225904563825,24.319128893513344,2348.3937597523836,37.00814817302956,1537.59208483572,389.59170986616,384.441696771351,573.136707499148,4.27157440857058
PAL,7881,3,24,"[2, 2, 3, 0, 6, 1, 0, 1]",exactly_dominated,125.24284911017347,432.259588711328,6.225070601258464,834.7370562818869,11.472411866155179,3270.64268196145,313.523603253672,409.766679478931,648.27639850178,4.55296310532145
PAL,9466,3,24,"[2, 2, 3, 0, 6, 1, 0, 1]",exactly_dominated,123.99118817436299,353.84973946269156,5.084754747630628,760.83033399346,10.456656843193725,3175.09651843396,322.651182051097,329.163301015137,481.125663920196,3.6573700112793
PAL,3712,2,12,"[1, 1, 1, 0, 4, 0, 0, 1]",exactly_dominated,144.4465379907519,1537.352743736915,21.856084162546303,2320.4462211178197,36.56772516195476,2229.40573681243,384.405736812459,343.905736865683,493.482221814,4.7831422504766
PAL,7663,3,26,"[2, 3, 3, 0, 6, 1, 0, 1]",exactly_dominated,126.41444369049957,501.18913476474006,7.194213356634551,807.5503004723896,11.723862667278468,3131.35325783933,323.784964911491,371.207103107424,565.103580602792,4.12452336786026
PAL,3620,1,8,"[1, 0, 1, 0, 2, 0, 0, 1]",exactly_dominated,191.95896397164623,4373.841916368098,62.26500265321273,4948.586503374311,79.26763954852015,4991.77688697948,347.417355980689,1488.90196435014,2790.444827282652,16.543355159446
PAL,9387,3,25,"[2, 2, 4, 0, 6, 1, 0, 1]",exactly_dominated,123.11268602247365,303.5609529462942,4.350838886615437,709.0482608288339,9.744977319495476,3071.32412189925,332.140856467119,253.448119416786,324.6158970251416,2.81609021574207
PAL,8980,3,23,"[2, 2, 3, 0, 5, 1, 0, 1]",exactly_dominated,124.9642651137571,407.4104891486727,5.771062263030687,720.6925062733944,10.543737718832926,2889.4888353414,356.894247151267,132.607607171523,80.1648619981152,1.47341785746137
PAL,9692,3,25,"[2, 2, 4, 0, 6, 1, 0, 1]",exactly_dominated,125.09642898484374,424.4923662889093,6.116365573855963,825.9477593789579,11.351614025295609,3319.53918132583,312.901059732127,409.663178953815,648.545624041192,4.55181309948683
PAL,9738,3,25,"[2, 2, 4, 0, 6, 1, 0, 1]",exactly_dominated,125.0967375482895,424.5087294954025,6.116594582982565,825.9662820341136,11.35186859591423,3319.43650798566,312.902366955026,409.663396285212,648.545143670956,4.55181551428014
PAL,7726,3,25,"[2, 2, 4, 0, 6, 1, 0, 1]",exactly_dominated,125.51454792705671,442.1283659549531,6.355267998182692,850.7553545651272,11.692563246661523,3222.47303739834,315.37663628872,404.597034915849,636.591292412168,4.4955226101761
PAL,9411,3,25,"[2, 2, 4, 0, 6, 1, 0, 1]",exactly_dominated,123.12093585503814,299.6948317095841,4.28720480765312,709.6756574912997,9.753600098202964,3084.87766586212,332.906093387823,248.414048400175,314.1914912205408,2.76015609333529
PAL,9041,3,26,"[2, 3, 3, 0, 6, 1, 0, 1]",exactly_dominated,124.96362646895695,407.3479082034267,5.770156048397139,720.2024674427139,10.536568446420958,2889.46436895007,356.896076022594,132.582789237408,80.1165368351772,1.47314210263787
PAL,8200,4,39,"[4, 3, 4, 1, 8, 1, 0, 1]",exactly_dominated,125.3664621855756,435.4579307065593,6.220918613439133,751.7034217666869,10.398305283428822,3732.50225346397,335.666775260927,249.725474800187,346.9733776905652,2.77472749777985
PAL,9942,3,28,"[2, 3, 4, 0, 7, 1, 0, 1]",exactly_dominated,125.24284911014688,432.2595886078974,6.2250705997456866,834.7370562818869,11.472411866155179,3270.64268196051,313.523603253738,409.766679477979,648.276398499884,4.55296310531088
PAL,8715,4,40,"[4, 4, 3, 1, 8, 1, 0, 1]",exactly_dominated,126.92518771272208,517.8850754355223,7.416125050378616,783.2235458932018,11.458567379607961,3747.06491273394,329.785089367572,324.556372536324,481.759142811264,3.60618191707026
PAL,9807,3,25,"[2, 2, 4, 0, 6, 1, 0, 1]",exactly_dominated,125.47207663598753,440.62528280294936,6.329019915005225,847.8717301560082,11.652931452865202,3308.85857243747,315.806103557627,399.085460737014,625.359480952152,4.43428289707794
PAL,9554,3,25,"[2, 2, 4, 0, 6, 1, 0, 1]",exactly_dominated,124.08231244205989,358.3980951805771,5.148233075480506,766.2931483854672,10.531736362165388,3147.14264076184,323.021473389877,329.266638279346,481.088950248364,3.65851820310385
PAL,3509,1,12,"[1, 1, 1, 0, 4, 0, 0, 1]",exactly_dominated,146.65362786986495,1708.1386026823225,24.185818388362726,2344.8307608557952,36.951999160302165,1296.87747062278,425.877458303945,145.964417035775,102.6197251900448,1.62182685595306
PAL,9104,3,26,"[2, 3, 3, 0, 6, 1, 0, 1]",exactly_dominated,124.96362646895727,407.34790820344375,5.770156048397377,720.2024674427321,10.536568446421223,2889.46436895006,356.896076022595,132.582789237408,80.1165368351772,1.47314210263787
PAL,9780,3,25,"[2, 2, 4, 0, 6, 1, 0, 1]",exactly_dominated,125.14110286377552,426.1696098670753,6.1394593496854055,828.6323762267184,11.38851071024394,3307.10251444326,313.070640681098,409.766866274686,648.623452738068,4.55296518082985
PAL,9295,3,26,"[2, 3, 3, 0, 6, 1, 0, 1]",exactly_dominated,123.17044707478725,302.42994504520664,4.325806029323879,709.9094113187348,9.756812750814278,3065.52544569696,333.110230994829,248.53600981847,314.3202207047744,2.76151122020522
PAL,9915,3,28,"[2, 3, 4, 0, 7, 1, 0, 1]",exactly_dominated,125.24284911014657,432.2595886078894,6.225070599745578,834.7370562818869,11.472411866155179,3270.64268196051,313.523603253737,409.766679477979,648.276398499884,4.55296310531088
PAL,9016,3,23,"[2, 2, 3, 0, 5, 1, 0, 1]",exactly_dominated,124.81741057124762,399.9373274534349,5.66646435109798,729.1820084958081,10.667939211171774,2933.84847495193,356.321546114451,132.42839877974,79.908600212852,1.47142665310822
PAL,9446,3,25,"[2, 2, 4, 0, 6, 1, 0, 1]",exactly_dominated,123.1750737606781,301.36814026429374,4.260402254504937,665.4007751719337,9.14509747876038,2905.66002389583,356.066245158386,87.7840238924103,29.74725556601524,0.975378043249004
PAL,9153,3,26,"[2, 3, 3, 0, 6, 1, 0, 1]",exactly_dominated,124.96362646895727,407.34790820344375,5.770156048397377,720.2024674427321,10.536568446421223,2889.46436895007,356.896076022595,132.582789237408,80.1165368351772,1.47314210263787
PAL,9850,3,27,"[2, 3, 3, 0, 7, 1, 0, 1]",exactly_dominated,125.24284911017347,432.259588711328,6.225070601258464,834.7370562818869,11.472411866155179,3270.64268196145,313.523603253672,409.766679478931,648.27639850178,4.55296310532145
PAL,8187,4,36,"[4, 3, 3, 0, 8, 1, 0, 1]",exactly_dominated,123.6338034442225,340.57052170069255,4.9493593507567,685.0479086900041,10.795614834667619,3811.06221608197,314.070322457337,362.118533702531,552.68502524366,4.02353926336146
PAL,9796,3,25,"[2, 2, 4, 0, 6, 1, 0, 1]",exactly_dominated,125.09642898484374,424.4923662889106,6.116365573855981,825.9477593789579,11.351614025295609,3319.53918132583,312.901059732127,409.663178953815,648.545624041192,4.55181309948683
PAL,3661,2,11,"[1, 0, 2, 0, 4, 0, 0, 1]",exactly_dominated,171.1129185432815,3139.829005532728,44.895590957976864,3913.9296123671884,61.679301621277446,5008.78698896908,292.5525535098,1418.78698896929,2682.521424400976,15.7642998774366
PAL,3724,2,12,"[1, 1, 1, 0, 4, 0, 0, 1]",exactly_dominated,144.4465379907519,1537.352743736915,21.856084162546303,2320.4462211178197,36.56772516195476,2229.40573681243,384.405736812459,343.905736865683,493.482221814,4.7831422504766
PAL,9329,3,25,"[2, 2, 4, 0, 6, 1, 0, 1]",exactly_dominated,123.51776925711482,317.2368742922546,4.520377433935165,733.7359676454489,10.0842788258796,3055.82666091689,335.876311003574,237.950658434168,291.9168937145852,2.6438962048241
PAL,9779,3,25,"[2, 2, 4, 0, 6, 1, 0, 1]",exactly_dominated,125.19002250756711,429.0985675033295,6.180632948119397,831.5675412522814,11.42885086504476,3289.40811405928,313.289035352452,409.766679477979,648.455641810104,4.55296310531088
PAL,9450,3,25,"[2, 2, 4, 0, 6, 1, 0, 1]",exactly_dominated,123.17502890204578,302.8391156641057,4.331363000049527,712.9203730230956,9.798194635715268,3066.29005088273,333.140661289083,248.414048400175,314.066297435594,2.76015609333528
PAL,9000,3,23,"[2, 2, 3, 0, 5, 1, 0, 1]",exactly_dominated,125.26646347478513,422.0772110765644,5.9740269300708615,731.5568967163426,10.702683846770027,2876.37414921807,358.657248049953,127.002071263035,69.7815619952024,1.41113412514484
PAL,9903,3,25,"[2, 2, 4, 0, 6, 1, 0, 1]",exactly_dominated,125.1900225145895,429.0985678757243,6.180632953330176,831.5675416737986,11.428850870837982,3289.40811179675,313.289035381806,409.766679482889,648.455641801868,4.55296310536543
PAL,9846,3,27,"[2, 3, 3, 0, 7, 1, 0, 1]",exactly_dominated,125.24284911017347,432.259588711328,6.225070601258464,834.7370562818869,11.472411866155179,3270.64268196145,313.523603253672,409.766679478931,648.27639850178,4.55296310532145
PAL,9515,3,27,"[2, 3, 4, 0, 6, 1, 0, 1]",exactly_dominated,124.07777577547058,357.9981032171849,5.142808165760938,763.352335881521,10.491318589871096,3146.37925683125,322.990507152529,329.389820952801,481.351047132984,3.65988689947557
PAL,9145,3,23,"[2, 2, 3, 0, 5, 1, 0, 1]",exactly_dominated,125.48095129864986,443.7946272339694,6.350525807138322,753.1053662360036,10.947899302537824,3050.46436895026,333.896076022562,289.840031415607,397.1277325548864,3.22044479350676
PAL,3548,1,12,"[1, 1, 1, 0, 4, 0, 0, 1]",exactly_dominated,146.16034869220368,1678.1327125403811,23.79074861848395,2314.570973758089,36.475137611873286,1376.59181169913,412.59173772064,224.819714160818,253.6863290814048,2.49799682400908
PAL,9391,3,25,"[2, 2, 4, 0, 6, 1, 0, 1]",exactly_dominated,123.17502890204578,302.8391156641057,4.331363000049527,712.9203730230956,9.798194635715268,3066.29005088273,333.140661289083,248.414048400175,314.066297435594,2.76015609333528
PAL,3636,1,7,"[1, 0, 0, 0, 2, 0, 0, 1]",exactly_evaluated,269.90333333333336,9162.495956046057,131.04621372540333,10751.206815131642,184.36255106008994,7849,136,4320,8640,48
PAL,6988,2,17,"[1, 1, 3, 0, 5, 1, 0, 1]",exactly_dominated,134.97310529674252,1000.5206140181937,14.251962511305067,1713.5122257069888,27.003101197112837,1764.91190436046,374.83029683456,242.640982584553,290.4226218209728,2.69601091760614
PAL,9684,3,25,"[2, 2, 4, 0, 6, 1, 0, 1]",exactly_dominated,125.0967375482895,424.5087294954038,6.116594582982585,825.9662820341136,11.35186859591423,3319.43650798566,312.902366955026,409.663396285212,648.545143670956,4.55181551428014
PAL,8996,3,24,"[2, 3, 2, 0, 5, 1, 0, 1]",exactly_dominated,124.96362646996542,407.3479083939378,5.770156051168967,720.2024695003784,10.536568476524605,2889.46436898723,356.896076019949,132.58278927498,80.11653690836,1.47314210305534
PAL,9954,3,25,"[2, 2, 4, 0, 6, 1, 0, 1]",exactly_dominated,125.36293149434803,436.68059318593765,6.2806240287692106,841.6530426028185,11.567463407161197,3265.36612908258,314.760147338216,404.490126600114,636.833578615504,4.49433474000126
PAL,8646,4,38,"[4, 3, 3, 1, 8, 1, 0, 1]",exactly_dominated,126.27093628994176,491.307688112453,7.019272635558319,805.6777710403458,11.78707289141815,3818.22894986158,337.561269981401,254.209004256213,353.8147237075588,2.8245444917357
PAL,9057,3,23,"[2, 2, 3, 0, 5, 1, 0, 1]",exactly_dominated,124.85441276761578,402.42729446497987,5.7065532594084365,703.5794823442129,10.250641920946403,2895.67887377324,355.682600523078,138.596577951901,91.2545325028888,1.53996197724334
PAL,9407,3,27,"[2, 3, 4, 0, 6, 1, 0, 1]",exactly_dominated,123.17044707475449,302.42994504362053,4.32580602930117,709.9094113187348,9.756812750814278,3065.52544569575,333.110230994916,248.536009817255,314.3202207023708,2.76151122019172
PAL,9112,3,23,"[2, 2, 3, 0, 5, 1, 0, 1]",exactly_dominated,125.26646347478479,422.07721107654925,5.974026930070649,731.5568967163426,10.702683846770027,2876.37414921807,358.657248049952,127.002071263035,69.7815619952024,1.41113412514484
PAL,9542,3,27,"[2, 3, 4, 0, 6, 1, 0, 1]",exactly_dominated,124.11270745978972,359.5766735464567,5.165568680679384,756.688687740123,10.399735120041955,3143.70387969291,323.068928934695,329.657048297581,481.830099040692,3.66285609219535
PAL,9755,3,25,"[2, 2, 4, 0, 6, 1, 0, 1]",exactly_dominated,125.47207663598753,440.62528280294936,6.329019915005225,847.8717301560082,11.652931452865202,3308.85857243747,315.806103557627,399.085460737014,625.359480952152,4.43428289707794
PAL,9305,3,25,"[2, 2, 4, 0, 6, 1, 0, 1]",exactly_dominated,125.96988550535012,460.63180608942747,6.505944644788662,730.2506461523744,10.683573389506117,2826.10698991722,368.884408381667,17.5434028754153,3.483614950226028,0.194926698615726
PAL,3708,2,12,"[1, 1, 1, 0, 4, 0, 0, 1]",exactly_evaluated,143.17588514704002,1462.0141493668505,20.854470033749216,2244.207050495108,35.36627821070257,2387.45335586004,355.453355860084,501.953356774075,813.621548465884,6.80819030968282
PAL,9610,3,28,"[2, 3, 4, 0, 7, 1, 0, 1]",exactly_dominated,124.08231244205989,358.3980951805771,5.148233075480506,766.2931483854682,10.531736362165402,3147.14264076184,323.021473389877,329.266638279346,481.088950248364,3.65851820310385
PAL,9240,3,26,"[2, 3, 3, 0, 6, 1, 0, 1]",exactly_dominated,126.41444369049957,501.18913476474006,7.194213356634551,807.5503004723896,11.723862667278468,3131.35325783933,323.784964911491,371.207103107424,565.103580602792,4.12452336786026
PAL,3564,1,12,"[1, 1, 1, 0, 4, 0, 0, 1]",exactly_dominated,146.16034869220368,1678.1327125403811,23.79074861848395,2314.570973758089,36.475137611873286,1376.59181169913,412.59173772064,224.819714160818,253.6863290814048,2.49799682400908
PAL,9169,3,26,"[2, 3, 3, 0, 6, 1, 0, 1]",exactly_dominated,126.21809374517296,492.3665951243084,7.075265578904939,806.6706254248102,11.476545705226288,3137.56988091107,322.571339054356,374.956458544905,573.069432051316,4.16618287272117
PAL,9493,3,25,"[2, 2, 4, 0, 6, 1, 0, 1]",exactly_dominated,124.02883278554084,355.28790367026755,5.104556942821318,763.084977216784,10.487644081000589,3165.73025574117,322.786905488691,329.266638279347,481.242871105572,3.65851820310385
PAL,7874,3,25,"[2, 2, 4, 0, 6, 1, 0, 1]",exactly_dominated,125.0967375482895,424.50872949540246,6.116594582982565,825.9662820341136,11.35186859591423,3319.43650798566,312.902366955026,409.663396285212,648.545143670956,4.55181551428014
PAL,9539,3,28,"[2, 3, 4, 0, 7, 1, 0, 1]",exactly_dominated,124.08231244205989,358.3980951805771,5.148233075480506,766.2931483854672,10.531736362165388,3147.14264076185,323.021473389877,329.266638279346,481.088950248364,3.65851820310385
PAL,9186,3,25,"[2, 3, 2, 0, 6, 1, 0, 1]",exactly_dominated,126.4144436915122,501.18913495817105,7.194213359448516,807.5503004802385,11.723862697828238,3131.35325787647,323.784964908843,371.207103144583,565.1035806767,4.12452336827315
PAL,9352,3,27,"[2, 3, 4, 0, 6, 1, 0, 1]",exactly_dominated,123.20590755460961,304.01449657924564,4.348649297872128,703.005451821864,9.661926503391463,3062.84741969124,333.189815052358,248.800588295895,314.8048359846628,2.76445098106551
PAL,9702,3,25,"[2, 2, 4, 0, 6, 1, 0, 1]",exactly_dominated,125.14110286377552,426.16960986707517,6.139459349685404,828.6323762267184,11.38851071024394,3307.10251444326,313.070640681098,409.766866274686,648.623452738068,4.55296518082985
PAL,9217,3,27,"[2, 3, 4, 0, 6, 1, 0, 1]",exactly_dominated,126.41444369049957,501.18913476474006,7.194213356634551,807.5503004723896,11.723862667278468,3131.35325783933,323.784964911491,371.207103107424,565.103580602792,4.12452336786026
PAL,9094,3,23,"[2, 2, 3, 0, 5, 1, 0, 1]",exactly_dominated,124.96362646895727,407.34790820344244,5.770156048397359,720.2024674427139,10.536568446420958,2889.46436895006,356.896076022595,132.582789237408,80.1165368351772,1.47314210263787
PAL,3533,1,12,"[1, 1, 1, 0, 4, 0, 0, 1]",exactly_dominated,146.65362786986495,1708.1386026823225,24.185818388362726,2344.8307608557952,36.951999160302165,1296.87747062278,425.877458303945,145.964417035775,102.6197251900448,1.62182685595306
PAL,9978,3,25,"[2, 2, 4, 0, 6, 1, 0, 1]",exactly_dominated,125.36293149434803,436.68059318593765,6.2806240287692106,841.6530426028185,11.567463407161197,3265.36612908258,314.760147338216,404.490126600114,636.833578615504,4.49433474000126
PAL,9714,3,28,"[2, 3, 4, 0, 7, 1, 0, 1]",exactly_dominated,125.0967375482895,424.5087294954025,6.116594582982565,825.9662820341136,11.35186859591423,3319.43650798566,312.902366955026,409.663396285212,648.545143670956,4.55181551428014
PAL,9344,3,25,"[2, 2, 4, 0, 6, 1, 0, 1]",exactly_dominated,123.01902483297768,297.01436550053614,4.251357903955534,703.5651750989146,9.669619196458187,3109.18725889182,332.517469943306,248.311256409352,314.1953739924268,2.75901396010391
PAL,9651,3,25,"[2, 2, 4, 0, 6, 1, 0, 1]",exactly_dominated,125.4720766359872,440.62528280293367,6.329019915005006,847.8717301560082,11.652931452865202,3308.85857243747,315.806103557626,399.085460737014,625.359480952152,4.43428289707794
PAL,9201,3,26,"[2, 3, 3, 0, 6, 1, 0, 1]",exactly_dominated,126.41444369049955,501.18913476474205,7.194213356634579,807.5503004723896,11.723862667278748,3131.35325783933,323.784964911491,371.207103107423,565.103580602792,4.12452336786026
PAL,9128,3,23,"[2, 2, 3, 0, 5, 1, 0, 1]",exactly_dominated,124.8174105712476,399.93732745343124,5.666464351097928,729.1820084957671,10.667939211171173,2933.84847495193,356.321546114451,132.42839877974,79.908600212852,1.47142665310823
PAL,9578,3,25,"[2, 2, 4, 0, 6, 1, 0, 1]",exactly_dominated,124.08231244205989,358.3980951805771,5.148233075480506,766.2931483854672,10.531736362165388,3147.14264076184,323.021473389877,329.266638279346,481.088950248364,3.65851820310385
PAL,9082,3,24,"[2, 2, 4, 0, 5, 1, 0, 1]",exactly_dominated,124.96362646895727,407.34790820344375,5.770156048397377,720.2024674427321,10.536568446421223,2889.46436895006,356.896076022595,132.582789237408,80.1165368351772,1.47314210263787
PAL,8739,4,40,"[4, 4, 3, 1, 8, 1, 0, 1]",exactly_dominated,126.59701741237339,515.559059968402,7.384443342547938,819.4868418889773,11.989099719644278,3892.91778901467,328.198698466873,324.865781941149,483.140033901036,3.6096197993461
PAL,8369,4,38,"[4, 4, 3, 0, 8, 1, 0, 1]",exactly_dominated,122.6737435417724,282.76451318154267,4.100617258998566,627.3356448059421,9.886131914968688,3724.19957206061,324.123057154206,281.255889681335,384.5169729507288,3.12506544090371
PAL,9597,3,25,"[2, 2, 4, 0, 6, 1, 0, 1]",exactly_dominated,124.02883278554084,355.2879036702703,5.10455694282136,763.084977216784,10.487644081000589,3165.73025574116,322.786905488691,329.266638279347,481.242871105572,3.65851820310385
PAL,9313,3,28,"[2, 3, 4, 0, 7, 1, 0, 1]",exactly_dominated,123.17502890204543,302.8391156640908,4.331363000049319,712.9203730230956,9.798194635715268,3066.29005088273,333.140661289082,248.414048400175,314.066297435594,2.76015609333528
PAL,9743,3,25,"[2, 2, 4, 0, 6, 1, 0, 1]",exactly_dominated,125.09642898450758,424.4923662711488,6.116365573607465,825.9477593588681,11.3516140250195,3319.53918143601,312.901059730718,409.663178953582,648.545624041548,4.55181309948424
PAL,4034,2,10,"[1, 0, 1, 0, 3, 0, 0, 2]",exactly_dominated,170.3886738516073,3126.394915087741,44.707036304924976,3876.907706102478,61.095876381365024,4967.21190194848,288.211901948598,1430.87990611178,2711.047910274956,16.5948312773852
PAL,9606,3,25,"[2, 2, 4, 0, 6, 1, 0, 1]",exactly_dominated,124.08231244205989,358.3980951805771,5.148233075480506,766.2931483854672,10.531736362165388,3147.14264076184,323.021473389877,329.266638279346,481.088950248364,3.65851820310385
PAL,9485,3,27,"[2, 3, 3, 0, 7, 1, 0, 1]",exactly_dominated,124.08231244209361,358.39809518221455,5.148233075503941,766.2931483854672,10.531736362165388,3147.14264076307,323.021473389791,329.266638280573,481.088950250792,3.65851820311748
PAL,3572,1,12,"[1, 1, 1, 0, 4, 0, 0, 1]",exactly_dominated,146.68398137612573,1711.225904563825,24.319128893513344,2348.3937597523836,37.00814817302956,1537.59208483572,389.59170986616,384.441696771351,573.136707499148,4.27157440857058
PAL,9190,4,27,"[2, 4, 2, 0, 6, 1, 0, 1]",exactly_dominated,126.4144436915122,501.1891349576118,7.194213359440832,807.5503004723896,11.723862697828238,3131.35325787648,323.784964908843,371.207103144582,565.1035806767,4.12452336827315
PAL,9893,3,28,"[2, 3, 4, 0, 7, 1, 0, 1]",exactly_dominated,125.24284911014657,432.2595886078837,6.225070599745496,834.7370562818869,11.472411866155179,3270.64268196051,313.523603253737,409.766679477979,648.276398499884,4.55296310531088
PAL,9939,3,28,"[2, 3, 4, 0, 7, 1, 0, 1]",exactly_dominated,125.24284911014657,432.25958860788825,6.225070599745562,834.7370562818869,11.472411866155179,3270.64268196052,313.523603253737,409.766679477979,648.276398499884,4.55296310531088
PAL,8080,4,36,"[4, 3, 3, 0, 8, 1, 0, 1]",exactly_dominated,122.96883273953229,307.4044792182975,4.471636546377675,670.6422835820795,9.810405381281605,3718.1857133178,312.951399021626,357.883680391409,545.146429955372,3.97648533768232
PAL,7725,3,25,"[2, 2, 4, 0, 6, 1, 0, 1]",exactly_dominated,125.51454792705671,442.1283659549531,6.355267998182692,850.7553545651272,11.692563246661523,3222.47303739834,315.37663628872,404.597034915849,636.591292412168,4.4955226101761
PAL,9691,3,25,"[2, 2, 4, 0, 6, 1, 0, 1]",exactly_dominated,125.09642898450758,424.4923662711488,6.116365573607465,825.9477593588681,11.3516140250195,3319.53918143601,312.901059730718,409.663178953582,648.545624041548,4.55181309948424
PAL,8983,3,25,"[2, 3, 2, 0, 6, 1, 0, 1]",exactly_dominated,124.96362646996542,407.34790839393924,5.770156051168988,720.2024695003984,10.5365684765249,2889.46436898723,356.896076019949,132.58278927498,80.11653690836,1.47314210305534
PAL,3623,1,7,"[1, 0, 0, 0, 2, 0, 0, 1]",exactly_evaluated,269.90333333333336,9162.495956046057,131.04621372540333,10751.206815131642,184.36255106008994,7849,136,4320,8640,48
PAL,9384,3,25,"[2, 2, 4, 0, 6, 1, 0, 1]",exactly_dominated,123.06539850796935,298.76076102620715,4.275380486302625,706.3442268623912,9.707813770651386,3097.83597078644,332.686581192666,248.414048400175,314.309254714836,2.76015609333528
PAL,8595,4,40,"[4, 4, 3, 1, 8, 1, 0, 1]",exactly_dominated,126.27093628994176,492.12943136666985,7.030559510012694,803.508572216173,11.755337493501578,3818.22894986158,337.561269981401,254.209004256213,353.8147237075588,2.8245444917357
PAL,9557,3,28,"[2, 3, 4, 0, 7, 1, 0, 1]",exactly_dominated,124.08231244205989,358.3980951805771,5.148233075480506,766.2931483854682,10.531736362165402,3147.14264076185,323.021473389877,329.266638279346,481.088950248364,3.65851820310385
PAL,9107,3,25,"[2, 3, 3, 0, 5, 1, 0, 1]",exactly_dominated,124.96362646895727,407.34790820344233,5.770156048397358,720.202467442733,10.536568446421237,2889.46436895007,356.896076022595,132.582789237408,80.1165368351772,1.47314210263787
PAL,9804,3,25,"[2, 2, 4, 0, 6, 1, 0, 1]",exactly_dominated,125.15300278883177,427.8778690108483,6.163962058516749,829.3417665463176,11.398260388731384,3299.78918143599,313.151059730763,409.663178953582,648.353730310532,4.55181309948425
PAL,9941,3,28,"[2, 3, 4, 0, 7, 1, 0, 1]",exactly_dominated,125.24284911014688,432.2595886078974,6.2250705997456866,834.7370562818869,11.472411866155179,3270.64268196051,313.523603253738,409.766679477979,648.276398499884,4.55296310531088
PAL,9412,3,25,"[2, 2, 4, 0, 6, 1, 0, 1]",exactly_dominated,123.06539850796935,298.76076102620715,4.275380486302625,706.3442268623912,9.707813770651386,3097.83597078644,332.686581192666,248.414048400175,314.309254714836,2.76015609333528
PAL,9042,3,26,"[2, 3, 3, 0, 6, 1, 0, 1]",exactly_dominated,124.96362646895695,407.3479082034267,5.770156048397139,720.2024674427139,10.536568446420958,2889.46436895007,356.896076022594,132.582789237408,80.1165368351772,1.47314210263787
PAL,9296,3,26,"[2, 3, 3, 0, 6, 1, 0, 1]",exactly_dominated,123.20590755464171,304.0144965808095,4.34864929789453,703.005451821864,9.661926503391463,3062.84741969245,333.189815052269,248.800588297111,314.8048359870664,2.76445098107901
PAL,7288,2,18,"[1, 2, 3, 0, 4, 1, 0, 1]",exactly_dominated,133.37942706253338,920.3000466646889,13.245341304675035,1655.5528987580637,26.08972483046765,2812.58955230657,320.589552307178,519.213557945597,862.53989637428,7.07708085122481
PAL,9629,3,25,"[2, 2, 4, 0, 6, 1, 0, 1]",exactly_dominated,124.08231244205989,358.3980951805771,5.148233075480506,766.2931483854672,10.531736362165388,3147.14264076184,323.021473389877,329.266638279346,481.088950248364,3.65851820310385
PAL,9783,3,25,"[2, 2, 4, 0, 6, 1, 0, 1]",exactly_dominated,125.02357547852002,424.4196070978066,6.124753132662948,821.7807770416875,11.29434408950877,3324.54158604376,311.839259830198,414.768474343299,659.551415235136,4.60853860381443
PAL,9150,3,23,"[2, 2, 3, 0, 5, 1, 0, 1]",exactly_dominated,124.96362646895727,407.34790820344375,5.770156048397377,720.2024674427321,10.536568446421223,2889.46436895007,356.896076022595,132.582789237408,80.1165368351772,1.47314210263787
PAL,9500,3,25,"[2, 2, 4, 0, 6, 1, 0, 1]",exactly_dominated,124.08231244205957,358.3980951805621,5.148233075480297,766.2931483854672,10.531736362165388,3147.14264076185,323.021473389876,329.266638279346,481.088950248364,3.65851820310385
PAL,9015,3,23,"[2, 2, 3, 0, 5, 1, 0, 1]",exactly_dominated,124.81741057124762,399.9373274534349,5.66646435109798,729.1820084958081,10.667939211171774,2933.84847495193,356.321546114451,132.42839877974,79.908600212852,1.47142665310822
PAL,4277,2,10,"[1, 0, 1, 0, 4, 0, 0, 1]",exactly_dominated,178.8100354089794,3595.344269568869,50.934028431174326,4376.856366238544,68.97452706180883,3976.69886465292,474.857357759554,431.166145415677,566.832723472432,4.79073494906309
PAL,9445,3,25,"[2, 2, 4, 0, 6, 1, 0, 1]",exactly_dominated,125.96988550535045,460.6318060894425,6.505944644788871,730.2506461523744,10.683573389506117,2826.10698991722,368.884408381668,17.5434028754153,3.483614950226028,0.194926698615726
PAL,9916,3,28,"[2, 3, 4, 0, 7, 1, 0, 1]",exactly_dominated,125.24284911014688,432.25958860789734,6.2250705997456866,834.7370562818869,11.472411866155179,3270.64268196051,313.523603253738,409.766679477979,648.276398499884,4.55296310531088
PAL,8868,4,42,"[4, 5, 4, 0, 8, 1, 0, 2]",exactly_dominated,123.79674230589193,348.8847147768258,5.0059096053833425,682.0340996816776,9.97816488966792,3656.22311691563,331.887930890487,256.716145722829,331.4960313450764,2.97092514373888
PAL,9280,3,25,"[2, 2, 4, 0, 6, 1, 0, 1]",exactly_dominated,123.17505628836153,302.8404141316988,4.331381594653886,712.9203730230956,9.798194635715268,3066.29110079368,333.140583360401,248.415098311135,314.0683740879092,2.76016775901261
PAL,4148,2,10,"[1, 0, 1, 0, 3, 0, 0, 2]",exactly_evaluated,168.83750056522524,3022.4749921866824,43.146381024283244,3783.8373089195557,59.629187485959555,4725.3230130596,321.323013059706,1195.78723784552,2207.751462631324,14.1733344972909
PAL,9795,3,25,"[2, 2, 4, 0, 6, 1, 0, 1]",exactly_dominated,125.09642898450758,424.4923662711504,6.116365573607488,825.9477593588681,11.3516140250195,3319.53918143601,312.901059730718,409.663178953582,648.545624041548,4.55181309948424
PAL,3662,2,11,"[1, 0, 2, 0, 4, 0, 0, 1]",exactly_dominated,171.1129185432815,3139.829005532728,44.895590957976864,3913.9296123671884,61.679301621277446,5008.78698896908,292.5525535098,1418.78698896929,2682.521424400976,15.7642998774366
PAL,9516,3,27,"[2, 3, 4, 0, 6, 1, 0, 1]",exactly_dominated,124.11270745978972,359.5766735464567,5.165568680679384,756.688687740123,10.399735120041955,3143.70387969291,323.068928934695,329.657048297581,481.830099040692,3.66285609219535
PAL,9146,3,23,"[2, 2, 3, 0, 5, 1, 0, 1]",exactly_dominated,126.41444369049957,501.1891347647415,7.194213356634571,807.5503004723896,11.723862667278494,3131.35325783933,323.784964911491,371.207103107423,565.103580602792,4.12452336786026
PAL,9845,3,27,"[2, 3, 3, 0, 7, 1, 0, 1]",exactly_dominated,125.24284911017347,432.259588711328,6.225070601258464,834.7370562818869,11.472411866155179,3270.64268196145,313.523603253672,409.766679478931,648.27639850178,4.55296310532145
PAL,526,2,11,"[1, 0, 2, 0, 4, 0, 0, 1]",exactly_dominated,171.1129185432815,3139.829005532728,44.895590957976864,3913.9296123671884,61.679301621277446,5008.78698896908,292.5525535098,1418.78698896929,2682.521424400976,15.7642998774366
PAL,9900,3,27,"[2, 3, 4, 0, 6, 1, 0, 1]",exactly_dominated,125.27190724029914,433.31027116100455,6.240563284816039,825.5994900449596,11.34682750095251,3267.27719704453,313.567885446692,410.147841295303,648.99820242122,4.55719823661448
PAL,9453,3,28,"[2, 3, 4, 0, 7, 1, 0, 1]",exactly_dominated,123.17502890204578,302.8391156641057,4.331363000049527,712.9203730230956,9.798194635715268,3066.29005088273,333.140661289083,248.414048400175,314.066297435594,2.76015609333528
PAL,8995,3,24,"[2, 3, 2, 0, 5, 1, 0, 1]",exactly_dominated,124.96362646996542,407.3479083939363,5.770156051168946,720.2024695003774,10.536568476524593,2889.46436898723,356.896076019949,132.58278927498,80.11653690836,1.47314210305534
PAL,9687,3,28,"[2, 3, 4, 0, 7, 1, 0, 1]",exactly_dominated,125.0967375482895,424.50872949540275,6.11659458298257,825.9662820341136,11.35186859591423,3319.43650798566,312.902366955026,409.663396285212,648.545143670956,4.55181551428013
PAL,7733,3,25,"[2, 2, 4, 0, 6, 1, 0, 1]",exactly_dominated,123.17502890204543,302.8391156640893,4.331363000049299,712.9203730230956,9.798194635715268,3066.29005088273,333.140661289082,248.414048400175,314.066297435594,2.76015609333528
PAL,8096,4,40,"[4, 5, 3, 0, 8, 1, 0, 1]",exactly_dominated,123.81733905285546,350.59802879472164,5.03050891318915,684.2517113173863,10.010608567443963,3656.28313338594,331.768494285977,256.776162193163,331.734226323708,2.85306846881292
PAL,9668,3,27,"[2, 3, 3, 0, 7, 1, 0, 1]",exactly_dominated,125.09673754830978,424.50872996950574,6.11659458991839,825.9662820341136,11.35186859591423,3319.43650798639,312.902366954974,409.663396285949,648.545143672424,4.55181551428833
PAL,9392,3,25,"[2, 2, 4, 0, 6, 1, 0, 1]",exactly_dominated,123.17502890204578,302.8391156641057,4.331363000049527,712.9203730230956,9.798194635715268,3066.29005088273,333.140661289083,248.414048400175,314.066297435594,2.76015609333528
PAL,3635,1,7,"[1, 0, 0, 0, 2, 0, 0, 1]",exactly_evaluated,269.90333333333336,9162.495956046057,131.04621372540333,10751.206815131642,184.36255106008994,7849,136,4320,8640,48
PAL,9238,3,26,"[2, 3, 3, 0, 6, 1, 0, 1]",exactly_dominated,126.41444369049957,501.18913476474006,7.194213356634551,807.5503004723896,11.723862667278468,3131.35325783933,323.784964911491,371.207103107424,565.103580602792,4.12452336786026
PAL,9111,3,23,"[2, 2, 3, 0, 5, 1, 0, 1]",exactly_dominated,125.70683590958582,442.74194202759224,6.259458359807563,737.4104011539721,10.788320668284273,2862.45677968876,360.825080303199,121.587192331183,59.6562618727644,1.35096880367982
PAL,9541,3,27,"[2, 3, 4, 0, 6, 1, 0, 1]",exactly_dominated,124.07777577547058,357.9981032171834,5.142808165760917,763.352335881521,10.491318589871096,3146.37925683126,322.990507152529,329.389820952801,481.351047132984,3.65988689947557
PAL,9054,3,24,"[2, 2, 4, 0, 5, 1, 0, 1]",exactly_dominated,124.96362646895695,407.34790820342806,5.7701560483971575,720.202467442733,10.536568446421237,2889.46436895007,356.896076022594,132.582789237408,80.1165368351772,1.47314210263787
PAL,9404,3,28,"[2, 3, 4, 0, 7, 1, 0, 1]",exactly_dominated,123.17502890204578,302.8391156641057,4.331363000049527,712.9203730230956,9.798194635715268,3066.29005088273,333.140661289083,248.414048400175,314.066297435594,2.76015609333528
PAL,9613,3,25,"[2, 2, 4, 0, 6, 1, 0, 1]",exactly_dominated,124.08234195650485,358.3996853539269,5.148255835009943,766.293101008835,10.531735711033116,3147.14280048458,323.021450108123,329.267370923641,481.090428730272,3.65852634359602
PAL,9243,3,27,"[2, 3, 4, 0, 6, 1, 0, 1]",exactly_dominated,126.41444369049955,501.1891347647423,7.194213356634583,807.5503004723896,11.72386266727876,3131.35325783933,323.784964911491,371.207103107424,565.103580602792,4.12452336786026
PAL,9756,3,25,"[2, 2, 4, 0, 6, 1, 0, 1]",exactly_dominated,125.21823861954338,429.0486140006714,6.173820890305635,832.9661237241517,11.448072623591756,3314.15678440162,314.144574410113,404.383672701202,637.0803856428,4.49315191890225
PAL,9306,3,25,"[2, 2, 4, 0, 6, 1, 0, 1]",exactly_dominated,123.1750737606781,301.36814026429505,4.260402254504956,665.4007751719337,9.14509747876038,2905.66002389582,356.066245158386,87.7840238924103,29.74725556601524,0.975378043249004
PAL,9185,3,22,"[2, 2, 2, 0, 5, 1, 0, 1]",exactly_dominated,126.4144436915122,501.1891349607816,7.194213359484395,807.5503005167857,11.723862697828238,3131.35325787647,323.784964908843,371.207103144583,565.1035806767,4.12452336827315
PAL,9869,3,28,"[2, 3, 4, 0, 7, 1, 0, 1]",exactly_dominated,125.24284911014688,432.25958860789734,6.2250705997456866,834.7370562818869,11.472411866155179,3270.64268196051,313.523603253738,409.766679477979,648.276398499884,4.55296310531088
PAL,9490,3,26,"[2, 3, 3, 0, 6, 1, 0, 1]",exactly_dominated,124.11270745982256,359.57667354804687,5.165568680702151,756.688687740123,10.399735120041955,3143.70387969412,323.068928934608,329.657048298795,481.830099043104,3.66285609220883
PAL,7877,3,25,"[2, 2, 4, 0, 6, 1, 0, 1]",exactly_dominated,125.0967375482895,424.5087294954028,6.11659458298257,825.9662820341136,11.35186859591423,3319.43650798567,312.902366955026,409.663396285212,648.545143670956,4.55181551428014
PAL,9214,3,26,"[2, 3, 3, 0, 6, 1, 0, 1]",exactly_dominated,126.41444369049923,501.1891347647285,7.194213356634392,807.5503004723896,11.72386266727876,3131.35325783933,323.78496491149,371.207103107423,565.103580602792,4.12452336786026
PAL,3619,1,8,"[1, 0, 1, 0, 2, 0, 0, 1]",exactly_dominated,191.95896397164623,4373.841916368098,62.26500265321273,4948.586503374311,79.26763954852015,4991.77688697948,347.417355980689,1488.90196435014,2790.444827282652,16.543355159446
PAL,8956,4,38,"[4, 4, 3, 0, 8, 1, 0, 1]",exactly_dominated,123.92739608984213,353.75587731149574,5.103987468728901,660.8376479615526,9.668060614180806,3926.12493660127,318.69735353408,336.124936601946,497.817143010408,3.7347215177994
PAL,9644,3,28,"[2, 3, 4, 0, 7, 1, 0, 1]",exactly_dominated,124.08231244205989,358.3980951805771,5.148233075480506,766.2931483854672,10.531736362165388,3147.14264076184,323.021473389877,329.266638279346,481.088950248364,3.65851820310385
PAL,8110,4,39,"[4, 4, 3, 0, 8, 1, 0, 2]",exactly_dominated,125.58131504094078,439.8429884694554,6.347474621310608,724.1335213026705,10.594079799039717,3715.77681590136,312.483037005242,414.918874238132,659.522450126784,4.8113477545714
PAL,9351,3,27,"[2, 3, 4, 0, 6, 1, 0, 1]",exactly_dominated,123.1704470747545,302.4299450436209,4.325806029301175,709.9094113187348,9.756812750814278,3065.52544569575,333.110230994916,248.536009817255,314.3202207023712,2.76151122019172
PAL,9701,3,25,"[2, 2, 4, 0, 6, 1, 0, 1]",exactly_dominated,125.19002250756712,429.09856750332875,6.180632948119386,831.5675412522814,11.42885086504476,3289.40811405928,313.289035352452,409.766679477979,648.455641810104,4.55296310531088
PAL,8669,4,41,"[4, 4, 4, 1, 8, 1, 0, 1]",exactly_dominated,126.27076093452216,492.1151123682135,7.030357143146312,803.506302105272,11.755304281759086,3818.22243579452,337.561712716632,254.202525723537,353.8022624350968,2.8244725080393
PAL,9428,3,25,"[2, 2, 4, 0, 6, 1, 0, 1]",exactly_dominated,123.01902483297769,297.0143655005354,4.251357903955523,703.5651750989146,9.669619196458187,3109.18725889182,332.517469943306,248.311256409352,314.1953739924272,2.75901396010391
PAL,9078,3,26,"[2, 3, 3, 0, 6, 1, 0, 1]",exactly_dominated,124.96362646895695,407.34790820342806,5.7701560483971575,720.202467442733,10.536568446421237,2889.46436895007,356.896076022594,132.582789237408,80.1165368351772,1.47314210263787
PAL,9097,3,26,"[2, 3, 3, 0, 6, 1, 0, 1]",exactly_dominated,124.96362646895727,407.34790820344375,5.770156048397377,720.2024674427321,10.536568446421223,2889.46436895006,356.896076022595,132.582789237408,80.1165368351772,1.47314210263787
PAL,3530,1,12,"[1, 1, 1, 0, 4, 0, 0, 1]",exactly_dominated,146.65362786986495,1708.1386026823225,24.185818388362726,2344.8307608557952,36.951999160302165,1296.87747062278,425.877458303945,145.964417035775,102.6197251900448,1.62182685595306
PAL,9994,3,28,"[2, 3, 4, 0, 7, 1, 0, 1]",exactly_dominated,125.24284911014688,432.2595886078974,6.2250705997456866,834.7370562818869,11.472411866155179,3270.64268196051,313.523603253738,409.766679477979,648.276398499884,4.55296310531088
PAL,7089,2,17,"[1, 2, 2, 0, 4, 1, 0, 1]",exactly_dominated,146.2772476825317,1555.2329235663653,22.069876048145094,1859.8095679948492,27.864012578306678,1642.71479013351,376.714862123423,441.338192907694,688.745134524996,6.06908769565441
PAL,9652,3,25,"[2, 2, 4, 0, 6, 1, 0, 1]",exactly_dominated,125.21823861954338,429.048614000681,6.173820890305774,832.9661237241517,11.448072623591756,3314.15678440163,314.144574410113,404.383672701202,637.0803856428,4.49315191890224
PAL,9202,3,26,"[2, 3, 3, 0, 6, 1, 0, 1]",exactly_dominated,126.41444369049955,501.18913476474074,7.194213356634563,807.5503004723896,11.72386266727876,3131.35325783933,323.784964911491,371.207103107423,565.103580602792,4.12452336786026
PAL,9717,3,25,"[2, 2, 4, 0, 6, 1, 0, 1]",exactly_dominated,125.09642898450758,424.4923662711488,6.116365573607465,825.9477593588681,11.3516140250195,3319.53918143601,312.901059730718,409.663178953582,648.545624041548,4.55181309948424
PAL,9347,3,28,"[2, 3, 4, 0, 7, 1, 0, 1]",exactly_dominated,123.17502890204543,302.8391156640893,4.331363000049299,712.9203730230956,9.798194635715268,3066.29005088273,333.140661289082,248.414048400175,314.066297435594,2.76015609333528
PAL,9594,3,27,"[2, 3, 4, 0, 6, 1, 0, 1]",exactly_dominated,124.11270745979003,359.57667354647043,5.165568680679576,756.688687740123,10.399735120041955,3143.70387969291,323.068928934696,329.657048297581,481.830099040692,3.66285609219534
PAL,9828,3,27,"[2, 3, 4, 0, 6, 1, 0, 1]",exactly_dominated,125.1254771261536,425.58466238303055,6.132454117933304,817.0844584914703,11.229799092665402,3316.15831379129,312.947087334636,410.033289886443,649.244652780124,4.5559254431827
PAL,9081,3,24,"[2, 2, 4, 0, 5, 1, 0, 1]",exactly_dominated,124.96362646895727,407.34790820344375,5.770156048397377,720.2024674427321,10.536568446421223,2889.46436895006,356.896076022595,132.582789237408,80.1165368351772,1.47314210263787
PAL,9255,3,26,"[2, 3, 3, 0, 6, 1, 0, 1]",exactly_dominated,126.41444369049955,501.1891347647408,7.194213356634563,807.5503004723896,11.723862667278482,3131.35325783933,323.784964911491,371.207103107423,565.103580602792,4.12452336786026
PAL,9605,3,25,"[2, 2, 4, 0, 6, 1, 0, 1]",exactly_dominated,124.08231244205989,358.3980951805771,5.148233075480506,766.2931483854672,10.531736362165388,3147.14264076184,323.021473389877,329.266638279346,481.088950248364,3.65851820310385
PAL,8917,4,39,"[4, 4, 4, 0, 8, 1, 0, 1]",exactly_dominated,124.42040304477895,383.06289859493427,5.536577876979222,762.261556864375,10.47632720300803,3674.59081281084,309.340899843576,410.590812811606,653.197701671756,4.56212014235118
PAL,8444,4,39,"[4, 4, 3, 0, 8, 1, 0, 2]",exactly_dominated,122.4876906486461,284.40899515448734,4.120959164566858,615.4154692779948,9.698282828607077,3724.08163595482,323.89217701506,280.322078237436,382.850061914014,3.26369121627959
PAL,8151,4,41,"[4, 5, 3, 0, 8, 1, 0, 2]",exactly_dominated,123.9179361556774,354.1816791754833,5.136053977799298,692.5752609757765,10.914237773255154,3451.92799406905,316.723212293057,360.662617207376,547.946906445524,4.18828455749968
PAL,9310,3,25,"[2, 2, 4, 0, 6, 1, 0, 1]",exactly_dominated,123.17502890204543,302.8391156640893,4.331363000049299,712.9203730230956,9.798194635715268,3066.29005088273,333.140661289082,248.414048400175,314.066297435594,2.76015609333528
PAL,9740,3,28,"[2, 3, 4, 0, 7, 1, 0, 1]",exactly_dominated,125.0967375482895,424.50872949540246,6.116594582982565,825.9662820341136,11.35186859591423,3319.43650798566,312.902366955026,409.663396285212,648.545143670956,4.55181551428014
PAL,9890,3,25,"[2, 2, 4, 0, 6, 1, 0, 1]",exactly_dominated,125.24284911014688,432.25958860789734,6.2250705997456866,834.7370562818869,11.472411866155179,3270.64268196051,313.523603253738,409.766679477979,648.276398499884,4.55296310531088
PAL,8782,4,39,"[4, 3, 4, 1, 8, 1, 0, 1]",exactly_dominated,126.27076093452216,491.29469877229354,7.019088684002228,805.6748192776404,11.787029707103754,3818.22243579452,337.561712716632,254.202525723537,353.8022624350968,2.8244725080393
PAL,9469,3,25,"[2, 2, 4, 0, 6, 1, 0, 1]",exactly_dominated,124.43139156768308,372.96010410829393,5.339106811279622,787.5038417851783,10.82325068852357,3136.55787766326,325.820997120322,318.681875180611,458.305964641372,3.54090972422901
PAL,1059,2,9,"[1, 0, 0, 0, 4, 0, 0, 1]",exactly_evaluated,183.5773971776254,3859.4965334004987,54.68746795684197,4662.700776881937,73.47912611364688,3977.78544664599,474.77905080617,402.285446646021,480.958161519424,13.4095148882007
PAL,9039,3,26,"[2, 3, 3, 0, 6, 1, 0, 1]",exactly_dominated,124.96362646895695,407.3479082034267,5.770156048397139,720.2024674427139,10.536568446420958,2889.46436895007,356.896076022594,132.582789237408,80.1165368351772,1.47314210263787
PAL,9486,3,27,"[2, 3, 3, 0, 7, 1, 0, 1]",exactly_dominated,124.08231244209361,358.39809518221455,5.148233075503941,766.2931483854672,10.531736362165388,3147.14264076307,323.021473389791,329.266638280573,481.088950250792,3.65851820311748
PAL,3571,1,12,"[1, 1, 1, 0, 4, 0, 0, 1]",exactly_dominated,146.68398137612573,1711.225904563825,24.319128893513344,2348.3937597523836,37.00814817302956,1537.59208483572,389.59170986616,384.441696771351,573.136707499148,4.27157440857058
PAL,8297,4,40,"[4, 4, 3, 1, 8, 1, 0, 1]",exactly_dominated,127.11460584125876,530.2724967823509,7.589962619746489,816.3504572646652,11.943214384947066,3602.57614244096,330.996311963274,323.701120824858,479.715470565536,3.5966791202762
PAL,9808,3,25,"[2, 2, 4, 0, 6, 1, 0, 1]",exactly_dominated,125.21823861954338,429.0486140006714,6.173820890305635,832.9661237241517,11.448072623591756,3314.15678440162,314.144574410113,404.383672701202,637.0803856428,4.49315191890225
PAL,7953,3,27,"[2, 3, 4, 0, 6, 1, 0, 1]",exactly_dominated,125.4249757000563,439.1431408884558,6.320782759932871,834.5544934916052,11.469902770020312,3224.30835652966,314.188854150164,410.261525134492,648.753971701016,4.55846139038324
PAL,9737,3,25,"[2, 2, 4, 0, 6, 1, 0, 1]",exactly_dominated,125.0967375482895,424.50872949540246,6.116594582982565,825.9662820341136,11.35186859591423,3319.43650798566,312.902366955026,409.663396285212,648.545143670956,4.55181551428014
PAL,8825,4,39,"[4, 4, 3, 0, 8, 1, 0, 2]",exactly_dominated,124.21020512378021,382.7823020319166,5.567151578700753,743.8031062560167,11.047811265293415,3798.49653578727,304.162421114113,438.194502860877,712.430193236868,5.11230382172358
PAL,9672,3,26,"[2, 3, 3, 0, 6, 1, 0, 1]",exactly_dominated,125.12547712617267,425.5846628425793,6.132454124656227,817.0844584914703,11.229799092665402,3316.15831379202,312.947087334582,410.033289887169,649.244652781572,4.55592544319077
PAL,9388,3,25,"[2, 2, 4, 0, 6, 1, 0, 1]",exactly_dominated,122.91805435324756,294.9163393078981,4.237512718347026,697.1382313928943,9.581288931638655,3080.7510424891,330.02491553695,262.87504000675,344.4899338533732,2.92083377785277
PAL,3551,1,12,"[1, 1, 1, 0, 4, 0, 0, 1]",exactly_dominated,146.16034869220368,1678.1327125403811,23.79074861848395,2314.570973758089,36.475137611873286,1376.59181169913,412.59173772064,224.819714160818,253.6863290814048,2.49799682400908
PAL,4294,2,10,"[1, 0, 1, 0, 4, 0, 0, 1]",exactly_dominated,178.8149277352171,3595.705374652632,50.939193476129105,4377.168993036474,68.97945372234547,3977.03299752244,474.819163448547,431.500137369165,567.531335501304,4.79444597076851
PAL,9449,3,25,"[2, 2, 4, 0, 6, 1, 0, 1]",exactly_dominated,123.17502890204578,302.8391156641057,4.331363000049527,712.9203730230956,9.798194635715268,3066.29005088273,333.140661289083,248.414048400175,314.066297435594,2.76015609333528
PAL,9019,3,26,"[2, 3, 3, 0, 6, 1, 0, 1]",exactly_dominated,124.96362646895695,407.34790820342806,5.7701560483971575,720.202467442733,10.536568446421237,2889.46436895007,356.896076022594,132.582789237408,80.1165368351772,1.47314210263787
PAL,8521,4,39,"[4, 4, 4, 0, 8, 1, 0, 1]",exactly_dominated,123.41074423913051,307.3136303306287,4.412490756438392,594.2834178732783,8.694371641392426,3554.48371686032,331.342913739651,253.625775197297,325.727257608626,2.81806416885885
PAL,9330,3,25,"[2, 2, 4, 0, 6, 1, 0, 1]",exactly_dominated,123.27785382004188,306.26655696318613,4.373230526286027,719.222898461112,9.884814927791325,3061.07391332054,334.29496654736,243.197910838084,303.0849461547716,2.70219900931204
PAL,4152,2,10,"[1, 0, 1, 0, 3, 0, 0, 2]",exactly_dominated,169.99025353398795,3090.7271549629163,44.047167982975466,3853.002487045318,60.71915595903287,4567.27539401195,350.275394012084,1039.09482363192,1865.414253251744,12.6474875844351
PAL,9275,3,25,"[2, 2, 4, 0, 6, 1, 0, 1]",exactly_dominated,123.11268816573757,303.5610561702143,4.350840364045142,709.0482608288339,9.744977319495476,3071.32420085051,332.140850891493,253.448198368068,324.6160525470864,2.81609109297854
PAL,9625,3,25,"[2, 2, 4, 0, 6, 1, 0, 1]",exactly_dominated,124.43139156768308,372.96010410829524,5.339106811279642,787.5038417851783,10.82325068852357,3136.55787766327,325.820997120322,318.681875180611,458.305964641372,3.54090972422901
PAL,9849,3,27,"[2, 3, 3, 0, 7, 1, 0, 1]",exactly_dominated,125.24284911017347,432.259588711328,6.225070601258464,834.7370562818869,11.472411866155179,3270.64268196145,313.523603253672,409.766679478931,648.27639850178,4.55296310532145
PAL,3547,1,12,"[1, 1, 1, 0, 4, 0, 0, 1]",exactly_dominated,146.16034869220368,1678.1327125403811,23.79074861848395,2314.570973758089,36.475137611873286,1376.59181169913,412.59173772064,224.819714160818,253.6863290814048,2.49799682400908
PAL,4282,2,10,"[1, 0, 1, 0, 4, 0, 0, 1]",exactly_dominated,178.8149277352171,3595.705374652632,50.939193476129105,4377.168993036474,68.97945372234547,3977.03299752244,474.819163448547,431.500137369165,567.531335501304,4.79444597076851
PAL,4144,2,10,"[1, 0, 1, 0, 3, 0, 0, 2]",exactly_dominated,169.99025353398795,3090.7271549629163,44.047167982975466,3853.002487045318,60.71915595903287,4567.27539401195,350.275394012084,1039.09482363192,1865.414253251744,12.6474875844351
PAL,9776,3,27,"[2, 3, 4, 0, 6, 1, 0, 1]",exactly_dominated,125.1254771261536,425.58466238303043,6.132454117933302,817.0844584914703,11.229799092665402,3316.15831379129,312.947087334636,410.033289886443,649.244652780124,4.5559254431827
PAL,9326,3,25,"[2, 2, 4, 0, 6, 1, 0, 1]",exactly_dominated,123.08288499027293,298.24061057695053,4.267180518181356,707.3958412890906,9.722266889434952,3094.24488667727,332.769972901327,248.311669258529,314.0605323548616,2.75901854731699
PAL,8537,4,41,"[4, 4, 4, 1, 8, 1, 0, 1]",exactly_dominated,125.3731288522426,435.203276433712,6.217933885509298,752.1034217666866,10.537238498863854,3738.50225346396,335.666775260928,249.725474800187,346.9733776905652,2.77472749777985
PAL,8472,4,38,"[4, 4, 3, 0, 8, 1, 0, 1]",exactly_dominated,122.82857806947672,304.705627037898,4.432177431457519,672.3358889777483,9.587534051832506,3615.41960804419,312.942893634557,357.419608045116,544.21297836198,3.97132897827907
PAL,8921,4,41,"[4, 4, 3, 1, 8, 1, 0, 2]",exactly_dominated,124.85792267181323,421.63454434880845,6.053424076003809,770.3640615262057,11.607703738826396,3512.91759156342,331.815036385563,272.357624858305,387.7844532811488,3.13102067858786
PAL,9263,3,23,"[2, 2, 3, 0, 5, 1, 0, 1]",exactly_dominated,126.41444369049955,501.1891347647423,7.194213356634583,807.5503004723896,11.72386266727876,3131.35325783933,323.784964911491,371.207103107424,565.103580602792,4.12452336786026
PAL,4451,2,9,"[1, 0, 0, 0, 4, 0, 0, 1]",exactly_evaluated,183.5773971776254,3859.4965334004987,54.68746795684197,4662.700776881937,73.47912611364688,3977.78544664599,474.77905080617,402.285446646021,480.958161519424,13.4095148882007
PAL,9799,3,28,"[2, 3, 4, 0, 7, 1, 0, 1]",exactly_dominated,125.0967375482895,424.50872949540286,6.116594582982571,825.9662820341136,11.35186859591423,3319.43650798566,312.902366955026,409.663396285212,648.545143670956,4.55181551428014
PAL,3510,1,12,"[1, 1, 1, 0, 4, 0, 0, 1]",exactly_dominated,146.65362786986495,1708.1386026823225,24.185818388362726,2344.8307608557952,36.951999160302165,1296.87747062278,425.877458303945,145.964417035775,102.6197251900448,1.62182685595306
PAL,592,2,10,"[1, 0, 1, 0, 4, 0, 0, 1]",exactly_dominated,183.79364541481314,3875.1875305535536,54.903027860087036,4674.447864637286,73.66424752373673,3963.32219216061,478.572806880162,387.822192160845,448.201577342056,12.9274064053615
PAL,9408,3,27,"[2, 3, 4, 0, 6, 1, 0, 1]",exactly_dominated,123.20590755460961,304.01449657924564,4.348649297872128,703.005451821864,9.661926503391463,3062.84741969124,333.189815052358,248.800588295895,314.8048359846628,2.76445098106551
PAL,9058,3,23,"[2, 2, 3, 0, 5, 1, 0, 1]",exactly_evaluated,124.98643984410985,405.55029843302884,5.757991235607596,674.3063482628113,9.865107818298904,2888.80639769224,354.260269539885,151.329947990226,115.0957722219192,1.68144386655806
PAL,6657,2,18,"[1, 2, 2, 0, 5, 1, 0, 1]",exactly_dominated,143.25404843329164,1387.6188423140961,19.7752825828337,1675.973162382511,26.411526120735747,2260.87151235353,343.179661985555,604.038676023712,1019.602575547336,6.7115408447079
PAL,8560,4,37,"[4, 3, 3, 0, 8, 1, 0, 2]",exactly_dominated,122.62803046423875,288.945128783431,4.213458363221892,637.0163796259221,9.59783747948117,3873.42994422743,311.557626600076,358.176780064993,546.766008121392,4.18616533172086
PAL,6987,2,16,"[1, 1, 2, 0, 5, 1, 0, 1]",exactly_dominated,143.48632659402423,1391.5324768482164,19.769905532888433,1687.975209100041,26.600665408581918,2169.94704392268,368.735176334447,444.061201344886,693.727971818736,4.93401334827652
PAL,9371,3,25,"[2, 2, 4, 0, 6, 1, 0, 1]",exactly_dominated,122.86987220281416,289.1194010635255,4.140864329577947,694.6210345752179,9.546693224615428,3157.98221567042,331.894797318429,248.209103969864,314.3301295469356,2.75787893299849
PAL,8999,3,23,"[2, 2, 3, 0, 5, 1, 0, 1]",exactly_dominated,125.70683590958582,442.74194202759094,6.259458359807544,737.4104011539539,10.788320668284008,2862.45677968876,360.825080303199,121.587192331183,59.6562618727644,1.35096880367982
PAL,9721,3,28,"[2, 3, 4, 0, 7, 1, 0, 1]",exactly_dominated,125.0967375482895,424.5087294954025,6.116594582982565,825.9662820341136,11.35186859591423,3319.43650798566,312.902366955026,409.663396285212,648.545143670956,4.55181551428014
PAL,9234,3,26,"[2, 3, 3, 0, 6, 1, 0, 1]",exactly_dominated,126.27686564493504,494.1902706418189,7.096267010087416,809.1634945411033,11.838069056956767,3175.73736384087,323.210435003345,371.11329899503,565.258828763828,4.12348109994478
PAL,3639,2,11,"[1, 0, 2, 0, 4, 0, 0, 1]",exactly_dominated,171.15947972070958,3142.6712524857508,44.93629568852129,3916.9996537540665,61.727682156301064,5010.33516560842,292.449345534661,1420.33516560868,2685.720985602416,15.7815018400965
PAL,8976,3,22,"[2, 2, 2, 0, 5, 1, 0, 1]",exactly_dominated,126.83169255226403,515.8945415957297,7.292172452620632,825.5659940679443,12.07803776960311,2809.75008327294,370.18179030563,54.9443107917156,3.413938669147392,0.610492342130176
PAL,9664,3,27,"[2, 3, 3, 0, 7, 1, 0, 1]",exactly_dominated,125.09673754830978,424.50872996950574,6.11659458991839,825.9662820341136,11.35186859591423,3319.43650798639,312.902366954974,409.663396285949,648.545143672424,4.55181551428833
PAL,8425,4,39,"[4, 4, 3, 0, 8, 1, 0, 2]",exactly_dominated,124.52255225085588,387.2935864357536,5.592415477114317,778.5235907309825,10.6998284228174,3566.90277959548,310.454116030008,409.902779596124,650.886980692096,4.7666269041808
PAL,8632,4,41,"[4, 5, 3, 0, 8, 1, 0, 2]",exactly_dominated,125.3491318468962,430.6590980932646,6.213831478285745,723.5076969336724,10.584923983005375,3522.13899623178,312.679046979672,413.290724068627,656.218310343436,4.79317673838267
PAL,9920,3,28,"[2, 3, 4, 0, 7, 1, 0, 1]",exactly_dominated,125.24284911014688,432.25958860789734,6.2250705997456866,834.7370562818869,11.472411866155179,3270.64268196051,313.523603253738,409.766679477979,648.276398499884,4.55296310531088
PAL,3584,1,12,"[1, 1, 1, 0, 4, 0, 0, 1]",exactly_dominated,146.68398137612573,1711.225904563825,24.319128893513344,2348.3937597523836,37.00814817302956,1537.59208483572,389.59170986616,384.441696771351,573.136707499148,4.27157440857058
PAL,9189,4,27,"[2, 4, 2, 0, 6, 1, 0, 1]",exactly_dominated,126.4144436915122,501.1891349576118,7.194213359440832,807.5503004723896,11.723862697828238,3131.35325787647,323.784964908843,371.207103144582,565.1035806767,4.12452336827315
PAL,9023,3,25,"[2, 3, 3, 0, 5, 1, 0, 1]",exactly_dominated,124.96362646895695,407.3479082034265,5.770156048397138,720.202467442733,10.536568446421237,2889.46436895007,356.896076022594,132.582789237408,80.1165368351772,1.47314210263787
PAL,9166,3,26,"[2, 3, 3, 0, 6, 1, 0, 1]",exactly_dominated,126.4144436915122,501.1891349576104,7.194213359440811,807.5503004723896,11.723862697828238,3131.35325787647,323.784964908843,371.207103144583,565.1035806767,4.12452336827315
PAL,9865,3,25,"[2, 2, 4, 0, 6, 1, 0, 1]",exactly_dominated,125.24284911014688,432.25958860789734,6.2250705997456866,834.7370562818869,11.472411866155179,3270.64268196051,313.523603253738,409.766679477979,648.276398499884,4.55296310531088
PAL,49,1,12,"[1, 1, 1, 0, 4, 0, 0, 1]",exactly_dominated,147.4864144840575,1759.7244027548295,25.034812931753176,2398.390503841083,37.79604283750811,1618.48212088157,379.480490599667,465.745902088764,736.016391906076,5.17495446765294
PAL,3642,2,11,"[1, 0, 2, 0, 4, 0, 0, 1]",exactly_dominated,171.1129185432815,3139.829005532728,44.895590957976864,3913.9296123671884,61.679301621277446,5008.78698896908,292.5525535098,1418.78698896929,2682.521424400976,15.7642998774366
PAL,7744,3,25,"[2, 2, 4, 0, 6, 1, 0, 1]",exactly_dominated,124.08231244205989,358.39809518057706,5.148233075480505,766.2931483854672,10.531736362165388,3147.14264076185,323.021473389877,329.266638279346,481.088950248364,3.65851820310385
PAL,3707,2,12,"[1, 1, 1, 0, 4, 0, 0, 1]",exactly_dominated,143.37963059638935,1473.4452493289132,20.984431895827868,2256.4317774560677,35.558926698575284,2307.73907014575,368.739070145794,422.239070401051,651.766446999064,5.79634745843011
PAL,8720,4,38,"[4, 4, 3, 0, 8, 1, 0, 1]",exactly_dominated,122.99136170321212,294.55813093987473,4.258976168483529,648.8985395559357,8.9182949877552,3846.37692993916,316.80345212833,331.123765776823,489.104153899608,3.67915295307581
PAL,8370,4,38,"[4, 3, 4, 0, 8, 1, 0, 2]",exactly_dominated,123.78515811582109,345.5339046320079,4.986866111296737,654.5453415501515,9.576004115922759,3925.54681898998,318.586097252305,335.5594948195,496.707058391612,3.90188796143722
PAL,9998,3,26,"[2, 3, 3, 0, 6, 1, 0, 1]",exactly_dominated,125.33464759828854,434.61758088877133,6.257603470830536,829.3591329978444,11.398499068784067,3252.33453712923,313.820379477647,410.148297890954,648.807031554608,4.5572033098995
PAL,9131,3,26,"[2, 3, 3, 0, 6, 1, 0, 1]",exactly_dominated,124.96362646895727,407.3479082034438,5.770156048397378,720.202467442733,10.536568446421237,2889.46436895006,356.896076022595,132.582789237408,80.1165368351772,1.47314210263787
PAL,9561,3,25,"[2, 2, 4, 0, 6, 1, 0, 1]",exactly_dominated,124.08234195650485,358.3996853539269,5.148255835009943,766.293101008835,10.531735711033116,3147.14280048458,323.021450108123,329.267370923642,481.090428730272,3.65852634359601
PAL,7986,4,39,"[4, 3, 3, 1, 8, 1, 0, 2]",exactly_dominated,125.60532444039745,447.07533413712684,6.381434428489411,780.8285756723326,10.731507544276607,3582.48141909372,337.220405232772,248.063991571593,344.5441728809356,2.83802495506253
PAL,7656,3,23,"[2, 2, 3, 0, 5, 1, 0, 1]",exactly_dominated,124.96362646895727,407.3479082034438,5.770156048397378,720.202467442733,10.536568446421237,2889.46436895006,356.896076022595,132.582789237408,80.1165368351772,1.47314210263787
PAL,9648,3,24,"[2, 2, 3, 0, 6, 1, 0, 1]",exactly_dominated,125.15300278885238,427.87786948575166,6.163962065464269,829.3417665463176,11.398260388731384,3299.78918143673,313.151059730712,409.663178954318,648.353730312,4.55181309949243
PAL,9218,3,27,"[2, 3, 4, 0, 6, 1, 0, 1]",exactly_dominated,126.41444369049957,501.18913476474006,7.194213356634551,807.5503004723896,11.723862667278468,3131.35325783933,323.784964911491,371.207103107424,565.103580602792,4.12452336786026
PAL,9961,3,25,"[2, 2, 4, 0, 6, 1, 0, 1]",exactly_dominated,125.24284911014688,432.2595886078974,6.2250705997456866,834.7370562818869,11.472411866155179,3270.64268196051,313.523603253738,409.766679477979,648.276398499884,4.55296310531088
PAL,9432,3,28,"[2, 3, 4, 0, 7, 1, 0, 1]",exactly_dominated,123.17502890204578,302.8391156641057,4.331363000049527,712.9203730230956,9.798194635715268,3066.29005088273,333.140661289083,248.414048400175,314.066297435594,2.76015609333528
PAL,9062,3,23,"[2, 2, 3, 0, 5, 1, 0, 1]",exactly_dominated,126.41444369049955,501.1891347647423,7.194213356634583,807.5503004723896,11.72386266727876,3131.35325783933,323.784964911491,371.207103107424,565.103580602792,4.12452336786026
PAL,9598,3,25,"[2, 2, 4, 0, 6, 1, 0, 1]",exactly_dominated,123.97386665244552,354.365654037652,5.092889983175389,759.787577321842,10.442325463122653,3178.68856066551,322.567393293545,329.266638279346,481.387482544988,3.65851820310385
PAL,9577,3,25,"[2, 2, 4, 0, 6, 1, 0, 1]",exactly_dominated,124.08231244205989,358.3980951805771,5.148233075480506,766.2931483854672,10.531736362165388,3147.14264076184,323.021473389877,329.266638279346,481.088950248364,3.65851820310385
PAL,6728,2,14,"[1, 0, 3, 0, 4, 1, 0, 1]",exactly_dominated,131.46987263789478,810.944768975926,11.677353254970342,1542.5796332797263,24.309388236124896,3574.68962660973,324.689636052879,456.801400393062,735.637167985088,5.07557111547849
PAL,9127,3,23,"[2, 2, 3, 0, 5, 1, 0, 1]",exactly_dominated,124.8174105712476,399.93732745343124,5.666464351097928,729.1820084957671,10.667939211171173,2933.84847495193,356.321546114451,132.42839877974,79.908600212852,1.47142665310823
PAL,9824,3,28,"[2, 3, 4, 0, 7, 1, 0, 1]",exactly_dominated,125.0967375482895,424.5087294954028,6.11659458298257,825.9662820341136,11.35186859591423,3319.43650798567,312.902366955026,409.663396285212,648.545143670956,4.55181551428014
PAL,8736,4,39,"[4, 4, 4, 0, 8, 1, 0, 1]",exactly_dominated,123.81777196624196,349.0130026648663,5.036003830832337,651.7835352233251,9.535598865019226,3925.71721809287,318.41454144556,335.729893922395,497.220968735988,3.73033215469327
PAL,9035,3,23,"[2, 2, 3, 0, 5, 1, 0, 1]",exactly_dominated,124.96362646895695,407.34790820342783,5.770156048397156,720.202467442733,10.536568446421237,2889.46436895006,356.896076022594,132.582789237408,80.1165368351768,1.47314210263787
PAL,3592,1,12,"[1, 1, 1, 0, 4, 0, 0, 1]",exactly_dominated,146.68398137612573,1711.225904563825,24.319128893513344,2348.3937597523836,37.00814817302956,1537.59208483572,389.59170986616,384.441696771351,573.136707499148,4.27157440857058
PAL,7882,3,25,"[2, 2, 4, 0, 6, 1, 0, 1]",exactly_dominated,125.24284911014688,432.25958860789734,6.2250705997456866,834.7370562818869,11.472411866155179,3270.64268196051,313.523603253738,409.766679477979,648.276398499884,4.55296310531088
PAL,9465,3,24,"[2, 2, 3, 0, 6, 1, 0, 1]",exactly_dominated,124.05155472688959,357.46322419366436,5.135562482613716,764.451661519457,10.50642743929681,3154.55470956954,322.91450347904,329.162884302276,480.951560043244,3.6573653811364
PAL,9936,3,25,"[2, 2, 4, 0, 6, 1, 0, 1]",exactly_dominated,125.24284911014688,432.2595886078974,6.2250705997456866,834.7370562818869,11.472411866155179,3270.64268196051,313.523603253738,409.766679477979,648.276398499884,4.55296310531088
PAL,8274,4,38,"[4, 4, 3, 0, 8, 1, 0, 1]",exactly_dominated,122.06040011971841,253.04445708902793,3.668676303511547,636.6554366437194,8.780124542721769,3433.11449087483,324.014203037381,276.114490875728,374.3758658104048,3.06793878750809
PAL,9873,3,28,"[2, 3, 4, 0, 7, 1, 0, 1]",exactly_dominated,125.24284911014688,432.25958860789734,6.2250705997456866,834.7370562818869,11.472411866155179,3270.64268196051,313.523603253738,409.766679477979,648.276398499884,4.55296310531088
PAL,9520,3,25,"[2, 2, 4, 0, 6, 1, 0, 1]",exactly_dominated,123.97386665244552,354.3656540376548,5.092889983175428,759.787577321842,10.442325463122653,3178.68856066551,322.567393293545,329.266638279346,481.387482544988,3.65851820310385
PAL,9609,3,28,"[2, 3, 4, 0, 7, 1, 0, 1]",exactly_dominated,124.08231244205989,358.3980951805771,5.148233075480506,766.2931483854682,10.531736362165402,3147.14264076184,323.021473389877,329.266638279346,481.088950248364,3.65851820310385
PAL,9259,3,26,"[2, 3, 3, 0, 6, 1, 0, 1]",exactly_dominated,126.27686564493504,494.1902706418203,7.096267010087437,809.1634945411215,11.838069056957034,3175.73736384087,323.210435003345,371.11329899503,565.258828763828,4.12348109994478
PAL,3654,2,11,"[1, 0, 2, 0, 4, 0, 0, 1]",exactly_dominated,171.1129185432815,3139.829005532728,44.895590957976864,3913.9296123671884,61.679301621277446,5008.78698896908,292.5525535098,1418.78698896929,2682.521424400976,15.7642998774366
PAL,3711,2,12,"[1, 1, 1, 0, 4, 0, 0, 1]",exactly_dominated,144.4465379907519,1537.352743736915,21.856084162546303,2320.4462211178197,36.56772516195476,2229.40573681243,384.405736812459,343.905736865683,493.482221814,4.7831422504766
PAL,3655,2,11,"[1, 0, 2, 0, 4, 0, 0, 1]",exactly_dominated,171.1129185432815,3139.829005532728,44.895590957976864,3913.9296123671884,61.679301621277446,5008.78698896908,292.5525535098,1418.78698896929,2682.521424400976,15.7642998774366
PAL,9258,3,26,"[2, 3, 3, 0, 6, 1, 0, 1]",exactly_dominated,126.41444369049955,501.1891347647423,7.194213356634583,807.5503004723896,11.72386266727876,3131.35325783933,323.784964911491,371.207103107424,565.103580602792,4.12452336786026
PAL,6457,2,14,"[1, 0, 2, 0, 5, 1, 0, 1]",exactly_evaluated,130.10840499025397,718.6707179678524,10.29005787817112,1445.6658146394202,22.7821311714354,3467.47379152927,354.673416880088,239.241995482807,287.685489422578,2.65824439425342
PAL,3710,2,12,"[1, 1, 1, 0, 4, 0, 0, 1]",exactly_dominated,144.4465379907519,1537.352743736915,21.856084162546303,2320.4462211178197,36.56772516195476,2229.40573681243,384.405736812459,343.905736865683,493.482221814,4.7831422504766
PAL,9034,3,23,"[2, 2, 3, 0, 5, 1, 0, 1]",exactly_dominated,126.41444369049957,501.18913476474006,7.194213356634551,807.5503004723896,11.723862667278468,3131.35325783933,323.784964911491,371.207103107424,565.103580602792,4.12452336786026
PAL,3593,1,12,"[1, 1, 1, 0, 4, 0, 0, 1]",exactly_dominated,146.68398137612573,1711.225904563825,24.319128893513344,2348.3937597523836,37.00814817302956,1537.59208483572,389.59170986616,384.441696771351,573.136707499148,4.27157440857058
PAL,9464,3,27,"[2, 3, 4, 0, 6, 1, 0, 1]",exactly_dominated,123.20590755460961,304.01449657924564,4.348649297872128,703.005451821864,9.661926503391463,3062.84741969124,333.189815052358,248.800588295895,314.8048359846628,2.76445098106551
PAL,7883,3,25,"[2, 2, 4, 0, 6, 1, 0, 1]",exactly_dominated,125.24284911014657,432.2595886078837,6.225070599745496,834.7370562818869,11.472411866155179,3270.64268196051,313.523603253737,409.766679477979,648.276398499884,4.55296310531088
PAL,9937,3,25,"[2, 2, 4, 0, 6, 1, 0, 1]",exactly_dominated,125.24284911014688,432.2595886078974,6.2250705997456866,834.7370562818869,11.472411866155179,3270.64268196051,313.523603253738,409.766679477979,648.276398499884,4.55296310531088
PAL,9872,3,28,"[2, 3, 4, 0, 7, 1, 0, 1]",exactly_dominated,125.24284911014688,432.25958860789734,6.2250705997456866,834.7370562818869,11.472411866155179,3270.64268196051,313.523603253738,409.766679477979,648.276398499884,4.55296310531088
PAL,8330,4,40,"[4, 4, 3, 1, 8, 1, 0, 1]",exactly_dominated,126.37490936356035,502.10483514599093,7.167076567655199,812.48992574371,11.886734774769467,3670.54325267782,338.569174756816,252.905378267067,351.281911455966,2.81005975852297
PAL,9171,3,25,"[2, 3, 2, 0, 6, 1, 0, 1]",exactly_dominated,125.4809512996788,443.7946274241366,6.350525809904682,753.1053662360036,10.947899332390392,3050.46436898738,333.896076019914,289.840031453224,397.1277326293148,3.22044479392472
PAL,9521,3,25,"[2, 2, 4, 0, 6, 1, 0, 1]",exactly_dominated,124.43139156768308,372.9601041082952,5.339106811279641,787.5038417851783,10.82325068852357,3136.55787766327,325.820997120322,318.681875180611,458.305964641372,3.54090972422901
PAL,3602,1,8,"[1, 0, 1, 0, 2, 0, 0, 1]",exactly_dominated,191.95896397164623,4373.841916368098,62.26500265321273,4948.586503374311,79.26763954852015,4991.77688697948,347.417355980689,1488.90196435014,2790.444827282652,16.543355159446
PAL,9960,3,25,"[2, 2, 4, 0, 6, 1, 0, 1]",exactly_dominated,125.24284911014688,432.2595886078974,6.2250705997456866,834.7370562818869,11.472411866155179,3270.64268196051,313.523603253738,409.766679477979,648.276398499884,4.55296310531088
PAL,9433,3,28,"[2, 3, 4, 0, 7, 1, 0, 1]",exactly_dominated,123.17502890204578,302.8391156641057,4.331363000049527,712.9203730230956,9.798194635715268,3066.29005088273,333.140661289083,248.414048400175,314.066297435594,2.76015609333528
PAL,9063,3,23,"[2, 2, 3, 0, 5, 1, 0, 1]",exactly_dominated,124.96362646895695,407.34790820342783,5.770156048397156,720.202467442733,10.536568446421237,2889.46436895007,356.896076022594,132.582789237408,80.1165368351768,1.47314210263787
PAL,9599,3,25,"[2, 2, 4, 0, 6, 1, 0, 1]",exactly_dominated,124.43139156768308,372.96010410829524,5.339106811279642,787.5038417851783,10.82325068852357,3136.55787766327,325.820997120322,318.681875180611,458.305964641372,3.54090972422901
PAL,9576,3,25,"[2, 2, 4, 0, 6, 1, 0, 1]",exactly_dominated,123.83628732248279,350.96353178978524,5.061130940049526,750.8690679690053,10.319751759513947,3161.67062668995,319.899545927618,343.794624207484,512.082879552312,3.81994026897204
PAL,6729,2,13,"[1, 0, 2, 0, 4, 1, 0, 1]",exactly_evaluated,136.95976591632433,1118.0115770374844,16.01705794046837,1871.973229985484,29.50027540464606,2273.9195926396,339.919592613636,498.462652069367,810.886929477812,5.53847391188188
PAL,9126,3,26,"[2, 3, 3, 0, 6, 1, 0, 1]",exactly_dominated,124.96362646895727,407.3479082034438,5.770156048397378,720.202467442733,10.536568446421237,2889.46436895006,356.896076022595,132.582789237408,80.1165368351772,1.47314210263787
PAL,9825,3,28,"[2, 3, 4, 0, 7, 1, 0, 1]",exactly_dominated,125.0967375482895,424.5087294954028,6.11659458298257,825.9662820341136,11.35186859591423,3319.43650798567,312.902366955026,409.663396285212,648.545143670956,4.55181551428014
PAL,8058,4,40,"[4, 4, 3, 1, 8, 1, 0, 1]",exactly_dominated,126.80012730671007,518.7021124628653,7.421596255508545,835.4899919629834,12.22322594627585,3386.37961997991,331.096622773614,321.383488324112,475.439208755364,3.57092764804569
PAL,7657,3,23,"[2, 2, 3, 0, 5, 1, 0, 1]",exactly_dominated,124.96362646895727,407.34790820344375,5.770156048397377,720.2024674427321,10.536568446421223,2889.46436895007,356.896076022595,132.582789237408,80.1165368351772,1.47314210263787
PAL,9649,3,24,"[2, 2, 3, 0, 6, 1, 0, 1]",exactly_dominated,125.1900225075943,429.09856760678633,6.18063294963254,831.5675412522814,11.42885086504476,3289.40811406022,313.289035352388,409.76667947893,648.455641811996,4.55296310532145
PAL,3614,1,8,"[1, 0, 1, 0, 2, 0, 0, 1]",exactly_dominated,191.95896397164623,4373.841916368098,62.26500265321273,4948.586503374311,79.26763954852015,4991.77688697948,347.417355980689,1488.90196435014,2790.444827282652,16.543355159446
PAL,9075,3,26,"[2, 3, 3, 0, 6, 1, 0, 1]",exactly_dominated,124.96362646895695,407.34790820342806,5.7701560483971575,720.202467442733,10.536568446421237,2889.46436895007,356.896076022594,132.582789237408,80.1165368351772,1.47314210263787
PAL,9425,3,28,"[2, 3, 4, 0, 7, 1, 0, 1]",exactly_dominated,123.17502890204578,302.8391156641057,4.331363000049527,712.9203730230956,9.798194635715268,3066.29005088273,333.140661289083,248.414048400175,314.066297435594,2.76015609333528
PAL,9560,3,25,"[2, 2, 4, 0, 6, 1, 0, 1]",exactly_dominated,123.9279838464985,352.6372995143601,5.069116207110336,757.0387390051492,10.404546134787768,3190.03888678384,322.398680694292,329.162884301326,481.291354448324,3.65736538112584
PAL,3643,2,11,"[1, 0, 2, 0, 4, 0, 0, 1]",exactly_dominated,171.1129185432815,3139.829005532728,44.895590957976864,3913.9296123671884,61.679301621277446,5008.78698896908,292.5525535098,1418.78698896929,2682.521424400976,15.7642998774366
PAL,6857,2,18,"[1, 2, 2, 0, 5, 1, 0, 1]",exactly_dominated,142.83977889137435,1361.5475986839176,19.31552202152833,1666.4460455851113,26.09293768790476,2021.61316305948,379.291783135364,364.780326729747,534.25889140238,4.05311474144164
PAL,7745,3,25,"[2, 2, 4, 0, 6, 1, 0, 1]",exactly_dominated,124.08231244205989,358.3980951805771,5.148233075480506,766.2931483854672,10.531736362165388,3147.14264076184,323.021473389877,329.266638279346,481.088950248364,3.65851820310385
PAL,3706,2,12,"[1, 1, 1, 0, 4, 0, 0, 1]",exactly_dominated,146.46978971041935,1678.6578524534063,23.79934765740405,2441.8413242978677,38.48078081853305,2070.73907014574,415.739070145796,185.239070150907,175.2236436836204,2.66923861682034
PAL,8849,4,41,"[4, 4, 4, 1, 8, 1, 0, 1]",exactly_dominated,126.37489871606323,502.09117409443246,7.166884366746297,812.4563886413598,11.886244126666492,3670.54285714674,338.569201639495,252.904984893613,351.2811548133688,2.81005538770681
PAL,9921,3,28,"[2, 3, 4, 0, 7, 1, 0, 1]",exactly_dominated,125.24284911014688,432.25958860789734,6.2250705997456866,834.7370562818869,11.472411866155179,3270.64268196051,313.523603253738,409.766679477979,648.276398499884,4.55296310531088
PAL,9188,3,25,"[2, 3, 2, 0, 6, 1, 0, 1]",exactly_dominated,126.4144436915122,501.1891349576104,7.194213359440811,807.5503004723896,11.723862697828238,3131.35325787647,323.784964908843,371.207103144583,565.1035806767,4.12452336827315
PAL,9022,3,26,"[2, 3, 3, 0, 6, 1, 0, 1]",exactly_dominated,124.96362646895695,407.34790820342806,5.7701560483971575,720.202467442733,10.536568446421237,2889.46436895007,356.896076022594,132.582789237408,80.1165368351772,1.47314210263787
PAL,9537,3,28,"[2, 3, 4, 0, 7, 1, 0, 1]",exactly_dominated,124.08231244205989,358.3980951805771,5.148233075480506,766.2931483854672,10.531736362165388,3147.14264076185,323.021473389877,329.266638279346,481.088950248364,3.65851820310385
PAL,8776,4,39,"[4, 4, 3, 0, 8, 1, 0, 2]",exactly_dominated,122.95080079445347,292.6830870982788,4.23128065617607,645.7007352865976,8.874345186594333,3840.19975070405,316.98258701137,330.946586541717,488.569072775332,3.85828783611499
PAL,9864,3,25,"[2, 2, 4, 0, 6, 1, 0, 1]",exactly_dominated,125.24284911014688,432.2595886078987,6.225070599745706,834.7370562818869,11.472411866155179,3270.64268196051,313.523603253738,409.766679477979,648.276398499884,4.55296310531088
PAL,9370,3,28,"[2, 3, 4, 0, 7, 1, 0, 1]",exactly_dominated,123.17502890204543,302.8391156640893,4.331363000049299,712.9203730230956,9.798194635715268,3066.29005088273,333.140661289082,248.414048400175,314.066297435594,2.76015609333528
PAL,8998,3,24,"[2, 2, 4, 0, 5, 1, 0, 1]",exactly_dominated,124.96362646895695,407.34790820342806,5.7701560483971575,720.202467442733,10.536568446421237,2889.46436895007,356.896076022594,132.582789237408,80.1165368351772,1.47314210263787
PAL,8832,4,41,"[4, 4, 4, 1, 8, 1, 0, 1]",exactly_dominated,126.69924623646588,503.41260690405926,7.186657164119429,791.5856190472568,11.580904583553583,3527.48454006963,340.075997960067,252.763395886079,350.6461932154488,2.80848217651199
PAL,9720,3,28,"[2, 3, 4, 0, 7, 1, 0, 1]",exactly_dominated,125.0967375482895,424.5087294954025,6.116594582982565,825.9662820341136,11.35186859591423,3319.43650798566,312.902366955026,409.663396285212,648.545143670956,4.55181551428014
PAL,3638,2,11,"[1, 0, 2, 0, 4, 0, 0, 1]",exactly_dominated,171.27686322897236,3149.8307141469545,45.036172675671956,3923.566763156052,61.8311727045994,5007.45032991439,293.28859764009,1417.45032991457,2679.11206220368,15.7494481101618
PAL,4057,2,13,"[1, 1, 1, 0, 5, 0, 0, 1]",exactly_dominated,142.08877289815385,1397.2440151560222,19.897644978747476,2178.9803155619375,34.338375346787515,2306.72356384856,369.658707190476,406.7235638486,619.45971088362,4.51915070942917
PAL,8977,3,22,"[2, 2, 2, 0, 5, 1, 0, 1]",exactly_dominated,125.4809512996788,443.7946274241366,6.350525809904682,753.1053662360036,10.947899332390392,3050.46436898738,333.896076019914,289.840031453224,397.1277326293148,3.22044479392472
PAL,9665,3,24,"[2, 2, 3, 0, 6, 1, 0, 1]",exactly_dominated,125.09642898452815,424.4923667460486,6.116365580554933,825.9477593588681,11.3516140250195,3319.53918143674,312.901059730667,409.663178954319,648.545624043012,4.55181309949243
PAL,3511,1,12,"[1, 1, 1, 0, 4, 0, 0, 1]",exactly_dominated,146.65362786986495,1708.1386026823225,24.185818388362726,2344.8307608557952,36.951999160302165,1296.87747062278,425.877458303945,145.964417035775,102.6197251900448,1.62182685595306
PAL,5580,4,30,"[1, 4, 3, 3, 6, 1, 0, 1]",exactly_dominated,165.73630486200838,2834.0541162505374,40.398396783014746,3598.5655667265437,56.70950501836634,3377.29596921787,356.292527342151,946.79596757056,1689.037205019148,10.5199551952284
PAL,9409,3,25,"[2, 2, 4, 0, 6, 1, 0, 1]",exactly_dominated,123.14393718423953,301.89313005443563,4.318540652112597,711.0580104137698,9.77259880198832,3073.70308167662,333.033292728159,248.311256409352,313.9186535897352,2.75901396010391
PAL,4145,2,10,"[1, 0, 1, 0, 3, 0, 0, 2]",exactly_dominated,172.34319357857274,3235.636684617929,45.99541394440592,3994.178889720404,62.943943521611715,4328.27539401193,397.275394012084,794.122559895825,1328.46972577956,10.2135549495936
PAL,9327,3,25,"[2, 2, 4, 0, 6, 1, 0, 1]",exactly_dominated,123.12093585503813,299.69483170958216,4.287204807653092,709.6756574912997,9.753600098202964,3084.87766586212,332.906093387823,248.414048400175,314.1914912205408,2.76015609333529
PAL,602,2,10,"[1, 0, 2, 0, 3, 0, 0, 1]",exactly_dominated,173.5251497667583,3313.5537774319696,47.19787559053475,4066.7013468557507,64.0868190842772,4516.39248061642,355.432101948479,991.419963899778,1764.907825851056,17.0473321299926
PAL,8189,4,41,"[4, 5, 4, 0, 8, 1, 0, 1]",exactly_dominated,123.41074423913051,307.3136303306287,4.412490756438392,594.2834178732783,8.694371641392426,3554.48371686032,331.342913739651,253.625775197297,325.727257608626,2.81806416885885
PAL,9632,3,25,"[2, 2, 4, 0, 6, 1, 0, 1]",exactly_dominated,124.08231244205989,358.3980951805771,5.148233075480506,766.2931483854672,10.531736362165388,3147.14264076184,323.021473389877,329.266638279346,481.088950248364,3.65851820310385
PAL,9798,3,28,"[2, 3, 4, 0, 7, 1, 0, 1]",exactly_dominated,125.0967375482895,424.50872949540286,6.116594582982571,825.9662820341136,11.35186859591423,3319.43650798566,312.902366955026,409.663396285212,648.545143670956,4.55181551428014
PAL,4450,2,9,"[1, 0, 0, 0, 4, 0, 0, 1]",exactly_evaluated,183.5773971776254,3859.4965334004987,54.68746795684197,4662.700776881937,73.47912611364688,3977.78544664599,474.77905080617,402.285446646021,480.958161519424,13.4095148882007
PAL,9848,3,27,"[2, 3, 3, 0, 7, 1, 0, 1]",exactly_dominated,125.24284911017347,432.259588711328,6.225070601258464,834.7370562818869,11.472411866155179,3270.64268196145,313.523603253672,409.766679478931,648.27639850178,4.55296310532145
PAL,4283,2,10,"[1, 0, 1, 0, 4, 0, 0, 1]",exactly_dominated,178.8149277352171,3595.705374652632,50.939193476129105,4377.168993036474,68.97945372234547,3977.03299752244,474.819163448547,431.500137369165,567.531335501304,4.79444597076851
PAL,8520,4,36,"[4, 3, 3, 0, 8, 1, 0, 1]",exactly_dominated,123.61163921070865,348.6259668764518,5.035579538705508,712.9906340131574,11.235961993155453,3729.67376381633,326.319798292745,285.914206098942,392.6124829281688,3.17682451221047
PAL,9331,3,25,"[2, 2, 4, 0, 6, 1, 0, 1]",exactly_dominated,123.11268602247365,303.5609529462986,4.3508388866155,709.0482608288339,9.744977319495476,3071.32412189925,332.140856467119,253.448119416786,324.6158970251416,2.81609021574207
PAL,9761,3,25,"[2, 2, 4, 0, 6, 1, 0, 1]",exactly_dominated,125.0967375482895,424.50872949540286,6.116594582982571,825.9662820341136,11.35186859591423,3319.43650798566,312.902366955026,409.663396285212,648.545143670956,4.55181551428014
PAL,4153,2,10,"[1, 0, 1, 0, 3, 0, 0, 2]",exactly_dominated,169.99025353398795,3090.7271549629163,44.047167982975466,3853.002487045318,60.71915595903287,4567.27539401195,350.275394012084,1039.09482363192,1865.414253251744,12.6474875844351
PAL,4446,2,9,"[1, 0, 0, 0, 4, 0, 0, 1]",exactly_evaluated,183.5773971776254,3859.4965334004987,54.68746795684197,4662.700776881937,73.47912611364688,3977.78544664599,474.77905080617,402.285446646021,480.958161519424,13.4095148882007
PAL,9274,3,25,"[2, 2, 4, 0, 6, 1, 0, 1]",exactly_dominated,123.27785382004188,306.2665569631863,4.3732305262860285,719.222898461112,9.884814927791325,3061.07391332054,334.29496654736,243.197910838084,303.084946154772,2.70219900931204
PAL,9624,3,25,"[2, 2, 4, 0, 6, 1, 0, 1]",exactly_dominated,123.97386665244552,354.365654037652,5.092889983175389,759.787577321842,10.442325463122653,3178.68856066551,322.567393293545,329.266638279346,481.387482544988,3.65851820310385
PAL,3550,1,12,"[1, 1, 1, 0, 4, 0, 0, 1]",exactly_dominated,146.16034869220368,1678.1327125403811,23.79074861848395,2314.570973758089,36.475137611873286,1376.59181169913,412.59173772064,224.819714160818,253.6863290814048,2.49799682400908
PAL,9448,3,25,"[2, 2, 4, 0, 6, 1, 0, 1]",exactly_dominated,123.17502890204578,302.8391156641057,4.331363000049527,712.9203730230956,9.798194635715268,3066.29005088273,333.140661289083,248.414048400175,314.066297435594,2.76015609333528
PAL,9736,3,25,"[2, 2, 4, 0, 6, 1, 0, 1]",exactly_dominated,125.0967375482895,424.50872949540246,6.116594582982565,825.9662820341136,11.35186859591423,3319.43650798566,312.902366955026,409.663396285212,648.545143670956,4.55181551428014
PAL,9366,3,25,"[2, 2, 4, 0, 6, 1, 0, 1]",exactly_dominated,123.17502890204543,302.8391156640893,4.331363000049299,712.9203730230956,9.798194635715268,3066.29005088273,333.140661289082,248.414048400175,314.066297435594,2.76015609333528
PAL,9389,3,25,"[2, 2, 4, 0, 6, 1, 0, 1]",exactly_dominated,125.96988550535045,460.6318060894425,6.505944644788871,730.2506461523744,10.683573389506117,2826.10698991722,368.884408381668,17.5434028754153,3.483614950226028,0.194926698615726
PAL,9223,3,26,"[2, 3, 3, 0, 6, 1, 0, 1]",exactly_dominated,125.48095129864984,443.79462723396847,6.350525807138309,753.1053662360036,10.947899302537785,3050.46436895025,333.896076022562,289.840031415607,397.1277325548864,3.22044479350675
PAL,9809,3,25,"[2, 2, 4, 0, 6, 1, 0, 1]",exactly_dominated,125.02357547852002,424.4196070978066,6.124753132662948,821.7807770416875,11.29434408950877,3324.54158604376,311.839259830198,414.768474343299,659.551415235136,4.60853860381443
PAL,7952,3,27,"[2, 3, 4, 0, 6, 1, 0, 1]",exactly_dominated,125.4249757000563,439.14314088845714,6.320782759932891,834.5544934916052,11.469902770020312,3224.30835652966,314.188854150164,410.261525134492,648.753971701016,4.55846139038324
PAL,9891,3,28,"[2, 3, 4, 0, 7, 1, 0, 1]",exactly_dominated,125.24284911014657,432.2595886078895,6.22507059974558,834.7370562818869,11.472411866155179,3270.64268196052,313.523603253737,409.766679477979,648.276398499884,4.55296310531088
PAL,9468,3,24,"[2, 2, 3, 0, 6, 1, 0, 1]",exactly_dominated,123.97386665247927,354.36565406062215,5.09288998351092,759.787577321842,10.442325463122653,3178.68856066673,322.567393293459,329.266638280573,481.38748254742,3.65851820311748
PAL,9192,3,27,"[2, 3, 4, 0, 6, 1, 0, 1]",exactly_dominated,126.41444369049923,501.1891347647285,7.194213356634392,807.5503004723896,11.72386266727876,3131.35325783933,323.78496491149,371.207103107423,565.103580602792,4.12452336786026
PAL,9038,3,23,"[2, 2, 3, 0, 5, 1, 0, 1]",exactly_dominated,124.96362646895695,407.34790820342806,5.7701560483971575,720.202467442733,10.536568446421237,2889.46436895006,356.896076022594,132.582789237408,80.1165368351772,1.47314210263787
PAL,9487,3,27,"[2, 3, 3, 0, 7, 1, 0, 1]",exactly_dominated,124.08231244209361,358.39809518221455,5.148233075503941,766.2931483854672,10.531736362165388,3147.14264076307,323.021473389791,329.266638280573,481.088950250792,3.65851820311748
PAL,3570,1,12,"[1, 1, 1, 0, 4, 0, 0, 1]",exactly_dominated,146.68398137612573,1711.225904563825,24.319128893513344,2348.3937597523836,37.00814817302956,1537.59208483572,389.59170986616,384.441696771351,573.136707499148,4.27157440857058
PAL,7499,4,30,"[1, 4, 3, 3, 6, 1, 0, 1]",exactly_dominated,165.73630486200838,2834.0541162505374,40.398396783014746,3598.5655667265437,56.70950501836634,3377.29596921787,356.292527342151,946.79596757056,1689.037205019148,10.5199551952284
PAL,9254,3,26,"[2, 3, 3, 0, 6, 1, 0, 1]",exactly_dominated,126.41444369049955,501.1891347647409,7.194213356634563,807.5503004723896,11.723862667278482,3131.35325783933,323.784964911491,371.207103107423,565.103580602792,4.12452336786026
PAL,3659,2,11,"[1, 0, 2, 0, 4, 0, 0, 1]",exactly_dominated,171.1129185432815,3139.829005532728,44.895590957976864,3913.9296123671884,61.679301621277446,5008.78698896908,292.5525535098,1418.78698896929,2682.521424400976,15.7642998774366
PAL,9604,3,25,"[2, 2, 4, 0, 6, 1, 0, 1]",exactly_dominated,124.08231244205989,358.3980951805771,5.148233075480506,766.2931483854672,10.531736362165388,3147.14264076184,323.021473389877,329.266638279346,481.088950248364,3.65851820310385
PAL,8015,4,43,"[4, 5, 3, 1, 8, 1, 0, 2]",exactly_dominated,126.2247009602267,500.3992297364879,7.17878458480831,868.1665742649229,13.681367141196747,3642.52392030192,334.650604805666,279.164767098297,398.3881890766976,3.19922876993849
PAL,9741,3,28,"[2, 3, 4, 0, 7, 1, 0, 1]",exactly_dominated,125.0967375482895,424.50872949540246,6.116594582982565,825.9662820341136,11.35186859591423,3319.43650798566,312.902366955026,409.663396285212,648.545143670956,4.55181551428014
PAL,8853,4,39,"[4, 3, 3, 1, 8, 1, 0, 2]",exactly_dominated,125.07294269130621,433.3160816023031,6.21460272800301,800.1824934314609,11.676165397499025,3379.0231442126,333.05786290967,271.558486241715,385.818819312106,3.1172638147414
PAL,9595,3,25,"[2, 2, 4, 0, 6, 1, 0, 1]",exactly_dominated,124.05155472686558,357.46322419184554,5.1355624825874475,764.451661519457,10.50642743929681,3154.55470956858,322.914503479113,329.162884301326,480.95156004136,3.65736538112584
PAL,9983,3,25,"[2, 2, 4, 0, 6, 1, 0, 1]",exactly_dominated,125.24284911014688,432.2595886078974,6.2250705997456866,834.7370562818869,11.472411866155179,3270.64268196051,313.523603253738,409.766679477979,648.276398499884,4.55296310531088
PAL,9080,3,25,"[2, 3, 3, 0, 5, 1, 0, 1]",exactly_dominated,124.96362646895695,407.34790820342806,5.7701560483971575,720.202467442733,10.536568446421237,2889.46436895007,356.896076022594,132.582789237408,80.1165368351772,1.47314210263787
PAL,9653,3,25,"[2, 2, 4, 0, 6, 1, 0, 1]",exactly_dominated,125.02357682809466,424.4302949047052,6.124909474660778,821.7807770416875,11.29434408950877,3324.54163515194,311.839256358733,414.768523451475,659.551513025428,4.60853914946084
PAL,9203,3,26,"[2, 3, 3, 0, 6, 1, 0, 1]",exactly_dominated,126.41444369049955,501.18913476474216,7.194213356634583,807.5503004723896,11.72386266727876,3131.35325783933,323.784964911491,371.207103107424,565.103580602792,4.12452336786026
PAL,4124,2,10,"[1, 0, 2, 0, 3, 0, 0, 1]",exactly_dominated,170.76517780828317,3135.5015057067603,44.83722369902771,3897.07108228381,61.41362940310102,4932.15384376583,289.245016918242,1434.40936397574,2717.07371103322,15.9378818219526
PAL,9716,3,28,"[2, 3, 4, 0, 7, 1, 0, 1]",exactly_dominated,125.0967375482895,424.5087294954025,6.116594582982565,825.9662820341136,11.35186859591423,3319.43650798566,312.902366955026,409.663396285212,648.545143670956,4.55181551428014
PAL,6549,2,17,"[1, 1, 3, 0, 5, 1, 0, 1]",exactly_dominated,135.8280103888908,1067.9463055333026,15.321642977465066,1804.0678983394873,28.43016075080763,2018.14743951186,330.963231508147,539.147439511874,895.426751153788,5.99052710568749
PAL,9346,3,25,"[2, 2, 4, 0, 6, 1, 0, 1]",exactly_dominated,128.3141794310075,579.7724709063343,8.295040584718622,801.9889985554082,12.638480054046655,3094.07755473075,329.095483929113,375.963056175411,571.312702120988,4.1773672908379
PAL,9429,3,25,"[2, 2, 4, 0, 6, 1, 0, 1]",exactly_dominated,123.17505837323856,302.8407040483783,4.331385734648381,712.920325061441,9.798193976542596,3066.29021046337,333.14063805799,248.414780902501,314.0677707022672,2.76016423225
PAL,9079,3,25,"[2, 3, 3, 0, 5, 1, 0, 1]",exactly_dominated,124.96362646895695,407.34790820342647,5.770156048397136,720.2024674427321,10.536568446421223,2889.46436895007,356.896076022594,132.582789237408,80.1165368351772,1.47314210263787
PAL,9583,3,28,"[2, 3, 4, 0, 7, 1, 0, 1]",exactly_dominated,124.08231244205989,358.3980951805771,5.148233075480506,766.2931483854682,10.531736362165402,3147.14264076184,323.021473389877,329.266638279346,481.088950248364,3.65851820310385
PAL,9096,3,26,"[2, 3, 3, 0, 6, 1, 0, 1]",exactly_dominated,124.96362646895727,407.34790820344375,5.770156048397377,720.2024674427321,10.536568446421223,2889.46436895006,356.896076022595,132.582789237408,80.1165368351772,1.47314210263787
PAL,6699,2,16,"[1, 1, 2, 0, 5, 1, 0, 1]",exactly_dominated,134.19096074186442,967.634175528456,13.811993491331013,1705.8449195179055,26.882272736231776,1777.3608590647,363.908241570279,298.360859064705,403.54754338184,3.3151206562745
PAL,3531,1,12,"[1, 1, 1, 0, 4, 0, 0, 1]",exactly_dominated,146.65362786986495,1708.1386026823225,24.185818388362726,2344.8307608557952,36.951999160302165,1296.87747062278,425.877458303945,145.964417035775,102.6197251900448,1.62182685595306
PAL,9995,3,27,"[2, 3, 4, 0, 6, 1, 0, 1]",exactly_dominated,125.2384362023345,431.89724908372017,6.220182756431769,832.0001246961347,11.434796180874475,3269.91206431504,313.493122167407,409.884441683983,648.532318811604,4.55427157426648
PAL,3618,1,8,"[1, 0, 1, 0, 2, 0, 0, 1]",exactly_dominated,191.95896397164623,4373.841916368098,62.26500265321273,4948.586503374311,79.26763954852015,4991.77688697948,347.417355980689,1488.90196435014,2790.444827282652,16.543355159446
PAL,9215,4,28,"[2, 4, 3, 0, 6, 1, 0, 1]",exactly_dominated,126.41444369049955,501.18913476474216,7.194213356634583,807.5503004723896,11.72386266727876,3131.35325783933,323.784964911491,371.207103107423,565.103580602792,4.12452336786026
PAL,9645,3,27,"[2, 3, 4, 0, 6, 1, 0, 1]",exactly_dominated,124.07777577547058,357.99810321718496,5.142808165760939,763.352335881521,10.491318589871096,3146.37925683125,322.990507152529,329.389820952801,481.351047132984,3.65988689947557
PAL,8541,4,39,"[4, 4, 3, 0, 8, 1, 0, 2]",exactly_dominated,125.40182736907262,427.88542044737795,6.179751427684339,690.9251905381152,10.108241627262066,3860.26278714105,311.269930003131,415.806938851945,662.118922439408,4.82786604892696
PAL,5373,3,21,"[1, 3, 3, 0, 5, 1, 0, 1]",exactly_dominated,149.9307233533495,1859.3512664272457,26.525697410844707,2648.6973428736765,41.740608159729724,2912.71434174776,347.714341748353,671.338338592673,1154.865624758004,8.98494778541446
PAL,9350,3,28,"[2, 3, 4, 0, 7, 1, 0, 1]",exactly_dominated,123.17502890204543,302.8391156640893,4.331363000049299,712.9203730230956,9.798194635715268,3066.29005088273,333.140661289082,248.414048400175,314.066297435594,2.76015609333528
PAL,9700,3,25,"[2, 2, 4, 0, 6, 1, 0, 1]",exactly_dominated,125.15300278883176,427.87786901085065,6.163962058516785,829.3417665463176,11.398260388731384,3299.78918143599,313.151059730763,409.663178953582,648.353730310532,4.55181309948425
PAL,3589,1,12,"[1, 1, 1, 0, 4, 0, 0, 1]",exactly_dominated,146.68398137612573,1711.225904563825,24.319128893513344,2348.3937597523836,37.00814817302956,1537.59208483572,389.59170986616,384.441696771351,573.136707499148,4.27157440857058
PAL,9887,3,25,"[2, 2, 4, 0, 6, 1, 0, 1]",exactly_dominated,125.24284911014688,432.25958860789734,6.2250705997456866,834.7370562818869,11.472411866155179,3270.64268196051,313.523603253738,409.766679477979,648.276398499884,4.55296310531088
PAL,9868,3,28,"[2, 3, 4, 0, 7, 1, 0, 1]",exactly_dominated,125.24284911014688,432.25958860789734,6.2250705997456866,834.7370562818869,11.472411866155179,3270.64268196051,313.523603253738,409.766679477979,648.276398499884,4.55296310531088
PAL,7876,3,25,"[2, 2, 4, 0, 6, 1, 0, 1]",exactly_dominated,125.0967375482895,424.50872949540286,6.116594582982571,825.9662820341136,11.35186859591423,3319.43650798566,312.902366955026,409.663396285212,648.545143670956,4.55181551428014
PAL,9491,3,25,"[2, 2, 4, 0, 6, 1, 0, 1]",exactly_dominated,124.05155472686589,357.46322419185924,5.135562482587639,764.451661519457,10.50642743929681,3154.55470956859,322.914503479114,329.162884301326,480.95156004136,3.65736538112584
PAL,8003,4,36,"[4, 3, 3, 0, 8, 1, 0, 1]",exactly_dominated,123.22342485981746,310.12350839134166,4.470822190409172,714.7805904892548,9.823760987145086,3459.95504191345,319.24935580992,328.95504191409,483.013928822552,3.65505602126766
PAL,8900,4,41,"[4, 4, 4, 1, 8, 1, 0, 1]",exactly_dominated,126.92518758738348,517.8850714601466,7.416124993181137,783.2235458231453,11.458567378583034,3747.06490819008,329.785089678715,324.556368000038,481.759133918632,3.60618186666709
PAL,9612,3,25,"[2, 2, 4, 0, 6, 1, 0, 1]",exactly_dominated,123.92798384649849,352.6372995143577,5.069116207110302,757.0387390051492,10.404546134787768,3190.03888678384,322.398680694292,329.162884301326,481.291354448324,3.65736538112584
PAL,44,1,12,"[1, 1, 1, 0, 4, 0, 0, 1]",exactly_dominated,146.68398137612573,1711.225904563825,24.319128893513344,2348.3937597523836,37.00814817302956,1537.59208483572,389.59170986616,384.441696771351,573.136707499148,4.27157440857058
PAL,9242,4,28,"[2, 4, 3, 0, 6, 1, 0, 1]",exactly_dominated,126.41444369049955,501.1891347647408,7.194213356634563,807.5503004723896,11.72386266727876,3131.35325783933,323.784964911491,371.207103107423,565.103580602792,4.12452336786026
PAL,9757,3,25,"[2, 2, 4, 0, 6, 1, 0, 1]",exactly_dominated,125.02357547852002,424.4196070978066,6.124753132662948,821.7807770416875,11.29434408950877,3324.54158604376,311.839259830198,414.768474343299,659.551415235136,4.60853860381443
PAL,9307,3,25,"[2, 2, 4, 0, 6, 1, 0, 1]",exactly_dominated,123.17502890204543,302.8391156640908,4.331363000049319,712.9203730230956,9.798194635715268,3066.29005088273,333.140661289082,248.414048400175,314.066297435594,2.76015609333528
PAL,9813,3,25,"[2, 2, 4, 0, 6, 1, 0, 1]",exactly_dominated,125.0967375482895,424.50872949540286,6.116594582982571,825.9662820341136,11.35186859591423,3319.43650798567,312.902366955026,409.663396285212,648.545143670956,4.55181551428014
PAL,9110,3,24,"[2, 2, 4, 0, 5, 1, 0, 1]",exactly_dominated,124.96362646895727,407.3479082034438,5.770156048397378,720.202467442733,10.536568446421237,2889.46436895006,356.896076022595,132.582789237408,80.1165368351772,1.47314210263787
PAL,9540,3,28,"[2, 3, 4, 0, 7, 1, 0, 1]",exactly_dominated,124.08231244205989,358.3980951805771,5.148233075480506,766.2931483854672,10.531736362165388,3147.14264076185,323.021473389877,329.266638279346,481.088950248364,3.65851820310385
PAL,9055,3,23,"[2, 2, 3, 0, 5, 1, 0, 1]",exactly_dominated,125.70683590958582,442.7419420275924,6.2594583598075655,737.4104011539739,10.788320668284301,2862.45677968876,360.825080303199,121.587192331183,59.6562618727644,1.35096880367982
PAL,9405,3,28,"[2, 3, 4, 0, 7, 1, 0, 1]",exactly_dominated,123.17502890204578,302.8391156641057,4.331363000049527,712.9203730230956,9.798194635715268,3066.29005088273,333.140661289083,248.414048400175,314.066297435594,2.76015609333528
PAL,9956,3,25,"[2, 2, 4, 0, 6, 1, 0, 1]",exactly_dominated,124.97086798297036,423.3670052669061,6.117768703431547,818.7641277683406,11.252884036119351,3285.23163036477,310.285894288484,424.355627882229,679.869354968996,4.71506253202477
PAL,8994,3,25,"[2, 3, 2, 0, 6, 1, 0, 1]",exactly_dominated,124.96362646996542,407.34790839393924,5.770156051168988,720.2024695003984,10.5365684765249,2889.46436898723,356.896076019949,132.58278927498,80.11653690836,1.47314210305534
PAL,9686,3,25,"[2, 2, 4, 0, 6, 1, 0, 1]",exactly_dominated,125.0967375482895,424.5087294954025,6.116594582982565,825.9662820341136,11.35186859591423,3319.43650798566,312.902366955026,409.663396285212,648.545143670956,4.55181551428014
PAL,7732,3,25,"[2, 2, 4, 0, 6, 1, 0, 1]",exactly_dominated,123.17502890204543,302.8391156640908,4.331363000049319,712.9203730230956,9.798194635715268,3066.29005088273,333.140661289082,248.414048400175,314.066297435594,2.76015609333528
PAL,8428,4,39,"[4, 4, 3, 0, 8, 1, 0, 2]",exactly_dominated,125.08189391116613,425.8124093506439,6.151756632526086,727.3556104151112,10.641218991153634,4006.1068838312,309.689557699152,416.119559660741,664.011578264512,4.83970851884797
PAL,9669,3,27,"[2, 3, 3, 0, 7, 1, 0, 1]",exactly_dominated,125.09673754830978,424.50872996950574,6.11659458991839,825.9662820341136,11.35186859591423,3319.43650798639,312.902366954974,409.663396285949,648.545143672424,4.55181551428833
PAL,9393,3,25,"[2, 2, 4, 0, 6, 1, 0, 1]",exactly_dominated,123.17502890204578,302.8391156641057,4.331363000049527,712.9203730230956,9.798194635715268,3066.29005088273,333.140661289083,248.414048400175,314.066297435594,2.76015609333528
PAL,9239,3,26,"[2, 3, 3, 0, 6, 1, 0, 1]",exactly_dominated,126.41444369049957,501.18913476474006,7.194213356634551,807.5503004723896,11.723862667278468,3131.35325783933,323.784964911491,371.207103107424,565.103580602792,4.12452336786026
PAL,3634,1,7,"[1, 0, 0, 0, 2, 0, 0, 1]",exactly_evaluated,269.90333333333336,9162.495956046057,131.04621372540333,10751.206815131642,184.36255106008994,7849,136,4320,8640,48
PAL,9517,3,25,"[2, 2, 4, 0, 6, 1, 0, 1]",exactly_dominated,124.05155472686558,357.4632241918456,5.135562482587448,764.451661519457,10.50642743929681,3154.55470956859,322.914503479113,329.162884301326,480.95156004136,3.65736538112584
PAL,9147,3,23,"[2, 2, 3, 0, 5, 1, 0, 1]",exactly_dominated,124.96362646895727,407.34790820344375,5.770156048397377,720.2024674427321,10.536568446421223,2889.46436895007,356.896076022595,132.582789237408,80.1165368351772,1.47314210263787
PAL,9844,3,27,"[2, 3, 3, 0, 7, 1, 0, 1]",exactly_dominated,125.24284911017347,432.259588711328,6.225070601258464,834.7370562818869,11.472411866155179,3270.64268196145,313.523603253672,409.766679478931,648.27639850178,4.55296310532145
PAL,9002,3,23,"[2, 2, 3, 0, 5, 1, 0, 1]",exactly_evaluated,124.98643984410985,405.5502984330302,5.757991235607615,674.3063482628304,9.865107818299183,2888.80639769225,354.260269539885,151.329947990226,115.0957722219192,1.68144386655806
PAL,3726,2,12,"[1, 1, 1, 0, 4, 0, 0, 1]",exactly_dominated,144.4465379907519,1537.352743736915,21.856084162546303,2320.4462211178197,36.56772516195476,2229.40573681243,384.405736812459,343.905736865683,493.482221814,4.7831422504766
PAL,4149,2,10,"[1, 0, 1, 0, 3, 0, 0, 2]",exactly_dominated,169.99025353398795,3090.7271549629163,44.047167982975466,3853.002487045318,60.71915595903287,4567.27539401195,350.275394012084,1039.09482363192,1865.414253251744,12.6474875844351
PAL,9281,3,25,"[2, 2, 4, 0, 6, 1, 0, 1]",exactly_dominated,123.17502890204543,302.8391156640893,4.331363000049299,712.9203730230956,9.798194635715268,3066.29005088273,333.140661289082,248.414048400175,314.066297435594,2.76015609333528
PAL,9794,3,28,"[2, 3, 4, 0, 7, 1, 0, 1]",exactly_dominated,125.0967375482895,424.50872949540286,6.116594582982571,825.9662820341136,11.35186859591423,3319.43650798566,312.902366955026,409.663396285212,648.545143670956,4.55181551428014
PAL,8185,4,37,"[4, 3, 4, 0, 8, 1, 0, 1]",exactly_dominated,123.09504796290858,306.90199312154465,4.405570086735314,616.2524761830928,9.015779158096313,3697.54172893922,329.836294918776,253.782171221328,326.712345972478,2.8198019024592
PAL,9852,3,26,"[2, 3, 3, 0, 6, 1, 0, 1]",exactly_dominated,125.27190724032475,433.31027126126895,6.2405632862825176,825.5994900449596,11.34682750095251,3267.27719704547,313.567885446625,410.147841296241,648.998202423092,4.5571982366249
PAL,9151,3,26,"[2, 3, 3, 0, 6, 1, 0, 1]",exactly_dominated,124.96362646895727,407.34790820344375,5.770156048397377,720.2024674427321,10.536568446421223,2889.46436895007,356.896076022595,132.582789237408,80.1165368351772,1.47314210263787
PAL,9501,3,25,"[2, 2, 4, 0, 6, 1, 0, 1]",exactly_dominated,124.08231244205989,358.39809518057865,5.148233075480528,766.2931483854672,10.531736362165388,3147.14264076184,323.021473389877,329.266638279346,481.088950248364,3.65851820310385
PAL,9014,3,26,"[2, 3, 3, 0, 6, 1, 0, 1]",exactly_dominated,124.96362646895695,407.34790820342806,5.7701560483971575,720.202467442733,10.536568446421237,2889.46436895007,356.896076022594,132.582789237408,80.1165368351772,1.47314210263787
PAL,9444,3,25,"[2, 2, 4, 0, 6, 1, 0, 1]",exactly_dominated,122.91805435324756,294.9163393078994,4.237512718347046,697.1382313928943,9.581288931638655,3080.7510424891,330.02491553695,262.87504000675,344.4899338533732,2.92083377785277
PAL,9917,3,28,"[2, 3, 4, 0, 7, 1, 0, 1]",exactly_dominated,125.24284911014688,432.25958860789734,6.2250705997456866,834.7370562818869,11.472411866155179,3270.64268196051,313.523603253738,409.766679477979,648.276398499884,4.55296310531088
PAL,9297,3,25,"[2, 2, 4, 0, 6, 1, 0, 1]",exactly_dominated,123.14393718423986,301.8931300544528,4.318540652112838,711.0580104137698,9.77259880198832,3073.70308167662,333.03329272816,248.311256409352,313.9186535897352,2.75901396010391
PAL,9628,3,25,"[2, 2, 4, 0, 6, 1, 0, 1]",exactly_dominated,123.83628732248279,350.9635317897866,5.061130940049546,750.8690679690053,10.319751759513947,3161.67062668995,319.899545927618,343.794624207484,512.082879552312,3.81994026897204
PAL,9278,3,24,"[2, 2, 3, 0, 6, 1, 0, 1]",exactly_evaluated,123.17507376070895,301.3681402657866,4.260402254526331,665.4007751719337,9.14509747876038,2905.66002389703,356.066245158296,87.7840238936354,29.74725556835672,0.975378043262616
PAL,9782,3,25,"[2, 2, 4, 0, 6, 1, 0, 1]",exactly_dominated,125.21823861954338,429.0486140006714,6.173820890305635,832.9661237241517,11.448072623591756,3314.15678440162,314.144574410113,404.383672701202,637.0803856428,4.49315191890225
PAL,6477,2,19,"[1, 2, 2, 0, 5, 1, 0, 2]",exactly_dominated,143.23250481607522,1386.4253386846738,19.75816836814916,1675.1859962455628,26.39912123296427,2260.6849560797,343.249110139767,603.852119749886,1019.159140880436,6.78098899891795
PAL,9106,3,26,"[2, 3, 3, 0, 6, 1, 0, 1]",exactly_dominated,124.96362646895727,407.34790820344375,5.770156048397377,720.2024674427321,10.536568446421223,2889.46436895006,356.896076022595,132.582789237408,80.1165368351772,1.47314210263787
PAL,9805,3,25,"[2, 2, 4, 0, 6, 1, 0, 1]",exactly_dominated,125.19002250756711,429.09856750332807,6.180632948119376,831.5675412522814,11.42885086504476,3289.40811405928,313.289035352452,409.766679477979,648.455641810104,4.55296310531088
PAL,8202,4,37,"[4, 3, 3, 0, 8, 1, 0, 2]",exactly_dominated,124.50588058996775,387.7857399363367,5.59848965613934,789.2036060329056,10.846611812099598,3540.33594189043,310.585172445171,409.335941891028,649.651270169428,4.75945599832237
PAL,9940,3,28,"[2, 3, 4, 0, 7, 1, 0, 1]",exactly_dominated,125.24284911014688,432.2595886078974,6.2250705997456866,834.7370562818869,11.472411866155179,3270.64268196051,313.523603253738,409.766679477979,648.276398499884,4.55296310531088
PAL,9413,3,25,"[2, 2, 4, 0, 6, 1, 0, 1]",exactly_dominated,123.51776925711447,317.2368742922378,4.520377433934931,733.7359676454489,10.0842788258796,3055.82666091689,335.876311003573,237.950658434168,291.9168937145852,2.64389620482409
PAL,9043,3,23,"[2, 2, 3, 0, 5, 1, 0, 1]",exactly_dominated,124.81741057124762,399.9373274534333,5.666464351097959,729.1820084957671,10.667939211171173,2933.84847495193,356.321546114451,132.42839877974,79.908600212852,1.47142665310823
PAL,7724,3,25,"[2, 2, 4, 0, 6, 1, 0, 1]",exactly_dominated,125.51454792705671,442.1283659549529,6.355267998182688,850.7553545651272,11.692563246661523,3222.47303739834,315.37663628872,404.597034915849,636.591292412168,4.4955226101761
PAL,9690,3,28,"[2, 3, 4, 0, 7, 1, 0, 1]",exactly_dominated,125.0967375482895,424.50872949540275,6.11659458298257,825.9662820341136,11.35186859591423,3319.43650798566,312.902366955026,409.663396285212,648.545143670956,4.55181551428013
PAL,8982,3,23,"[2, 2, 3, 0, 5, 1, 0, 1]",exactly_dominated,124.96362646895695,407.3479082034267,5.770156048397139,720.2024674427139,10.536568446420958,2889.46436895007,356.896076022594,132.582789237408,80.1165368351772,1.47314210263787
PAL,29,1,12,"[1, 1, 1, 0, 4, 0, 0, 1]",exactly_dominated,149.07973111094904,1858.4881685610997,26.291512431944973,2498.9941441326155,39.381447504503896,1218.54412643307,441.544126215779,68.2206408822372,11.13621276045912,0.758007120913747
PAL,9385,3,25,"[2, 2, 4, 0, 6, 1, 0, 1]",exactly_dominated,123.51776925711447,317.2368742922378,4.520377433934931,733.7359676454489,10.0842788258796,3055.82666091689,335.876311003573,237.950658434168,291.9168937145852,2.64389620482409
PAL,7661,3,25,"[2, 3, 2, 0, 6, 1, 0, 1]",exactly_dominated,126.4144436915122,501.1891349576104,7.194213359440811,807.5503004723896,11.723862697828238,3131.35325787647,323.784964908843,371.207103144583,565.1035806767,4.12452336827315
PAL,9048,3,26,"[2, 3, 3, 0, 6, 1, 0, 1]",exactly_dominated,124.96362646895695,407.3479082034267,5.770156048397139,720.2024674427139,10.536568446420958,2889.46436895007,356.896076022594,132.582789237408,80.1165368351772,1.47314210263787
PAL,7955,3,27,"[2, 3, 4, 0, 6, 1, 0, 1]",exactly_dominated,125.4249757000563,439.143140888456,6.320782759932875,834.5544934916052,11.469902770020312,3224.30835652966,314.188854150164,410.261525134492,648.753971701016,4.55846139038324
PAL,6647,2,18,"[1, 2, 2, 0, 5, 1, 0, 1]",exactly_dominated,142.53163325411748,1342.383621031997,19.07447240258648,1630.5377164949932,25.695512587345064,2100.89403767461,366.05128930263,444.061201344887,694.24082130008,4.93401334827652
PAL,9418,3,25,"[2, 2, 4, 0, 6, 1, 0, 1]",exactly_dominated,123.1750737606781,301.36814026429374,4.260402254504937,665.4007751719337,9.14509747876038,2905.66002389583,356.066245158386,87.7840238924103,29.74725556601524,0.975378043249004
PAL,8120,4,40,"[4, 5, 3, 0, 8, 1, 0, 1]",exactly_dominated,124.08349080177,353.7690374523939,5.096858563548595,647.9371677568697,9.4793264750838,3441.74083415312,321.392056058132,332.892561989981,489.744947194608,3.69880624433313
PAL,9731,3,25,"[2, 2, 4, 0, 6, 1, 0, 1]",exactly_dominated,125.02357547852002,424.4196070978066,6.124753132662948,821.7807770416875,11.29434408950877,3324.54158604376,311.839259830198,414.768474343299,659.551415235136,4.60853860381443
PAL,9361,3,25,"[2, 2, 4, 0, 6, 1, 0, 1]",exactly_dominated,125.96988550535012,460.63180608942747,6.505944644788662,730.2506461523744,10.683573389506117,2826.10698991722,368.884408381667,17.5434028754153,3.483614950226028,0.194926698615726
PAL,9674,3,25,"[2, 2, 4, 0, 6, 1, 0, 1]",exactly_dominated,125.15300278883176,427.87786901085065,6.163962058516785,829.3417665463176,11.398260388731384,3299.78918143599,313.151059730763,409.663178953582,648.353730310532,4.55181309948425
PAL,3629,1,7,"[1, 0, 0, 0, 2, 0, 0, 1]",exactly_evaluated,269.90333333333336,9162.495956046057,131.04621372540333,10751.206815131642,184.36255106008994,7849,136,4320,8640,48
PAL,9859,3,25,"[2, 2, 4, 0, 6, 1, 0, 1]",exactly_dominated,125.1693499007777,432.24731855539954,6.234357507836866,830.5297376467497,11.414587558642774,3275.73795300267,312.46145810913,414.861950520182,659.25553928084,4.60957722800203
PAL,9336,3,25,"[2, 2, 4, 0, 6, 1, 0, 1]",exactly_dominated,123.17502890204543,302.83911566408943,4.3313630000493,712.9203730230956,9.798194635715268,3066.29005088273,333.140661289082,248.414048400175,314.066297435594,2.76015609333528
PAL,4154,2,10,"[1, 0, 1, 0, 3, 0, 0, 2]",exactly_dominated,169.99025353398795,3090.7271549629163,44.047167982975466,3853.002487045318,60.71915595903287,4567.27539401195,350.275394012084,1039.09482363192,1865.414253251744,12.6474875844351
PAL,9766,3,28,"[2, 3, 4, 0, 7, 1, 0, 1]",exactly_dominated,125.0967375482895,424.50872949540286,6.116594582982571,825.9662820341136,11.35186859591423,3319.43650798566,312.902366955026,409.663396285212,648.545143670956,4.55181551428014
PAL,75,1,8,"[1, 0, 1, 0, 2, 0, 0, 1]",exactly_dominated,191.95896397164623,4373.841916368098,62.26500265321273,4948.586503374311,79.26763954852015,4991.77688697948,347.417355980689,1488.90196435014,2790.444827282652,16.543355159446
PAL,9273,3,25,"[2, 2, 4, 0, 6, 1, 0, 1]",exactly_dominated,123.51776925711482,317.23687429225316,4.520377433935145,733.7359676454489,10.0842788258796,3055.8266609169,335.876311003574,237.950658434168,291.9168937145852,2.64389620482409
PAL,9789,3,25,"[2, 2, 4, 0, 6, 1, 0, 1]",exactly_dominated,125.0967375482895,424.5087294954028,6.11659458298257,825.9662820341136,11.35186859591423,3319.43650798566,312.902366955026,409.663396285212,648.545143670956,4.55181551428014
PAL,4441,2,10,"[1, 0, 1, 0, 4, 0, 0, 1]",exactly_dominated,180.99711356937436,3702.9696862400037,52.531983581080354,4507.880674662241,71.03932858850179,4143.95211331267,444.467939695056,553.952113312718,800.931515394536,14.3539593326504
PAL,9623,3,25,"[2, 2, 4, 0, 6, 1, 0, 1]",exactly_dominated,124.02883278554084,355.2879036702703,5.10455694282136,763.084977216784,10.487644081000589,3165.73025574116,322.786905488691,329.266638279347,481.242871105572,3.65851820310385
PAL,8931,4,37,"[4, 3, 4, 0, 8, 1, 0, 1]",exactly_dominated,125.40248051460637,440.09852351489883,6.333508806668007,748.2138500118435,10.946375220294575,3932.7084223608,322.296382910166,342.708422361694,508.657877360456,3.80787135957438
PAL,3541,1,12,"[1, 1, 1, 0, 4, 0, 0, 1]",exactly_dominated,146.16034869220368,1678.1327125403811,23.79074861848395,2314.570973758089,36.475137611873286,1376.59181169913,412.59173772064,224.819714160818,253.6863290814048,2.49799682400908
PAL,4284,2,10,"[1, 0, 1, 0, 4, 0, 0, 1]",exactly_dominated,178.8149277352171,3595.705374652632,50.939193476129105,4377.168993036474,68.97945372234547,3977.03299752244,474.819163448547,431.500137369165,567.531335501304,4.79444597076851
PAL,8618,4,39,"[4, 4, 4, 0, 8, 1, 0, 1]",exactly_dominated,124.72675176710071,405.7392797024848,5.841375835053344,736.8712619060125,10.78043305633475,3737.17093320629,321.636451011535,337.663962013421,499.057407923632,3.75182180014912
PAL,9009,3,23,"[2, 2, 3, 0, 5, 1, 0, 1]",exactly_dominated,124.96362646895695,407.34790820342806,5.7701560483971575,720.202467442733,10.536568446421237,2889.46436895007,356.896076022594,132.582789237408,80.1165368351772,1.47314210263787
PAL,9459,3,28,"[2, 3, 4, 0, 7, 1, 0, 1]",exactly_dominated,123.17502890204578,302.8391156641057,4.331363000049527,712.9203730230956,9.798194635715268,3066.29005088273,333.140661289083,248.414048400175,314.066297435594,2.76015609333528
PAL,9770,3,25,"[2, 2, 4, 0, 6, 1, 0, 1]",exactly_dominated,125.09642898484374,424.49236628891066,6.1163655738559815,825.9477593789579,11.351614025295609,3319.53918132583,312.901059732127,409.663178953815,648.545624041192,4.55181309948683
PAL,4142,2,11,"[1, 0, 2, 0, 3, 0, 0, 2]",exactly_dominated,169.99025353398795,3090.7271549629163,44.047167982975466,3853.002487045318,60.71915595903287,4567.27539401195,350.275394012084,1039.09482363192,1865.414253251744,12.6474875844351
PAL,9320,3,28,"[2, 3, 4, 0, 7, 1, 0, 1]",exactly_dominated,123.17502890204543,302.8391156640908,4.331363000049319,712.9203730230956,9.798194635715268,3066.29005088273,333.140661289082,248.414048400175,314.066297435594,2.76015609333528
PAL,9635,3,28,"[2, 3, 4, 0, 7, 1, 0, 1]",exactly_dominated,124.08231244205989,358.3980951805771,5.148233075480506,766.2931483854682,10.531736362165402,3147.14264076184,323.021473389877,329.266638279346,481.088950248364,3.65851820310385
PAL,9265,3,26,"[2, 3, 3, 0, 6, 1, 0, 1]",exactly_dominated,126.41444369049955,501.1891347647423,7.194213356634583,807.5503004723896,11.72386266727876,3131.35325783933,323.784964911491,371.207103107424,565.103580602792,4.12452336786026
PAL,9818,3,28,"[2, 3, 4, 0, 7, 1, 0, 1]",exactly_dominated,125.0967375482895,424.5087294954028,6.11659458298257,825.9662820341136,11.35186859591423,3319.43650798567,312.902366955026,409.663396285212,648.545143670956,4.55181551428014
PAL,9377,3,28,"[2, 3, 4, 0, 7, 1, 0, 1]",exactly_dominated,123.17502890204543,302.8391156640893,4.331363000049299,712.9203730230956,9.798194635715268,3066.29005088273,333.140661289082,248.414048400175,314.066297435594,2.76015609333528
PAL,9727,3,25,"[2, 2, 4, 0, 6, 1, 0, 1]",exactly_dominated,125.19002250756712,429.09856750332875,6.180632948119386,831.5675412522814,11.42885086504476,3289.40811405929,313.289035352452,409.766679477979,648.455641810104,4.55296310531088
PAL,8136,4,39,"[4, 4, 4, 0, 8, 1, 0, 1]",exactly_dominated,124.13845602309185,351.06897793286515,5.0637571269181025,614.9312157628801,8.99644910650325,3779.86677999286,320.000408474312,335.410931703882,495.494061196828,3.72678813004313
PAL,8073,4,38,"[4, 3, 4, 0, 8, 1, 0, 2]",exactly_dominated,125.27349965466297,439.50080633647025,6.341552481385511,745.7715507422381,10.910644360454265,3858.82578911699,310.983214664539,415.066231399132,660.892630206456,4.82129321590797
PAL,9232,3,26,"[2, 3, 3, 0, 6, 1, 0, 1]",exactly_dominated,126.41444369049957,501.18913476474006,7.194213356634551,807.5503004723896,11.723862667278468,3131.35325783933,323.784964911491,371.207103107424,565.103580602792,4.12452336786026
PAL,34,1,12,"[1, 1, 1, 0, 4, 0, 0, 1]",exactly_dominated,146.65362786986495,1708.1386026823225,24.185818388362726,2344.8307608557952,36.951999160302165,1296.87747062278,425.877458303945,145.964417035775,102.6197251900448,1.62182685595306
PAL,8970,3,23,"[2, 2, 3, 0, 5, 1, 0, 1]",exactly_dominated,124.96362646996542,407.34790839393924,5.770156051168988,720.2024695003984,10.5365684765249,2889.46436898723,356.896076019949,132.58278927498,80.11653690836,1.47314210305534
PAL,9662,3,27,"[2, 3, 3, 0, 7, 1, 0, 1]",exactly_dominated,125.09673754830978,424.50872996950574,6.11659458991839,825.9662820341136,11.35186859591423,3319.43650798639,312.902366954974,409.663396285949,648.545143672424,4.55181551428833
PAL,9398,3,28,"[2, 3, 4, 0, 7, 1, 0, 1]",exactly_dominated,123.17502890204578,302.8391156641057,4.331363000049527,712.9203730230956,9.798194635715268,3066.29005088273,333.140661289083,248.414048400175,314.066297435594,2.76015609333528
PAL,3582,1,12,"[1, 1, 1, 0, 4, 0, 0, 1]",exactly_dominated,146.68398137612573,1711.225904563825,24.319128893513344,2348.3937597523836,37.00814817302956,1537.59208483572,389.59170986616,384.441696771351,573.136707499148,4.27157440857058
PAL,9475,3,25,"[2, 2, 4, 0, 6, 1, 0, 1]",exactly_dominated,124.08231244205957,358.3980951805621,5.148233075480297,766.2931483854672,10.531736362165388,3147.14264076185,323.021473389876,329.266638279346,481.088950248364,3.65851820310385
PAL,853,2,9,"[1, 0, 1, 0, 3, 0, 0, 1]",exactly_dominated,187.18592599208142,4119.550755122283,58.26014042628642,5079.593703281194,74.48919382081928,3770.67563009795,529.767549466096,260.099599912563,176.8185826305924,2.88999555458403
PAL,9025,3,24,"[2, 2, 4, 0, 5, 1, 0, 1]",exactly_dominated,124.96362646895695,407.3479082034267,5.770156048397139,720.2024674427139,10.536568446420958,2889.46436895007,356.896076022594,132.582789237408,80.1165368351772,1.47314210263787
PAL,500,1,7,"[1, 0, 0, 0, 2, 0, 0, 1]",exactly_evaluated,269.90333333333336,9162.495956046057,131.04621372540333,10751.206815131642,184.36255106008994,7849,136,4320,8640,48
PAL,8634,4,43,"[4, 5, 3, 1, 8, 1, 0, 2]",exactly_dominated,126.56100962377108,511.50829258288485,7.3549694483475205,859.7346104981762,13.548488503117632,3617.27739370421,325.728892949772,348.561493292472,528.321500464512,4.01859320110964
PAL,8771,4,41,"[4, 4, 3, 1, 8, 1, 0, 2]",exactly_dominated,125.69522721638451,456.9992697513134,6.5476307645132525,801.4765931384263,11.015288597014006,3806.6450575425,326.685787621142,318.858242987993,474.056674375236,3.67935165396235
PAL,9863,3,25,"[2, 2, 4, 0, 6, 1, 0, 1]",exactly_dominated,125.24284911014688,432.2595886078987,6.225070599745706,834.7370562818869,11.472411866155179,3270.64268196051,313.523603253738,409.766679477979,648.276398499884,4.55296310531088
PAL,9160,3,26,"[2, 3, 3, 0, 6, 1, 0, 1]",exactly_dominated,124.96362646895727,407.34790820344375,5.770156048397377,720.2024674427321,10.536568446421223,2889.46436895007,356.896076022595,132.582789237408,80.1165368351772,1.47314210263787
PAL,3644,2,11,"[1, 0, 2, 0, 4, 0, 0, 1]",exactly_dominated,171.1129185432815,3139.829005532728,44.895590957976864,3913.9296123671884,61.679301621277446,5008.78698896908,292.5525535098,1418.78698896929,2682.521424400976,15.7642998774366
PAL,9249,3,26,"[2, 3, 3, 0, 6, 1, 0, 1]",exactly_dominated,125.48095129864984,443.79462723397,6.3505258071383315,753.1053662360036,10.947899302538117,3050.46436895026,333.896076022562,289.840031415607,397.1277325548864,3.22044479350675
PAL,9619,3,27,"[2, 3, 4, 0, 6, 1, 0, 1]",exactly_dominated,124.07777577547058,357.99810321718496,5.142808165760939,763.352335881521,10.491318589871096,3146.37925683125,322.990507152529,329.389820952801,481.351047132984,3.65988689947557
PAL,7742,3,25,"[2, 2, 4, 0, 6, 1, 0, 1]",exactly_dominated,124.08231244205989,358.39809518057854,5.148233075480527,766.2931483854672,10.531736362165388,3147.14264076184,323.021473389877,329.266638279346,481.088950248364,3.65851820310385
PAL,9971,3,27,"[2, 3, 4, 0, 6, 1, 0, 1]",exactly_dominated,125.23843620233451,431.8972490837206,6.220182756431775,832.0001246961347,11.434796180874475,3269.91206431504,313.493122167407,409.884441683983,648.532318811604,4.55427157426648
PAL,8399,4,39,"[4, 4, 3, 0, 8, 1, 0, 2]",exactly_dominated,122.93277163990174,305.1905758017484,4.4396733527754835,667.5423925775231,9.779188547179752,3717.98937381933,313.147784671539,357.687340892941,544.555915309428,4.17287098759592
PAL,9072,3,23,"[2, 2, 3, 0, 5, 1, 0, 1]",exactly_dominated,124.8174105712476,399.93732745343135,5.66646435109793,729.1820084957681,10.667939211171188,2933.84847495193,356.321546114451,132.42839877974,79.908600212852,1.47142665310823
PAL,9422,3,25,"[2, 2, 4, 0, 6, 1, 0, 1]",exactly_dominated,123.17502890204578,302.8391156641057,4.331363000049527,712.9203730230956,9.798194635715268,3066.29005088273,333.140661289083,248.414048400175,314.066297435594,2.76015609333528
PAL,6738,2,14,"[1, 0, 2, 0, 4, 1, 0, 2]",exactly_dominated,131.24207438370289,796.5445622453005,11.380215207412718,1528.9117380282132,24.09399697536172,3251.30051743775,362.300517437821,216.895392050909,242.4031489534724,2.44585042856755
PAL,9137,3,24,"[2, 2, 4, 0, 5, 1, 0, 1]",exactly_dominated,124.96362646895727,407.34790820344375,5.770156048397377,720.2024674427321,10.536568446421223,2889.46436895007,356.896076022595,132.582789237408,80.1165368351772,1.47314210263787
PAL,9567,3,27,"[2, 3, 4, 0, 6, 1, 0, 1]",exactly_dominated,124.07777577547058,357.9981032171834,5.142808165760917,763.352335881521,10.491318589871096,3146.37925683126,322.990507152529,329.389820952801,481.351047132984,3.65988689947557
PAL,9834,3,25,"[2, 2, 4, 0, 6, 1, 0, 1]",exactly_dominated,125.36293149434805,436.6805931859396,6.280624028769238,841.6530426028185,11.567463407161197,3265.36612908258,314.760147338216,404.490126600114,636.833578615504,4.49433474000126
PAL,3613,1,8,"[1, 0, 1, 0, 2, 0, 0, 1]",exactly_dominated,191.95896397164623,4373.841916368098,62.26500265321273,4948.586503374311,79.26763954852015,4991.77688697948,347.417355980689,1488.90196435014,2790.444827282652,16.543355159446
PAL,9434,3,28,"[2, 3, 4, 0, 7, 1, 0, 1]",exactly_dominated,123.17502890204578,302.8391156641057,4.331363000049527,712.9203730230956,9.798194635715268,3066.29005088273,333.140661289083,248.414048400175,314.066297435594,2.76015609333528
PAL,9064,3,23,"[2, 2, 3, 0, 5, 1, 0, 1]",exactly_dominated,124.96362646895695,407.3479082034295,5.770156048397178,720.202467442733,10.536568446421237,2889.46436895007,356.896076022594,132.582789237408,80.1165368351772,1.47314210263787
PAL,9967,3,28,"[2, 3, 4, 0, 7, 1, 0, 1]",exactly_dominated,125.24284911014688,432.2595886078974,6.2250705997456866,834.7370562818869,11.472411866155179,3270.64268196051,313.523603253738,409.766679477979,648.276398499884,4.55296310531088
PAL,9988,3,28,"[2, 3, 4, 0, 7, 1, 0, 1]",exactly_dominated,125.24284911014688,432.2595886078974,6.2250705997456866,834.7370562818869,11.472411866155179,3270.64268196051,313.523603253738,409.766679477979,648.276398499884,4.55296310531088
PAL,9822,3,25,"[2, 2, 4, 0, 6, 1, 0, 1]",exactly_dominated,125.09642898484373,424.4923662889101,6.1163655738559735,825.9477593789579,11.351614025295609,3319.53918132583,312.901059732127,409.663178953815,648.545624041192,4.55181309948683
PAL,9571,3,25,"[2, 2, 4, 0, 6, 1, 0, 1]",exactly_dominated,124.02883278554084,355.28790367026886,5.104556942821339,763.084977216784,10.487644081000589,3165.73025574116,322.786905488691,329.266638279347,481.242871105572,3.65851820310385
PAL,9121,3,23,"[2, 2, 3, 0, 5, 1, 0, 1]",exactly_dominated,124.96362646895727,407.3479082034438,5.770156048397378,720.202467442733,10.536568446421237,2889.46436895006,356.896076022595,132.582789237408,80.1165368351772,1.47314210263787
PAL,9208,3,26,"[2, 3, 3, 0, 6, 1, 0, 1]",exactly_dominated,126.27686564493504,494.19027064182154,7.096267010087456,809.1634945411406,11.838069056957314,3175.73736384087,323.210435003345,371.11329899503,565.258828763828,4.12348109994478
PAL,9658,3,25,"[2, 2, 4, 0, 6, 1, 0, 1]",exactly_dominated,125.09675550456275,424.5653020194659,6.117421973844598,825.9662820341136,11.35186859591423,3319.43718611976,312.902316711215,409.664074419303,648.546499230956,4.55182304910336
PAL,9930,3,25,"[2, 2, 4, 0, 6, 1, 0, 1]",exactly_dominated,125.36293149434803,436.68059318593635,6.280624028769193,841.6530426028185,11.567463407161197,3265.36612908258,314.760147338216,404.490126600114,636.833578615504,4.49433474000126
PAL,8788,4,41,"[4, 5, 3, 0, 8, 1, 0, 2]",exactly_dominated,123.20698645107761,293.8902256318651,4.223586753266365,559.1323809719161,8.180111661710628,3698.92962948435,330.255959768487,254.473781195505,327.8259705105484,2.95077570338722
PAL,9033,3,23,"[2, 2, 3, 0, 5, 1, 0, 1]",exactly_dominated,125.48095129864984,443.79462723396847,6.350525807138309,753.1053662360036,10.947899302537785,3050.46436895025,333.896076022562,289.840031415607,397.1277325548864,3.22044479350675
PAL,7884,3,25,"[2, 2, 4, 0, 6, 1, 0, 1]",exactly_dominated,125.24284911014688,432.25958860789734,6.2250705997456866,834.7370562818869,11.472411866155179,3270.64268196051,313.523603253738,409.766679477979,648.276398499884,4.55296310531088
PAL,9463,3,27,"[2, 3, 4, 0, 6, 1, 0, 1]",exactly_dominated,123.17044707475449,302.42994504362053,4.32580602930117,709.9094113187348,9.756812750814278,3065.52544569575,333.110230994916,248.536009817255,314.3202207023708,2.76151122019172
PAL,3594,1,12,"[1, 1, 1, 0, 4, 0, 0, 1]",exactly_dominated,146.68398137612573,1711.225904563825,24.319128893513344,2348.3937597523836,37.00814817302956,1537.59208483572,389.59170986616,384.441696771351,573.136707499148,4.27157440857058
PAL,9176,3,26,"[2, 3, 3, 0, 6, 1, 0, 1]",exactly_dominated,126.41444369049923,501.18913476472756,7.194213356634377,807.5503004723896,11.72386266727856,3131.35325783933,323.78496491149,371.207103107423,565.103580602792,4.12452336786026
PAL,9526,3,25,"[2, 2, 4, 0, 6, 1, 0, 1]",exactly_dominated,124.08231244205989,358.39809518057706,5.148233075480505,766.2931483854672,10.531736362165388,3147.14264076184,323.021473389877,329.266638279346,481.088950248364,3.65851820310385
PAL,9875,3,27,"[2, 3, 4, 0, 6, 1, 0, 1]",exactly_dominated,125.2384362023345,431.89724908372165,6.2201827564317895,832.0001246961347,11.434796180874475,3269.91206431504,313.493122167407,409.884441683983,648.532318811604,4.55427157426648
PAL,8767,4,39,"[4, 4, 3, 0, 8, 1, 0, 2]",exactly_dominated,124.8459575451099,403.1665900693471,5.809930300471323,711.1460283656115,10.404072662901136,3872.63796526698,321.413039925203,339.928293505602,503.748847967692,3.93725814192813
PAL,3652,2,11,"[1, 0, 2, 0, 4, 0, 0, 1]",exactly_dominated,171.1129185432815,3139.829005532728,44.895590957976864,3913.9296123671884,61.679301621277446,5008.78698896908,292.5525535098,1418.78698896929,2682.521424400976,15.7642998774366
PAL,8858,4,43,"[4, 5, 3, 1, 8, 1, 0, 2]",exactly_dominated,128.05634883297773,587.8094855119582,8.427275735285466,872.9389739551007,12.77110488288907,3675.64504468418,323.213251982353,394.871436267923,617.769269890792,4.55266059085876
PAL,9697,3,27,"[2, 3, 4, 0, 6, 1, 0, 1]",exactly_dominated,125.09262628052814,424.1734779685839,6.112083021292181,823.3594780314188,11.316041350737805,3318.74025748774,312.873648574964,409.775332293229,648.78775965774,4.55305924770254
PAL,8985,3,25,"[2, 3, 2, 0, 6, 1, 0, 1]",exactly_dominated,124.96362646996542,407.34790839393924,5.770156051168988,720.2024695003984,10.5365684765249,2889.46436898723,356.896076019949,132.58278927498,80.11653690836,1.47314210305534
PAL,6098,2,14,"[1, 0, 2, 0, 4, 1, 0, 2]",exactly_dominated,133.7253156817707,947.1373566069815,13.661157159668932,1677.9062159122814,26.441988955666666,3653.90369204098,306.903692040991,614.474582239334,1062.869801054688,7.04899270328301
PAL,8086,4,38,"[4, 3, 3, 1, 8, 1, 0, 1]",exactly_dominated,126.16373846728261,486.1074021594112,6.945122834814786,799.1135963145962,11.691038957324986,3817.82553082615,337.27842478746,253.856105460841,353.3310104173252,2.82062339400935
PAL,7723,3,25,"[2, 2, 4, 0, 6, 1, 0, 1]",exactly_dominated,125.51454792705671,442.1283659549529,6.355267998182688,850.7553545651272,11.692563246661523,3222.47303739834,315.37663628872,404.597034915849,636.591292412168,4.4955226101761
PAL,7666,3,26,"[2, 3, 3, 0, 6, 1, 0, 1]",exactly_dominated,126.41444369049955,501.18913476474233,7.194213356634584,807.5503004723896,11.723862667278773,3131.35325783933,323.784964911491,371.207103107423,565.103580602792,4.12452336786026
PAL,9228,3,26,"[2, 3, 3, 0, 6, 1, 0, 1]",exactly_dominated,126.41444369049955,501.1891347647423,7.194213356634583,807.5503004723896,11.72386266727876,3131.35325783933,323.784964911491,371.207103107424,565.103580602792,4.12452336786026
PAL,9678,3,25,"[2, 2, 4, 0, 6, 1, 0, 1]",exactly_dominated,125.21823861954338,429.04861400067284,6.173820890305654,832.9661237241517,11.448072623591756,3314.15678440163,314.144574410113,404.383672701202,637.0803856428,4.49315191890224
PAL,9382,3,25,"[2, 2, 4, 0, 6, 1, 0, 1]",exactly_dominated,123.08288499027293,298.24061057695064,4.267180518181355,707.3958412890906,9.722266889434952,3094.24488667727,332.769972901327,248.311669258529,314.0605323548616,2.75901854731699
PAL,9802,3,27,"[2, 3, 4, 0, 6, 1, 0, 1]",exactly_dominated,125.1254771261536,425.58466238303043,6.132454117933302,817.0844584914703,11.229799092665402,3316.15831379129,312.947087334636,410.033289886443,649.244652780124,4.5559254431827
PAL,9551,3,25,"[2, 2, 4, 0, 6, 1, 0, 1]",exactly_dominated,124.08231244205989,358.39809518057706,5.148233075480505,766.2931483854672,10.531736362165388,3147.14264076185,323.021473389877,329.266638279346,481.088950248364,3.65851820310385
PAL,9414,3,25,"[2, 2, 4, 0, 6, 1, 0, 1]",exactly_dominated,123.27785382004187,306.2665569631841,4.373230526285998,719.222898461112,9.884814927791325,3061.07391332054,334.29496654736,243.197910838084,303.0849461547716,2.70219900931204
PAL,9044,3,23,"[2, 2, 3, 0, 5, 1, 0, 1]",exactly_dominated,124.81741057124762,399.9373274534333,5.666464351097959,729.1820084957671,10.667939211171173,2933.84847495193,356.321546114451,132.42839877974,79.908600212852,1.47142665310823
PAL,9947,3,27,"[2, 3, 4, 0, 6, 1, 0, 1]",exactly_dominated,125.23843620233451,431.8972490837206,6.220182756431775,832.0001246961347,11.434796180874475,3269.91206431504,313.493122167407,409.884441683983,648.532318811604,4.55427157426648
PAL,9290,3,24,"[2, 2, 3, 0, 6, 1, 0, 1]",exactly_dominated,128.3141794310353,579.7724709076949,8.295040584738116,801.9889985554082,12.638480054046655,3094.0775547318,329.095483929035,375.963056176473,571.31270212308,4.1773672908497
PAL,920,2,10,"[1, 0, 1, 0, 4, 0, 0, 1]",exactly_dominated,178.8149277352171,3595.705374652632,50.939193476129105,4377.168993036474,68.97945372234547,3977.03299752244,474.819163448547,431.500137369165,567.531335501304,4.79444597076851
PAL,9156,3,23,"[2, 2, 3, 0, 5, 1, 0, 1]",exactly_dominated,124.81741057124762,399.937327453432,5.666464351097939,729.1820084957681,10.667939211171188,2933.84847495193,356.321546114451,132.42839877974,79.908600212852,1.47142665310822
PAL,9506,3,28,"[2, 3, 4, 0, 7, 1, 0, 1]",exactly_dominated,124.08231244205989,358.39809518057865,5.148233075480528,766.2931483854682,10.531736362165402,3147.14264076184,323.021473389877,329.266638279346,481.088950248364,3.65851820310385
PAL,9855,3,25,"[2, 2, 4, 0, 6, 1, 0, 1]",exactly_dominated,125.1900225145895,429.0985678757243,6.180632953330176,831.5675416737986,11.428850870837982,3289.40811179675,313.289035381806,409.766679482889,648.455641801868,4.55296310536543
PAL,8252,4,38,"[4, 3, 4, 0, 8, 1, 0, 2]",exactly_dominated,124.83845218409847,401.035387240865,5.780413329095221,715.005371195607,10.460534882519518,3872.36381200819,321.432472775668,339.654140246804,503.203631416276,3.93420713427663
PAL,9013,3,26,"[2, 3, 3, 0, 6, 1, 0, 1]",exactly_dominated,124.96362646895695,407.34790820342806,5.7701560483971575,720.202467442733,10.536568446421237,2889.46436895007,356.896076022594,132.582789237408,80.1165368351772,1.47314210263787
PAL,9443,3,25,"[2, 2, 4, 0, 6, 1, 0, 1]",exactly_dominated,123.11268602247365,303.5609529462942,4.350838886615437,709.0482608288339,9.744977319495476,3071.32412189925,332.140856467119,253.448119416786,324.6158970251416,2.81609021574207
PAL,3721,2,12,"[1, 1, 1, 0, 4, 0, 0, 1]",exactly_dominated,144.4465379907519,1537.352743736915,21.856084162546303,2320.4462211178197,36.56772516195476,2229.40573681243,384.405736812459,343.905736865683,493.482221814,4.7831422504766
PAL,9286,3,27,"[2, 3, 3, 0, 7, 1, 0, 1]",exactly_dominated,123.17502890207828,302.8391156656845,4.33136300007214,712.9203730230956,9.798194635715268,3066.29005088396,333.140661288994,248.414048401402,314.0662974380096,2.76015609334891
PAL,9269,3,24,"[2, 2, 3, 0, 6, 1, 0, 1]",exactly_dominated,123.143937184263,301.8931300562291,4.318540652138508,711.0580104137698,9.77259880198832,3073.70308167755,333.033292728085,248.311256410302,313.9186535916064,2.75901396011447
PAL,9793,3,28,"[2, 3, 4, 0, 7, 1, 0, 1]",exactly_dominated,125.0967375482895,424.50872949540286,6.116594582982571,825.9662820341136,11.35186859591423,3319.43650798566,312.902366955026,409.663396285212,648.545143670956,4.55181551428014
PAL,9639,3,25,"[2, 2, 4, 0, 6, 1, 0, 1]",exactly_dominated,124.08234195650485,358.3996853539269,5.148255835009943,766.293101008835,10.531735711033116,3147.14280048458,323.021450108123,329.267370923641,481.090428730272,3.65852634359602
PAL,9843,3,27,"[2, 3, 3, 0, 7, 1, 0, 1]",exactly_dominated,125.24284911017347,432.2595887113336,6.225070601258545,834.7370562818869,11.472411866155179,3270.64268196146,313.523603253672,409.766679478931,648.27639850178,4.55296310532145
PAL,9140,3,23,"[2, 2, 3, 0, 5, 1, 0, 1]",exactly_dominated,125.26646347478479,422.0772110765493,5.97402693007065,731.5568967163426,10.702683846770027,2876.37414921807,358.657248049952,127.002071263035,69.7815619952024,1.41113412514484
PAL,4288,2,10,"[1, 0, 1, 0, 4, 0, 0, 1]",exactly_dominated,178.8149277352171,3595.705374652632,50.939193476129105,4377.168993036474,68.97945372234547,3977.03299752244,474.819163448547,431.500137369165,567.531335501304,4.79444597076851
PAL,9455,3,25,"[2, 2, 4, 0, 6, 1, 0, 1]",exactly_dominated,122.86987220281416,289.11940106352404,4.140864329577924,694.6210345752179,9.546693224615428,3157.98221567042,331.894797318429,248.209103969864,314.3301295469356,2.75787893299849
PAL,9005,3,23,"[2, 2, 3, 0, 5, 1, 0, 1]",exactly_dominated,125.48095129864984,443.79462723397,6.3505258071383315,753.1053662360036,10.947899302538117,3050.46436895026,333.896076022562,289.840031415607,397.1277325548864,3.22044479350676
PAL,9906,3,25,"[2, 2, 4, 0, 6, 1, 0, 1]",exactly_dominated,125.36293149434805,436.6805931859382,6.2806240287692185,841.6530426028185,11.567463407161197,3265.36612908258,314.760147338216,404.490126600114,636.833578615504,4.49433474000126
PAL,7735,3,25,"[2, 2, 4, 0, 6, 1, 0, 1]",exactly_dominated,123.17502890204578,302.8391156641057,4.331363000049527,712.9203730230956,9.798194635715268,3066.29005088273,333.140661289083,248.414048400175,314.066297435594,2.76015609333528
PAL,8993,3,25,"[2, 3, 2, 0, 6, 1, 0, 1]",exactly_dominated,124.96362646996542,407.34790839393924,5.770156051168988,720.2024695003984,10.5365684765249,2889.46436898723,356.896076019949,132.58278927498,80.11653690836,1.47314210305534
PAL,9394,3,25,"[2, 2, 4, 0, 6, 1, 0, 1]",exactly_dominated,123.17502890204578,302.8391156641057,4.331363000049527,712.9203730230956,9.798194635715268,3066.29005088273,333.140661289083,248.414048400175,314.066297435594,2.76015609333528
PAL,3799,2,13,"[1, 1, 1, 0, 5, 0, 0, 1]",exactly_dominated,141.81374317833115,1381.3260172799787,19.703470652262535,2162.4785323725755,34.078325074189486,2385.9078449083,356.459194189764,485.907844908341,780.170718143992,5.39897605453713
PAL,3633,1,7,"[1, 0, 0, 0, 2, 0, 0, 1]",exactly_evaluated,269.90333333333336,9162.495956046057,131.04621372540333,10751.206815131642,184.36255106008994,7849,136,4320,8640,48
PAL,9117,3,23,"[2, 2, 3, 0, 5, 1, 0, 1]",exactly_dominated,125.48095129864984,443.79462723397006,6.350525807138332,753.1053662360036,10.947899302538117,3050.46436895025,333.896076022562,289.840031415607,397.127732554886,3.22044479350675
PAL,9547,3,25,"[2, 2, 4, 0, 6, 1, 0, 1]",exactly_dominated,124.43139156768308,372.9601041082953,5.339106811279643,787.5038417851783,10.82325068852357,3136.55787766326,325.820997120322,318.681875180611,458.305964641372,3.54090972422901
PAL,9814,3,25,"[2, 2, 4, 0, 6, 1, 0, 1]",exactly_dominated,125.0967375482895,424.5087294954028,6.11659458298257,825.9662820341136,11.35186859591423,3319.43650798567,312.902366955026,409.663396285212,648.545143670956,4.55181551428014
PAL,8356,4,38,"[4, 3, 3, 1, 8, 1, 0, 1]",exactly_dominated,126.59701741237339,514.0690770070504,7.364009467112302,824.0050911042863,12.055201745487278,3892.91778901467,328.198698466873,324.865781941149,483.140033901036,3.6096197993461
PAL,9951,3,25,"[2, 2, 4, 0, 6, 1, 0, 1]",exactly_dominated,125.1900225145895,429.09856787572437,6.180632953330177,831.5675416737986,11.428850870837982,3289.40811179675,313.289035381806,409.766679482889,648.455641801868,4.55296310536543
PAL,9052,3,25,"[2, 3, 3, 0, 5, 1, 0, 1]",exactly_dominated,124.96362646895695,407.34790820342806,5.7701560483971575,720.202467442733,10.536568446421237,2889.46436895007,356.896076022594,132.582789237408,80.1165368351772,1.47314210263787
PAL,9402,3,25,"[2, 2, 4, 0, 6, 1, 0, 1]",exactly_dominated,128.3141794310078,579.7724709063494,8.295040584718832,801.9889985554082,12.638480054046655,3094.07755473076,329.095483929114,375.963056175411,571.312702120988,4.1773672908379
PAL,9615,3,28,"[2, 3, 4, 0, 7, 1, 0, 1]",exactly_dominated,124.08231244205989,358.3980951805771,5.148233075480506,766.2931483854672,10.531736362165388,3147.14264076184,323.021473389877,329.266638279346,481.088950248364,3.65851820310385
PAL,8141,4,42,"[4, 5, 3, 1, 8, 1, 0, 1]",exactly_dominated,126.41414731880249,497.8475958163076,7.106558247227363,823.6627507252333,12.050193302724407,3430.51495694491,339.629464885359,251.977114078504,349.520869568452,2.79974571198338
PAL,9750,3,27,"[2, 3, 4, 0, 6, 1, 0, 1]",exactly_dominated,125.12547712615358,425.5846623830285,6.1324541179332765,817.0844584914703,11.229799092665402,3316.15831379129,312.947087334636,410.033289886443,649.244652780124,4.5559254431827
PAL,4162,2,10,"[1, 0, 1, 0, 3, 0, 0, 2]",exactly_dominated,169.99025353398795,3090.7271549629163,44.047167982975466,3853.002487045318,60.71915595903287,4567.27539401195,350.275394012084,1039.09482363192,1865.414253251744,12.6474875844351
PAL,9300,3,25,"[2, 2, 4, 0, 6, 1, 0, 1]",exactly_dominated,123.06539850796935,298.76076102620874,4.275380486302647,706.3442268623912,9.707813770651386,3097.83597078644,332.686581192666,248.414048400175,314.3092547148364,2.76015609333528
PAL,8638,4,39,"[4, 4, 3, 0, 8, 1, 0, 2]",exactly_dominated,123.97229647992508,356.1300923057474,5.165983019613813,701.9518821327674,11.062003191085624,3650.96356914891,316.037102208014,361.71898636248,550.41430923074,4.20326617354417
PAL,9029,3,23,"[2, 2, 3, 0, 5, 1, 0, 1]",exactly_dominated,124.85441276761611,402.4272944649949,5.706553259408646,703.5794823442129,10.250641920946686,2895.67887377324,355.682600523079,138.596577951901,91.2545325028888,1.53996197724335
PAL,9479,3,27,"[2, 3, 3, 0, 7, 1, 0, 1]",exactly_dominated,124.08231244209361,358.3980951822146,5.148233075503943,766.2931483854682,10.531736362165402,3147.14264076307,323.021473389791,329.266638280573,481.088950250792,3.65851820311748
PAL,9496,3,25,"[2, 2, 4, 0, 6, 1, 0, 1]",exactly_dominated,124.18720848847428,361.87789200441557,5.19067374949829,772.7518844299993,10.620503572725923,3141.87238552936,324.200813121493,323.996383046836,469.834298594108,3.59995981163151
PAL,7871,3,24,"[2, 2, 3, 0, 6, 1, 0, 1]",exactly_dominated,125.09673754830978,424.50872996950574,6.11659458991839,825.9662820341136,11.35186859591423,3319.43650798639,312.902366954974,409.663396285949,648.545143672424,4.55181551428833
PAL,6299,2,15,"[1, 1, 2, 0, 4, 1, 0, 1]",exactly_dominated,137.97542619913145,1192.9451433119502,17.001796942756734,1932.912567613881,30.4606135196459,1335.6973873501,371.697387350108,332.57277485801,471.449061752756,3.69525305397789
PAL,3561,1,12,"[1, 1, 1, 0, 4, 0, 0, 1]",exactly_dominated,146.16034869220368,1678.1327125403811,23.79074861848395,2314.570973758089,36.475137611873286,1376.59181169913,412.59173772064,224.819714160818,253.6863290814048,2.49799682400908
PAL,9212,3,26,"[2, 3, 3, 0, 6, 1, 0, 1]",exactly_dominated,126.41444369049923,501.1891347647285,7.194213356634392,807.5503004723896,11.72386266727876,3131.35325783933,323.78496491149,371.207103107423,565.103580602792,4.12452336786026
PAL,9642,3,28,"[2, 3, 4, 0, 7, 1, 0, 1]",exactly_dominated,124.08231244205989,358.3980951805771,5.148233075480506,766.2931483854672,10.531736362165388,3147.14264076184,323.021473389877,329.266638279346,481.088950248364,3.65851820310385
PAL,9357,3,25,"[2, 2, 4, 0, 6, 1, 0, 1]",exactly_dominated,123.51776925711447,317.2368742922382,4.520377433934937,733.7359676454489,10.0842788258796,3055.82666091689,335.876311003573,237.950658434169,291.9168937145852,2.6438962048241
PAL,5724,4,30,"[1, 4, 3, 3, 6, 1, 0, 1]",exactly_dominated,164.9865208200291,2767.4839220417884,39.54713437049589,3553.5785242077873,56.00055783755964,3655.18143321515,312.458168923826,1202.44961010745,2231.864120863148,13.3605512234161
PAL,9584,3,28,"[2, 3, 4, 0, 7, 1, 0, 1]",exactly_dominated,124.08231244205989,358.3980951805771,5.148233075480506,766.2931483854682,10.531736362165402,3147.14264076184,323.021473389877,329.266638279346,481.088950248364,3.65851820310385
PAL,9992,3,28,"[2, 3, 4, 0, 7, 1, 0, 1]",exactly_dominated,125.24284911014688,432.2595886078974,6.2250705997456866,834.7370562818869,11.472411866155179,3270.64268196051,313.523603253738,409.766679477979,648.276398499884,4.55296310531088
PAL,9091,3,23,"[2, 2, 3, 0, 5, 1, 0, 1]",exactly_dominated,124.96362646895727,407.34790820344244,5.770156048397359,720.2024674427139,10.536568446420958,2889.46436895006,356.896076022595,132.582789237408,80.1165368351772,1.47314210263787
PAL,3609,1,8,"[1, 0, 1, 0, 2, 0, 0, 1]",exactly_dominated,191.95896397164623,4373.841916368098,62.26500265321273,4948.586503374311,79.26763954852015,4991.77688697948,347.417355980689,1488.90196435014,2790.444827282652,16.543355159446
PAL,9711,3,25,"[2, 2, 4, 0, 6, 1, 0, 1]",exactly_dominated,125.0967375482895,424.50872949540246,6.116594582982565,825.9662820341136,11.35186859591423,3319.43650798566,312.902366955026,409.663396285212,648.545143670956,4.55181551428014
PAL,4123,2,10,"[1, 0, 2, 0, 3, 0, 0, 1]",exactly_dominated,169.73502021520252,3074.5071816478526,43.94324089325612,3834.567065926416,60.42863364199501,4851.26495487693,299.35612802936,1351.79139729927,2541.72666656916,15.0199044144362
PAL,9341,3,28,"[2, 3, 4, 0, 7, 1, 0, 1]",exactly_dominated,123.17502890204543,302.8391156640893,4.331363000049299,712.9203730230956,9.798194635715268,3066.29005088273,333.140661289082,248.414048400175,314.066297435594,2.76015609333528
PAL,9068,3,26,"[2, 3, 3, 0, 6, 1, 0, 1]",exactly_dominated,124.96362646895695,407.34790820342806,5.7701560483971575,720.202467442733,10.536568446421237,2889.46436895007,356.896076022594,132.582789237408,80.1165368351772,1.47314210263787
PAL,6667,2,18,"[1, 2, 2, 0, 5, 1, 0, 1]",exactly_dominated,144.13787231533232,1441.336942040204,20.564905796811566,1728.719858563586,27.98314515840058,2341.1574114914,333.15826727207,684.324575161554,1184.317078480588,7.60360639068393
PAL,9592,3,28,"[2, 3, 4, 0, 7, 1, 0, 1]",exactly_dominated,124.08231244205989,358.3980951805771,5.148233075480506,766.2931483854672,10.531736362165388,3147.14264076184,323.021473389877,329.266638279346,481.088950248364,3.65851820310385
PAL,9438,3,25,"[2, 2, 4, 0, 6, 1, 0, 1]",exactly_dominated,123.08288499027293,298.24061057695064,4.267180518181355,707.3958412890906,9.722266889434952,3094.24488667727,332.769972901327,248.311669258529,314.0605323548616,2.75901854731699
PAL,3520,1,12,"[1, 1, 1, 0, 4, 0, 0, 1]",exactly_dominated,146.65362786986495,1708.1386026823225,24.185818388362726,2344.8307608557952,36.951999160302165,1296.87747062278,425.877458303945,145.964417035775,102.6197251900448,1.62182685595306
PAL,9984,3,25,"[2, 2, 4, 0, 6, 1, 0, 1]",exactly_dominated,125.24284911014688,432.2595886078974,6.2250705997456866,834.7370562818869,11.472411866155179,3270.64268196051,313.523603253738,409.766679477979,648.276398499884,4.55296310531088
PAL,8696,4,38,"[4, 4, 3, 0, 8, 1, 0, 1]",exactly_dominated,125.33717797756911,431.96932764710334,6.236642647105616,760.9828912674639,11.133186406408315,3625.01717548729,311.846204868612,414.255362034636,658.810033334712,4.6028373559404
PAL,9253,3,26,"[2, 3, 3, 0, 6, 1, 0, 1]",exactly_dominated,126.41444369049955,501.1891347647409,7.194213356634563,807.5503004723896,11.723862667278494,3131.35325783933,323.784964911491,371.207103107424,565.103580602792,4.12452336786026
PAL,9603,3,25,"[2, 2, 4, 0, 6, 1, 0, 1]",exactly_dominated,124.08231244205989,358.3980951805771,5.148233075480506,766.2931483854672,10.531736362165388,3147.14264076184,323.021473389877,329.266638279346,481.088950248364,3.65851820310385
PAL,8911,4,40,"[4, 4, 4, 0, 8, 1, 0, 2]",exactly_evaluated,122.0409098008256,237.0583758344072,3.4136341235142496,591.9951785297144,8.136229798066436,3759.46698897198,327.065454938427,250.213824809651,321.0658856646484,2.91729888138243
PAL,6519,2,19,"[1, 2, 2, 0, 5, 1, 0, 2]",exactly_dominated,135.14997695281633,1024.7155616108873,14.680187107939592,1763.3858921750207,27.789056291277202,1868.11063222981,341.65472513958,461.110632229817,734.611721571872,5.20158971513549
PAL,9316,3,25,"[2, 2, 4, 0, 6, 1, 0, 1]",exactly_dominated,123.01902483297769,297.0143655005364,4.251357903955539,703.5651750989146,9.669619196458187,3109.18725889182,332.517469943306,248.311256409352,314.1953739924272,2.75901396010391
PAL,9746,3,28,"[2, 3, 4, 0, 7, 1, 0, 1]",exactly_dominated,125.0967375482895,424.50872949540246,6.116594582982565,825.9662820341136,11.35186859591423,3319.43650798566,312.902366955026,409.663396285212,648.545143670956,4.55181551428014
PAL,8157,4,37,"[4, 3, 4, 0, 8, 1, 0, 1]",exactly_dominated,124.30279359624456,374.67996801486163,5.421487410890834,727.0026546064355,9.99173789957714,3920.9847283803,307.90889977398,411.731564217963,656.66443521934,4.57479515797737
PAL,9195,3,26,"[2, 3, 3, 0, 6, 1, 0, 1]",exactly_dominated,126.21803587034096,492.35887370930897,7.0751534990733225,806.6706254248102,11.476545705226288,3137.56776266222,322.57148941206,374.95434131188,573.065220880776,4.16615934790977
PAL,9896,3,28,"[2, 3, 4, 0, 7, 1, 0, 1]",exactly_dominated,125.24284911014657,432.2595886078837,6.225070599745496,834.7370562818869,11.472411866155179,3270.64268196051,313.523603253737,409.766679477979,648.276398499884,4.55296310531088
PAL,9879,3,25,"[2, 2, 4, 0, 6, 1, 0, 1]",exactly_dominated,125.1900225145895,429.0985678757243,6.180632953330176,831.5675416737986,11.428850870837982,3289.40811179675,313.289035381806,409.766679482889,648.455641801868,4.55296310536543
PAL,3577,1,12,"[1, 1, 1, 0, 4, 0, 0, 1]",exactly_dominated,146.68398137612573,1711.225904563825,24.319128893513344,2348.3937597523836,37.00814817302956,1537.59208483572,389.59170986616,384.441696771351,573.136707499148,4.27157440857058
PAL,9480,3,27,"[2, 3, 3, 0, 7, 1, 0, 1]",exactly_dominated,124.08231244209361,358.3980951822146,5.148233075503943,766.2931483854682,10.531736362165402,3147.14264076307,323.021473389791,329.266638280573,481.088950250792,3.65851820311748
PAL,9194,3,26,"[2, 3, 3, 0, 6, 1, 0, 1]",exactly_dominated,126.81368154500323,519.5831102530284,7.448413509098831,818.2232402702621,11.970613216825317,3118.26303810705,325.546136938933,368.27417534923,558.345543146216,4.09193528165809
PAL,3599,1,8,"[1, 0, 1, 0, 2, 0, 0, 1]",exactly_dominated,191.95896397164623,4373.841916368098,62.26500265321273,4948.586503374311,79.26763954852015,4991.77688697948,347.417355980689,1488.90196435014,2790.444827282652,16.543355159446
PAL,9897,3,28,"[2, 3, 4, 0, 7, 1, 0, 1]",exactly_dominated,125.24284911014657,432.2595886078837,6.225070599745496,834.7370562818869,11.472411866155179,3270.64268196051,313.523603253737,409.766679477979,648.276398499884,4.55296310531088
PAL,9481,3,24,"[2, 2, 3, 0, 6, 1, 0, 1]",exactly_dominated,123.78048697413588,344.82676255027866,4.959810790978289,748.1941906057291,10.282988931540732,3238.83288165264,321.776408896039,329.059769952096,481.499165566188,3.6562196661344
PAL,9252,3,26,"[2, 3, 3, 0, 6, 1, 0, 1]",exactly_dominated,126.41444369049957,501.1891347647429,7.194213356634592,807.5503004723896,11.723862667278773,3131.35325783933,323.784964911491,371.207103107424,565.103580602792,4.12452336786026
PAL,4460,2,13,"[1, 1, 1, 0, 5, 0, 0, 1]",exactly_dominated,141.81374317833115,1381.3260172799771,19.703470652262517,2162.4785323725755,34.078325074189486,2385.9078449083,356.459194189764,485.907844908341,780.170718143992,5.39897605453713
PAL,9602,3,25,"[2, 2, 4, 0, 6, 1, 0, 1]",exactly_dominated,123.83628732248279,350.9635317897852,5.061130940049525,750.8690679690053,10.319751759513947,3161.67062668995,319.899545927618,343.794624207484,512.082879552312,3.81994026897204
PAL,8910,4,41,"[4, 4, 3, 1, 8, 1, 0, 2]",exactly_dominated,126.72189223419487,513.8526104168649,7.351927440432431,831.3840363447289,12.16315577939164,3385.54553552767,331.181833344867,319.964853261988,473.749278194764,3.67525025239943
PAL,4525,2,14,"[1, 1, 2, 0, 5, 0, 0, 1]",exactly_dominated,142.6224156315446,1422.3024823261821,20.266705640190843,2209.148522859241,34.81379369651563,2376.60447716474,365.392636404134,444.061200869435,694.36339625268,4.93401334299372
PAL,9317,3,25,"[2, 2, 4, 0, 6, 1, 0, 1]",exactly_dominated,123.17505837323824,302.8407040483645,4.331385734648189,712.920325061441,9.798193976542596,3066.29021046336,333.140638057989,248.4147809025,314.0677707022676,2.76016423225
PAL,9747,3,28,"[2, 3, 4, 0, 7, 1, 0, 1]",exactly_dominated,125.0967375482895,424.50872949540246,6.116594582982565,825.9662820341136,11.35186859591423,3319.43650798566,312.902366955026,409.663396285212,648.545143670956,4.55181551428014
PAL,9069,3,26,"[2, 3, 3, 0, 6, 1, 0, 1]",exactly_dominated,124.96362646895695,407.34790820342806,5.7701560483971575,720.202467442733,10.536568446421237,2889.46436895007,356.896076022594,132.582789237408,80.1165368351772,1.47314210263787
PAL,9593,3,27,"[2, 3, 4, 0, 6, 1, 0, 1]",exactly_dominated,124.07777577547058,357.99810321718496,5.142808165760939,763.352335881521,10.491318589871096,3146.37925683125,322.990507152529,329.389820952801,481.351047132984,3.65988689947557
PAL,9439,3,25,"[2, 2, 4, 0, 6, 1, 0, 1]",exactly_dominated,123.12093585503814,299.6948317095841,4.28720480765312,709.6756574912997,9.753600098202964,3084.87766586212,332.906093387823,248.414048400175,314.1914912205408,2.76015609333529
PAL,3521,1,12,"[1, 1, 1, 0, 4, 0, 0, 1]",exactly_dominated,146.65362786986495,1708.1386026823225,24.185818388362726,2344.8307608557952,36.951999160302165,1296.87747062278,425.877458303945,145.964417035775,102.6197251900448,1.62182685595306
PAL,9086,3,23,"[2, 2, 3, 0, 5, 1, 0, 1]",exactly_evaluated,124.98643984410985,405.5502984330299,5.757991235607613,674.3063482628113,9.865107818298904,2888.80639769224,354.260269539885,151.329947990226,115.0957722219192,1.68144386655806
PAL,9985,3,25,"[2, 2, 4, 0, 6, 1, 0, 1]",exactly_dominated,125.24284911014688,432.2595886078974,6.2250705997456866,834.7370562818869,11.472411866155179,3270.64268196051,313.523603253738,409.766679477979,648.276398499884,4.55296310531088
PAL,4437,2,10,"[1, 0, 1, 0, 4, 0, 0, 1]",exactly_dominated,183.5773971776254,3859.4965334004987,54.68746795684197,4662.700776881937,73.47912611364688,3977.78544664599,474.77905080617,402.285446646021,480.958161519424,13.4095148882007
PAL,3608,1,8,"[1, 0, 1, 0, 2, 0, 0, 1]",exactly_dominated,191.95896397164623,4373.841916368098,62.26500265321273,4948.586503374311,79.26763954852015,4991.77688697948,347.417355980689,1488.90196435014,2790.444827282652,16.543355159446
PAL,9710,3,25,"[2, 2, 4, 0, 6, 1, 0, 1]",exactly_dominated,125.0967375482895,424.50872949540246,6.116594582982565,825.9662820341136,11.35186859591423,3319.43650798566,312.902366955026,409.663396285212,648.545143670956,4.55181551428014
PAL,8802,4,39,"[4, 4, 4, 0, 8, 1, 0, 1]",exactly_dominated,122.06959743649458,238.19565280956007,3.4307365818960407,594.2538370444308,8.167272221007673,3765.50839177739,326.928769697211,250.255227615067,321.2830357075676,2.78061364016741
PAL,9585,3,25,"[2, 2, 4, 0, 6, 1, 0, 1]",exactly_dominated,123.78048697411575,344.82676207586064,4.959810784037858,748.1941906057291,10.282988931540732,3238.8328816519,321.776408896091,329.059769951359,481.499165564728,3.65621966612622
PAL,9993,3,28,"[2, 3, 4, 0, 7, 1, 0, 1]",exactly_dominated,125.24284911014688,432.2595886078974,6.2250705997456866,834.7370562818869,11.472411866155179,3270.64268196051,313.523603253738,409.766679477979,648.276398499884,4.55296310531088
PAL,9090,3,23,"[2, 2, 3, 0, 5, 1, 0, 1]",exactly_dominated,126.41444369049955,501.18913476474216,7.194213356634583,807.5503004723896,11.723862667278773,3131.35325783933,323.784964911491,371.207103107423,565.103580602792,4.12452336786026
PAL,9213,3,26,"[2, 3, 3, 0, 6, 1, 0, 1]",exactly_dominated,126.41444369049923,501.1891347647285,7.194213356634392,807.5503004723896,11.72386266727876,3131.35325783933,323.78496491149,371.207103107423,565.103580602792,4.12452336786026
PAL,9643,3,28,"[2, 3, 4, 0, 7, 1, 0, 1]",exactly_dominated,124.08231244205989,358.3980951805771,5.148233075480506,766.2931483854672,10.531736362165388,3147.14264076184,323.021473389877,329.266638279346,481.088950248364,3.65851820310385
PAL,6559,2,16,"[1, 1, 2, 0, 5, 1, 0, 1]",exactly_dominated,134.19096074186442,967.634175528456,13.811993491331013,1705.8449195179055,26.882272736231776,1777.3608590647,363.908241570279,298.360859064705,403.54754338184,3.3151206562745
PAL,9356,3,25,"[2, 2, 4, 0, 6, 1, 0, 1]",exactly_dominated,123.06539850796935,298.76076102620715,4.275380486302625,706.3442268623912,9.707813770651386,3097.83597078644,332.686581192666,248.414048400175,314.309254714836,2.76015609333528
PAL,9706,3,25,"[2, 2, 4, 0, 6, 1, 0, 1]",exactly_dominated,124.8281908071608,415.6139961925052,6.009163324615577,810.2048201331818,11.135247108729239,3334.0449486669,309.6715817369,424.271836966371,680.188433252324,4.71413152184857
PAL,9028,3,23,"[2, 2, 3, 0, 5, 1, 0, 1]",exactly_dominated,125.26646347478513,422.0772110765629,5.974026930070839,731.5568967163435,10.70268384677004,2876.37414921807,358.657248049953,127.002071263035,69.7815619952024,1.41113412514484
PAL,9182,3,25,"[2, 3, 2, 0, 6, 1, 0, 1]",exactly_dominated,126.27686564573287,494.19027150548453,7.096267022710677,809.1635061502329,11.838069226798435,3175.73736387009,323.210435001265,371.113299024264,565.258828821976,4.12348110026961
PAL,9497,3,25,"[2, 2, 4, 0, 6, 1, 0, 1]",exactly_dominated,124.02110701459638,359.13897998347016,5.16794317744995,762.4157635029624,10.478446579471619,3152.21405598021,322.009825966915,334.338053497665,491.85910564118,3.71486726108517
PAL,3560,1,12,"[1, 1, 1, 0, 4, 0, 0, 1]",exactly_dominated,146.16034869220368,1678.1327125403811,23.79074861848395,2314.570973758089,36.475137611873286,1376.59181169913,412.59173772064,224.819714160818,253.6863290814048,2.49799682400908
PAL,3649,2,11,"[1, 0, 2, 0, 4, 0, 0, 1]",exactly_dominated,171.1129185432815,3139.829005532728,44.895590957976864,3913.9296123671884,61.679301621277446,5008.78698896908,292.5525535098,1418.78698896929,2682.521424400976,15.7642998774366
PAL,9244,3,27,"[2, 3, 4, 0, 6, 1, 0, 1]",exactly_dominated,126.41444369049955,501.1891347647423,7.194213356634583,807.5503004723896,11.72386266727876,3131.35325783933,323.784964911491,371.207103107424,565.103580602792,4.12452336786026
PAL,9301,3,25,"[2, 2, 4, 0, 6, 1, 0, 1]",exactly_dominated,123.51776925711482,317.23687429225276,4.520377433935139,733.7359676454489,10.0842788258796,3055.82666091689,335.876311003574,237.950658434168,291.9168937145852,2.64389620482409
PAL,9116,3,23,"[2, 2, 3, 0, 5, 1, 0, 1]",exactly_dominated,126.83169255131558,515.8945414196478,7.292172450058593,825.5659921760762,12.078037741925062,2809.75008323578,370.181790308279,54.9443107543366,3.413938599049896,0.610492341714853
PAL,9546,3,25,"[2, 2, 4, 0, 6, 1, 0, 1]",exactly_dominated,123.97386665244552,354.3656540376548,5.092889983175428,759.787577321842,10.442325463122653,3178.68856066551,322.567393293545,329.266638279346,481.387482544988,3.65851820310385
PAL,9815,3,25,"[2, 2, 4, 0, 6, 1, 0, 1]",exactly_dominated,125.0967375482895,424.5087294954028,6.11659458298257,825.9662820341136,11.35186859591423,3319.43650798567,312.902366955026,409.663396285212,648.545143670956,4.55181551428014
PAL,9053,3,24,"[2, 2, 4, 0, 5, 1, 0, 1]",exactly_dominated,124.96362646895695,407.34790820342806,5.7701560483971575,720.202467442733,10.536568446421237,2889.46436895007,356.896076022594,132.582789237408,80.1165368351772,1.47314210263787
PAL,9403,3,28,"[2, 3, 4, 0, 7, 1, 0, 1]",exactly_dominated,123.17502890204578,302.8391156641057,4.331363000049527,712.9203730230956,9.798194635715268,3066.29005088273,333.140661289083,248.414048400175,314.066297435594,2.76015609333528
PAL,7734,3,25,"[2, 2, 4, 0, 6, 1, 0, 1]",exactly_dominated,123.17502890204543,302.8391156640893,4.331363000049299,712.9203730230956,9.798194635715268,3066.29005088273,333.140661289082,248.414048400175,314.066297435594,2.76015609333528
PAL,8992,3,25,"[2, 3, 2, 0, 6, 1, 0, 1]",exactly_dominated,124.96362646996542,407.34790839445657,5.770156051176097,720.2024695003984,10.5365684765249,2889.46436898723,356.896076019949,132.58278927498,80.11653690836,1.47314210305534
PAL,9680,3,25,"[2, 2, 4, 0, 6, 1, 0, 1]",exactly_dominated,124.82819080716078,415.61399619250466,6.009163324615569,810.2048201331818,11.135247108729239,3334.0449486669,309.6715817369,424.271836966371,680.188433252324,4.71413152184857
PAL,39,1,12,"[1, 1, 1, 0, 4, 0, 0, 1]",exactly_dominated,146.16034869220368,1678.1327125403811,23.79074861848395,2314.570973758089,36.475137611873286,1376.59181169913,412.59173772064,224.819714160818,253.6863290814048,2.49799682400908
PAL,8750,4,41,"[4, 4, 3, 1, 8, 1, 0, 2]",exactly_dominated,125.0424429881049,430.71677389347667,6.178690130509772,789.774427850115,11.70898086838021,3405.52499278513,332.807624185871,272.017241868081,386.722425090552,3.1234356659487
PAL,9842,3,25,"[2, 2, 4, 0, 6, 1, 0, 1]",exactly_dominated,125.24284911014688,432.25958860789734,6.2250705997456866,834.7370562818869,11.472411866155179,3270.64268196051,313.523603253738,409.766679477979,648.276398499884,4.55296310531088
PAL,9511,3,28,"[2, 3, 4, 0, 7, 1, 0, 1]",exactly_dominated,124.08231244205989,358.39809518057854,5.148233075480527,766.2931483854672,10.531736362165388,3147.14264076184,323.021473389877,329.266638279346,481.088950248364,3.65851820310385
PAL,4289,2,10,"[1, 0, 1, 0, 4, 0, 0, 1]",exactly_dominated,178.8149277352171,3595.705374652632,50.939193476129105,4377.168993036474,68.97945372234547,3977.03299752244,474.819163448547,431.500137369165,567.531335501304,4.79444597076851
PAL,9141,3,23,"[2, 2, 3, 0, 5, 1, 0, 1]",exactly_dominated,124.85441276761577,402.427294464975,5.7065532594083646,703.5794823442129,10.250641920946391,2895.67887377323,355.682600523078,138.596577951901,91.2545325028888,1.53996197724335
PAL,9454,3,28,"[2, 3, 4, 0, 7, 1, 0, 1]",exactly_dominated,123.17502890204578,302.8391156641057,4.331363000049527,712.9203730230956,9.798194635715268,3066.29005088273,333.140661289083,248.414048400175,314.066297435594,2.76015609333528
PAL,9004,3,23,"[2, 2, 3, 0, 5, 1, 0, 1]",exactly_dominated,126.83169255131524,515.8945414196351,7.292172450058416,825.5659921760971,12.07803774192537,2809.75008323578,370.181790308278,54.9443107543365,3.413938599049896,0.610492341714853
PAL,8245,4,41,"[4, 5, 4, 0, 8, 1, 0, 1]",exactly_dominated,125.43841341320866,430.13946216002125,6.2122500702158066,693.2093433730606,10.141658803369426,3860.48830589745,311.064647192107,416.032457608354,662.776429116636,4.62258286231505
PAL,9907,3,25,"[2, 2, 4, 0, 6, 1, 0, 1]",exactly_dominated,125.1693499007777,432.2473185553996,6.234357507836867,830.5297376467497,11.414587558642774,3275.73795300267,312.46145810913,414.861950520182,659.25553928084,4.60957722800203
PAL,9287,3,24,"[2, 2, 3, 0, 6, 1, 0, 1]",exactly_dominated,122.86987220283415,289.11940153826396,4.14086433652307,694.6210345752179,9.546693224615428,3157.98221567117,331.894797318377,248.2091039706,314.3301295483856,2.75787893300667
PAL,6488,2,20,"[1, 2, 3, 0, 5, 1, 0, 2]",exactly_dominated,135.52313878065772,1044.4952558242358,14.963683083250432,1746.272297547478,27.51936453148644,1936.32183746329,339.167093121515,483.384633045246,779.592261722528,5.45308888565019
PAL,9268,4,28,"[2, 4, 3, 0, 6, 1, 0, 1]",exactly_dominated,126.41444369049955,501.18913476474216,7.194213356634583,807.5503004723896,11.72386266727876,3131.35325783933,323.784964911491,371.207103107423,565.103580602792,4.12452336786026
PAL,6467,2,19,"[1, 2, 2, 0, 5, 1, 0, 2]",exactly_dominated,142.52605959810367,1342.1604808567977,19.0712942577925,1630.7455517788158,25.698787846848443,2100.86741213498,366.077822957943,444.034575805253,694.16042602064,4.96054700358863
PAL,9792,3,28,"[2, 3, 4, 0, 7, 1, 0, 1]",exactly_dominated,125.0967375482895,424.50872949540286,6.116594582982571,825.9662820341136,11.35186859591423,3319.43650798566,312.902366955026,409.663396285212,648.545143670956,4.55181551428014
PAL,9638,3,25,"[2, 2, 4, 0, 6, 1, 0, 1]",exactly_dominated,123.92798384649849,352.6372995143577,5.069116207110302,757.0387390051492,10.404546134787768,3190.03888678384,322.398680694292,329.162884301326,481.291354448324,3.65736538112584
PAL,9507,3,25,"[2, 2, 4, 0, 6, 1, 0, 1]",exactly_dominated,123.78048697411575,344.82676207586064,4.959810784037858,748.1941906057291,10.282988931540732,3238.8328816519,321.776408896091,329.059769951359,481.499165564728,3.65621966612622
PAL,9911,3,25,"[2, 2, 4, 0, 6, 1, 0, 1]",exactly_dominated,125.24284911014688,432.25958860789734,6.2250705997456866,834.7370562818869,11.472411866155179,3270.64268196051,313.523603253738,409.766679477979,648.276398499884,4.55296310531088
PAL,9012,3,26,"[2, 3, 3, 0, 6, 1, 0, 1]",exactly_dominated,124.96362646895695,407.34790820342806,5.7701560483971575,720.202467442733,10.536568446421237,2889.46436895007,356.896076022594,132.582789237408,80.1165368351772,1.47314210263787
PAL,9442,3,25,"[2, 2, 4, 0, 6, 1, 0, 1]",exactly_dominated,123.27785382004187,306.2665569631841,4.373230526285998,719.222898461112,9.884814927791325,3061.07391332054,334.29496654736,243.197910838084,303.0849461547716,2.70219900931204
PAL,6867,2,18,"[1, 2, 2, 0, 5, 1, 0, 1]",exactly_dominated,142.53163325411748,1342.383621031997,19.07447240258648,1630.5377164949932,25.695512587345064,2100.89403767461,366.05128930263,444.061201344887,694.24082130008,4.93401334827652
PAL,9291,3,27,"[2, 3, 3, 0, 7, 1, 0, 1]",exactly_dominated,123.17502890207828,302.8391156656845,4.33136300007214,712.9203730230956,9.798194635715268,3066.29005088396,333.140661288994,248.414048401402,314.0662974380096,2.76015609334891
PAL,4159,2,10,"[1, 0, 1, 0, 3, 0, 0, 2]",exactly_dominated,169.99025353398795,3090.7271549629163,44.047167982975466,3853.002487045318,60.71915595903287,4567.27539401195,350.275394012084,1039.09482363192,1865.414253251744,12.6474875844351
PAL,9784,3,25,"[2, 2, 4, 0, 6, 1, 0, 1]",exactly_dominated,124.82819080716078,415.6139961925059,6.009163324615587,810.2048201331818,11.135247108729239,3334.0449486669,309.6715817369,424.271836966371,680.188433252324,4.71413152184857
PAL,9550,3,25,"[2, 2, 4, 0, 6, 1, 0, 1]",exactly_dominated,123.8362873224828,350.96353178978563,5.06113094004953,750.8690679690053,10.319751759513947,3161.67062668995,319.899545927618,343.794624207484,512.082879552312,3.81994026897204
PAL,9100,3,23,"[2, 2, 3, 0, 5, 1, 0, 1]",exactly_dominated,124.8174105712476,399.93732745343283,5.666464351097953,729.1820084957681,10.667939211171188,2933.84847495193,356.321546114451,132.42839877974,79.908600212852,1.47142665310822
PAL,9415,3,25,"[2, 2, 4, 0, 6, 1, 0, 1]",exactly_dominated,123.11268602247365,303.5609529462943,4.3508388866154375,709.0482608288339,9.744977319495476,3071.32412189925,332.140856467119,253.448119416786,324.6158970251416,2.81609021574207
PAL,9946,3,28,"[2, 3, 4, 0, 7, 1, 0, 1]",exactly_dominated,125.24284911014688,432.2595886078974,6.2250705997456866,834.7370562818869,11.472411866155179,3270.64268196051,313.523603253738,409.766679477979,648.276398499884,4.55296310531088
PAL,8654,4,41,"[4, 4, 3, 1, 8, 1, 0, 2]",exactly_dominated,126.84613120970334,512.900941880601,7.344524159913189,778.5073157381448,11.38956889087148,3746.20872369241,329.874402040058,323.120737525565,480.000892453604,3.71364027197596
PAL,9696,3,28,"[2, 3, 4, 0, 7, 1, 0, 1]",exactly_dominated,125.0967375482895,424.50872949540275,6.11659458298257,825.9662820341136,11.35186859591423,3319.43650798566,312.902366955026,409.663396285212,648.545143670956,4.55181551428013
PAL,8984,3,25,"[2, 3, 2, 0, 6, 1, 0, 1]",exactly_dominated,124.96362646996542,407.34790839393924,5.770156051168988,720.2024695003984,10.5365684765249,2889.46436898723,356.896076019949,132.58278927498,80.11653690836,1.47314210305534
PAL,7722,3,25,"[2, 2, 4, 0, 6, 1, 0, 1]",exactly_dominated,125.51454792705671,442.12836595495344,6.355267998182695,850.7553545651272,11.692563246661523,3222.47303739834,315.37663628872,404.597034915849,636.591292412168,4.4955226101761
PAL,7667,3,26,"[2, 3, 3, 0, 6, 1, 0, 1]",exactly_dominated,126.41444369049957,501.1891347647415,7.194213356634571,807.5503004723896,11.723862667278494,3131.35325783933,323.784964911491,371.207103107423,565.103580602792,4.12452336786026
PAL,3624,1,7,"[1, 0, 0, 0, 2, 0, 0, 1]",exactly_evaluated,269.90333333333336,9162.495956046057,131.04621372540333,10751.206815131642,184.36255106008994,7849,136,4320,8640,48
PAL,9229,3,26,"[2, 3, 3, 0, 6, 1, 0, 1]",exactly_dominated,126.41444369049957,501.1891347647426,7.194213356634589,807.5503004723896,11.723862667278748,3131.35325783933,323.784964911491,371.207103107424,565.103580602792,4.12452336786026
PAL,9679,3,25,"[2, 2, 4, 0, 6, 1, 0, 1]",exactly_dominated,125.02357547852002,424.41960709780807,6.124753132662969,821.7807770416875,11.29434408950877,3324.54158604376,311.839259830198,414.768474343299,659.551415235136,4.60853860381443
PAL,9383,3,25,"[2, 2, 4, 0, 6, 1, 0, 1]",exactly_dominated,123.12093585503814,299.6948317095826,4.287204807653099,709.6756574912997,9.753600098202964,3084.87766586212,332.906093387823,248.414048400175,314.1914912205408,2.76015609333529
PAL,3653,2,11,"[1, 0, 2, 0, 4, 0, 0, 1]",exactly_dominated,171.1129185432815,3139.829005532728,44.895590957976864,3913.9296123671884,61.679301621277446,5008.78698896908,292.5525535098,1418.78698896929,2682.521424400976,15.7642998774366
PAL,8859,4,40,"[4, 5, 3, 0, 8, 1, 0, 1]",exactly_dominated,125.6177589371945,442.07660198083505,6.3796531950677196,726.2817575286417,10.625508513959844,3715.99342749552,312.284305759921,415.135485832289,660.155592362232,4.61261650924765
PAL,3716,2,12,"[1, 1, 1, 0, 4, 0, 0, 1]",exactly_dominated,144.4465379907519,1537.352743736915,21.856084162546303,2320.4462211178197,36.56772516195476,2229.40573681243,384.405736812459,343.905736865683,493.482221814,4.7831422504766
PAL,9931,3,25,"[2, 2, 4, 0, 6, 1, 0, 1]",exactly_dominated,125.16934990077769,432.24731855540034,6.234357507836877,830.5297376467497,11.414587558642774,3275.73795300268,312.46145810913,414.861950520182,659.25553928084,4.60957722800203
PAL,9032,3,23,"[2, 2, 3, 0, 5, 1, 0, 1]",exactly_dominated,126.83169255131558,515.8945414196463,7.292172450058572,825.5659921760762,12.078037741925062,2809.75008323578,370.181790308279,54.9443107543365,3.413938599049896,0.610492341714853
PAL,9462,3,28,"[2, 3, 4, 0, 7, 1, 0, 1]",exactly_dominated,123.17502890204578,302.8391156641057,4.331363000049527,712.9203730230956,9.798194635715268,3066.29005088273,333.140661289083,248.414048400175,314.066297435594,2.76015609333528
PAL,7885,3,25,"[2, 2, 4, 0, 6, 1, 0, 1]",exactly_dominated,125.24284911014688,432.2595886078974,6.2250705997456866,834.7370562818869,11.472411866155179,3270.64268196051,313.523603253738,409.766679477979,648.276398499884,4.55296310531088
PAL,9177,3,26,"[2, 3, 3, 0, 6, 1, 0, 1]",exactly_dominated,126.41444369049923,501.18913476472716,7.194213356634371,807.5503004723896,11.723862667278482,3131.35325783933,323.78496491149,371.207103107424,565.103580602792,4.12452336786026
PAL,9527,3,25,"[2, 2, 4, 0, 6, 1, 0, 1]",exactly_dominated,124.08231244205989,358.39809518057706,5.148233075480505,766.2931483854672,10.531736362165388,3147.14264076185,323.021473389877,329.266638279346,481.088950248364,3.65851820310385
PAL,9874,3,28,"[2, 3, 4, 0, 7, 1, 0, 1]",exactly_dominated,125.24284911014688,432.25958860789734,6.2250705997456866,834.7370562818869,11.472411866155179,3270.64268196051,313.523603253738,409.766679477979,648.276398499884,4.55296310531088
PAL,7493,4,29,"[1, 4, 4, 2, 6, 1, 0, 1]",exactly_dominated,145.79676174191212,1666.3170672492997,23.85887137324636,2402.192979520767,37.85596574557824,2468.6876116708,324.450189398212,769.19282827704,1359.182111521268,8.54658698085597
PAL,8048,4,44,"[4, 5, 4, 1, 8, 1, 0, 2]",exactly_dominated,126.9405545207075,528.5553536092782,7.551858147193549,836.4808298640501,12.237721913501522,3768.39762106546,339.624013867887,255.886556300066,357.0069995841408,2.92143615681981
PAL,9659,3,25,"[2, 2, 4, 0, 6, 1, 0, 1]",exactly_dominated,125.0967375482895,424.50872949540366,6.116594582982583,825.9662820341136,11.35186859591423,3319.43650798566,312.902366955026,409.663396285212,648.545143670956,4.55181551428014
PAL,9435,3,27,"[2, 3, 4, 0, 6, 1, 0, 1]",exactly_dominated,123.17044707475449,302.4299450436205,4.325806029301169,709.9094113187348,9.756812750814278,3065.52544569575,333.110230994916,248.536009817255,314.3202207023708,2.76151122019172
PAL,9065,3,23,"[2, 2, 3, 0, 5, 1, 0, 1]",exactly_dominated,124.96362646895695,407.34790820342806,5.7701560483971575,720.202467442733,10.536568446421237,2889.46436895007,356.896076022594,132.582789237408,80.1165368351772,1.47314210263787
PAL,9966,3,28,"[2, 3, 4, 0, 7, 1, 0, 1]",exactly_dominated,125.24284911014688,432.2595886078974,6.2250705997456866,834.7370562818869,11.472411866155179,3270.64268196051,313.523603253738,409.766679477979,648.276398499884,4.55296310531088
PAL,8674,4,38,"[4, 4, 3, 0, 8, 1, 0, 1]",exactly_dominated,123.9674675849035,349.34992471350415,5.018425632174986,658.9216003601096,9.640028820883996,3791.88287495942,331.38613469499,259.17320319818,336.8644013795284,2.87970225775756
PAL,9989,3,28,"[2, 3, 4, 0, 7, 1, 0, 1]",exactly_dominated,125.24284911014688,432.2595886078974,6.2250705997456866,834.7370562818869,11.472411866155179,3270.64268196051,313.523603253738,409.766679477979,648.276398499884,4.55296310531088
PAL,9823,3,28,"[2, 3, 4, 0, 7, 1, 0, 1]",exactly_dominated,125.0967375482895,424.5087294954028,6.11659458298257,825.9662820341136,11.35186859591423,3319.43650798567,312.902366955026,409.663396285212,648.545143670956,4.55181551428014
PAL,9570,3,25,"[2, 2, 4, 0, 6, 1, 0, 1]",exactly_dominated,123.99118817433693,353.8497394607903,5.084754747603212,760.83033399346,10.456656843193725,3175.09651843301,322.651182051164,329.163301014185,481.125663918312,3.65737001126873
PAL,7997,4,37,"[4, 3, 3, 0, 8, 1, 0, 2]",exactly_dominated,123.59811411327978,338.3965709005002,4.917951084808942,682.8869445854134,10.761560375338908,3810.87155175835,314.261004307556,361.927869378914,552.111535871136,4.21422111358188
PAL,9120,3,23,"[2, 2, 3, 0, 5, 1, 0, 1]",exactly_dominated,124.96362646895727,407.34790820344244,5.770156048397359,720.2024674427139,10.536568446420958,2889.46436895006,356.896076022595,132.582789237408,80.1165368351772,1.47314210263787
PAL,3612,1,8,"[1, 0, 1, 0, 2, 0, 0, 1]",exactly_dominated,191.95896397164623,4373.841916368098,62.26500265321273,4948.586503374311,79.26763954852015,4991.77688697948,347.417355980689,1488.90196435014,2790.444827282652,16.543355159446
PAL,7651,3,22,"[2, 2, 2, 0, 5, 1, 0, 1]",exactly_evaluated,124.96362646996542,407.34790839393924,5.770156051168988,720.2024695003984,10.5365684765249,2889.46436898723,356.896076019949,132.58278927498,80.11653690836,1.47314210305534
PAL,9970,3,28,"[2, 3, 4, 0, 7, 1, 0, 1]",exactly_dominated,125.24284911014688,432.2595886078974,6.2250705997456866,834.7370562818869,11.472411866155179,3270.64268196051,313.523603253738,409.766679477979,648.276398499884,4.55296310531088
PAL,8232,4,37,"[4, 3, 3, 0, 8, 1, 0, 2]",exactly_dominated,124.2715626571871,388.0964754028695,5.637852735001753,775.0036016753911,10.887053294672484,3567.82499317116,305.391631638734,436.824993171946,708.636824749736,5.09082124209426
PAL,9589,3,28,"[2, 3, 4, 0, 7, 1, 0, 1]",exactly_dominated,124.08231244205989,358.3980951805771,5.148233075480506,766.2931483854672,10.531736362165388,3147.14264076184,323.021473389877,329.266638279346,481.088950248364,3.65851820310385
PAL,6739,2,14,"[1, 0, 2, 0, 4, 1, 0, 2]",exactly_dominated,134.33347628097374,975.8620785138163,13.911998322773503,1714.395851864465,27.017026190581095,2420.80037202797,370.800372027995,241.464929072348,289.8615118894652,2.70534429346978
PAL,9136,3,25,"[2, 3, 3, 0, 5, 1, 0, 1]",exactly_dominated,124.96362646895695,407.34790820342806,5.7701560483971575,720.202467442733,10.536568446421237,2889.46436895006,356.896076022594,132.582789237408,80.1165368351772,1.47314210263787
PAL,9566,3,28,"[2, 3, 4, 0, 7, 1, 0, 1]",exactly_dominated,124.08231244205989,358.39809518057706,5.148233075480505,766.2931483854672,10.531736362165388,3147.14264076185,323.021473389877,329.266638279346,481.088950248364,3.65851820310385
PAL,9835,3,25,"[2, 2, 4, 0, 6, 1, 0, 1]",exactly_dominated,125.16935161365947,432.2503712958567,6.2344021431698735,830.5297376467497,11.414587558642774,3275.73801533086,312.461453703136,414.862012848382,659.25566339648,4.60957792053758
PAL,3645,2,11,"[1, 0, 2, 0, 4, 0, 0, 1]",exactly_dominated,169.25231642561326,3025.9955266164184,43.19333238673024,3802.2968198160015,59.92008943186208,4768.74652925638,325.536071962324,1178.74652925663,2169.456986547408,13.097183658407
PAL,9618,3,28,"[2, 3, 4, 0, 7, 1, 0, 1]",exactly_dominated,124.08231244205989,358.3980951805771,5.148233075480506,766.2931483854672,10.531736362165388,3147.14264076184,323.021473389877,329.266638279346,481.088950248364,3.65851820310385
PAL,7743,3,25,"[2, 2, 4, 0, 6, 1, 0, 1]",exactly_dominated,124.08231244205989,358.3980951805771,5.148233075480506,766.2931483854672,10.531736362165388,3147.14264076185,323.021473389877,329.266638279346,481.088950248364,3.65851820310385
PAL,3583,1,12,"[1, 1, 1, 0, 4, 0, 0, 1]",exactly_dominated,146.68398137612573,1711.225904563825,24.319128893513344,2348.3937597523836,37.00814817302956,1537.59208483572,389.59170986616,384.441696771351,573.136707499148,4.27157440857058
PAL,9474,3,25,"[2, 2, 4, 0, 6, 1, 0, 1]",exactly_dominated,124.08234002869713,358.39940213123197,5.148251790058038,766.2931483854672,10.531736362165388,3147.14369125767,323.021395375022,329.267688775165,481.091040013836,3.65852987527961
PAL,852,2,10,"[1, 0, 1, 0, 3, 0, 0, 2]",exactly_dominated,169.99025353398795,3090.7271549629163,44.047167982975466,3853.002487045318,60.71915595903287,4567.27539401195,350.275394012084,1039.09482363192,1865.414253251744,12.6474875844351
PAL,9024,3,25,"[2, 3, 3, 0, 5, 1, 0, 1]",exactly_dominated,124.96362646895695,407.34790820342806,5.7701560483971575,720.202467442733,10.536568446421237,2889.46436895007,356.896076022594,132.582789237408,80.1165368351772,1.47314210263787
PAL,9927,3,25,"[2, 2, 4, 0, 6, 1, 0, 1]",exactly_dominated,125.1900225145895,429.09856787572437,6.180632953330177,831.5675416737986,11.428850870837982,3289.40811179675,313.289035381806,409.766679482889,648.455641801868,4.55296310536543
PAL,9531,3,28,"[2, 3, 4, 0, 7, 1, 0, 1]",exactly_dominated,124.08231244205989,358.3980951805771,5.148233075480506,766.2931483854682,10.531736362165402,3147.14264076184,323.021473389877,329.266638279346,481.088950248364,3.65851820310385
PAL,9161,3,26,"[2, 3, 3, 0, 6, 1, 0, 1]",exactly_dominated,124.96362646895727,407.34790820344375,5.770156048397377,720.2024674427321,10.536568446421223,2889.46436895007,356.896076022595,132.582789237408,80.1165368351772,1.47314210263787
PAL,9376,3,28,"[2, 3, 4, 0, 7, 1, 0, 1]",exactly_dominated,123.17502890204543,302.8391156640893,4.331363000049299,712.9203730230956,9.798194635715268,3066.29005088273,333.140661289082,248.414048400175,314.066297435594,2.76015609333528
PAL,9726,3,25,"[2, 2, 4, 0, 6, 1, 0, 1]",exactly_dominated,125.15300278883176,427.87786901085065,6.163962058516785,829.3417665463176,11.398260388731384,3299.78918143599,313.151059730763,409.663178953582,648.353730310532,4.55181309948425
PAL,7368,3,27,"[1, 3, 3, 2, 6, 1, 0, 2]",exactly_dominated,139.225104066927,1269.5112437180344,18.028379209270284,2006.3601856883452,31.61806861905924,2332.81937354079,397.770568579476,131.078635156603,152.1302085944752,1.4578109628575
PAL,8072,4,39,"[4, 4, 4, 0, 8, 1, 0, 1]",exactly_dominated,124.31869413782617,363.0833501721764,5.23230339633273,648.5590873215833,9.488425163797046,3635.37491864163,321.211522290454,334.516976978582,493.028895611904,3.71685529976202
PAL,9233,3,26,"[2, 3, 3, 0, 6, 1, 0, 1]",exactly_dominated,126.27686564493504,494.1902706418189,7.096267010087416,809.1634945411033,11.838069056956767,3175.73736384087,323.210435003345,371.11329899503,565.258828763828,4.12348109994478
PAL,8971,3,23,"[2, 2, 3, 0, 5, 1, 0, 1]",exactly_dominated,125.70683590958582,442.74194202759094,6.259458359807544,737.4104011539548,10.78832066828402,2862.45677968877,360.825080303199,121.587192331183,59.6562618727644,1.35096880367982
PAL,9663,3,27,"[2, 3, 3, 0, 7, 1, 0, 1]",exactly_dominated,125.09673754830978,424.50872996950574,6.11659458991839,825.9662820341136,11.35186859591423,3319.43650798639,312.902366954974,409.663396285949,648.545143672424,4.55181551428833
PAL,9399,3,25,"[2, 2, 4, 0, 6, 1, 0, 1]",exactly_dominated,122.86987220281416,289.1194010635241,4.140864329577925,694.6210345752179,9.546693224615428,3157.98221567043,331.894797318429,248.209103969864,314.3301295469356,2.75787893299849
PAL,9819,3,28,"[2, 3, 4, 0, 7, 1, 0, 1]",exactly_dominated,125.0967375482895,424.5087294954028,6.11659458298257,825.9662820341136,11.35186859591423,3319.43650798567,312.902366955026,409.663396285212,648.545143670956,4.55181551428014
PAL,3517,1,12,"[1, 1, 1, 0, 4, 0, 0, 1]",exactly_dominated,146.65362786986495,1708.1386026823225,24.185818388362726,2344.8307608557952,36.951999160302165,1296.87747062278,425.877458303945,145.964417035775,102.6197251900448,1.62182685595306
PAL,9771,3,28,"[2, 3, 4, 0, 7, 1, 0, 1]",exactly_dominated,125.0967375482895,424.50872949540286,6.116594582982571,825.9662820341136,11.35186859591423,3319.43650798566,312.902366955026,409.663396285212,648.545143670956,4.55181551428014
PAL,4143,2,10,"[1, 0, 1, 0, 3, 0, 0, 2]",exactly_dominated,169.99025353398795,3090.7271549629163,44.047167982975466,3853.002487045318,60.71915595903287,4567.27539401195,350.275394012084,1039.09482363192,1865.414253251744,12.6474875844351
PAL,9321,3,28,"[2, 3, 4, 0, 7, 1, 0, 1]",exactly_dominated,123.17502890204543,302.8391156640908,4.331363000049319,712.9203730230956,9.798194635715268,3066.29005088273,333.140661289082,248.414048400175,314.066297435594,2.76015609333528
PAL,9264,3,26,"[2, 3, 3, 0, 6, 1, 0, 1]",exactly_dominated,126.41444369049955,501.1891347647423,7.194213356634583,807.5503004723896,11.72386266727876,3131.35325783933,323.784964911491,371.207103107424,565.103580602792,4.12452336786026
PAL,4285,2,11,"[1, 0, 2, 0, 4, 0, 0, 1]",exactly_dominated,174.7421738199879,3351.201569414407,47.53249947848656,4132.803334768949,65.12851498943127,4143.53386428173,444.20034374194,553.533864282114,800.367455375684,6.15037626980127
PAL,3540,1,12,"[1, 1, 1, 0, 4, 0, 0, 1]",exactly_dominated,146.16034869220368,1678.1327125403811,23.79074861848395,2314.570973758089,36.475137611873286,1376.59181169913,412.59173772064,224.819714160818,253.6863290814048,2.49799682400908
PAL,8619,4,39,"[4, 3, 3, 1, 8, 1, 0, 2]",exactly_dominated,124.98770257593861,426.8237087052886,6.127128846297851,768.14087089453,11.821112594474076,3609.68314602016,331.823211010401,272.788025847563,388.534295722416,3.13599528467644
PAL,9008,3,23,"[2, 2, 3, 0, 5, 1, 0, 1]",exactly_dominated,124.96362646895695,407.34790820342806,5.7701560483971575,720.202467442733,10.536568446421237,2889.46436895007,356.896076022594,132.582789237408,80.1165368351772,1.47314210263787
PAL,9458,3,25,"[2, 2, 4, 0, 6, 1, 0, 1]",exactly_dominated,128.3141794310078,579.772470906348,8.295040584718814,801.9889985554082,12.638480054046655,3094.07755473076,329.095483929114,375.963056175411,571.312702120988,4.1773672908379
PAL,9337,3,25,"[2, 2, 4, 0, 6, 1, 0, 1]",exactly_dominated,123.17502890204543,302.8391156640893,4.331363000049299,712.9203730230956,9.798194635715268,3066.29005088273,333.140661289082,248.414048400175,314.066297435594,2.76015609333528
PAL,4155,2,10,"[1, 0, 1, 0, 3, 0, 0, 2]",exactly_dominated,169.99025353398795,3090.7271549629163,44.047167982975466,3853.002487045318,60.71915595903287,4567.27539401195,350.275394012084,1039.09482363192,1865.414253251744,12.6474875844351
PAL,9767,3,28,"[2, 3, 4, 0, 7, 1, 0, 1]",exactly_dominated,125.0967375482895,424.50872949540286,6.116594582982571,825.9662820341136,11.35186859591423,3319.43650798566,312.902366955026,409.663396285212,648.545143670956,4.55181551428014
PAL,9272,3,24,"[2, 2, 3, 0, 6, 1, 0, 1]",exactly_dominated,123.06539850800216,298.7607610491578,4.275380486637898,706.3442268623912,9.707813770651386,3097.83597078766,332.686581192578,248.414048401402,314.309254717252,2.76015609334891
PAL,4440,2,9,"[1, 0, 0, 0, 4, 0, 0, 1]",exactly_evaluated,183.5773971776254,3859.4965334004987,54.68746795684197,4662.700776881937,73.47912611364688,3977.78544664599,474.77905080617,402.285446646021,480.958161519424,13.4095148882007
PAL,9788,3,25,"[2, 2, 4, 0, 6, 1, 0, 1]",exactly_dominated,125.0967375482895,424.50872949540286,6.116594582982571,825.9662820341136,11.35186859591423,3319.43650798566,312.902366955026,409.663396285212,648.545143670956,4.55181551428014
PAL,9622,3,25,"[2, 2, 4, 0, 6, 1, 0, 1]",exactly_dominated,123.99118817433693,353.84973946079026,5.0847547476032116,760.83033399346,10.456656843193725,3175.09651843301,322.651182051164,329.163301014185,481.125663918312,3.65737001126873
PAL,9858,3,25,"[2, 2, 4, 0, 6, 1, 0, 1]",exactly_dominated,125.36293149434798,436.68059318593527,6.280624028769176,841.6530426028185,11.567463407161197,3265.36612908258,314.760147338216,404.490126600114,636.8335786155,4.49433474000126
PAL,4293,2,10,"[1, 0, 1, 0, 4, 0, 0, 1]",exactly_dominated,178.8149277352171,3595.705374652632,50.939193476129105,4377.168993036474,68.97945372234547,3977.03299752244,474.819163448547,431.500137369165,567.531335501304,4.79444597076851
PAL,9730,3,25,"[2, 2, 4, 0, 6, 1, 0, 1]",exactly_dominated,125.21823861954338,429.04861400067284,6.173820890305654,832.9661237241517,11.448072623591756,3314.15678440163,314.144574410113,404.383672701202,637.0803856428,4.49315191890225
PAL,9360,3,25,"[2, 2, 4, 0, 6, 1, 0, 1]",exactly_dominated,122.91805435324756,294.91633930789794,4.237512718347022,697.1382313928943,9.581288931638655,3080.7510424891,330.02491553695,262.87504000675,344.4899338533732,2.92083377785277
PAL,8988,3,22,"[2, 2, 2, 0, 5, 1, 0, 1]",exactly_dominated,124.81741057203968,399.9373283046881,5.666464363539786,729.1820199346612,10.667939378522295,2933.84847498115,356.321546112366,132.428398809299,79.9086002704272,1.47142665343666
PAL,9675,3,25,"[2, 2, 4, 0, 6, 1, 0, 1]",exactly_dominated,125.19002250756712,429.0985675033288,6.180632948119387,831.5675412522814,11.42885086504476,3289.40811405928,313.289035352452,409.766679477979,648.455641810104,4.55296310531088
PAL,3628,1,7,"[1, 0, 0, 0, 2, 0, 0, 1]",exactly_evaluated,269.90333333333336,9162.495956046057,131.04621372540333,10751.206815131642,184.36255106008994,7849,136,4320,8640,48
PAL,9049,3,26,"[2, 3, 3, 0, 6, 1, 0, 1]",exactly_dominated,124.96362646895695,407.3479082034267,5.770156048397139,720.2024674427139,10.536568446420958,2889.46436895007,356.896076022594,132.582789237408,80.1165368351772,1.47314210263787
PAL,7954,3,27,"[2, 3, 4, 0, 6, 1, 0, 1]",exactly_dominated,125.4249757000563,439.1431408884558,6.320782759932871,834.5544934916052,11.469902770020312,3224.30835652966,314.188854150164,410.261525134492,648.753971701016,4.55846139038324
PAL,9419,3,25,"[2, 2, 4, 0, 6, 1, 0, 1]",exactly_dominated,123.17502890204578,302.8391156641057,4.331363000049527,712.9203730230956,9.798194635715268,3066.29005088273,333.140661289083,248.414048400175,314.066297435594,2.76015609333528
NTSC-U,7802,3,25,"[2, 2, 4, 0, 6, 1, 0, 1]",exactly_dominated,118.12067793638835,392.0723399477502,5.903155513388255,683.7977909330484,9.968505937249759,3227.12202846399,315.856389779257,425.914458492688,394.306347398226,3.54928715410573
NTSC-U,7947,3,27,"[2, 3, 4, 0, 6, 1, 0, 1]",exactly_dominated,118.11496375207558,391.64227543562174,5.8969428537363955,681.5243878997371,9.935363929574649,3226.35818115349,315.824851106968,426.037146131276,394.4918002776048,3.55030955109397
NTSC-U,9959,3,25,"[2, 2, 4, 0, 6, 1, 0, 1]",exactly_dominated,117.9262603941816,384.45485558080554,5.791268343189725,672.1304385202902,10.047594258662798,3270.01862243824,315.234068638257,425.811075238611,394.6445600601152,3.54842562698843
NTSC-U,9373,3,25,"[2, 2, 4, 0, 6, 1, 0, 1]",exactly_dominated,118.00292217452312,383.1344880117695,5.713475626297697,679.7465612762035,9.909446508537192,3066.33386436417,333.974537317715,264.865728746685,171.0026600646472,2.20721440622237
NTSC-U,9689,3,28,"[2, 3, 4, 0, 7, 1, 0, 1]",exactly_dominated,117.73211452295206,373.99682353887425,5.635502865317854,660.4793665239185,10.088862869217747,3318.81296683242,314.612266417746,425.708333387952,394.9870887266592,3.5475694448996
NTSC-U,9723,3,27,"[2, 3, 4, 0, 6, 1, 0, 1]",exactly_dominated,117.72706659270098,373.64154819032404,5.630405950062964,658.4159498098816,10.087355503833336,3318.11615031203,314.584161428333,425.819674644123,395.1542439161012,3.54849728870102
NTSC-U,7697,3,25,"[2, 2, 4, 0, 6, 1, 0, 1]",exactly_dominated,118.04883606853421,387.86849424635744,5.840381987277457,679.4872164691678,9.905665741352786,3245.70964344348,315.621821878052,425.914458492688,394.4857334757596,3.54928715410574
NTSC-U,8427,4,37,"[4, 3, 3, 0, 8, 1, 0, 2]",exactly_dominated,115.45754204861191,256.5458707381601,3.859952707447219,493.6995379798245,7.669932927166393,3789.89521155158,322.444556348088,294.610269522374,215.9514455034652,2.7055544150633
NTSC-U,6069,2,15,"[1, 1, 2, 0, 4, 1, 0, 1]",exactly_dominated,131.20155959677894,1188.3393252500025,17.922396079865575,1801.020983636883,29.665615074186842,1496.69738735011,348.697387350105,499.729995763802,476.86340483926,4.16441663136501
NTSC-U,9666,3,24,"[2, 2, 3, 0, 6, 1, 0, 1]",exactly_dominated,117.7317038201686,373.9747119351926,5.635173525573879,660.454720086751,10.088950258072266,3318.91564126408,314.61095800397,425.708117196381,394.9877265444012,3.54756764330317
NTSC-U,9148,3,23,"[2, 2, 3, 0, 5, 1, 0, 1]",exactly_dominated,121.26027169244195,579.670215013812,8.628146658625074,850.6319986197823,13.125785608909524,2889.46436895004,356.896076022593,139.762651076203,20.94070371794832,1.16468875896836
NTSC-U,4280,2,10,"[1, 0, 1, 0, 4, 0, 0, 1]",exactly_dominated,170.54688491774297,3513.784340862985,52.66225250400747,4373.68212953671,68.45276935037592,3977.6049609827,475.08514387932,446.894053781938,314.3398902636424,3.72411711484948
NTSC-U,7855,3,28,"[2, 3, 4, 0, 7, 1, 0, 1]",exactly_dominated,118.12067793638835,392.07233994775015,5.903155513388254,683.7977909330484,9.968505937249759,3227.12202846399,315.856389779257,425.914458492688,394.306347398226,3.54928715410573
NTSC-U,9518,3,25,"[2, 2, 4, 0, 6, 1, 0, 1]",exactly_dominated,117.73340242237272,369.26329655502633,5.534854494140696,662.9285844810802,9.664271540501751,3174.98253476368,323.91871894196,345.826768955335,282.3271895116796,2.88188974129446
NTSC-U,8309,4,38,"[4, 3, 4, 0, 8, 1, 0, 2]",exactly_dominated,116.66439949352288,307.54039615524175,4.611824238102557,598.571188720698,8.726059849487212,3459.75037942863,320.51805160153,345.491334045348,284.3304072159212,3.11805138834708
NTSC-U,7506,4,31,"[1, 4, 4, 3, 6, 1, 0, 1]",exactly_dominated,142.7152804922063,1881.7812049815382,28.432017116634782,2491.8443803923683,41.044550221853264,2580.02628462576,336.742250027887,912.529005072582,1026.76912230358,7.60440837560481
NTSC-U,8866,4,36,"[4, 3, 3, 0, 8, 1, 0, 1]",exactly_dominated,117.1068064856916,343.31983279335776,5.158404670997602,620.1657397875088,9.56954659082855,3767.61685681785,321.102683296095,351.100876982895,291.3775133511368,2.92584064152413
NTSC-U,9774,3,28,"[2, 3, 4, 0, 7, 1, 0, 1]",exactly_dominated,117.73211452295205,373.9968235388722,5.635502865317821,660.4793665239185,10.088862869217747,3318.81296683241,314.612266417746,425.708333387952,394.9870887266592,3.5475694448996
NTSC-U,9324,3,27,"[2, 3, 4, 0, 6, 1, 0, 1]",exactly_dominated,118.03270091253424,384.3342143248106,5.732099289453153,672.3552500864025,9.801694874272545,3062.89133806802,334.025764682037,265.254741686614,171.4684685475252,2.21045618072178
NTSC-U,9631,3,25,"[2, 2, 4, 0, 6, 1, 0, 1]",exactly_dominated,117.85164529907662,375.2820624959875,5.624294118267649,670.0209496260914,9.767665094845814,3147.02800599414,324.289577347363,345.929340449736,282.216264371874,2.8827445037478
NTSC-U,7785,3,25,"[2, 2, 4, 0, 6, 1, 0, 1]",exactly_dominated,118.12067793638835,392.07233994775015,5.903155513388254,683.7977909330484,9.968505937249759,3227.12202846399,315.856389779257,425.914458492688,394.306347398226,3.54928715410573
NTSC-U,3800,2,13,"[1, 1, 1, 0, 5, 0, 0, 1]",exactly_dominated,133.24840178091137,1274.2811810110304,19.2426648417016,1923.6316577146727,31.685203460010797,2543.8164340891,336.526460580368,659.505088161647,692.529752525096,5.49587573468039
NTSC-U,7843,3,25,"[2, 2, 4, 0, 6, 1, 0, 1]",exactly_dominated,118.12067793638835,392.0723399477503,5.903155513388256,683.7977909330484,9.968505937249759,3227.12202846399,315.856389779257,425.914458492688,394.306347398226,3.54928715410573
NTSC-U,4279,2,10,"[1, 0, 1, 0, 4, 0, 0, 1]",exactly_dominated,170.54688491774297,3513.6703547649536,52.660567284324024,4373.68212953671,68.45276935037562,3977.6049609827,475.08514387932,446.894053781938,314.3398902636424,3.72411711484948
NTSC-U,7906,3,28,"[2, 3, 4, 0, 7, 1, 0, 1]",exactly_dominated,118.12067793638835,392.0723399477502,5.903155513388255,683.7977909330484,9.968505937249759,3227.12202846399,315.856389779257,425.914458492688,394.306347398226,3.54928715410573
NTSC-U,9918,3,28,"[2, 3, 4, 0, 7, 1, 0, 1]",exactly_dominated,117.9262603941816,384.45485558080554,5.791268343189724,672.1304385202902,10.047594258662476,3270.01862243824,315.234068638257,425.811075238611,394.6445600601152,3.54842562698842
NTSC-U,9332,3,25,"[2, 2, 4, 0, 6, 1, 0, 1]",exactly_dominated,117.54930925587587,364.3970355866257,5.450831815079687,652.6220769531692,9.514021740273382,3080.80032486204,330.935609407538,279.44065411636,191.1764990007888,2.32867211763633
NTSC-U,9762,3,25,"[2, 2, 4, 0, 6, 1, 0, 1]",exactly_dominated,117.73211452295205,373.99682353887215,5.635502865317819,660.4793665239185,10.088862869217733,3318.81296683241,314.612266417746,425.708333387952,394.9870887266592,3.5475694448996
NTSC-U,9298,3,25,"[2, 2, 4, 0, 6, 1, 0, 1]",exactly_dominated,117.8831844589267,377.04250083149685,5.622939851350899,672.5782468525103,9.804945754308148,3094.28848585764,333.603325032767,264.761782295581,171.056624239284,2.20634818579651
NTSC-U,7269,3,21,"[1, 3, 3, 0, 5, 1, 0, 1]",exactly_dominated,128.60997399452864,1033.1234081870336,15.623001461853017,1645.525990531688,27.104370839204577,1935.80006891593,333.33240100309,538.41623035791,535.493666196916,5.84998005806265
NTSC-U,7793,3,25,"[2, 2, 4, 0, 6, 1, 0, 1]",exactly_dominated,118.12067793638835,392.0723399477503,5.903155513388256,683.7977909330484,9.968505937249759,3227.12202846399,315.856389779257,425.914458492688,394.306347398226,3.54928715410573
NTSC-U,8036,4,41,"[4, 4, 4, 1, 8, 1, 0, 1]",exactly_dominated,119.3420711700848,459.23691726931315,6.914339961446399,718.2755835012749,11.083443054634309,3825.31625897276,321.679528269066,401.846383480055,365.3484492548364,3.34871986233379
NTSC-U,6478,2,20,"[1, 2, 3, 0, 5, 1, 0, 2]",exactly_dominated,129.0452922019109,1055.4662811595415,15.904574480837647,1636.0288961746983,26.947938933037243,1855.23943678919,350.992744692936,418.884776842576,365.7708464053424,3.88084816495926
NTSC-U,9627,3,25,"[2, 2, 4, 0, 6, 1, 0, 1]",exactly_dominated,117.72361703509621,372.2463255568445,5.587653518744896,662.1279756490376,9.652600145827105,3152.06678694941,323.305778556984,350.961581165774,289.5372504437608,2.92467984304812
NTSC-U,7814,3,25,"[2, 2, 4, 0, 6, 1, 0, 1]",exactly_dominated,118.12067793638835,392.0723399477503,5.903155513388256,683.7977909330484,9.968505937249759,3227.12202846399,315.856389779257,425.914458492688,394.306347398226,3.54928715410573
NTSC-U,9559,3,25,"[2, 2, 4, 0, 6, 1, 0, 1]",exactly_dominated,117.45927359470687,357.08616645508846,5.3548845548942685,646.4809865153775,9.854747825953057,3238.71954988747,323.043377668336,345.724004129222,282.780127699904,2.88103336774352
NTSC-U,7951,3,26,"[2, 3, 3, 0, 6, 1, 0, 1]",exactly_dominated,118.14856725034159,393.2544879050725,5.9215279125426,677.131087237176,9.871317738844631,3223.68179908322,315.902031147376,426.303299901154,394.7827493757992,3.55252749917628
NTSC-U,7681,3,24,"[2, 2, 3, 0, 6, 1, 0, 1]",exactly_dominated,118.00369606170416,386.1044262265987,5.814465722097459,676.7766614470538,9.866150866941862,3255.07625269089,315.48656810107,425.811490463441,394.4513186398512,3.54842908719534
NTSC-U,9735,3,25,"[2, 2, 4, 0, 6, 1, 0, 1]",exactly_dominated,117.73211452295206,373.99682353887414,5.635502865317851,660.4793665239185,10.088862869217733,3318.81296683242,314.612266417746,425.708333387952,394.9870887266592,3.5475694448996
NTSC-U,9365,3,25,"[2, 2, 4, 0, 6, 1, 0, 1]",exactly_dominated,118.0029018832601,383.1333955779757,5.713459002074657,679.7466210235771,9.909447379543293,3066.3337146566,333.974557274432,264.865005900487,171.0016926670268,2.20720838250405
NTSC-U,9670,3,27,"[2, 3, 3, 0, 7, 1, 0, 1]",exactly_dominated,117.7321145229621,373.9968236397322,5.635502866874124,660.4793665239185,10.088862887818088,3318.81296683313,314.612266417697,425.708333388671,394.9870887276084,3.54756944490559
NTSC-U,4042,2,10,"[1, 0, 1, 0, 3, 0, 0, 2]",exactly_dominated,148.399343273773,2162.9333277149512,32.83607572408571,2832.6881472863706,46.658776863841105,5067.21190194854,279.211901948596,1548.64677450846,1923.150464062664,14.1848173910946
NTSC-U,9220,3,26,"[2, 3, 3, 0, 6, 1, 0, 1]",exactly_dominated,119.2029322538819,458.57648179014814,6.890505602876903,718.5885797810133,11.088272783672126,3118.26303810705,325.546136938933,371.026891772245,316.4997148107536,3.09189076476872
NTSC-U,8061,4,38,"[4, 4, 3, 0, 8, 1, 0, 1]",exactly_dominated,117.21162750349927,331.7633321260698,4.988868511471872,589.9176294610425,9.102799264294804,3788.84477073424,321.32854206356,352.025996350447,292.4380024279784,2.93354996958705
NTSC-U,8431,4,38,"[4, 3, 3, 1, 8, 1, 0, 1]",exactly_dominated,118.88920430526657,439.58812135168364,6.570995271387132,704.018678720473,10.863450066005758,3738.81702721516,335.375485296199,255.723682899349,192.7413899672012,2.13103069082791
NTSC-U,9934,3,25,"[2, 2, 4, 0, 6, 1, 0, 1]",exactly_dominated,119.85673602277151,500.369153643632,7.605082693087589,782.2380694234726,11.830675942507405,3507.97429170281,293.365980808841,663.787088160388,730.008827019276,5.53155906800323
NTSC-U,9037,3,23,"[2, 2, 3, 0, 5, 1, 0, 1]",exactly_dominated,121.2602716924413,579.6702150137875,8.62814665862471,850.6319986198041,13.125785608909862,2889.46436895005,356.896076022591,139.762651076203,20.94070371794828,1.16468875896836
NTSC-U,9467,3,24,"[2, 2, 3, 0, 6, 1, 0, 1]",exactly_dominated,117.77919428282642,371.045634176784,5.561032351730993,665.6729128404377,9.704278767648082,3165.61562097464,324.055009446097,345.929340450938,282.372586613896,2.88274450375782
NTSC-U,9172,3,25,"[2, 3, 2, 0, 6, 1, 0, 1]",exactly_dominated,119.81637713704473,491.7854822565169,7.426168807869847,756.5163923528589,11.673522735755663,3212.35325787649,314.784964908862,480.758337012214,469.420760408716,4.00631947510178
NTSC-U,9488,3,27,"[2, 3, 3, 0, 7, 1, 0, 1]",exactly_dominated,117.85164529909422,375.28206249673843,5.624294118279164,670.0209496260914,9.767665094845814,3147.02800599534,324.289577347284,345.929340450938,282.2162643734484,2.88274450375782
NTSC-U,9522,3,25,"[2, 2, 4, 0, 6, 1, 0, 1]",exactly_dominated,118.0256936114824,382.56349248652776,5.726636266822399,680.6402838296417,9.922475328896565,3141.7904003091,325.440011780261,340.696842627968,274.5443399683216,2.83914035523307
NTSC-U,9871,3,28,"[2, 3, 4, 0, 7, 1, 0, 1]",exactly_dominated,117.9262603941816,384.45485558080554,5.791268343189724,672.1304385202902,10.047594258662476,3270.01862243824,315.234068638257,425.811075238611,394.6445600601152,3.54842562698842
NTSC-U,4039,2,10,"[1, 0, 1, 0, 3, 0, 0, 2]",exactly_dominated,148.399343273773,2162.9333277149512,32.83607572408571,2832.6881472863706,46.658776863841105,5067.21190194854,279.211901948596,1548.64677450846,1923.150464062664,14.1848173910946
NTSC-U,3656,2,11,"[1, 0, 2, 0, 4, 0, 0, 1]",exactly_dominated,149.8410043964173,2273.3901889766325,34.43906105770094,2912.479262390357,47.97306055543647,4992.39352691896,299.233581238093,1419.08284815642,1730.376882970592,11.8256904013035
NTSC-U,3713,2,12,"[1, 1, 1, 0, 4, 0, 0, 1]",exactly_dominated,137.98513822301894,1559.4226757651493,23.410576922923255,2207.8358442411272,36.36648817382957,2230.40573681243,384.405736812459,343.905736865683,264.2117305702096,3.81228888692236
NTSC-U,9430,3,25,"[2, 2, 4, 0, 6, 1, 0, 1]",exactly_dominated,121.54955452335366,573.9807473808045,8.617573840477482,710.9142964220173,11.435530030999168,3092.40205208026,330.499541989053,390.732613663778,340.1986786300664,3.25610511386482
NTSC-U,9963,3,28,"[2, 3, 4, 0, 7, 1, 0, 1]",exactly_dominated,117.92626039418226,384.4548555808356,5.791268343190169,672.1304385202902,10.047594258662798,3270.01862243824,315.234068638259,425.811075238611,394.6445600601152,3.54842562698843
NTSC-U,9826,3,28,"[2, 3, 4, 0, 7, 1, 0, 1]",exactly_dominated,117.73211452295206,373.99682353887255,5.635502865317825,660.4793665239185,10.088862869217733,3318.81296683241,314.612266417746,425.708333387952,394.9870887266592,3.5475694448996
NTSC-U,9575,3,25,"[2, 2, 4, 0, 6, 1, 0, 1]",exactly_dominated,117.72361703509621,372.2463255568462,5.587653518744922,662.1279756490376,9.652600145827105,3152.06678694941,323.305778556984,350.961581165774,289.5372504437608,2.92467984304812
NTSC-U,7642,3,24,"[2, 2, 3, 0, 5, 1, 0, 2]",exactly_dominated,130.6305882991297,1122.713490521093,16.762660783802332,1556.1478917599761,22.26167428139592,3036.96142797639,390.573855747333,10.2396308849059,0.03538193926498336,0.0853302573742157
NTSC-U,3601,1,8,"[1, 0, 1, 0, 2, 0, 0, 1]",exactly_evaluated,170.19193122505237,3469.019054037349,52.31190444807218,3856.4416675510083,63.52158864612607,4989.48280822981,353.519678818073,1504.84622653471,1816.314914582628,12.5403852211227
NTSC-U,9349,3,28,"[2, 3, 4, 0, 7, 1, 0, 1]",exactly_dominated,118.0029018832601,383.1333955779757,5.713459002074657,679.7466210235771,9.909447379543293,3066.3337146566,333.974557274432,264.865005900487,171.0016926670268,2.20720838250405
NTSC-U,9719,3,28,"[2, 3, 4, 0, 7, 1, 0, 1]",exactly_dominated,117.73211452295206,373.99682353887414,5.635502865317851,660.4793665239185,10.088862869217733,3318.81296683242,314.612266417746,425.708333387952,394.9870887266592,3.5475694448996
NTSC-U,8108,4,37,"[4, 3, 3, 0, 8, 1, 0, 2]",exactly_dominated,115.93920649919475,286.5626391786606,4.316893999930276,558.3719597068393,8.616029781422093,3870.10546178731,323.437710150412,298.785735073501,220.7817428976952,2.74364094611557
NTSC-U,7707,3,25,"[2, 2, 4, 0, 6, 1, 0, 1]",exactly_dominated,117.98072567255153,386.5350516502162,5.821783097434093,675.4005304105676,9.882862596761566,3258.66794836784,315.402309682919,425.914458492688,394.6540874142396,3.54928715410574
NTSC-U,9975,3,25,"[2, 2, 4, 0, 6, 1, 0, 1]",exactly_dominated,117.85449234145429,380.15292206431917,5.726979624866253,667.8242797450603,9.981006593637971,3288.78405227444,314.999500766354,425.811075243495,394.8252945103292,3.54842562702912
NTSC-U,9426,3,28,"[2, 3, 4, 0, 7, 1, 0, 1]",exactly_dominated,118.0029018832601,383.1333955779757,5.713459002074657,679.7466210235771,9.909447379543293,3066.3337146566,333.974557274432,264.865005900487,171.0016926670268,2.20720838250405
NTSC-U,7984,4,39,"[4, 4, 3, 0, 8, 1, 0, 2]",exactly_dominated,117.81315909604017,388.4564349085551,5.839741118663682,689.7409343594127,10.643135509574567,3726.97399321007,323.042733216763,353.887132275988,293.9837943454828,3.19655949783888
NTSC-U,9563,3,28,"[2, 3, 4, 0, 7, 1, 0, 1]",exactly_dominated,117.8516452990763,375.2820624959724,5.624294118267426,670.0209496260914,9.767665094845814,3147.02800599414,324.289577347362,345.929340449736,282.216264371874,2.8827445037478
NTSC-U,9099,3,23,"[2, 2, 3, 0, 5, 1, 0, 1]",exactly_dominated,121.07069961487352,569.825900812904,8.481496775398192,856.4808799869888,13.216037519256735,2933.84847495192,356.321546114449,139.648225076473,20.84282909911052,1.16373520897061
NTSC-U,9830,3,24,"[2, 2, 3, 0, 6, 1, 0, 1]",exactly_dominated,118.00291094001237,386.0616142277733,5.8138279265712995,676.7295460511859,9.865464011690687,3255.26862238963,315.484068638149,425.811075239539,394.4525148053868,3.54842562699616
NTSC-U,3617,1,8,"[1, 0, 1, 0, 2, 0, 0, 1]",exactly_evaluated,170.19193122505237,3469.019054037349,52.31190444807218,3856.4416675510083,63.52158864612607,4989.48280822981,353.519678818073,1504.84622653471,1816.314914582628,12.5403852211227
NTSC-U,7654,3,23,"[2, 2, 3, 0, 5, 1, 0, 1]",exactly_dominated,121.26027169244195,579.6702150138141,8.628146658625104,850.6319986198223,13.125785608910142,2889.46436895004,356.896076022593,139.762651076203,20.94070371794828,1.16468875896837
NTSC-U,7711,3,25,"[2, 2, 4, 0, 6, 1, 0, 1]",exactly_dominated,118.63313653290082,415.29592910493733,6.235499746250915,714.2753798673257,10.412812763438597,3216.60680561997,318.694348190421,415.403511968557,378.3307267581168,3.46169593307131
NTSC-U,7896,3,25,"[2, 2, 4, 0, 6, 1, 0, 1]",exactly_dominated,118.12069817260736,392.0734286971461,5.90317208042313,683.7977323924124,9.968505083835657,3227.12217271857,315.85636988241,425.915175684852,394.3073171175524,3.5492931307071
NTSC-U,9471,3,25,"[2, 2, 4, 0, 6, 1, 0, 1]",exactly_dominated,117.72361813396559,372.2463723481105,5.587654236893553,662.1279756490376,9.652600145827105,3152.06686433323,323.305773370177,350.961658544357,289.5373518147536,2.92468048786965
NTSC-U,9888,3,25,"[2, 2, 4, 0, 6, 1, 0, 1]",exactly_dominated,117.9262603941816,384.45485558080554,5.791268343189724,672.1304385202902,10.047594258662476,3270.01862243824,315.234068638257,425.811075238611,394.6445600601152,3.54842562698842
NTSC-U,8630,4,38,"[4, 3, 3, 1, 8, 1, 0, 1]",exactly_dominated,118.17161362505716,414.32031685545377,6.262553523259179,679.2580616168443,10.228103663355972,3523.47735739331,315.82214151108,422.429404509447,394.3673941381568,3.52024503757873
NTSC-U,9922,3,28,"[2, 3, 4, 0, 7, 1, 0, 1]",exactly_dominated,117.9262603941816,384.45485558080554,5.791268343189724,672.1304385202902,10.047594258662476,3270.01862243824,315.234068638257,425.811075238611,394.6445600601152,3.54842562698842
NTSC-U,9867,3,28,"[2, 3, 4, 0, 7, 1, 0, 1]",exactly_dominated,117.92626039418226,384.4548555808355,5.791268343190166,672.1304385202902,10.047594258662476,3270.01862243825,315.234068638259,425.811075238611,394.6445600601152,3.54842562698843
NTSC-U,9534,3,25,"[2, 2, 4, 0, 6, 1, 0, 1]",exactly_dominated,117.65531379999388,367.62833654884315,5.511898183878678,658.242240998291,9.811596365111237,3189.92490574011,323.666215298362,345.826355330486,282.4957303240184,2.88188629442072
NTSC-U,3569,1,12,"[1, 1, 1, 0, 4, 0, 0, 1]",exactly_dominated,140.7799046524662,1761.5868507002351,26.442875625546336,2270.027642058086,37.39088375365449,1537.59208483571,389.591709866157,392.922315809151,328.1497350353124,3.27435263174292
NTSC-U,3640,2,11,"[1, 0, 2, 0, 4, 0, 0, 1]",exactly_dominated,149.67438536473404,2263.42280554102,34.29098296400047,2902.9871186323135,47.816710193328895,4995.31203642432,298.365155005876,1422.00135767156,1735.136655222828,11.8500113139297
NTSC-U,9308,3,25,"[2, 2, 4, 0, 6, 1, 0, 1]",exactly_dominated,118.0029018832601,383.1333955779757,5.713459002074657,679.7466210235771,9.909447379543293,3066.3337146566,333.974557274432,264.865005900487,171.0016926670268,2.20720838250405
NTSC-U,9758,3,25,"[2, 2, 4, 0, 6, 1, 0, 1]",exactly_dominated,117.27597904543329,354.68882555719125,5.364523538928565,633.1099231919952,9.564981739694888,3333.35192024078,311.46147134071,440.247579040576,416.765327658124,3.66872982533813
NTSC-U,8149,4,36,"[4, 3, 3, 0, 8, 1, 0, 1]",exactly_dominated,115.90108629819285,283.49949899965867,4.299805519042441,554.9356181712647,8.655070319803313,3952.45198008539,313.981787459607,379.176339418832,333.6604187893048,3.15980282849027
NTSC-U,7746,3,25,"[2, 2, 4, 0, 6, 1, 0, 1]",exactly_dominated,117.85164529907662,375.2820624959875,5.624294118267649,670.0209496260914,9.767665094845814,3147.02800599414,324.289577347363,345.929340449736,282.216264371874,2.8827445037478
NTSC-U,7731,3,24,"[2, 2, 3, 0, 6, 1, 0, 1]",exactly_dominated,118.00290188327658,383.1333955786797,5.713459002085475,679.7466210235771,9.909447379543293,3066.3337146578,333.97455727435,264.865005901694,171.001692668592,2.20720838251412
NTSC-U,9685,3,25,"[2, 2, 4, 0, 6, 1, 0, 1]",exactly_dominated,117.73211452295206,373.9968235388742,5.635502865317853,660.4793665239185,10.088862869217733,3318.81296683242,314.612266417746,425.708333387952,394.9870887266592,3.5475694448996
NTSC-U,8978,3,22,"[2, 2, 2, 0, 5, 1, 0, 1]",exactly_evaluated,118.77935307155758,438.10751708096444,6.587422193521597,701.0350935592987,10.817411474423215,3131.35325787647,323.784964908839,374.926154770293,322.590914081258,3.12438462308578
NTSC-U,9390,3,25,"[2, 2, 4, 0, 6, 1, 0, 1]",exactly_dominated,120.28886376292611,516.9736477482749,7.676293389589649,762.9198633040378,11.490543506281206,2905.66005407692,356.028944490588,103.533759846723,7.45366306296924,0.862781332056029
NTSC-U,3637,2,11,"[1, 0, 2, 0, 4, 0, 0, 1]",exactly_dominated,150.04859104010472,2286.0329271226283,34.627568998212844,2924.697185331189,48.17430873758529,4990.92194337074,300.056878370922,1417.61126460583,1727.591474436876,11.8134272050486
NTSC-U,7674,3,25,"[2, 2, 4, 0, 6, 1, 0, 1]",exactly_dominated,118.0834591174646,390.8889797435966,5.885960470817366,681.5625095785254,9.93591967308008,3234.53444522293,315.749891422959,425.811075238611,394.248974696568,3.54842562698842
NTSC-U,8581,4,42,"[4, 4, 4, 1, 8, 1, 0, 2]",exactly_dominated,118.83718900401303,436.0081471562792,6.553435390296404,701.4910218356263,10.551148101785877,3523.32563147221,320.841917977933,396.048446524739,359.32197384643,3.54928385844437
NTSC-U,9113,3,23,"[2, 2, 3, 0, 5, 1, 0, 1]",exactly_dominated,121.00121257135052,566.0694210404373,8.428725001871808,823.0025718857632,12.699446213734825,2895.67887377321,355.682600523079,144.293390573382,25.63742971088484,1.20244492144483
NTSC-U,9543,3,25,"[2, 2, 4, 0, 6, 1, 0, 1]",exactly_dominated,117.81384582824077,374.08632280488746,5.606926688125771,667.7562943485482,9.734650613255857,3154.44072852485,324.182038083185,345.826355330486,282.150684430094,2.88188629442071
NTSC-U,9810,3,25,"[2, 2, 4, 0, 6, 1, 0, 1]",exactly_dominated,117.27597904543329,354.6888255571896,5.364523538928541,633.1099231919952,9.564981739694888,3333.35192024078,311.46147134071,440.247579040576,416.765327658124,3.66872982533813
NTSC-U,9955,3,25,"[2, 2, 4, 0, 6, 1, 0, 1]",exactly_dominated,117.78719645447855,380.70471521899987,5.74414854772661,663.8553923716381,9.868919348091834,3275.08894248266,314.199833683859,430.880825918331,402.181711894912,3.59067354931943
NTSC-U,9056,3,23,"[2, 2, 3, 0, 5, 1, 0, 1]",exactly_dominated,121.72478925544917,602.6688807680508,8.968949310301666,871.6205903512446,13.449652752100839,2876.37414921806,358.65724804995,135.981495226458,17.01714309071876,1.13317912688715
NTSC-U,9406,3,28,"[2, 3, 4, 0, 7, 1, 0, 1]",exactly_dominated,118.0029018832601,383.1333955779756,5.713459002074656,679.7466210235771,9.909447379543293,3066.3337146566,333.974557274432,264.865005900487,171.0016926670268,2.20720838250405
NTSC-U,9328,3,25,"[2, 2, 4, 0, 6, 1, 0, 1]",exactly_dominated,117.86004568013912,377.5086324905548,5.630799919836939,671.1935462448573,9.789350342866618,3097.87963456031,333.520477178015,264.865005900486,171.2305503978684,2.20720838250405
NTSC-U,3725,2,12,"[1, 1, 1, 0, 4, 0, 0, 1]",exactly_dominated,137.98513822301894,1559.4226757651493,23.410576922923255,2207.8358442411272,36.36648817382957,2230.40573681243,384.405736812459,343.905736865683,264.2117305702096,3.81228888692236
NTSC-U,9778,3,25,"[2, 2, 4, 0, 6, 1, 0, 1]",exactly_dominated,117.80831821982386,378.5675048735463,5.703810414840794,665.0516685782504,10.160078200220248,3299.16564137351,314.860958002653,425.70811719543,394.794256020586,3.54756764329525
NTSC-U,9282,3,25,"[2, 2, 4, 0, 6, 1, 0, 1]",exactly_dominated,118.00290188325974,383.13339557796183,5.713459002074452,679.7466210235771,9.909447379543293,3066.3337146566,333.974557274431,264.865005900487,171.0016926670268,2.20720838250405
NTSC-U,7766,3,25,"[2, 2, 4, 0, 6, 1, 0, 1]",exactly_dominated,120.04918930246437,507.9476507312514,7.7164608982486795,793.7796265527068,11.57183750091013,3465.07306136093,293.989742412059,663.885860695604,729.555633360016,5.53238217246336
NTSC-U,8186,4,38,"[4, 4, 3, 0, 8, 1, 0, 1]",exactly_dominated,115.61575342150215,267.38649494865035,4.0784370115938975,501.3230158140568,8.002183408222509,3950.62464355618,304.221660546624,454.912531656984,442.268579758496,3.79093776380819
NTSC-U,8885,4,39,"[4, 4, 4, 0, 8, 1, 0, 1]",exactly_dominated,117.90287813662215,379.8331075055293,5.690415960228589,669.7417023234666,10.33453480742299,3791.03307653764,332.201653659908,275.290111825229,185.674177368258,2.29408426521024
NTSC-U,9797,3,28,"[2, 3, 4, 0, 7, 1, 0, 1]",exactly_dominated,117.73211452295206,373.99682353887255,5.635502865317825,660.4793665239185,10.088862869217733,3318.81296683241,314.612266417746,425.708333387952,394.9870887266592,3.5475694448996
NTSC-U,3660,2,11,"[1, 0, 2, 0, 4, 0, 0, 1]",exactly_dominated,149.8410043964173,2273.3901889766325,34.43906105770094,2912.479262390357,47.97306055543647,4992.39352691896,299.233581238093,1419.08284815642,1730.376882970592,11.8256904013035
NTSC-U,9847,3,27,"[2, 3, 3, 0, 7, 1, 0, 1]",exactly_dominated,117.92626039419568,384.4548556030806,5.791268343533374,672.1304385202902,10.047594262681708,3270.01862243915,315.234068638197,425.811075239539,394.6445600613404,3.54842562699616
NTSC-U,9514,3,28,"[2, 3, 4, 0, 7, 1, 0, 1]",exactly_dominated,117.8516452990763,375.2820624959725,5.624294118267429,670.0209496260914,9.767665094845814,3147.02800599415,324.289577347362,345.929340449736,282.216264371874,2.8827445037478
NTSC-U,9001,3,23,"[2, 2, 3, 0, 5, 1, 0, 1]",exactly_dominated,121.00121257135018,566.0694210404259,8.428725001871639,823.0025718857842,12.699446213735143,2895.67887377322,355.682600523078,144.293390573382,25.6374297108848,1.20244492144484
NTSC-U,8240,4,39,"[4, 3, 3, 1, 8, 1, 0, 2]",exactly_dominated,117.367070798171,370.61059550606734,5.589280553879309,608.3232197355001,9.717697967540007,3833.87200597861,320.963682842305,351.575633184607,305.1858009119,3.17212832225622
NTSC-U,8610,4,41,"[4, 4, 3, 1, 8, 1, 0, 2]",exactly_dominated,117.367070798171,370.61059550606734,5.589280553879309,608.3232197355001,9.717697967540007,3833.87200597861,320.963682842305,351.575633184607,305.1858009119,3.17212832225622
NTSC-U,9902,3,25,"[2, 2, 4, 0, 6, 1, 0, 1]",exactly_dominated,118.00291093999898,386.0616142270707,5.813827926560509,676.7295460511859,9.865464011690687,3255.26862238871,315.484068638211,425.811075238611,394.452514804162,3.54842562698843
NTSC-U,9294,3,27,"[2, 3, 3, 0, 7, 1, 0, 1]",exactly_dominated,118.00290188327658,383.1333955786797,5.713459002085475,679.7466210235771,9.909447379543293,3066.3337146578,333.97455727435,264.865005901694,171.001692668592,2.20720838251412
NTSC-U,8939,4,41,"[4, 4, 4, 1, 8, 1, 0, 1]",exactly_dominated,118.62422401315871,424.95613580562076,6.369854159152837,710.8720278823475,10.969201544844696,3557.23889056909,327.728618849099,324.776884418413,270.4872713296508,2.70647403682011
NTSC-U,9781,3,25,"[2, 2, 4, 0, 6, 1, 0, 1]",exactly_dominated,118.24535024432114,397.65981658872244,5.974528751175195,691.0043414904567,10.648644188913005,3308.29037800956,317.45801358857,415.190111623017,378.94688935012,3.45991759685847
NTSC-U,8190,4,40,"[4, 4, 3, 1, 8, 1, 0, 1]",exactly_dominated,117.87364355384547,401.5484764490568,6.060342792418806,672.5065105872527,10.693444739263922,3915.4841950081,322.034745074891,356.090693786166,309.133502131682,2.96742244821804
NTSC-U,9502,3,25,"[2, 2, 4, 0, 6, 1, 0, 1]",exactly_dominated,117.8516452990763,375.2820624959725,5.624294118267429,670.0209496260914,9.767665094845814,3147.02800599414,324.289577347362,345.929340449736,282.216264371874,2.8827445037478
NTSC-U,9851,3,26,"[2, 3, 3, 0, 6, 1, 0, 1]",exactly_dominated,117.92087794862047,384.0710159188764,5.785750184405352,669.9597049408694,10.045233347537627,3269.28740931113,315.204232869091,425.928211739219,394.820998281344,3.54940176449349
NTSC-U,9914,3,25,"[2, 2, 4, 0, 6, 1, 0, 1]",exactly_dominated,117.9262603941816,384.4548555808055,5.791268343189724,672.1304385202902,10.047594258662784,3270.01862243824,315.234068638257,425.811075238611,394.6445600601152,3.54842562698842
NTSC-U,8606,4,38,"[4, 3, 4, 0, 8, 1, 0, 2]",exactly_dominated,116.00345434930135,269.94201636047313,4.054823145331815,529.7821198340835,8.17487060874608,3849.29482630795,318.090084303001,347.611758676183,288.9143159008548,3.1285483850809
NTSC-U,9447,3,25,"[2, 2, 4, 0, 6, 1, 0, 1]",exactly_dominated,118.0029018832601,383.1333955779756,5.713459002074656,679.7466210235771,9.909447379543293,3066.3337146566,333.974557274432,264.865005900487,171.0016926670268,2.20720838250405
NTSC-U,9369,3,28,"[2, 3, 4, 0, 7, 1, 0, 1]",exactly_dominated,118.0029018832601,383.1333955779757,5.713459002074657,679.7466210235771,9.909447379543293,3066.3337146566,333.974557274432,264.865005900487,171.0016926670268,2.20720838250405
NTSC-U,9693,3,28,"[2, 3, 4, 0, 7, 1, 0, 1]",exactly_dominated,117.73211452295206,373.99682353887425,5.635502865317854,660.4793665239185,10.088862869217747,3318.81296683242,314.612266417746,425.708333387952,394.9870887266592,3.5475694448996
NTSC-U,8981,3,23,"[2, 2, 3, 0, 5, 1, 0, 1]",exactly_dominated,121.26027169244163,579.6702150138016,8.62814665862492,850.6319986198259,13.125785608910197,2889.46436895006,356.896076022592,139.762651076203,20.94070371794836,1.16468875896836
NTSC-U,9739,3,28,"[2, 3, 4, 0, 7, 1, 0, 1]",exactly_dominated,117.73211452295206,373.99682353887414,5.635502865317851,660.4793665239185,10.088862869217733,3318.81296683242,314.612266417746,425.708333387952,394.9870887266592,3.5475694448996
NTSC-U,8082,4,40,"[4, 4, 4, 0, 8, 1, 0, 2]",exactly_dominated,117.57598456126156,351.5599844991877,5.282808072655544,604.9717294495767,9.335093475311089,3623.75491528455,322.674633671866,350.8848234513,290.264864880216,3.17600258461045
NTSC-U,7727,3,25,"[2, 2, 4, 0, 6, 1, 0, 1]",exactly_dominated,118.30732240985371,399.92284807191095,6.013734933853243,694.8715302545161,10.129940556719617,3221.87533232966,317.058770127933,420.669301289138,386.4477063723268,3.50557751074281
NTSC-U,8597,4,40,"[4, 4, 4, 0, 8, 1, 0, 2]",exactly_dominated,116.73433846879021,310.170047364134,4.68167779046177,565.3881100324052,8.438351674109384,3758.79816842933,311.262735813505,427.191252155908,399.6320198813216,3.76810462485679
NTSC-U,7662,3,26,"[2, 3, 3, 0, 6, 1, 0, 1]",exactly_dominated,118.77935307105454,438.1075170391118,6.587422192876759,701.0350933013797,10.817411470443362,3131.35325783931,323.784964911488,374.926154732575,322.5909140313752,3.12438462277147
NTSC-U,9386,3,25,"[2, 2, 4, 0, 6, 1, 0, 1]",exactly_dominated,118.17702827616314,390.4919440473124,5.8171709218644665,690.1226660119355,10.060710907216418,3061.11407467446,335.101137992932,259.605994641574,163.7442404766424,2.16338328867978
NTSC-U,6589,2,18,"[1, 2, 2, 0, 5, 1, 0, 1]",exactly_dominated,128.14722690819636,1008.0876129792805,15.244572343144739,1617.7611653517715,26.647041011360912,2044.3803402944,333.084012523056,553.073038233328,552.103390130316,4.60894198527773
NTSC-U,9806,3,25,"[2, 2, 4, 0, 6, 1, 0, 1]",exactly_dominated,117.78783431051184,376.15508839575983,5.667235795276571,663.8247261139886,9.918771674651063,3306.47845398415,314.781107089128,425.811261057556,394.9943540763964,3.54842717547963
NTSC-U,9410,3,25,"[2, 2, 4, 0, 6, 1, 0, 1]",exactly_dominated,117.88318445892638,377.0425008314792,5.622939851350633,672.5782468525103,9.804945754308148,3094.28848585764,333.603325032766,264.761782295581,171.056624239284,2.20634818579651
NTSC-U,9943,3,28,"[2, 3, 4, 0, 7, 1, 0, 1]",exactly_dominated,117.9262603941816,384.45485558080554,5.791268343189725,672.1304385202902,10.047594258662798,3270.01862243824,315.234068638257,425.811075238611,394.6445600601152,3.54842562698843
NTSC-U,8446,4,40,"[4, 3, 4, 1, 8, 1, 0, 2]",exactly_dominated,119.43112540853043,462.8601191492268,6.946068916647452,724.5478242108429,11.180227665341228,3752.39901299075,329.648468693858,329.394336895216,275.3314065891524,3.01786568724061
NTSC-U,7619,4,31,"[1, 4, 4, 3, 6, 1, 0, 1]",exactly_dominated,147.46301349004858,2114.759944621297,31.99916309635705,2776.7083602629054,45.736702757619646,3645.87633833524,316.571833061981,1213.58176772149,1441.046425090788,10.1131813976791
NTSC-U,8016,4,36,"[4, 3, 3, 0, 8, 1, 0, 1]",exactly_dominated,118.0968395504613,396.22578590899366,6.002431689849153,671.9687716112767,11.01354347195258,3928.29567655061,317.765158626714,406.680906060395,367.0467933663688,3.3890075505033
NTSC-U,6458,2,15,"[1, 0, 3, 0, 5, 1, 0, 1]",exactly_dominated,129.3743663707663,1085.308276083533,16.300866104982035,1681.2457417644819,27.692730664128984,2421.89535644256,369.231519899719,262.751140118654,158.0051491046144,2.18959283432211
NTSC-U,9742,3,28,"[2, 3, 4, 0, 7, 1, 0, 1]",exactly_dominated,117.73211452295206,373.99682353887414,5.635502865317851,660.4793665239185,10.088862869217733,3318.81296683242,314.612266417746,425.708333387952,394.9870887266592,3.5475694448996
NTSC-U,8153,4,38,"[4, 4, 3, 0, 8, 1, 0, 1]",exactly_dominated,115.61575342150181,265.72446855681255,4.054292463280214,507.90866326806827,8.002183408222509,3956.62464355618,304.221660546623,454.912531656984,442.268579758496,3.79093776380819
NTSC-U,9191,3,27,"[2, 3, 4, 0, 6, 1, 0, 1]",exactly_dominated,118.77935307105454,438.1075170391118,6.587422192876759,701.0350933013797,10.817411470443362,3131.35325783931,323.784964911488,374.926154732575,322.5909140313752,3.12438462277147
NTSC-U,7926,3,28,"[2, 3, 4, 0, 7, 1, 0, 1]",exactly_dominated,118.12067793638835,392.0723399477502,5.903155513388255,683.7977909330484,9.968505937249759,3227.12202846399,315.856389779257,425.914458492688,394.306347398226,3.54928715410573
NTSC-U,9892,3,28,"[2, 3, 4, 0, 7, 1, 0, 1]",exactly_dominated,117.9262603941816,384.45485558080554,5.791268343189724,672.1304385202902,10.047594258662476,3270.01862243824,315.234068638257,425.811075238611,394.6445600601152,3.54842562698842
NTSC-U,8780,4,41,"[4, 4, 3, 1, 8, 1, 0, 2]",exactly_dominated,118.10342035702271,409.25013521679307,6.186769439182299,664.6412552845759,10.162661812552296,3550.39095595135,315.61664655218,423.001506084556,395.8262407719308,3.75955876782333
NTSC-U,9938,3,25,"[2, 2, 4, 0, 6, 1, 0, 1]",exactly_dominated,117.9262603941816,384.45485558080554,5.791268343189725,672.1304385202902,10.047594258662798,3270.01862243824,315.234068638257,425.811075238611,394.6445600601152,3.54842562698843
NTSC-U,8295,4,40,"[4, 5, 3, 0, 8, 1, 0, 1]",exactly_dominated,117.5087593171871,360.0384532523073,5.381555505831074,656.0364952387617,10.123054860499488,3457.56202825202,331.752066339002,269.240663136176,178.0785079786036,2.24367219280146
NTSC-U,9484,3,24,"[2, 2, 3, 0, 6, 1, 0, 1]",exactly_dominated,121.39444360060125,565.8305103624176,8.523711498243332,692.7981976890478,11.411463188636223,3172.61569236289,320.826306867103,471.266744696514,451.63289747138,3.92722287247096
NTSC-U,7863,3,28,"[2, 3, 4, 0, 7, 1, 0, 1]",exactly_dominated,118.12067793638835,392.0723399477503,5.903155513388256,683.7977909330484,9.968505937249759,3227.12202846399,315.856389779257,425.914458492688,394.306347398226,3.54928715410573
NTSC-U,9650,3,24,"[2, 2, 3, 0, 6, 1, 0, 1]",exactly_dominated,117.78783431052426,376.1550884179551,5.667235795619032,663.8247261139886,9.91877167866777,3306.47845398507,314.781107089063,425.811261058485,394.9943540776224,3.54842717548737
NTSC-U,9200,3,26,"[2, 3, 3, 0, 6, 1, 0, 1]",exactly_dominated,118.77935307105422,438.1075170390991,6.587422192876572,701.0350933013988,10.817411470443657,3131.35325783931,323.784964911487,374.926154732575,322.590914031376,3.12438462277147
NTSC-U,8554,4,39,"[4, 4, 4, 0, 8, 1, 0, 1]",exactly_dominated,117.36923490242386,359.7310411625385,5.431812525817235,634.9752928443986,9.798067289208007,3847.73305987091,312.618898231849,431.114360090362,403.856711524688,3.59261966741969
NTSC-U,4127,2,10,"[1, 0, 2, 0, 3, 0, 0, 1]",exactly_dominated,148.3095080905825,2186.6946870540182,33.17961664122875,2819.972427456515,46.449329193163805,5015.15612010745,280.358509838238,1539.59011186632,1909.928305983496,12.829917598886
NTSC-U,9715,3,28,"[2, 3, 4, 0, 7, 1, 0, 1]",exactly_dominated,117.73211452295206,373.99682353887414,5.635502865317851,660.4793665239185,10.088862869217733,3318.81296683242,314.612266417746,425.708333387952,394.9870887266592,3.5475694448996
NTSC-U,9345,3,25,"[2, 2, 4, 0, 6, 1, 0, 1]",exactly_dominated,118.00292217452348,383.1344880117834,5.713475626297902,679.7465612762035,9.909446508537192,3066.33386436417,333.974537317716,264.865728746685,171.0026600646472,2.20721440622237
NTSC-U,9596,3,25,"[2, 2, 4, 0, 6, 1, 0, 1]",exactly_dominated,117.73340242237272,369.26329655502644,5.5348544941406965,662.9285844810802,9.664271540501751,3174.98253476369,323.91871894196,345.826768955335,282.3271895116796,2.88188974129446
NTSC-U,6399,2,15,"[1, 1, 2, 0, 4, 1, 0, 1]",exactly_dominated,131.20155959677894,1188.3393252500025,17.922396079865575,1801.020983636883,29.665615074186842,1496.69738735011,348.697387350105,499.729995763802,476.86340483926,4.16441663136501
NTSC-U,7834,3,25,"[2, 2, 4, 0, 6, 1, 0, 1]",exactly_dominated,118.12067793638835,392.0723399477503,5.903155513388256,683.7977909330484,9.968505937249759,3227.12202846399,315.856389779257,425.914458492688,394.306347398226,3.54928715410573
NTSC-U,9579,3,25,"[2, 2, 4, 0, 6, 1, 0, 1]",exactly_dominated,117.85164529907662,375.2820624959875,5.624294118267649,670.0209496260914,9.767665094845814,3147.02800599414,324.289577347363,345.929340449736,282.216264371874,2.8827445037478
NTSC-U,9083,3,23,"[2, 2, 3, 0, 5, 1, 0, 1]",exactly_dominated,122.33760464864825,631.7360778144133,9.398055319057717,909.8249955104147,13.712779021744112,2862.45677968873,360.825080303198,132.64344419837,13.52823854901632,1.10536203498641
NTSC-U,9980,3,25,"[2, 2, 4, 0, 6, 1, 0, 1]",exactly_dominated,117.4668172034938,365.19503943498313,5.521119005972987,644.5586673549014,9.566237166920411,3284.53822042277,312.076242426254,440.331006816545,416.386709898948,3.66942505680454
NTSC-U,9216,4,28,"[2, 4, 3, 0, 6, 1, 0, 1]",exactly_dominated,118.77935307105456,438.1075170391123,6.587422192876765,701.0350933013797,10.817411470443362,3131.35325783931,323.784964911488,374.926154732575,322.5909140313756,3.12438462277147
NTSC-U,9646,3,27,"[2, 3, 4, 0, 6, 1, 0, 1]",exactly_dominated,117.8809167902841,376.49557315047514,5.643125949485557,663.0115286083301,9.665480712329906,3143.58680279063,324.339174783748,346.316898855425,282.6908606740688,2.88597415712854
NTSC-U,9353,3,25,"[2, 2, 4, 0, 6, 1, 0, 1]",exactly_dominated,117.96462923347676,381.9234910554291,5.695886177305794,677.4542973897578,9.87602954453882,3073.74668059648,333.866642666482,264.761366041062,170.9232364658144,2.20634471700885
NTSC-U,9703,3,25,"[2, 2, 4, 0, 6, 1, 0, 1]",exactly_dominated,118.24535024432082,397.6598165887106,5.974528751175021,691.0043414904567,10.648644188913298,3308.29037800956,317.458013588569,415.190111623017,378.94688935012,3.45991759685847
NTSC-U,4131,2,10,"[1, 0, 2, 0, 3, 0, 0, 1]",exactly_dominated,148.3095080905825,2186.6946870540182,33.17961664122875,2819.972427456515,46.449329193163805,5015.15612010745,280.358509838238,1539.59011186632,1909.928305983496,12.829917598886
NTSC-U,6225,3,25,"[2, 2, 4, 0, 6, 1, 0, 1]",exactly_dominated,118.12067793638835,392.0723399477503,5.903155513388256,683.7977909330484,9.968505937249759,3227.12202846399,315.856389779257,425.914458492688,394.306347398226,3.54928715410573
NTSC-U,7967,3,25,"[2, 2, 4, 0, 6, 1, 0, 1]",exactly_dominated,118.12067793638835,392.0723399477502,5.903155513388255,683.7977909330484,9.968505937249759,3227.12202846399,315.856389779257,425.914458492688,394.306347398226,3.54928715410573
NTSC-U,9580,3,25,"[2, 2, 4, 0, 6, 1, 0, 1]",exactly_dominated,117.85164529907662,375.2820624959874,5.624294118267648,670.0209496260914,9.767665094845814,3147.02800599414,324.289577347363,345.929340449736,282.216264371874,2.8827445037478
NTSC-U,9979,3,25,"[2, 2, 4, 0, 6, 1, 0, 1]",exactly_dominated,117.78719645447846,380.704715218997,5.744148547726566,663.8553923716381,9.868919348091834,3275.08894248266,314.199833683859,430.880825918331,402.181711894908,3.59067354931943
NTSC-U,8684,4,36,"[4, 3, 3, 0, 8, 1, 0, 1]",exactly_dominated,115.92531087843615,286.0657930998655,4.309920298115705,555.9956495131873,8.636966593727772,3870.14395638791,323.423521126795,298.358299082447,220.095777383442,2.48631915902039
NTSC-U,9996,3,27,"[2, 3, 4, 0, 6, 1, 0, 1]",exactly_dominated,117.95402138071172,385.53475305642013,5.808059440861276,665.6446236723041,10.0497754758416,3266.65121014469,315.280439533992,426.190211875786,395.1079613678444,3.55158509896488
NTSC-U,7822,3,25,"[2, 2, 4, 0, 6, 1, 0, 1]",exactly_dominated,118.12067793638835,392.0723399477502,5.903155513388255,683.7977909330484,9.968505937249759,3227.12202846399,315.856389779257,425.914458492688,394.306347398226,3.54928715410573
NTSC-U,8903,4,44,"[4, 5, 4, 1, 8, 1, 0, 2]",exactly_dominated,130.14742589716997,910.8663640486579,13.818548612761198,1246.7336991370084,23.902746991807103,4145.63246703562,278.679089931055,1066.51550174235,1281.182598308896,9.24100538691507
NTSC-U,9611,3,25,"[2, 2, 4, 0, 6, 1, 0, 1]",exactly_dominated,117.45927359470687,357.08616645508687,5.354884554894245,646.4809865153775,9.854747825953057,3238.71954988748,323.043377668336,345.724004129222,282.780127699904,2.88103336774352
NTSC-U,9241,4,28,"[2, 4, 3, 0, 6, 1, 0, 1]",exactly_dominated,118.77935307105456,438.10751703911234,6.587422192876769,701.0350933013997,10.817411470443671,3131.35325783931,323.784964911488,374.926154732575,322.5909140313756,3.12438462277146
NTSC-U,8515,4,43,"[4, 5, 4, 1, 8, 1, 0, 1]",exactly_dominated,119.72144966290587,480.52020106218623,7.231620005311501,732.8371620159669,11.308137350194876,3660.34572563425,323.011068704304,400.872265810114,363.4583531964788,3.34060221508428
NTSC-U,9754,3,25,"[2, 2, 4, 0, 6, 1, 0, 1]",exactly_dominated,117.78783431051184,376.15508839575983,5.667235795276571,663.8247261139886,9.918771674651063,3306.47845398415,314.781107089128,425.811261057556,394.9943540763964,3.54842717547963
NTSC-U,3709,2,12,"[1, 1, 1, 0, 4, 0, 0, 1]",exactly_dominated,137.98513822301894,1559.4226757651493,23.410576922923255,2207.8358442411272,36.36648817382957,2230.40573681243,384.405736812459,343.905736865683,264.2117305702096,3.81228888692236
NTSC-U,9304,3,25,"[2, 2, 4, 0, 6, 1, 0, 1]",exactly_dominated,117.54930925587587,364.3970355866257,5.450831815079687,652.6220769531692,9.514021740273382,3080.80032486204,330.935609407538,279.44065411636,191.1764990007888,2.32867211763633
NTSC-U,7463,4,29,"[1, 4, 4, 2, 6, 1, 0, 1]",exactly_dominated,133.33927204620144,1318.4268859781648,19.962937365413307,1929.2838736320773,31.778304241870277,2458.51761578801,322.914989394738,778.413805441837,860.068551256264,6.48678171201531
NTSC-U,9884,3,25,"[2, 2, 4, 0, 6, 1, 0, 1]",exactly_dominated,117.46681720349348,365.1950394349664,5.521119005972736,644.5586673549014,9.566237166920411,3284.53822042277,312.076242426253,440.331006816545,416.386709898948,3.66942505680454
NTSC-U,9187,3,25,"[2, 3, 2, 0, 6, 1, 0, 1]",exactly_dominated,118.77935307155758,438.10751708096444,6.587422193521597,701.0350935592987,10.817411474423215,3131.35325787647,323.784964908839,374.926154770293,322.590914081258,3.12438462308578
NTSC-U,9168,3,26,"[2, 3, 3, 0, 6, 1, 0, 1]",exactly_dominated,119.20293225388158,458.57648179013336,6.890505602876685,718.5885797809606,11.088272783671314,3118.26303810704,325.546136938932,371.026891772246,316.4997148107544,3.09189076476872
NTSC-U,7875,3,25,"[2, 2, 4, 0, 6, 1, 0, 1]",exactly_dominated,117.73211452295205,373.9968235388722,5.635502865317821,660.4793665239185,10.088862869217747,3318.81296683241,314.612266417746,425.708333387952,394.9870887266592,3.5475694448996
NTSC-U,9492,3,25,"[2, 2, 4, 0, 6, 1, 0, 1]",exactly_dominated,117.73340242237272,369.2632965550281,5.534854494140723,662.9285844810802,9.664271540501751,3174.98253476369,323.91871894196,345.826768955335,282.3271895116796,2.88188974129446
NTSC-U,9538,3,28,"[2, 3, 4, 0, 7, 1, 0, 1]",exactly_dominated,117.8516452990763,375.2820624959725,5.624294118267429,670.0209496260914,9.767665094845814,3147.02800599415,324.289577347362,345.929340449736,282.216264371874,2.8827445037478
NTSC-U,9885,3,25,"[2, 2, 4, 0, 6, 1, 0, 1]",exactly_dominated,119.09883414960326,455.03074892568014,6.9007847858395035,737.5136853158965,11.127422204809786,3429.05584031676,300.281838379963,584.869578854871,618.537023643252,4.87391315712393
NTSC-U,796,2,10,"[1, 0, 1, 0, 3, 0, 0, 2]",exactly_dominated,148.399343273773,2162.9333277149512,32.83607572408571,2832.6881472863706,46.658776863841105,5067.21190194854,279.211901948596,1548.64677450846,1923.150464062664,14.1848173910946
NTSC-U,7931,3,27,"[2, 3, 3, 0, 7, 1, 0, 1]",exactly_dominated,118.12067793640632,392.0723399485211,5.903155513400066,683.7977909330484,9.968505937249759,3227.12202846519,315.856389779179,425.914458493886,394.3063473998072,3.54928715411572
NTSC-U,9186,3,25,"[2, 3, 2, 0, 6, 1, 0, 1]",exactly_dominated,118.77935307155758,438.1075170812904,6.587422193526347,701.0350935592987,10.817411474423215,3131.35325787647,323.784964908839,374.926154770293,322.590914081258,3.12438462308578
NTSC-U,9169,3,26,"[2, 3, 3, 0, 6, 1, 0, 1]",exactly_dominated,118.56840412787098,427.07169215817856,6.4261466829097005,677.5906171622282,10.45564848948919,3137.56988091107,322.571339054351,379.912105872509,329.7059894581828,3.16593421560422
NTSC-U,9493,3,25,"[2, 2, 4, 0, 6, 1, 0, 1]",exactly_dominated,117.77919428280948,371.04563417589947,5.5610323517174,665.6729128404377,9.704278767648082,3165.61562097346,324.055009446178,345.929340449736,282.3725866123212,2.8827445037478
NTSC-U,7874,3,25,"[2, 2, 4, 0, 6, 1, 0, 1]",exactly_dominated,117.73211452295206,373.99682353887414,5.635502865317851,660.4793665239185,10.088862869217733,3318.81296683242,314.612266417746,425.708333387952,394.9870887266592,3.5475694448996
NTSC-U,9539,3,28,"[2, 3, 4, 0, 7, 1, 0, 1]",exactly_dominated,117.8516452990763,375.2820624959725,5.624294118267429,670.0209496260914,9.767665094845814,3147.02800599415,324.289577347362,345.929340449736,282.216264371874,2.8827445037478
NTSC-U,9610,3,28,"[2, 3, 4, 0, 7, 1, 0, 1]",exactly_dominated,117.85164529907662,375.2820624959875,5.624294118267649,670.0209496260914,9.767665094845814,3147.02800599414,324.289577347363,345.929340449736,282.216264371874,2.8827445037478
NTSC-U,9240,3,26,"[2, 3, 3, 0, 6, 1, 0, 1]",exactly_dominated,118.77935307105456,438.10751703911757,6.587422192876846,701.0350933014197,10.81741147044398,3131.35325783931,323.784964911488,374.926154732575,322.590914031376,3.12438462277147
NTSC-U,8847,4,36,"[4, 3, 3, 0, 8, 1, 0, 1]",exactly_dominated,117.16702555839797,357.6638499053333,5.443273239568769,630.4028047725487,10.38371408105742,4036.43949840941,307.976756084265,464.691617924723,452.19735082444,3.87243014937269
NTSC-U,9755,3,25,"[2, 2, 4, 0, 6, 1, 0, 1]",exactly_dominated,118.24535024432114,397.6598165887208,5.97452875117517,691.0043414904567,10.648644188913005,3308.29037800956,317.45801358857,415.190111623017,378.94688935012,3.45991759685847
NTSC-U,3708,2,12,"[1, 1, 1, 0, 4, 0, 0, 1]",exactly_evaluated,134.447853396451,1345.3736804190605,20.261269034299477,1995.5987546470496,32.8706134108107,2388.45335586005,355.453355860084,501.953356774076,478.985977283168,5.3824640492237
NTSC-U,6224,3,25,"[2, 2, 4, 0, 6, 1, 0, 1]",exactly_dominated,118.12067793638835,392.0723399477503,5.903155513388256,683.7977909330484,9.968505937249759,3227.12202846399,315.856389779257,425.914458492688,394.306347398226,3.54928715410573
NTSC-U,7966,3,25,"[2, 2, 4, 0, 6, 1, 0, 1]",exactly_dominated,118.12067793638835,392.0723399477502,5.903155513388255,683.7977909330484,9.968505937249759,3227.12202846399,315.856389779257,425.914458492688,394.306347398226,3.54928715410573
NTSC-U,9978,3,25,"[2, 2, 4, 0, 6, 1, 0, 1]",exactly_dominated,118.11414182058915,392.6400398831715,5.906953105822784,683.2782757422028,10.269352036659622,3264.76898417916,316.441695083183,420.562997996115,386.7667566924308,3.50469164996762
NTSC-U,9997,3,26,"[2, 3, 3, 0, 6, 1, 0, 1]",exactly_dominated,118.11122073502307,392.05362001391876,5.904058820945525,675.080127055633,9.841418536159468,3231.1670329303,315.796262318664,426.1902118767,394.7125629898484,3.5515850989725
NTSC-U,9094,3,23,"[2, 2, 3, 0, 5, 1, 0, 1]",exactly_dominated,121.2602716924423,579.6702150138279,8.628146658625308,850.6319986198032,13.12578560890985,2889.46436895004,356.896076022594,139.762651076203,20.94070371794832,1.16468875896836
NTSC-U,7823,3,25,"[2, 2, 4, 0, 6, 1, 0, 1]",exactly_dominated,118.12067793638835,392.0723399477503,5.903155513388256,683.7977909330484,9.968505937249759,3227.12202846399,315.856389779257,425.914458492688,394.306347398226,3.54928715410573
NTSC-U,9217,3,27,"[2, 3, 4, 0, 6, 1, 0, 1]",exactly_dominated,118.77935307105456,438.10751703911757,6.587422192876846,701.0350933014197,10.81741147044398,3131.35325783931,323.784964911488,374.926154732575,322.590914031376,3.12438462277147
NTSC-U,9647,3,24,"[2, 2, 3, 0, 6, 1, 0, 1]",exactly_dominated,117.88882755338388,380.2185674738992,5.726931601158779,669.882311910138,9.765644013594994,3283.43104585477,315.126780787428,425.708117196149,394.5891907994612,3.54756764330124
NTSC-U,9352,3,27,"[2, 3, 4, 0, 6, 1, 0, 1]",exactly_dominated,118.03270091253424,384.33421432481094,5.732099289453156,672.3552500864025,9.801694874272545,3062.89133806804,334.025764682037,265.254741686614,171.4684685475256,2.21045618072178
NTSC-U,9702,3,25,"[2, 2, 4, 0, 6, 1, 0, 1]",exactly_dominated,117.78783431051184,376.15508839576154,5.667235795276596,663.8247261139886,9.918771674651373,3306.47845398415,314.781107089128,425.811261057556,394.9943540763964,3.54842717547963
NTSC-U,4130,2,10,"[1, 0, 2, 0, 3, 0, 0, 1]",exactly_dominated,148.3095080905825,2186.6946870540182,33.17961664122875,2819.972427456515,46.449329193163805,5015.15612010745,280.358509838238,1539.59011186632,1909.928305983496,12.829917598886
NTSC-U,3933,2,13,"[1, 1, 1, 0, 4, 0, 0, 2]",exactly_dominated,132.79321067942297,1253.144419074181,18.992745506549035,1896.3201916253684,31.23534116108249,2711.34224474895,313.34224474897,849.323181007208,961.287725887692,7.15255769025175
NTSC-U,9597,3,25,"[2, 2, 4, 0, 6, 1, 0, 1]",exactly_dominated,117.77919428280948,371.04563417590106,5.561032351717426,665.6729128404377,9.704278767648082,3165.61562097345,324.055009446178,345.929340449736,282.3725866123212,2.8827445037478
NTSC-U,9128,3,23,"[2, 2, 3, 0, 5, 1, 0, 1]",exactly_dominated,121.07069961487383,569.8259008129168,8.48149677539838,856.4808799869888,13.216037519256735,2933.84847495192,356.32154611445,139.648225076473,20.8428290991106,1.16373520897062
NTSC-U,7835,3,25,"[2, 2, 4, 0, 6, 1, 0, 1]",exactly_dominated,118.12067793638835,392.07233994775015,5.903155513388254,683.7977909330484,9.968505937249759,3227.12202846399,315.856389779257,425.914458492688,394.306347398226,3.54928715410573
NTSC-U,9578,3,25,"[2, 2, 4, 0, 6, 1, 0, 1]",exactly_dominated,117.85164529907662,375.2820624959874,5.624294118267648,670.0209496260914,9.767665094845814,3147.02800599414,324.289577347363,345.929340449736,282.216264371874,2.8827445037478
NTSC-U,8739,4,40,"[4, 4, 3, 1, 8, 1, 0, 1]",exactly_dominated,118.98772251163867,452.14422014965425,6.7866015231460715,735.9924035014192,11.356824706595274,3887.59797975778,328.172684376196,330.5028880075,276.7728958262104,2.75419073339584
NTSC-U,8369,4,38,"[4, 4, 3, 0, 8, 1, 0, 1]",exactly_dominated,116.44195700256017,307.7594874911878,4.633025791469064,551.4646227362027,8.982236898779092,3727.37269022061,325.157989540058,297.933852548046,218.3245444047024,2.48278210456705
NTSC-U,9981,3,25,"[2, 2, 4, 0, 6, 1, 0, 1]",exactly_dominated,119.09883414960326,455.03074892568185,6.900784785839533,737.5136853158965,11.127422204810093,3429.05584031676,300.281838379963,584.869578854871,618.537023643252,4.87391315712393
NTSC-U,9651,3,25,"[2, 2, 4, 0, 6, 1, 0, 1]",exactly_dominated,118.24535024432114,397.659816588724,5.974528751175218,691.0043414904567,10.648644188913298,3308.29037800956,317.45801358857,415.190111623017,378.94688935012,3.45991759685847
NTSC-U,8943,4,38,"[4, 4, 3, 0, 8, 1, 0, 1]",exactly_dominated,116.88145992638758,333.2862636658853,5.050882709968337,613.2103969169948,9.871100833785388,3886.43276132131,316.684444087245,382.905086708199,336.5032042164056,3.19087572256832
NTSC-U,9201,3,26,"[2, 3, 3, 0, 6, 1, 0, 1]",exactly_dominated,118.77935307105456,438.1075170391122,6.5874221928767644,701.0350933013788,10.81741147044335,3131.35325783931,323.784964911488,374.926154732575,322.5909140313756,3.12438462277147
NTSC-U,9714,3,28,"[2, 3, 4, 0, 7, 1, 0, 1]",exactly_dominated,117.73211452295206,373.99682353887414,5.635502865317851,660.4793665239185,10.088862869217733,3318.81296683242,314.612266417746,425.708333387952,394.9870887266592,3.5475694448996
NTSC-U,9344,3,25,"[2, 2, 4, 0, 6, 1, 0, 1]",exactly_dominated,117.80413590698741,375.3838247584578,5.59963708693947,667.8455295184795,9.958917351235806,3109.23085781168,333.350819881628,264.761366041062,171.183889770182,2.20634471700885
NTSC-U,9190,4,27,"[2, 4, 2, 0, 6, 1, 0, 1]",exactly_dominated,118.77935307155758,438.1075170809627,6.5874221935215695,701.0350935592796,10.81741147442292,3131.35325787646,323.784964908839,374.926154770293,322.5909140812576,3.12438462308578
NTSC-U,7927,3,28,"[2, 3, 4, 0, 7, 1, 0, 1]",exactly_dominated,118.12067793638835,392.0723399477502,5.903155513388255,683.7977909330484,9.968505937249759,3227.12202846399,315.856389779257,425.914458492688,394.306347398226,3.54928715410573
NTSC-U,9893,3,28,"[2, 3, 4, 0, 7, 1, 0, 1]",exactly_dominated,117.9262603941816,384.45485558080554,5.791268343189724,672.1304385202902,10.047594258662476,3270.01862243824,315.234068638257,425.811075238611,394.6445600601152,3.54842562698842
NTSC-U,9939,3,28,"[2, 3, 4, 0, 7, 1, 0, 1]",exactly_dominated,117.92626039418226,384.4548555808373,5.791268343190194,672.1304385202902,10.047594258662798,3270.01862243824,315.234068638259,425.811075238611,394.6445600601152,3.54842562698842
NTSC-U,7862,3,28,"[2, 3, 4, 0, 7, 1, 0, 1]",exactly_dominated,118.12067793638835,392.0723399477502,5.903155513388255,683.7977909330484,9.968505937249759,3227.12202846399,315.856389779257,425.914458492688,394.306347398226,3.54928715410573
NTSC-U,9485,3,27,"[2, 3, 3, 0, 7, 1, 0, 1]",exactly_dominated,117.85164529909422,375.28206249673843,5.624294118279164,670.0209496260914,9.767665094845814,3147.02800599534,324.289577347284,345.929340450938,282.2162643734484,2.88274450375782
NTSC-U,3572,1,12,"[1, 1, 1, 0, 4, 0, 0, 1]",exactly_dominated,140.7799046524662,1761.5868507002351,26.442875625546336,2270.027642058086,37.39088375365449,1537.59208483571,389.591709866157,392.922315809151,328.1497350353124,3.27435263174292
NTSC-U,7248,2,18,"[1, 2, 3, 0, 4, 1, 0, 1]",exactly_dominated,123.94960341100197,760.9014759619272,11.549593026317703,1365.7037555201077,22.495263678060123,2780.81651154823,320.994328668239,520.85289621023,518.3127724389,5.61016942427112
NTSC-U,9606,3,25,"[2, 2, 4, 0, 6, 1, 0, 1]",exactly_dominated,117.85164529907662,375.2820624959875,5.624294118267649,670.0209496260914,9.767665094845814,3147.02800599414,324.289577347363,345.929340449736,282.216264371874,2.8827445037478
NTSC-U,9313,3,28,"[2, 3, 4, 0, 7, 1, 0, 1]",exactly_dominated,118.0029018832601,383.1333955779756,5.713459002074656,679.7466210235771,9.909447379543293,3066.33371465659,333.974557274432,264.865005900487,171.0016926670268,2.20720838250405
NTSC-U,9743,3,25,"[2, 2, 4, 0, 6, 1, 0, 1]",exactly_dominated,117.73170381971116,373.97471181016,5.635173523657524,660.4547200599718,10.088950239536624,3318.91564137354,314.610958002608,425.70811719543,394.987726543978,3.54756764329525
NTSC-U,9807,3,25,"[2, 2, 4, 0, 6, 1, 0, 1]",exactly_dominated,118.24535024432114,397.65981658872244,5.974528751175195,691.0043414904567,10.648644188913005,3308.29037800956,317.45801358857,415.190111623017,378.94688935012,3.45991759685847
NTSC-U,8715,4,40,"[4, 4, 3, 1, 8, 1, 0, 1]",exactly_dominated,119.39143120187443,460.88338887795226,6.916109554260938,706.224449232338,10.89748648938058,3746.14336211962,329.536548075251,329.905521565661,275.4807236332108,2.74921267971385
NTSC-U,9554,3,25,"[2, 2, 4, 0, 6, 1, 0, 1]",exactly_dominated,117.8516452990763,375.2820624959724,5.624294118267426,670.0209496260914,9.767665094845814,3147.02800599414,324.289577347362,345.929340449736,282.216264371874,2.8827445037478
NTSC-U,9411,3,25,"[2, 2, 4, 0, 6, 1, 0, 1]",exactly_dominated,117.92955842538022,378.8463983505682,5.649435010179953,675.3554608289396,9.845432392873143,3084.92132963597,333.739989373174,264.865005900487,171.1196107133784,2.20720838250406
NTSC-U,8200,4,39,"[4, 3, 4, 1, 8, 1, 0, 1]",exactly_dominated,118.8892043043604,441.0061130190847,6.591424463937824,695.3999875364116,10.73045825180767,3732.81702714525,335.375485300882,255.723682829743,192.7413898802852,2.13103069024785
NTSC-U,9942,3,28,"[2, 3, 4, 0, 7, 1, 0, 1]",exactly_dominated,117.9262603941816,384.45485558080554,5.791268343189725,672.1304385202902,10.047594258662798,3270.01862243824,315.234068638257,425.811075238611,394.6445600601152,3.54842562698843
NTSC-U,9692,3,25,"[2, 2, 4, 0, 6, 1, 0, 1]",exactly_dominated,117.73170382015856,373.9747118341641,5.635173524014976,660.454720086751,10.088950239440337,3318.91564126336,314.610958004019,425.708117195662,394.9877265434524,3.54756764329718
NTSC-U,8980,3,23,"[2, 2, 3, 0, 5, 1, 0, 1]",exactly_dominated,121.26054811894522,579.6794469159101,8.628289668229561,850.6083109690444,13.125420093591892,2889.48883534136,356.894247151256,139.787484649446,20.97195441930084,1.16489570541205
NTSC-U,9738,3,25,"[2, 2, 4, 0, 6, 1, 0, 1]",exactly_dominated,117.73211452295206,373.99682353887425,5.635502865317854,660.4793665239185,10.088862869217747,3318.81296683242,314.612266417746,425.708333387952,394.9870887266592,3.5475694448996
NTSC-U,7726,3,25,"[2, 2, 4, 0, 6, 1, 0, 1]",exactly_dominated,118.30732240985371,399.9228480719094,6.013734933853219,694.8715302545161,10.129940556719617,3221.87533232966,317.058770127933,420.669301289138,386.4477063723272,3.50557751074281
NTSC-U,7663,3,26,"[2, 3, 3, 0, 6, 1, 0, 1]",exactly_dominated,118.77935307105456,438.10751703911757,6.587422192876846,701.0350933014197,10.81741147044398,3131.35325783931,323.784964911488,374.926154732575,322.590914031376,3.12438462277147
NTSC-U,3620,1,8,"[1, 0, 1, 0, 2, 0, 0, 1]",exactly_evaluated,170.19193122505237,3469.019054037349,52.31190444807218,3856.4416675510083,63.52158864612607,4989.48280822981,353.519678818073,1504.84622653471,1816.314914582628,12.5403852211227
NTSC-U,9387,3,25,"[2, 2, 4, 0, 6, 1, 0, 1]",exactly_dominated,117.87195074697136,379.9876214191488,5.675177808799158,671.9328484829621,9.795537040849224,3071.37054484696,333.001483471255,269.940296950479,177.9734922942156,2.24950247458732
NTSC-U,9850,3,27,"[2, 3, 3, 0, 7, 1, 0, 1]",exactly_dominated,117.92626039419568,384.4548556030806,5.791268343533374,672.1304385202902,10.047594262681708,3270.01862243915,315.234068638197,425.811075239539,394.6445600613404,3.54842562699616
NTSC-U,9915,3,28,"[2, 3, 4, 0, 7, 1, 0, 1]",exactly_dominated,117.92626039418226,384.4548555808339,5.7912683431901435,672.1304385202902,10.047594258662476,3270.01862243825,315.234068638259,425.811075238611,394.6445600601152,3.54842562698843
NTSC-U,9016,3,23,"[2, 2, 3, 0, 5, 1, 0, 1]",exactly_dominated,121.07069961487352,569.8259008129022,8.481496775398163,856.4808799869679,13.21603751925641,2933.84847495193,356.321546114449,139.648225076473,20.84282909911052,1.16373520897062
NTSC-U,6249,2,16,"[1, 1, 3, 0, 4, 1, 0, 1]",exactly_dominated,131.20155959677894,1188.3393252500025,17.922396079865575,1801.020983636883,29.665615074186842,1496.69738735011,348.697387350105,499.729995763802,476.86340483926,4.16441663136501
NTSC-U,9446,3,25,"[2, 2, 4, 0, 6, 1, 0, 1]",exactly_dominated,120.28886376292611,516.9736477482749,7.676293389589649,762.9198633040378,11.490543506281206,2905.66005407692,356.028944490588,103.533759846723,7.45366306296924,0.862781332056029
NTSC-U,7771,3,24,"[2, 2, 3, 0, 6, 1, 0, 1]",exactly_dominated,118.12067793640632,392.0723399485211,5.903155513400066,683.7977909330484,9.968505937249759,3227.12202846519,315.856389779179,425.914458493886,394.3063473998072,3.54928715411572
NTSC-U,9295,3,26,"[2, 3, 3, 0, 6, 1, 0, 1]",exactly_dominated,117.99739839245191,382.69289846185,5.7070844816800745,677.2821515761543,9.873519977254844,3065.56918980979,333.944774948071,264.987975693479,171.1677033559264,2.20823313077899
NTSC-U,9780,3,25,"[2, 2, 4, 0, 6, 1, 0, 1]",exactly_dominated,117.78783431051185,376.1550883957603,5.667235795276578,663.8247261139886,9.918771674651063,3306.47845398415,314.781107089128,425.811261057556,394.9943540763968,3.54842717547963
NTSC-U,9846,3,27,"[2, 3, 3, 0, 7, 1, 0, 1]",exactly_dominated,117.92626039419568,384.4548556030806,5.791268343533374,672.1304385202902,10.047594262681708,3270.01862243915,315.234068638197,425.811075239539,394.6445600613404,3.54842562699616
NTSC-U,9515,3,27,"[2, 3, 4, 0, 6, 1, 0, 1]",exactly_dominated,117.84619613493393,374.854350944454,5.61811272484681,667.6481267957479,9.733073730577082,3146.26385152877,324.259286922111,346.051623403698,282.3949399727776,2.88376352836415
NTSC-U,9145,3,23,"[2, 2, 3, 0, 5, 1, 0, 1]",exactly_dominated,119.87907377016573,489.1895152026786,7.319423508110799,773.2591825251966,11.93187449615692,3050.46436895025,333.896076022558,316.724001927839,239.7463389607888,2.63936668273199
NTSC-U,9450,3,25,"[2, 2, 4, 0, 6, 1, 0, 1]",exactly_dominated,118.0029018832601,383.1333955779756,5.713459002074656,679.7466210235771,9.909447379543293,3066.3337146566,333.974557274432,264.865005900487,171.0016926670268,2.20720838250405
NTSC-U,9000,3,23,"[2, 2, 3, 0, 5, 1, 0, 1]",exactly_dominated,121.72478925544881,602.6688807680371,8.968949310301463,871.6205903512446,13.449652752100839,2876.37414921808,358.657248049949,135.981495226458,17.01714309071872,1.13317912688715
NTSC-U,9903,3,25,"[2, 2, 4, 0, 6, 1, 0, 1]",exactly_dominated,117.85449234145393,380.15292206430126,5.726979624865984,667.8242797450603,9.981006593637662,3288.78405227444,314.999500766353,425.811075243495,394.8252945103292,3.54842562702912
NTSC-U,3724,2,12,"[1, 1, 1, 0, 4, 0, 0, 1]",exactly_dominated,137.98513822301894,1559.4226757651493,23.410576922923255,2207.8358442411272,36.36648817382957,2230.40573681243,384.405736812459,343.905736865683,264.2117305702096,3.81228888692236
NTSC-U,9329,3,25,"[2, 2, 4, 0, 6, 1, 0, 1]",exactly_dominated,118.49020376524663,405.439126927559,6.033186328065406,708.794598830501,10.332913122008337,3055.86281212357,336.654520548964,254.317041954837,156.3457667672676,2.11930868295697
NTSC-U,9779,3,25,"[2, 2, 4, 0, 6, 1, 0, 1]",exactly_dominated,117.85449233221635,380.15292156769664,5.726979617471731,667.8242791906978,9.98100659536273,3288.784054537,314.999500736974,425.811075238611,394.8252945221436,3.54842562698843
NTSC-U,8492,4,39,"[4, 3, 3, 1, 8, 1, 0, 2]",exactly_dominated,118.24118020568223,424.24700205004063,6.395671422840837,679.5399610852282,10.793415202556528,3757.41626601714,323.427285211102,354.157582104512,306.6834051038204,3.20353431579059
NTSC-U,7767,3,25,"[2, 2, 4, 0, 6, 1, 0, 1]",exactly_dominated,120.04918930246437,507.9476507312514,7.7164608982486795,793.7796265527068,11.57183750091013,3465.07306136093,293.989742412059,663.885860695604,729.555633360016,5.53238217246336
NTSC-U,8187,4,36,"[4, 3, 3, 0, 8, 1, 0, 1]",exactly_dominated,116.3496665132711,301.5063635717306,4.568003214607072,556.2651011261232,8.917043305461869,3813.86203942039,315.545325710445,378.511535656016,331.46230361383,3.15426279713347
NTSC-U,9796,3,25,"[2, 2, 4, 0, 6, 1, 0, 1]",exactly_dominated,117.73170382015856,373.97471183416565,5.635173524015002,660.454720086751,10.088950239440646,3318.91564126336,314.610958004019,425.708117195662,394.9877265434524,3.54756764329718
NTSC-U,3661,2,11,"[1, 0, 2, 0, 4, 0, 0, 1]",exactly_dominated,149.8410043964173,2273.3901889766325,34.43906105770094,2912.479262390357,47.97306055543647,4992.39352691896,299.233581238093,1419.08284815642,1730.376882970592,11.8256904013035
NTSC-U,9112,3,23,"[2, 2, 3, 0, 5, 1, 0, 1]",exactly_dominated,121.72478925544917,602.6688807680526,8.968949310301692,871.6205903512446,13.449652752100839,2876.37414921807,358.65724804995,135.981495226458,17.0171430907188,1.13317912688715
NTSC-U,9542,3,27,"[2, 3, 4, 0, 6, 1, 0, 1]",exactly_dominated,117.8809167902841,376.4955731504752,5.643125949485558,663.0115286083301,9.665480712329906,3143.58680279062,324.339174783748,346.316898855425,282.6908606740688,2.88597415712854
NTSC-U,9811,3,25,"[2, 2, 4, 0, 6, 1, 0, 1]",exactly_dominated,118.90642396616055,444.65432911049385,6.746232886869841,725.9768442887016,11.168225073018387,3477.8517872435,299.65930017922,584.768425777657,618.964704271948,4.87307021481381
NTSC-U,9954,3,25,"[2, 2, 4, 0, 6, 1, 0, 1]",exactly_dominated,118.11414182058915,392.6400398831715,5.906953105822784,683.2782757422028,10.269352036659622,3264.76898417916,316.441695083183,420.562997996115,386.7667566924308,3.50469164996762
NTSC-U,6658,2,19,"[1, 2, 3, 0, 5, 1, 0, 1]",exactly_dominated,128.9213934364248,1048.054121945125,15.79330233407488,1628.8169231692173,26.82914652747959,1855.54641645106,350.76201335098,419.290496458697,366.4576803383168,3.49408747048914
NTSC-U,9057,3,23,"[2, 2, 3, 0, 5, 1, 0, 1]",exactly_dominated,121.0012125713502,566.0694210404264,8.428725001871646,823.0025718857842,12.699446213735143,2895.67887377321,355.682600523078,144.293390573381,25.6374297108848,1.20244492144483
NTSC-U,9407,3,27,"[2, 3, 4, 0, 6, 1, 0, 1]",exactly_dominated,117.9973983924357,382.692898461167,5.707084481669578,677.2821515761543,9.873519977254844,3065.5691898086,333.944774948153,264.987975692284,171.1677033543676,2.20823313076903
NTSC-U,6988,2,17,"[1, 1, 3, 0, 5, 1, 0, 1]",exactly_dominated,131.3521674197933,1182.4296865126605,17.75297389414499,1775.2480953188278,29.241095542687823,1764.16179331835,375.850165935829,259.098990779789,152.4109265971164,2.15915825649824
NTSC-U,9684,3,25,"[2, 2, 4, 0, 6, 1, 0, 1]",exactly_dominated,117.73211452295206,373.9968235388742,5.635502865317853,660.4793665239185,10.088862869217733,3318.81296683242,314.612266417746,425.708333387952,394.9870887266592,3.5475694448996
NTSC-U,9391,3,25,"[2, 2, 4, 0, 6, 1, 0, 1]",exactly_dominated,118.0029018832601,383.1333955779756,5.713459002074656,679.7466210235771,9.909447379543293,3066.3337146566,333.974557274432,264.865005900487,171.0016926670268,2.20720838250405
NTSC-U,3636,1,7,"[1, 0, 0, 0, 2, 0, 0, 1]",exactly_evaluated,205.2611111111111,5723.092458993746,87.01684680050504,6649.3182923116965,124.72173264083332,7868,136,4320,5760,36
NTSC-U,7675,3,25,"[2, 2, 4, 0, 6, 1, 0, 1]",exactly_dominated,118.08345911746424,390.88897974358116,5.885960470817136,681.5625095785254,9.93591967308008,3234.53444522294,315.749891422958,425.811075238611,394.248974696568,3.54842562698842
NTSC-U,3641,2,11,"[1, 0, 2, 0, 4, 0, 0, 1]",exactly_dominated,149.8410043964173,2273.3901889766325,34.43906105770094,2912.479262390357,47.97306055543647,4992.39352691896,299.233581238093,1419.08284815642,1730.376882970592,11.8256904013035
NTSC-U,3704,2,12,"[1, 1, 1, 0, 4, 0, 0, 1]",exactly_dominated,137.98513822301894,1559.4226757651493,23.410576922923255,2207.8358442411272,36.36648817382957,2230.40573681243,384.405736812459,343.905736865683,264.2117305702096,3.81228888692236
NTSC-U,9309,3,25,"[2, 2, 4, 0, 6, 1, 0, 1]",exactly_dominated,118.0029018832601,383.1333955779756,5.713459002074656,679.7466210235771,9.909447379543293,3066.33371465659,333.974557274432,264.865005900487,171.0016926670268,2.20720838250406
NTSC-U,9759,3,25,"[2, 2, 4, 0, 6, 1, 0, 1]",exactly_dominated,118.90642396616053,444.6543291104933,6.746232886869831,725.9768442887016,11.168225073018387,3477.8517872435,299.65930017922,584.768425777657,618.964704271948,4.87307021481381
NTSC-U,7747,3,25,"[2, 2, 4, 0, 6, 1, 0, 1]",exactly_dominated,117.85164529907662,375.2820624959875,5.624294118267649,670.0209496260914,9.767665094845814,3147.02800599414,324.289577347363,345.929340449736,282.216264371874,2.8827445037478
NTSC-U,9470,3,25,"[2, 2, 4, 0, 6, 1, 0, 1]",exactly_dominated,118.0256936114824,382.56349248652606,5.726636266822374,680.6402838296417,9.922475328896565,3141.7904003091,325.440011780261,340.696842627968,274.5443399683216,2.83914035523307
NTSC-U,7897,3,25,"[2, 2, 4, 0, 6, 1, 0, 1]",exactly_dominated,118.12069817260736,392.0734286971461,5.90317208042313,683.7977323924124,9.968505083835657,3227.12217271857,315.85636988241,425.915175684852,394.3073171175524,3.5492931307071
NTSC-U,5900,3,21,"[2, 2, 1, 0, 5, 1, 0, 1]",exactly_dominated,134.33378082221392,1287.9985136581997,19.597438562931938,1642.2291671312896,31.71666861927889,4535.43357135113,247.997329801075,1440.00516771258,1809.515155498616,12.0000430642714
NTSC-U,9889,3,25,"[2, 2, 4, 0, 6, 1, 0, 1]",exactly_dominated,117.9262603941816,384.45485558080554,5.791268343189724,672.1304385202902,10.047594258662476,3270.01862243824,315.234068638257,425.811075238611,394.6445600601152,3.54842562698842
NTSC-U,8631,4,36,"[4, 3, 3, 0, 8, 1, 0, 1]",exactly_dominated,116.23420431143013,297.45685387637286,4.468295886902797,573.7729002179994,8.364546710002696,3406.6508168051,325.245100927915,292.253868414649,210.9177074420952,2.43544890345541
NTSC-U,9923,3,27,"[2, 3, 4, 0, 6, 1, 0, 1]",exactly_dominated,117.92087794860817,384.07101589903135,5.785750184099155,669.9597049408694,10.045233343955191,3269.28740931021,315.204232869155,425.928211738304,394.820998280132,3.54940176448587
NTSC-U,8774,4,39,"[4, 4, 4, 0, 8, 1, 0, 1]",exactly_dominated,117.46963735798242,348.28864545761525,5.263151654300406,589.9410348040356,9.103160423426754,3862.96587991525,312.835720998327,432.045622971874,404.89451672512,3.60038019143228
NTSC-U,9866,3,25,"[2, 2, 4, 0, 6, 1, 0, 1]",exactly_dominated,117.9262603941816,384.45485558080554,5.791268343189724,672.1304385202902,10.047594258662476,3270.01862243824,315.234068638257,425.811075238611,394.6445600601152,3.54842562698842
NTSC-U,9535,3,25,"[2, 2, 4, 0, 6, 1, 0, 1]",exactly_dominated,117.85166559619907,375.28315461039983,5.624310736636617,670.0208904718529,9.767664232486526,3147.02815294152,324.289557458105,345.930060251024,282.2172342515296,2.88275050209186
NTSC-U,9165,3,26,"[2, 3, 3, 0, 6, 1, 0, 1]",exactly_dominated,118.77935307155758,438.10751708096444,6.587422193521597,701.0350935592987,10.817411474423215,3131.35325787647,323.784964908839,374.926154770293,322.590914081258,3.12438462308578
NTSC-U,7655,3,23,"[2, 2, 3, 0, 5, 1, 0, 1]",exactly_dominated,121.26027169244263,579.6702150138395,8.628146658625479,850.6319986197823,13.125785608909524,2889.46436895004,356.896076022595,139.762651076203,20.94070371794828,1.16468875896836
NTSC-U,9974,3,25,"[2, 2, 4, 0, 6, 1, 0, 1]",exactly_dominated,118.00291093999863,386.06161422705503,5.813827926560276,676.7295460511859,9.865464011690687,3255.26862238871,315.48406863821,425.811075238611,394.452514804162,3.54842562698843
NTSC-U,6678,2,19,"[1, 2, 3, 0, 4, 1, 0, 2]",exactly_dominated,129.3329703762029,1072.8780774291138,16.20453180616247,1645.3102053070525,27.100816521142274,1938.00473483184,338.060544031736,542.184846338708,537.142240126588,4.53777258910406
NTSC-U,6228,3,25,"[2, 2, 4, 0, 6, 1, 0, 1]",exactly_dominated,118.12067793638835,392.0723399477502,5.903155513388255,683.7977909330484,9.968505937249759,3227.12202846399,315.856389779257,425.914458492688,394.306347398226,3.54928715410573
NTSC-U,9427,3,25,"[2, 2, 4, 0, 6, 1, 0, 1]",exactly_dominated,117.60566311450748,364.7164263344343,5.4407439906357355,655.9621798246571,10.002348718169559,3158.02574988901,332.727604600468,264.658370831528,171.3711323469464,2.20548642359606
NTSC-U,9562,3,25,"[2, 2, 4, 0, 6, 1, 0, 1]",exactly_dominated,121.39444360058754,565.8305103618347,8.52371149823436,692.7981976890278,11.411463188635896,3172.61569236188,320.826306867176,471.266744695474,451.632897470016,3.92722287246228
NTSC-U,9831,3,24,"[2, 2, 3, 0, 6, 1, 0, 1]",exactly_dominated,117.85449234146738,380.15292208655393,5.726979625209306,667.8242797450603,9.981006597657512,3288.78405227536,314.999500766291,425.811075244423,394.825294511554,3.54842562703686
NTSC-U,7643,3,24,"[2, 2, 3, 0, 5, 1, 0, 2]",exactly_dominated,130.6305882991297,1122.7134905210967,16.762660783802385,1556.1478917599761,22.26167428139625,3036.96142797639,390.573855747333,10.2396308849059,0.03538193926498336,0.0853302573742157
NTSC-U,3600,1,8,"[1, 0, 1, 0, 2, 0, 0, 1]",exactly_evaluated,170.19193122505237,3469.019054037349,52.31190444807218,3856.4416675510083,63.52158864612607,4989.48280822981,353.519678818073,1504.84622653471,1816.314914582628,12.5403852211227
NTSC-U,9348,3,28,"[2, 3, 4, 0, 7, 1, 0, 1]",exactly_dominated,118.0029018832601,383.1333955779757,5.713459002074657,679.7466210235771,9.909447379543293,3066.3337146566,333.974557274432,264.865005900487,171.0016926670268,2.20720838250405
NTSC-U,9718,3,25,"[2, 2, 4, 0, 6, 1, 0, 1]",exactly_dominated,117.73170382015856,373.97471183416405,5.6351735240149745,660.454720086751,10.088950239440337,3318.91564126336,314.610958004019,425.708117195662,394.9877265434524,3.54756764329718
NTSC-U,7706,3,25,"[2, 2, 4, 0, 6, 1, 0, 1]",exactly_dominated,117.98072567255153,386.53505165021585,5.821783097434088,675.4005304105676,9.882862596761566,3258.66794836784,315.402309682919,425.914458492688,394.6540874142392,3.54928715410574
NTSC-U,9431,3,28,"[2, 3, 4, 0, 7, 1, 0, 1]",exactly_dominated,118.0029018832601,383.1333955779757,5.713459002074657,679.7466210235771,9.909447379543293,3066.3337146566,333.974557274432,264.865005900487,171.0016926670268,2.20720838250405
NTSC-U,9061,3,23,"[2, 2, 3, 0, 5, 1, 0, 1]",exactly_dominated,119.8790737701654,489.1895152026673,7.319423508110636,773.2591825252384,11.931874496157567,3050.46436895025,333.896076022557,316.724001927839,239.7463389607892,2.63936668273198
NTSC-U,9962,3,25,"[2, 2, 4, 0, 6, 1, 0, 1]",exactly_dominated,117.9262603941816,384.45485558080554,5.791268343189725,672.1304385202902,10.047594258662798,3270.01862243824,315.234068638257,425.811075238611,394.6445600601152,3.54842562698843
NTSC-U,9827,3,27,"[2, 3, 4, 0, 6, 1, 0, 1]",exactly_dominated,117.72706659270062,373.64154819030847,5.630405950062734,658.4159498098816,10.087355503833336,3318.11615031202,314.584161428332,425.819674644123,395.1542439161012,3.54849728870102
NTSC-U,9574,3,25,"[2, 2, 4, 0, 6, 1, 0, 1]",exactly_dominated,118.02569361148205,382.563492486518,5.726636266822259,680.6402838296417,9.922475328896565,3141.79040030911,325.44001178026,340.696842627968,274.544339968322,2.83914035523307
NTSC-U,4038,2,10,"[1, 0, 1, 0, 3, 0, 0, 2]",exactly_dominated,148.399343273773,2162.9333277149512,32.83607572408571,2832.6881472863706,46.658776863841105,5067.21190194854,279.211901948596,1548.64677450846,1923.150464062664,14.1848173910946
NTSC-U,7751,3,24,"[2, 2, 3, 0, 6, 1, 0, 1]",exactly_dominated,119.29145509412466,462.5821867163381,7.011699722867683,749.063125175393,10.91995369054486,3386.15765243972,300.90488922105,584.971381721118,618.112102869416,4.87476151434265
NTSC-U,3712,2,12,"[1, 1, 1, 0, 4, 0, 0, 1]",exactly_dominated,137.98513822301894,1559.4226757651493,23.410576922923255,2207.8358442411272,36.36648817382957,2230.40573681243,384.405736812459,343.905736865683,264.2117305702096,3.81228888692236
NTSC-U,9935,3,25,"[2, 2, 4, 0, 6, 1, 0, 1]",exactly_dominated,117.9262603941816,384.45485558080554,5.791268343189725,672.1304385202902,10.047594258662798,3270.01862243824,315.234068638257,425.811075238611,394.6445600601152,3.54842562698843
NTSC-U,9036,3,23,"[2, 2, 3, 0, 5, 1, 0, 1]",exactly_dominated,121.2602716924413,579.6702150137859,8.628146658624686,850.6319986198041,13.125785608909862,2889.46436895005,356.896076022591,139.762651076203,20.94070371794828,1.16468875896836
NTSC-U,7881,3,24,"[2, 2, 3, 0, 6, 1, 0, 1]",exactly_dominated,117.92626039419568,384.4548556030806,5.791268343533374,672.1304385202902,10.047594262681708,3270.01862243915,315.234068638197,425.811075239539,394.6445600613404,3.54842562699616
NTSC-U,9466,3,24,"[2, 2, 3, 0, 6, 1, 0, 1]",exactly_dominated,117.73340242238613,369.2632965557394,5.534854494151648,662.9285844810802,9.664271540501751,3174.98253476461,323.918718941898,345.826768956268,282.3271895129008,2.88188974130222
NTSC-U,9173,3,25,"[2, 3, 2, 0, 6, 1, 0, 1]",exactly_dominated,119.54081677866658,487.9946103041154,7.415253956197187,745.8766590346113,11.509344972988814,3374.17143969135,298.603146727364,611.283359873965,655.974518286648,5.09402799894969
NTSC-U,9489,3,26,"[2, 3, 3, 0, 6, 1, 0, 1]",exactly_dominated,117.84619613495084,374.8543509451695,5.618112724857792,667.6481267957479,9.733073730577082,3146.26385152997,324.259286922031,346.051623404887,282.394939974344,2.88376352837405
NTSC-U,9523,3,25,"[2, 2, 4, 0, 6, 1, 0, 1]",exactly_dominated,117.72361703509621,372.2463255568426,5.587653518744868,662.1279756490376,9.652600145827105,3152.06678694941,323.305778556984,350.961581165774,289.5372504437604,2.92467984304812
NTSC-U,9870,3,28,"[2, 3, 4, 0, 7, 1, 0, 1]",exactly_dominated,117.9262603941816,384.45485558080554,5.791268343189724,672.1304385202902,10.047594258662476,3270.01862243824,315.234068638257,425.811075238611,394.6445600601152,3.54842562698842
NTSC-U,8332,4,39,"[4, 3, 3, 1, 8, 1, 0, 2]",exactly_dominated,117.91143590148525,401.52242424587934,6.030883778372239,641.8255594017501,10.294577913639229,3759.90183073154,330.000261274953,279.784113384809,219.4921575660784,2.58110580706
NTSC-U,8125,4,42,"[4, 4, 4, 1, 8, 1, 0, 2]",exactly_dominated,118.2624321303385,405.31068840329937,6.076356208314397,657.20981966204,10.14115999274779,3807.01412041604,326.437455688566,325.3806059688,272.4152117960456,2.96516140667852
NTSC-U,8575,4,36,"[4, 3, 3, 0, 8, 1, 0, 1]",exactly_dominated,115.9751931665615,281.38836662527825,4.230384816362362,531.490992407761,8.145295710314933,3625.27009418381,324.210589012538,293.594879734167,213.3269579808752,2.44662399778473
NTSC-U,9734,3,25,"[2, 2, 4, 0, 6, 1, 0, 1]",exactly_dominated,119.66446232205848,489.9589155884303,7.449961948247559,770.7072702939568,11.872098181352102,3556.77325988344,292.742738681649,663.688944262529,730.464035062268,5.53074120218774
NTSC-U,9364,3,25,"[2, 2, 4, 0, 6, 1, 0, 1]",exactly_dominated,118.0029018832601,383.1333955779756,5.713459002074656,679.7466210235771,9.909447379543293,3066.33371465659,333.974557274432,264.865005900487,171.0016926670268,2.20720838250405
NTSC-U,9671,3,26,"[2, 3, 3, 0, 6, 1, 0, 1]",exactly_dominated,117.72706659271202,373.6415482802631,5.63040595145072,658.4159498098816,10.087355520404406,3318.11615031273,314.584161428288,425.819674644832,395.15424391704,3.54849728870693
NTSC-U,4043,2,10,"[1, 0, 1, 0, 3, 0, 0, 2]",exactly_dominated,148.399343273773,2162.9333277149512,32.83607572408571,2832.6881472863706,46.658776863841105,5067.21190194854,279.211901948596,1548.64677450846,1923.150464062664,14.1848173910946
NTSC-U,9221,3,26,"[2, 3, 3, 0, 6, 1, 0, 1]",exactly_dominated,118.5683752756788,427.0697715943757,6.42611710782824,677.5815818544443,10.455509069019381,3137.56776266222,322.571489412057,379.909956827549,329.7031473604144,3.16591630689623
NTSC-U,7815,3,25,"[2, 2, 4, 0, 6, 1, 0, 1]",exactly_dominated,118.12067793638835,392.07233994775015,5.903155513388254,683.7977909330484,9.968505937249759,3227.12202846399,315.856389779257,425.914458492688,394.306347398226,3.54928715410573
NTSC-U,9558,3,28,"[2, 3, 4, 0, 7, 1, 0, 1]",exactly_dominated,117.8516452990763,375.2820624959724,5.624294118267426,670.0209496260914,9.767665094845814,3147.02800599414,324.289577347362,345.929340449736,282.216264371874,2.8827445037478
NTSC-U,9763,3,25,"[2, 2, 4, 0, 6, 1, 0, 1]",exactly_dominated,117.73211452295205,373.99682353887215,5.635502865317819,660.4793665239185,10.088862869217733,3318.81296683241,314.612266417746,425.708333387952,394.9870887266592,3.5475694448996
NTSC-U,9299,3,25,"[2, 2, 4, 0, 6, 1, 0, 1]",exactly_dominated,117.92955842537988,378.8463983505533,5.649435010179732,675.3554608289396,9.845432392873143,3084.92132963597,333.739989373173,264.865005900487,171.1196107133788,2.20720838250406
NTSC-U,8522,4,41,"[4, 5, 3, 0, 8, 1, 0, 2]",exactly_dominated,118.02463420137094,399.9072590990949,5.983340555096242,703.1118946301713,10.849457818380248,3646.37695308776,332.821028819069,273.138528797272,182.5341306509036,2.57375786528223
NTSC-U,8488,4,37,"[4, 3, 3, 0, 8, 1, 0, 2]",exactly_dominated,116.73433846901763,310.1700473716569,4.681677790578687,565.388110032467,8.438351674253289,3758.79816844529,311.262735812429,427.191252171865,399.6320199023824,3.76810462499154
NTSC-U,7268,3,22,"[1, 3, 4, 0, 5, 1, 0, 1]",exactly_dominated,124.050986574448,769.7180083532554,11.681780958733372,1371.78674532687,22.595459975464284,2759.37254482521,321.636946802743,518.0019672585,514.354758036548,5.5869530882376
NTSC-U,7792,3,25,"[2, 2, 4, 0, 6, 1, 0, 1]",exactly_dominated,118.12067793638835,392.0723399477502,5.903155513388255,683.7977909330484,9.968505937249759,3227.12202846399,315.856389779257,425.914458492688,394.306347398226,3.54928715410573
NTSC-U,9276,3,25,"[2, 2, 4, 0, 6, 1, 0, 1]",exactly_dominated,122.4046709774818,567.0209266782722,8.553297802090414,661.874839626902,11.864433746456465,3387.33157909504,310.430253180493,586.02205597099,614.147289133124,4.88351713309158
NTSC-U,9626,3,25,"[2, 2, 4, 0, 6, 1, 0, 1]",exactly_dominated,118.02569361148205,382.5634924865196,5.7266362668222826,680.6402838296417,9.922475328896565,3141.79040030911,325.44001178026,340.696842627968,274.544339968322,2.83914035523307
NTSC-U,3801,2,13,"[1, 1, 1, 0, 5, 0, 0, 1]",exactly_dominated,133.26037461563948,1276.4471059690572,19.328881627027926,1924.3500277983585,31.697036131910266,2701.93282564136,318.311056725878,817.62206257845,913.873804154092,6.81351718815375
NTSC-U,7842,3,25,"[2, 2, 4, 0, 6, 1, 0, 1]",exactly_dominated,118.12067793638835,392.0723399477502,5.903155513388255,683.7977909330484,9.968505937249759,3227.12202846399,315.856389779257,425.914458492688,394.306347398226,3.54928715410573
NTSC-U,4278,2,10,"[1, 0, 1, 0, 4, 0, 0, 1]",exactly_dominated,170.5834045596873,3515.8217819383603,52.692700069555,4376.691575204704,68.48872183943375,3977.18061972922,475.248797309587,446.458510869927,313.6048155344908,3.72048759058272
NTSC-U,7907,3,28,"[2, 3, 4, 0, 7, 1, 0, 1]",exactly_dominated,118.12067793638835,392.0723399477502,5.903155513388255,683.7977909330484,9.968505937249759,3227.12202846399,315.856389779257,425.914458492688,394.306347398226,3.54928715410573
NTSC-U,9919,3,28,"[2, 3, 4, 0, 7, 1, 0, 1]",exactly_dominated,117.9262603941816,384.45485558080554,5.791268343189724,672.1304385202902,10.047594258662476,3270.01862243824,315.234068638257,425.811075238611,394.6445600601152,3.54842562698842
NTSC-U,8867,4,40,"[4, 4, 3, 1, 8, 1, 0, 1]",exactly_dominated,118.82521642007676,435.79156696962997,6.5509064748367045,702.1126529636995,10.534257478224639,3522.97759575371,320.772368041968,396.155740837131,358.917535102576,3.30129784030942
NTSC-U,9775,3,27,"[2, 3, 4, 0, 6, 1, 0, 1]",exactly_dominated,117.72706659270062,373.6415481903084,5.630405950062733,658.4159498098816,10.087355503833336,3318.11615031202,314.584161428332,425.819674644123,395.1542439161012,3.54849728870102
NTSC-U,9325,3,25,"[2, 2, 4, 0, 6, 1, 0, 1]",exactly_dominated,117.96462923347676,381.92349105542917,5.695886177305795,677.4542973897578,9.87602954453882,3073.74668059648,333.866642666482,264.761366041062,170.9232364658144,2.20634471700885
NTSC-U,9630,3,25,"[2, 2, 4, 0, 6, 1, 0, 1]",exactly_dominated,117.85164529907662,375.2820624959875,5.624294118267649,670.0209496260914,9.767665094845814,3147.02800599414,324.289577347363,345.929340449736,282.216264371874,2.8827445037478
NTSC-U,9260,3,26,"[2, 3, 3, 0, 6, 1, 0, 1]",exactly_dominated,118.59563521444697,428.6439269996522,6.4465269685098745,706.866990633046,10.907401306462734,3175.73736384084,323.210435003343,374.801383345404,322.7674085676424,3.1233448612117
NTSC-U,7784,3,25,"[2, 2, 4, 0, 6, 1, 0, 1]",exactly_dominated,118.12067793638835,392.0723399477503,5.903155513388256,683.7977909330484,9.968505937249759,3227.12202846399,315.856389779257,425.914458492688,394.306347398226,3.54928715410573
NTSC-U,4281,2,10,"[1, 0, 1, 0, 4, 0, 0, 1]",exactly_dominated,170.5834045596873,3515.8185301302424,52.692652082773186,4376.691575204704,68.48872183943344,3977.18061972922,475.248797309587,446.458510869927,313.6048155344908,3.72048759058272
NTSC-U,9149,3,23,"[2, 2, 3, 0, 5, 1, 0, 1]",exactly_dominated,121.26027169244195,579.670215013812,8.628146658625074,850.6319986197823,13.125785608909524,2889.46436895004,356.896076022593,139.762651076203,20.94070371794832,1.16468875896836
NTSC-U,7854,3,28,"[2, 3, 4, 0, 7, 1, 0, 1]",exactly_dominated,118.12067793638835,392.0723399477503,5.903155513388256,683.7977909330484,9.968505937249759,3227.12202846399,315.856389779257,425.914458492688,394.306347398226,3.54928715410573
NTSC-U,9519,3,25,"[2, 2, 4, 0, 6, 1, 0, 1]",exactly_dominated,117.77919428280948,371.04563417589947,5.5610323517174,665.6729128404377,9.704278767648082,3165.61562097345,324.055009446178,345.929340449736,282.3725866123212,2.88274450374781
NTSC-U,8308,4,44,"[4, 5, 4, 1, 8, 1, 0, 2]",exactly_dominated,120.48823593381151,522.8526903367092,7.823009538371049,779.5041008490489,12.028237505304281,3513.41755090996,340.042026352553,257.711915911388,193.5940665658216,2.42426904245801
NTSC-U,7911,3,27,"[2, 3, 3, 0, 7, 1, 0, 1]",exactly_dominated,118.12067793640632,392.0723399485211,5.903155513400066,683.7977909330484,9.968505937249759,3227.12202846519,315.856389779179,425.914458493886,394.3063473998072,3.54928715411572
NTSC-U,9372,3,25,"[2, 2, 4, 0, 6, 1, 0, 1]",exactly_dominated,117.80413590698741,375.38382475845793,5.599637086939473,667.8455295184795,9.958917351235806,3109.23085781168,333.350819881628,264.761366041062,171.1838897701824,2.20634471700885
NTSC-U,9688,3,28,"[2, 3, 4, 0, 7, 1, 0, 1]",exactly_dominated,117.73211452295206,373.99682353887425,5.635502865317854,660.4793665239185,10.088862869217747,3318.81296683242,314.612266417746,425.708333387952,394.9870887266592,3.5475694448996
NTSC-U,9722,3,28,"[2, 3, 4, 0, 7, 1, 0, 1]",exactly_dominated,117.73211452295206,373.99682353887414,5.635502865317851,660.4793665239185,10.088862869217733,3318.81296683242,314.612266417746,425.708333387952,394.9870887266592,3.5475694448996
NTSC-U,7696,3,25,"[2, 2, 4, 0, 6, 1, 0, 1]",exactly_dominated,118.04883606853421,387.86849424635744,5.840381987277457,679.4872164691678,9.905665741352786,3245.70964344348,315.621821878052,425.914458492688,394.4857334757596,3.54928715410573
NTSC-U,8133,4,36,"[4, 3, 3, 0, 8, 1, 0, 1]",exactly_dominated,116.23073512421243,305.1880083603523,4.6199742924619835,558.2997336385479,8.769693321301421,3794.05279458386,315.277532361966,377.493321726081,330.404350414216,3.14577768105068
NTSC-U,9237,3,23,"[2, 2, 3, 0, 5, 1, 0, 1]",exactly_dominated,118.77935307105456,438.10751703911757,6.587422192876846,701.0350933014197,10.81741147044398,3131.35325783931,323.784964911488,374.926154732575,322.590914031376,3.12438462277147
NTSC-U,9667,3,27,"[2, 3, 3, 0, 7, 1, 0, 1]",exactly_dominated,117.7321145229621,373.9968236397322,5.635502866874124,660.4793665239185,10.088862887818088,3318.81296683313,314.612266417697,425.708333388671,394.9870887276084,3.54756944490559
NTSC-U,7803,3,25,"[2, 2, 4, 0, 6, 1, 0, 1]",exactly_dominated,118.12067793638835,392.0723399477503,5.903155513388256,683.7977909330484,9.968505937249759,3227.12202846399,315.856389779257,425.914458492688,394.306347398226,3.54928715410573
NTSC-U,7946,3,27,"[2, 3, 4, 0, 6, 1, 0, 1]",exactly_dominated,118.11496375207558,391.64227543562174,5.8969428537363955,681.5243878997371,9.935363929574649,3226.35818115349,315.824851106968,426.037146131276,394.4918002776048,3.55030955109397
NTSC-U,9958,3,25,"[2, 2, 4, 0, 6, 1, 0, 1]",exactly_dominated,119.85673602277151,500.369153643632,7.605082693087589,782.2380694234726,11.830675942507405,3507.97429170281,293.365980808841,663.787088160388,730.008827019276,5.53155906800323
NTSC-U,9729,3,25,"[2, 2, 4, 0, 6, 1, 0, 1]",exactly_dominated,118.24535024432082,397.6598165887106,5.974528751175021,691.0043414904567,10.648644188913298,3308.29037800956,317.458013588569,415.190111623017,378.94688935012,3.45991759685847
NTSC-U,9379,3,27,"[2, 3, 4, 0, 6, 1, 0, 1]",exactly_dominated,117.99739839243534,382.6928984611497,5.70708448166932,677.2821515761543,9.873519977254844,3065.56918980861,333.944774948152,264.987975692284,171.1677033543676,2.20823313076903
NTSC-U,9683,3,25,"[2, 2, 4, 0, 6, 1, 0, 1]",exactly_dominated,117.73211452295206,373.9968235388742,5.635502865317853,660.4793665239185,10.088862869217733,3318.81296683242,314.612266417746,425.708333387952,394.9870887266592,3.5475694448996
NTSC-U,7737,3,25,"[2, 2, 4, 0, 6, 1, 0, 1]",exactly_dominated,118.0029018832601,383.1333955779756,5.713459002074656,679.7466210235771,9.909447379543293,3066.3337146566,333.974557274432,264.865005900487,171.0016926670268,2.20720838250405
NTSC-U,7672,3,25,"[2, 2, 4, 0, 6, 1, 0, 1]",exactly_dominated,118.0834591174646,390.8889797435968,5.885960470817367,681.5625095785254,9.93591967308008,3234.53444522293,315.749891422959,425.811075238611,394.248974696568,3.54842562698842
NTSC-U,8587,4,41,"[4, 4, 3, 1, 8, 1, 0, 2]",exactly_dominated,117.81790056947213,397.632475610972,5.991504288205342,654.8005535038737,10.103983503833426,3578.52284170989,322.531006153334,350.627202013067,303.0869956280584,3.16859596881056
NTSC-U,6599,2,16,"[1, 1, 2, 0, 5, 1, 0, 1]",exactly_dominated,128.2826558929745,1016.1065239392178,15.36487712899194,1625.88690443846,26.78088456461713,2017.63174393458,333.376812777705,554.324364644541,553.600699198992,4.61936970537117
NTSC-U,9816,3,25,"[2, 2, 4, 0, 6, 1, 0, 1]",exactly_dominated,117.73211452295206,373.99682353887255,5.635502865317825,660.4793665239185,10.088862869217733,3318.81296683241,314.612266417746,425.708333387952,394.9870887266592,3.5475694448996
NTSC-U,9545,3,25,"[2, 2, 4, 0, 6, 1, 0, 1]",exactly_dominated,117.77919428280948,371.04563417589947,5.5610323517174,665.6729128404377,9.704278767648082,3165.61562097345,324.055009446178,345.929340449736,282.3725866123212,2.8827445037478
NTSC-U,9400,3,25,"[2, 2, 4, 0, 6, 1, 0, 1]",exactly_dominated,117.80413590698741,375.38382475845964,5.599637086939499,667.8455295184795,9.958917351236115,3109.23085781168,333.350819881628,264.761366041062,171.1838897701824,2.20634471700885
NTSC-U,9953,3,25,"[2, 2, 4, 0, 6, 1, 0, 1]",exactly_dominated,118.43895647102642,408.0930825057773,6.129965940526183,702.6226425618725,10.60284167155136,3259.50010197574,318.075419652702,415.296876129242,378.6373639428708,3.46080730107701
NTSC-U,8495,4,40,"[4, 4, 3, 1, 8, 1, 0, 1]",exactly_dominated,117.3517854693633,368.21200153842693,5.554610576812223,613.4014222958976,9.75681349676026,3839.53229453328,320.881527705349,351.849938154104,304.8406445883156,2.93208281795086
NTSC-U,3723,2,12,"[1, 1, 1, 0, 4, 0, 0, 1]",exactly_dominated,137.98513822301894,1559.4226757651493,23.410576922923255,2207.8358442411272,36.36648817382957,2230.40573681243,384.405736812459,343.905736865683,264.2117305702096,3.81228888692236
NTSC-U,9791,3,28,"[2, 3, 4, 0, 7, 1, 0, 1]",exactly_dominated,117.73211452295206,373.99682353887255,5.635502865317825,660.4793665239185,10.088862869217733,3318.81296683241,314.612266417746,425.708333387952,394.9870887266592,3.5475694448996
NTSC-U,8929,4,41,"[4, 4, 3, 1, 8, 1, 0, 2]",exactly_dominated,118.78458232822082,454.88542126713486,6.833187749225594,712.2582817484672,11.368728721140096,3683.46974989472,332.45994028226,282.268499807835,221.0323989759324,2.61352573348025
NTSC-U,9512,3,28,"[2, 3, 4, 0, 7, 1, 0, 1]",exactly_dominated,117.8516452990763,375.2820624959725,5.624294118267429,670.0209496260914,9.767665094845814,3147.02800599415,324.289577347362,345.929340449736,282.216264371874,2.8827445037478
NTSC-U,9142,3,23,"[2, 2, 3, 0, 5, 1, 0, 1]",exactly_dominated,120.897146014059,555.5912018255589,8.278640573191884,790.5734236184853,12.092320483059552,2888.80639769225,354.260269539883,155.857303250721,37.64906946782992,1.29881086042267
NTSC-U,9841,3,25,"[2, 2, 4, 0, 6, 1, 0, 1]",exactly_dominated,117.92626039418195,384.45485558082123,5.791268343189958,672.1304385202902,10.047594258662812,3270.01862243824,315.234068638258,425.811075238611,394.6445600601152,3.54842562698842
NTSC-U,9904,3,25,"[2, 2, 4, 0, 6, 1, 0, 1]",exactly_dominated,117.98072567254788,386.5350516500103,5.821783097431016,675.4005304103284,9.882862596761903,3258.66794836782,315.402309682908,425.914458492688,394.6540874142396,3.54928715410573
NTSC-U,9457,3,25,"[2, 2, 4, 0, 6, 1, 0, 1]",exactly_dominated,118.00292217452348,383.1344880117834,5.713475626297902,679.7465612762035,9.909446508537192,3066.33386436418,333.974537317716,264.865728746685,171.0026600646472,2.20721440622237
NTSC-U,9007,3,23,"[2, 2, 3, 0, 5, 1, 0, 1]",exactly_dominated,121.2602716924413,579.6702150137859,8.628146658624686,850.6319986198041,13.125785608909862,2889.46436895006,356.896076022591,139.762651076203,20.94070371794824,1.16468875896836
NTSC-U,9768,3,28,"[2, 3, 4, 0, 7, 1, 0, 1]",exactly_dominated,117.73211452295205,373.9968235388722,5.635502865317821,660.4793665239185,10.088862869217747,3318.81296683241,314.612266417746,425.708333387952,394.9870887266592,3.5475694448996
NTSC-U,9292,3,27,"[2, 3, 3, 0, 7, 1, 0, 1]",exactly_dominated,118.00290188327658,383.1333955786797,5.713459002085475,679.7466210235771,9.909447379543293,3066.3337146578,333.97455727435,264.865005901694,171.001692668592,2.20720838251412
NTSC-U,9338,3,25,"[2, 2, 4, 0, 6, 1, 0, 1]",exactly_dominated,118.0029018832601,383.1333955779756,5.713459002074656,679.7466210235771,9.909447379543293,3066.33371465659,333.974557274432,264.865005900487,171.0016926670268,2.20720838250405
NTSC-U,7776,3,25,"[2, 2, 4, 0, 6, 1, 0, 1]",exactly_dominated,118.12067793638835,392.0723399477502,5.903155513388255,683.7977909330484,9.968505937249759,3227.12202846399,315.856389779257,425.914458492688,394.306347398226,3.54928715410573
NTSC-U,9787,3,25,"[2, 2, 4, 0, 6, 1, 0, 1]",exactly_dominated,117.73211452295206,373.99682353887255,5.635502865317825,660.4793665239185,10.088862869217733,3318.81296683241,314.612266417746,425.708333387952,394.9870887266592,3.5475694448996
NTSC-U,6188,2,22,"[1, 2, 3, 1, 5, 1, 0, 2]",exactly_dominated,124.67290762669387,797.0580513668829,12.09297946893355,1389.575982869832,22.8884763690585,2979.98518162695,320.128953855133,568.940991362802,583.00119815086,4.79797119005233
NTSC-U,9857,3,25,"[2, 2, 4, 0, 6, 1, 0, 1]",exactly_dominated,118.43895647102642,408.0930825057773,6.129965940526183,702.6226425618725,10.60284167155136,3259.50010197574,318.075419652702,415.296876129242,378.6373639428708,3.46080730107701
NTSC-U,9441,3,25,"[2, 2, 4, 0, 6, 1, 0, 1]",exactly_dominated,118.49020376524699,405.4391269275713,6.033186328065587,708.794598830501,10.332913122008337,3055.86281212357,336.654520548965,254.317041954837,156.3457667672676,2.11930868295697
NTSC-U,9912,3,25,"[2, 2, 4, 0, 6, 1, 0, 1]",exactly_dominated,117.9262603941816,384.45485558080554,5.791268343189724,672.1304385202902,10.047594258662476,3270.01862243824,315.234068638257,425.811075238611,394.6445600601152,3.54842562698842
NTSC-U,7721,3,25,"[2, 2, 4, 0, 6, 1, 0, 1]",exactly_dominated,118.30732240985371,399.922848071906,6.013734933853168,694.8715302545161,10.129940556719617,3221.87533232966,317.058770127933,420.669301289138,386.4477063723272,3.50557751074281
NTSC-U,9695,3,28,"[2, 3, 4, 0, 7, 1, 0, 1]",exactly_dominated,117.73211452295206,373.99682353887425,5.635502865317854,660.4793665239185,10.088862869217747,3318.81296683242,314.612266417746,425.708333387952,394.9870887266592,3.5475694448996
NTSC-U,8987,3,22,"[2, 2, 2, 0, 5, 1, 0, 1]",exactly_dominated,121.07069961523777,569.82590089595,8.48149677667943,856.4808808065654,13.216037531903313,2933.84847498112,356.321546112364,139.648225106141,20.84282913648916,1.16373520921785
NTSC-U,3627,1,7,"[1, 0, 0, 0, 2, 0, 0, 1]",exactly_evaluated,205.2611111111111,5723.092458993746,87.01684680050504,6649.3182923116965,124.72173264083332,7868,136,4320,5760,36
NTSC-U,9380,3,27,"[2, 3, 4, 0, 6, 1, 0, 1]",exactly_dominated,118.03270091253424,384.3342143248106,5.732099289453153,672.3552500864025,9.801694874272545,3062.89133806804,334.025764682037,265.254741686614,171.4684685475252,2.21045618072178
NTSC-U,4048,2,10,"[1, 0, 1, 0, 3, 0, 0, 2]",exactly_dominated,148.399343273773,2162.9333277149512,32.83607572408571,2832.6881472863706,46.658776863841105,5067.21190194854,279.211901948596,1548.64677450846,1923.150464062664,14.1848173910946
NTSC-U,6075,2,13,"[1, 0, 2, 0, 4, 1, 0, 1]",exactly_dominated,152.16221978328696,2421.3487381944874,36.451155301949946,2649.1153865480765,42.85649446763473,4094.54420370713,346.57877096295,1080.00000146278,1251.12830831228,9.00000001218983
NTSC-U,7664,3,26,"[2, 3, 3, 0, 6, 1, 0, 1]",exactly_dominated,118.77935307105489,438.1075170391273,6.587422192876987,701.0350933013988,10.817411470443657,3131.35325783931,323.784964911489,374.926154732575,322.5909140313756,3.12438462277146
NTSC-U,9553,3,25,"[2, 2, 4, 0, 6, 1, 0, 1]",exactly_dominated,117.8516452990763,375.2820624959725,5.624294118267429,670.0209496260914,9.767665094845814,3147.02800599414,324.289577347362,345.929340449736,282.216264371874,2.8827445037478
NTSC-U,9800,3,28,"[2, 3, 4, 0, 7, 1, 0, 1]",exactly_dominated,117.73211452295206,373.99682353887255,5.635502865317825,660.4793665239185,10.088862869217733,3318.81296683241,314.612266417746,425.708333387952,394.9870887266592,3.5475694448996
NTSC-U,7408,3,26,"[1, 3, 3, 2, 5, 1, 0, 2]",exactly_dominated,125.27403319423024,833.8665343082821,12.661028039616538,1428.8923789506125,23.536078525187435,3045.37537687012,316.128997558647,618.806992354423,650.804872418164,5.3263987334934
NTSC-U,9945,3,28,"[2, 3, 4, 0, 7, 1, 0, 1]",exactly_dominated,117.9262603941816,384.45485558080554,5.791268343189725,672.1304385202902,10.047594258662798,3270.01862243824,315.234068638257,425.811075238611,394.6445600601152,3.54842562698843
NTSC-U,8657,4,38,"[4, 3, 3, 1, 8, 1, 0, 1]",exactly_dominated,117.9131688251842,398.3070190215432,6.025405919481606,637.5342659659809,10.190012491253064,3742.07163597029,314.787543664796,423.728612935186,396.7600142893592,3.53107177445988
NTSC-U,9416,3,25,"[2, 2, 4, 0, 6, 1, 0, 1]",exactly_dominated,117.54930925587587,364.3970355866256,5.450831815079684,652.6220769531692,9.514021740273382,3080.80032486204,330.935609407538,279.440654116359,191.1764990007888,2.32867211763633
NTSC-U,9251,3,26,"[2, 3, 3, 0, 6, 1, 0, 1]",exactly_dominated,119.54081677822354,487.99461025022896,7.415253955366619,745.8766586031625,11.509344966331287,3374.17143965747,298.603146729672,611.283359841137,655.97451824288,5.09402799867613
NTSC-U,9601,3,25,"[2, 2, 4, 0, 6, 1, 0, 1]",exactly_dominated,117.72361703509621,372.2463255568462,5.587653518744922,662.1279756490376,9.652600145827105,3152.06678694941,323.305778556984,350.961581165774,289.5372504437608,2.92467984304812
NTSC-U,8155,4,36,"[4, 3, 3, 0, 8, 1, 0, 1]",exactly_dominated,121.25776684075912,530.118143083965,7.981978935266209,722.6640935371188,11.151160518786256,4031.504362288,321.490217023654,458.043520270301,435.18883121478,3.81702933558584
NTSC-U,9314,3,28,"[2, 3, 4, 0, 7, 1, 0, 1]",exactly_dominated,118.0029018832601,383.1333955779756,5.713459002074656,679.7466210235771,9.909447379543293,3066.33371465659,333.974557274432,264.865005900487,171.0016926670268,2.20720838250405
NTSC-U,9744,3,25,"[2, 2, 4, 0, 6, 1, 0, 1]",exactly_dominated,117.73170382015856,373.9747118341641,5.635173524014976,660.454720086751,10.088950239440337,3318.91564126336,314.610958004019,425.708117195662,394.9877265434524,3.54756764329718
NTSC-U,9894,3,28,"[2, 3, 4, 0, 7, 1, 0, 1]",exactly_dominated,117.9262603941816,384.45485558080554,5.791268343189724,672.1304385202902,10.047594258662476,3270.01862243824,315.234068638257,425.811075238611,394.6445600601152,3.54842562698842
NTSC-U,7473,4,29,"[1, 4, 4, 2, 6, 1, 0, 1]",exactly_dominated,134.07987085711054,1362.8713461938235,20.628258822994866,1973.7198022866223,32.510233057195805,2460.80946912245,324.970164825121,780.749612583418,861.860179090192,6.50624677152848
NTSC-U,7189,2,17,"[1, 2, 2, 0, 4, 1, 0, 1]",exactly_dominated,128.16792670923402,1006.7122717143242,15.233909937613882,1619.0031534140317,26.66749848526959,2007.97060988652,329.970609886528,555.470600656128,558.95080163938,5.9900194274212
NTSC-U,9197,3,26,"[2, 3, 3, 0, 6, 1, 0, 1]",exactly_dominated,119.87907377016505,489.1895152026498,7.319423508110373,773.2591825251966,11.93187449615692,3050.46436895024,333.896076022556,316.724001927839,239.7463389607892,2.63936668273198
NTSC-U,9528,3,25,"[2, 2, 4, 0, 6, 1, 0, 1]",exactly_dominated,117.8516452990763,375.2820624959724,5.624294118267426,670.0209496260914,9.767665094845814,3147.02800599414,324.289577347362,345.929340449736,282.216264371874,2.8827445037478
NTSC-U,9482,3,24,"[2, 2, 3, 0, 6, 1, 0, 1]",exactly_dominated,117.65531380000658,367.6283365718882,5.511898184234245,658.242240998291,9.811596369283329,3189.92490574102,323.666215298298,345.826355331417,282.495730325238,2.88188629442847
NTSC-U,7865,3,28,"[2, 3, 4, 0, 7, 1, 0, 1]",exactly_dominated,118.12067793638835,392.07233994775015,5.903155513388254,683.7977909330484,9.968505937249759,3227.12202846399,315.856389779257,425.914458492688,394.306347398226,3.54928715410573
NTSC-U,9656,3,24,"[2, 2, 3, 0, 6, 1, 0, 1]",exactly_dominated,119.6644623220679,489.9589156238303,7.449961948793744,770.7072702939568,11.872098187836952,3556.77325988403,292.742738681613,663.688944263111,730.46403506304,5.53074120219259
NTSC-U,8944,4,36,"[4, 3, 3, 0, 8, 1, 0, 1]",exactly_dominated,116.97196607474045,337.77796966407186,5.090805413475584,621.2376784757962,9.941332133931153,3805.9946264326,326.275191797999,302.409784088611,223.5422810872372,2.52008153407176
NTSC-U,9206,3,26,"[2, 3, 3, 0, 6, 1, 0, 1]",exactly_dominated,118.77935307105454,438.1075170391118,6.587422192876759,701.0350933013797,10.817411470443362,3131.35325783931,323.784964911488,374.926154732575,322.5909140313752,3.12438462277147
NTSC-U,9713,3,28,"[2, 3, 4, 0, 7, 1, 0, 1]",exactly_dominated,117.73211452295206,373.99682353887414,5.635502865317851,660.4793665239185,10.088862869217733,3318.81296683242,314.612266417746,425.708333387952,394.9870887266592,3.5475694448996
NTSC-U,4121,2,10,"[1, 0, 2, 0, 3, 0, 0, 1]",exactly_dominated,148.3095080905825,2186.6946870540182,33.17961664122875,2819.972427456515,46.449329193163805,5015.15612010745,280.358509838238,1539.59011186632,1909.928305983496,12.829917598886
NTSC-U,9343,3,25,"[2, 2, 4, 0, 6, 1, 0, 1]",exactly_dominated,117.60566311450748,364.7164263344357,5.44074399063576,655.9621798246571,10.002348718169559,3158.02574988901,332.727604600468,264.658370831528,171.371132346946,2.20548642359606
NTSC-U,8552,4,40,"[4, 5, 3, 0, 8, 1, 0, 1]",exactly_dominated,117.46963742224801,348.28864719695633,5.2631516814933414,589.9410348232359,9.103160423723027,3862.96588439025,312.835720697253,432.045627446983,404.894522652636,3.60038022872486
NTSC-U,9590,3,28,"[2, 3, 4, 0, 7, 1, 0, 1]",exactly_dominated,117.85164529907662,375.2820624959874,5.624294118267648,670.0209496260914,9.767665094845814,3147.02800599414,324.289577347363,345.929340449736,282.216264371874,2.8827445037478
NTSC-U,9969,3,28,"[2, 3, 4, 0, 7, 1, 0, 1]",exactly_dominated,117.9262603941816,384.45485558080554,5.791268343189725,672.1304385202902,10.047594258662798,3270.01862243824,315.234068638257,425.811075238611,394.6445600601152,3.54842562698842
NTSC-U,9986,3,25,"[2, 2, 4, 0, 6, 1, 0, 1]",exactly_dominated,117.9262603941816,384.45485558080554,5.791268343189725,672.1304385202902,10.047594258662798,3270.01862243824,315.234068638257,425.811075238611,394.6445600601152,3.54842562698843
NTSC-U,7832,3,25,"[2, 2, 4, 0, 6, 1, 0, 1]",exactly_dominated,118.12067793638835,392.0723399477502,5.903155513388255,683.7977909330484,9.968505937249759,3227.12202846399,315.856389779257,425.914458492688,394.306347398226,3.54928715410573
NTSC-U,9085,3,23,"[2, 2, 3, 0, 5, 1, 0, 1]",exactly_dominated,121.00121257135052,566.0694210404357,8.428725001871783,823.0025718857441,12.699446213734527,2895.67887377321,355.682600523079,144.293390573382,25.6374297108848,1.20244492144483
NTSC-U,8952,4,40,"[4, 4, 3, 1, 8, 1, 0, 1]",exactly_dominated,118.85443840877352,449.169598580808,6.750880199886755,708.4311311588872,11.507689257180774,3703.06854194904,332.599565516465,283.961158620673,222.274209540056,2.36634298850561
NTSC-U,9640,3,25,"[2, 2, 4, 0, 6, 1, 0, 1]",exactly_dominated,121.39444360058752,565.8305103618341,8.52371149823435,692.7981976890278,11.411463188635896,3172.61569236187,320.826306867176,471.266744695474,451.632897470016,3.92722287246228
NTSC-U,9355,3,25,"[2, 2, 4, 0, 6, 1, 0, 1]",exactly_dominated,117.92955842537988,378.8463983505533,5.649435010179732,675.3554608289396,9.845432392873143,3084.92132963598,333.739989373173,264.865005900487,171.1196107133788,2.20720838250405
NTSC-U,4137,2,10,"[1, 0, 2, 0, 3, 0, 0, 1]",exactly_dominated,148.3095080905825,2186.6946870540182,33.17961664122875,2819.972427456515,46.449329193163805,5015.15612010745,280.358509838238,1539.59011186632,1909.928305983496,12.829917598886
NTSC-U,545,2,12,"[1, 1, 1, 0, 4, 0, 0, 1]",exactly_dominated,137.98513822301894,1559.4226757651493,23.410576922923255,2207.8358442411272,36.36648817382957,2230.40573681243,384.405736812459,343.905736865683,264.2117305702096,3.81228888692236
NTSC-U,9705,3,25,"[2, 2, 4, 0, 6, 1, 0, 1]",exactly_dominated,117.59326727185359,370.1472573656437,5.586848939845443,652.2183298438458,9.889225428378891,3323.8930255746,313.57712347893,430.787803234841,402.54438360548,3.58989836029034
NTSC-U,6223,3,25,"[2, 2, 4, 0, 6, 1, 0, 1]",exactly_dominated,118.12067793638835,392.0723399477502,5.903155513388255,683.7977909330484,9.968505937249759,3227.12202846399,315.856389779257,425.914458492688,394.306347398226,3.54928715410573
NTSC-U,7961,3,24,"[2, 2, 3, 0, 6, 1, 0, 1]",exactly_dominated,118.12067793640632,392.0723399485211,5.903155513400066,683.7977909330484,9.968505937249759,3227.12202846519,315.856389779179,425.914458493886,394.3063473998072,3.54928715411572
NTSC-U,9586,3,25,"[2, 2, 4, 0, 6, 1, 0, 1]",exactly_dominated,117.65531379999388,367.62833654884315,5.511898183878679,658.242240998291,9.81159636511156,3189.92490574011,323.666215298362,345.826355330486,282.4957303240184,2.88188629442072
NTSC-U,9569,3,25,"[2, 2, 4, 0, 6, 1, 0, 1]",exactly_dominated,117.81384582824077,374.0863228048858,5.606926688125744,667.7562943485482,9.734650613255857,3154.44072852484,324.182038083185,345.826355330486,282.150684430094,2.88188629442071
NTSC-U,9093,3,23,"[2, 2, 3, 0, 5, 1, 0, 1]",exactly_dominated,121.2602716924423,579.6702150138261,8.628146658625282,850.6319986197823,13.125785608909524,2889.46436895004,356.896076022594,139.762651076203,20.94070371794832,1.16468875896836
NTSC-U,9139,3,23,"[2, 2, 3, 0, 5, 1, 0, 1]",exactly_dominated,122.33760464864825,631.7360778144133,9.398055319057717,909.8249955104147,13.712779021744112,2862.45677968873,360.825080303198,132.64344419837,13.52823854901632,1.10536203498641
NTSC-U,7824,3,25,"[2, 2, 4, 0, 6, 1, 0, 1]",exactly_dominated,118.12067793638835,392.0723399477503,5.903155513388256,683.7977909330484,9.968505937249759,3227.12202846399,315.856389779257,425.914458492688,394.306347398226,3.54928715410573
NTSC-U,8682,4,37,"[4, 3, 4, 0, 8, 1, 0, 1]",exactly_dominated,116.96475639038651,326.78689950406437,4.928703566040608,614.434596937901,8.96137594424431,3539.93548563131,312.085691143633,425.603987545864,396.8344484719268,3.54669989621553
NTSC-U,9990,3,28,"[2, 3, 4, 0, 7, 1, 0, 1]",exactly_dominated,117.9262603941816,384.45485558080554,5.791268343189725,672.1304385202902,10.047594258662798,3270.01862243824,315.234068638257,425.811075238611,394.6445600601152,3.54842562698843
NTSC-U,8006,4,42,"[4, 4, 4, 1, 8, 1, 0, 2]",exactly_dominated,118.91977762870793,439.66961901874174,6.586545042205749,692.7189644386417,10.630797488629236,3450.04139465821,328.734694919658,323.829787875474,269.4553208321136,2.96098131543334
NTSC-U,8456,4,37,"[4, 3, 4, 0, 8, 1, 0, 1]",exactly_dominated,118.51048756355844,421.3023702379146,6.336188428545661,701.738215297717,10.828261084137424,3773.84855350801,324.792278755481,357.32303339613,297.23810938113,2.97769194496775
NTSC-U,8905,4,38,"[4, 4, 3, 0, 8, 1, 0, 1]",exactly_dominated,115.79516552708552,273.66565067966076,4.143521074120635,535.3273275586507,8.260436644196943,3621.11838251944,314.36576615494,373.851528820692,326.2248029215208,3.1154294068391
NTSC-U,9617,3,28,"[2, 3, 4, 0, 7, 1, 0, 1]",exactly_dominated,117.85164529907662,375.2820624959875,5.624294118267649,670.0209496260914,9.767665094845814,3147.02800599414,324.289577347363,345.929340449736,282.216264371874,2.8827445037478
NTSC-U,9247,3,26,"[2, 3, 3, 0, 6, 1, 0, 1]",exactly_dominated,118.5683752756788,427.0697715943757,6.42611710782824,677.5815818544443,10.455509069019381,3137.56776266223,322.571489412057,379.90995682755,329.7031473604144,3.16591630689623
NTSC-U,9752,3,25,"[2, 2, 4, 0, 6, 1, 0, 1]",exactly_dominated,117.80831821982386,378.5675048735461,5.703810414840792,665.0516685782504,10.160078200220248,3299.16564137351,314.860958002653,425.70811719543,394.794256020586,3.54756764329525
NTSC-U,9302,3,25,"[2, 2, 4, 0, 6, 1, 0, 1]",exactly_dominated,118.17702827616314,390.4919440473088,5.8171709218644105,690.1226660119355,10.060710907216418,3061.11407467445,335.101137992932,259.605994641574,163.7442404766424,2.16338328867978
NTSC-U,7936,3,28,"[2, 3, 4, 0, 7, 1, 0, 1]",exactly_dominated,118.12067793638835,392.0723399477502,5.903155513388255,683.7977909330484,9.968505937249759,3227.12202846399,315.856389779257,425.914458492688,394.306347398226,3.54928715410573
NTSC-U,9181,3,25,"[2, 3, 2, 0, 6, 1, 0, 1]",exactly_dominated,118.59563521484374,428.64392713525245,6.446526970601478,706.8669920675347,10.907401328597794,3175.73736387008,323.210435001262,374.801383375078,322.7674086068864,3.12334486145899
NTSC-U,9928,3,25,"[2, 2, 4, 0, 6, 1, 0, 1]",exactly_dominated,117.98072567254754,386.5350516499947,5.821783097430785,675.4005304103284,9.882862596761903,3258.66794836782,315.402309682907,425.914458492688,394.6540874142396,3.54928715410573
NTSC-U,9882,3,25,"[2, 2, 4, 0, 6, 1, 0, 1]",exactly_dominated,118.11414182058883,392.6400398831565,5.906953105822563,683.2782757422028,10.269352036659622,3264.76898417917,316.441695083182,420.562997996115,386.7667566924308,3.50469164996762
NTSC-U,7873,3,25,"[2, 2, 4, 0, 6, 1, 0, 1]",exactly_dominated,117.73211452295206,373.99682353887414,5.635502865317851,660.4793665239185,10.088862869217733,3318.81296683242,314.612266417746,425.708333387952,394.9870887266592,3.5475694448996
NTSC-U,9494,3,25,"[2, 2, 4, 0, 6, 1, 0, 1]",exactly_dominated,117.71051620329968,369.72715145903936,5.542677868061154,661.5513185256059,9.644193552481955,3178.57392589781,323.835497251031,345.929340449736,282.5194386351976,2.8827445037478
NTSC-U,9549,3,25,"[2, 2, 4, 0, 6, 1, 0, 1]",exactly_dominated,117.72361703509621,372.24632555684275,5.58765351874487,662.1279756490376,9.652600145827105,3152.0667869494,323.305778556984,350.961581165774,289.5372504437604,2.92467984304812
NTSC-U,9119,3,23,"[2, 2, 3, 0, 5, 1, 0, 1]",exactly_dominated,121.26027169244195,579.670215013812,8.628146658625074,850.6319986197823,13.125785608909524,2889.46436895005,356.896076022593,139.762651076203,20.94070371794828,1.16468875896836
NTSC-U,7804,3,25,"[2, 2, 4, 0, 6, 1, 0, 1]",exactly_dominated,118.12067793638835,392.0723399477503,5.903155513388256,683.7977909330484,9.968505937249759,3227.12202846399,315.856389779257,425.914458492688,394.306347398226,3.54928715410573
NTSC-U,7941,3,26,"[2, 3, 3, 0, 6, 1, 0, 1]",exactly_dominated,118.11496375209302,391.64227543634985,5.896942853747556,681.5243878997371,9.935363929574649,3226.35818115466,315.82485110689,426.037146132457,394.4918002791692,3.55030955110381
NTSC-U,7691,3,24,"[2, 2, 3, 0, 6, 1, 0, 1]",exactly_dominated,118.04883606855017,387.8684942472025,5.840381987290463,679.4872164691678,9.905665741352786,3245.70964344467,315.621821877968,425.914458493886,394.4857334773412,3.54928715411572
NTSC-U,8564,4,37,"[4, 3, 3, 0, 8, 1, 0, 2]",exactly_dominated,116.9997829632245,331.29485971117884,4.953906911068541,621.1262134985982,9.584367302999276,3843.60294286094,329.742033394049,271.807748307517,182.3859311864044,2.5502131454409
NTSC-U,9375,3,28,"[2, 3, 4, 0, 7, 1, 0, 1]",exactly_dominated,118.0029018832601,383.1333955779757,5.713459002074657,679.7466210235771,9.909447379543293,3066.3337146566,333.974557274432,264.865005900487,171.0016926670268,2.20720838250405
NTSC-U,4117,2,10,"[1, 0, 2, 0, 3, 0, 0, 1]",exactly_dominated,148.2363843418,2184.1328618120788,33.14186220368879,2822.910611367989,46.49772564924448,5028.12394193671,280.123941937011,1539.59011186634,1910.162873884728,12.8299175988861
NTSC-U,9725,3,25,"[2, 2, 4, 0, 6, 1, 0, 1]",exactly_dominated,117.88882755337349,380.2185674727695,5.726931601141388,669.882311910138,9.765644013594994,3283.43104585405,315.126780787476,425.70811719543,394.5891907985128,3.54756764329525
NTSC-U,8972,3,23,"[2, 2, 3, 0, 5, 1, 0, 1]",exactly_dominated,121.72478925544884,602.6688807680337,8.968949310301406,871.6205903511482,13.44965275209935,2876.37414921808,358.657248049949,135.981495226459,17.01714309071976,1.13317912688716
NTSC-U,9660,3,25,"[2, 2, 4, 0, 6, 1, 0, 1]",exactly_dominated,117.73211452295206,373.99682353887425,5.635502865317854,660.4793665239185,10.088862869217747,3318.81296683242,314.612266417746,425.708333387952,394.9870887266592,3.5475694448996
NTSC-U,3797,2,13,"[1, 1, 1, 0, 5, 0, 0, 1]",exactly_dominated,133.06553894711024,1264.046806719439,19.11646829922533,1912.6598876866046,31.504481353332224,2623.0678993318,326.856738313593,738.757482817407,803.116349175008,6.15631235681173
NTSC-U,7853,3,28,"[2, 3, 4, 0, 7, 1, 0, 1]",exactly_dominated,118.12067793638835,392.0723399477503,5.903155513388256,683.7977909330484,9.968505937249759,3227.12202846399,315.856389779257,425.914458492688,394.306347398226,3.54928715410573
NTSC-U,7916,3,28,"[2, 3, 4, 0, 7, 1, 0, 1]",exactly_dominated,118.12067793638835,392.0723399477502,5.903155513388255,683.7977909330484,9.968505937249759,3227.12202846399,315.856389779257,425.914458492688,394.306347398226,3.54928715410573
NTSC-U,9908,3,25,"[2, 2, 4, 0, 6, 1, 0, 1]",exactly_dominated,117.46681720349346,365.1950394349656,5.521119005972725,644.5586673549014,9.566237166920411,3284.53822042277,312.076242426253,440.331006816545,416.386709898948,3.66942505680454
NTSC-U,6487,2,19,"[1, 2, 2, 0, 5, 1, 0, 2]",exactly_dominated,134.56160610375957,1285.1932828193246,19.372064202255057,1591.9079052358902,26.221197631423255,2337.04971488023,336.444971167651,696.907497516823,741.425063647824,6.08131453546237
NTSC-U,8860,4,43,"[4, 5, 3, 1, 8, 1, 0, 2]",exactly_dominated,119.36348282457396,482.3618867967832,7.253585876965674,760.0898114888969,12.402344843476849,3772.50546408668,333.728243464942,287.198587213104,225.686021780334,2.66365578421218
NTSC-U,9772,3,28,"[2, 3, 4, 0, 7, 1, 0, 1]",exactly_dominated,117.73211452295205,373.9968235388722,5.635502865317821,660.4793665239185,10.088862869217747,3318.81296683241,314.612266417746,425.708333387952,394.9870887266592,3.5475694448996
NTSC-U,9288,3,24,"[2, 2, 3, 0, 6, 1, 0, 1]",exactly_dominated,117.80413590699939,375.3838247819215,5.599637087301516,667.8455295184795,9.958917355490714,3109.2308578126,333.350819881562,264.761366041997,171.1838897713948,2.20634471701665
NTSC-U,4140,2,10,"[1, 0, 2, 0, 3, 0, 0, 1]",exactly_dominated,148.3095080905825,2186.6946870540182,33.17961664122875,2819.972427456515,46.449329193163805,5015.15612010745,280.358509838238,1539.59011186632,1909.928305983496,12.829917598886
NTSC-U,9322,3,28,"[2, 3, 4, 0, 7, 1, 0, 1]",exactly_dominated,118.0029018832601,383.1333955779756,5.713459002074656,679.7466210235771,9.909447379543293,3066.33371465659,333.974557274432,264.865005900487,171.0016926670268,2.20720838250405
NTSC-U,8499,4,37,"[4, 3, 3, 0, 8, 1, 0, 2]",exactly_dominated,117.40480519497942,341.17735890359796,5.100702483276982,602.3621654026074,9.294826264262344,3708.14002169493,331.116630392242,271.117012550555,180.7974329765748,2.55378084456082
NTSC-U,7279,2,17,"[1, 2, 2, 0, 4, 1, 0, 1]",exactly_dominated,128.3242067258684,1016.0618159423567,15.372212165388072,1628.3799544121148,26.821948972833965,1985.89219247911,330.967785706838,551.593883118863,553.226879932208,5.95819420403133
NTSC-U,7783,3,25,"[2, 2, 4, 0, 6, 1, 0, 1]",exactly_dominated,118.12067793638835,392.0723399477503,5.903155513388256,683.7977909330484,9.968505937249759,3227.12202846399,315.856389779257,425.914458492688,394.306347398226,3.54928715410573
NTSC-U,8925,4,38,"[4, 4, 3, 0, 8, 1, 0, 1]",exactly_dominated,117.46963742224801,348.28864719695633,5.2631516814933414,589.9410348232359,9.103160423723027,3862.96588439025,312.835720697253,432.045627446983,404.894522652636,3.60038022872486
NTSC-U,9637,3,25,"[2, 2, 4, 0, 6, 1, 0, 1]",exactly_dominated,117.45927359470687,357.08616645508687,5.354884554894245,646.4809865153775,9.854747825953057,3238.71954988748,323.043377668336,345.724004129222,282.780127699904,2.88103336774352
NTSC-U,6468,2,20,"[1, 2, 3, 0, 5, 1, 0, 2]",exactly_dominated,130.4665145522807,1139.6624585637035,17.111583436471637,1720.665986300175,28.342043365730447,1695.60387995956,373.085369851984,257.459566539375,150.7008773124656,2.64921402074312
NTSC-U,9267,4,28,"[2, 4, 3, 0, 6, 1, 0, 1]",exactly_dominated,118.77935307105489,438.10751703912734,6.587422192876991,701.0350933013988,10.817411470443657,3131.3532578393,323.784964911489,374.926154732575,322.5909140313756,3.12438462277146
NTSC-U,9508,3,25,"[2, 2, 4, 0, 6, 1, 0, 1]",exactly_dominated,117.65531379999388,367.62833654884315,5.511898183878678,658.242240998291,9.811596365111237,3189.92490574011,323.666215298362,345.826355330486,282.4957303240184,2.88188629442072
NTSC-U,4290,2,10,"[1, 0, 1, 0, 4, 0, 0, 1]",exactly_dominated,170.5834045596873,3515.8185301302424,52.692652082773186,4376.691575204704,68.48872183943344,3977.18061972922,475.248797309587,446.458510869927,313.6048155344908,3.72048759058272
NTSC-U,7845,3,25,"[2, 2, 4, 0, 6, 1, 0, 1]",exactly_dominated,118.12067793638835,392.07233994775015,5.903155513388254,683.7977909330484,9.968505937249759,3227.12202846399,315.856389779257,425.914458492688,394.306347398226,3.54928715410573
NTSC-U,8749,4,40,"[4, 4, 3, 1, 8, 1, 0, 1]",exactly_dominated,117.39035745343176,371.7734506954616,5.630955762524201,614.9501358590451,9.793776161410598,3912.71885952611,313.016187322357,424.27356295665,398.772901737248,3.53561302463875
NTSC-U,7453,4,29,"[1, 4, 4, 2, 6, 1, 0, 1]",exactly_dominated,132.92325284620344,1294.0001128861104,19.624710912764765,1904.3227216321966,31.3671552692795,2538.1789587259,312.418508072684,857.689234321253,972.288121899836,7.14741028601044
NTSC-U,8525,4,36,"[4, 3, 3, 0, 8, 1, 0, 1]",exactly_dominated,116.15656045872781,299.3751239900357,4.565071251616746,569.6976387390332,8.947973854322287,4032.60158659026,305.402633197732,459.276548572743,447.098819567468,3.82730457143952
NTSC-U,8175,4,38,"[4, 4, 3, 0, 8, 1, 0, 1]",exactly_dominated,117.09329046694349,348.0844154504041,5.2997125197558,624.4169409130764,10.123201843747024,3963.25311568868,307.999417534804,462.851197883526,449.63378086698,3.85709331569605
NTSC-U,9334,3,25,"[2, 2, 4, 0, 6, 1, 0, 1]",exactly_dominated,120.28886376292611,516.9736477482747,7.676293389589647,762.9198633040378,11.490543506281206,2905.66005407691,356.028944490588,103.533759846723,7.45366306296924,0.862781332056029
NTSC-U,9764,3,25,"[2, 2, 4, 0, 6, 1, 0, 1]",exactly_dominated,117.73211452295205,373.99682353887215,5.635502865317819,660.4793665239185,10.088862869217733,3318.81296683241,314.612266417746,425.708333387952,394.9870887266592,3.5475694448996
NTSC-U,9271,3,24,"[2, 2, 3, 0, 6, 1, 0, 1]",exactly_dominated,117.9295584253964,378.8463983514341,5.649435010193279,675.3554608289396,9.845432392873143,3084.92132963717,333.739989373091,264.865005901694,171.119610714944,2.20720838251411
NTSC-U,9621,3,25,"[2, 2, 4, 0, 6, 1, 0, 1]",exactly_dominated,117.81384582824077,374.0863228048858,5.606926688125744,667.7562943485482,9.734650613255857,3154.44072852484,324.182038083185,345.826355330486,282.150684430094,2.88188629442071
NTSC-U,7795,3,25,"[2, 2, 4, 0, 6, 1, 0, 1]",exactly_dominated,118.12067793638835,392.07233994775015,5.903155513388254,683.7977909330484,9.968505937249759,3227.12202846399,315.856389779257,425.914458492688,394.306347398226,3.54928715410573
NTSC-U,7812,3,25,"[2, 2, 4, 0, 6, 1, 0, 1]",exactly_dominated,118.12067793638835,392.0723399477502,5.903155513388255,683.7977909330484,9.968505937249759,3227.12202846399,315.856389779257,425.914458492688,394.306347398226,3.54928715410573
NTSC-U,7957,3,27,"[2, 3, 4, 0, 6, 1, 0, 1]",exactly_dominated,118.14856725032514,393.25448790436576,5.921527912531743,677.131087237176,9.871317738844631,3223.68179908204,315.902031147457,426.303299899973,394.7827493742348,3.55252749916644
NTSC-U,9949,3,25,"[2, 2, 4, 0, 6, 1, 0, 1]",exactly_dominated,118.0183292080437,387.3178490211173,5.8327373467956924,677.6539275324194,9.878939782461144,3250.91747789938,315.541117102549,425.776578964146,394.366196443418,3.54813815803455
NTSC-U,9733,3,25,"[2, 2, 4, 0, 6, 1, 0, 1]",exactly_dominated,118.90642396616055,444.654329110494,6.746232886869843,725.9768442887016,11.168225073018418,3477.8517872435,299.65930017922,584.768425777657,618.964704271948,4.87307021481381
NTSC-U,9363,3,25,"[2, 2, 4, 0, 6, 1, 0, 1]",exactly_dominated,118.0029018832601,383.1333955779757,5.713459002074657,679.7466210235771,9.909447379543293,3066.3337146566,333.974557274432,264.865005900487,171.0016926670268,2.20720838250405
NTSC-U,9699,3,25,"[2, 2, 4, 0, 6, 1, 0, 1]",exactly_dominated,117.88882755337349,380.21856747276956,5.726931601141389,669.882311910138,9.765644013594994,3283.43104585405,315.126780787476,425.70811719543,394.5891907985128,3.54756764329525
NTSC-U,7687,3,25,"[2, 2, 4, 0, 6, 1, 0, 1]",exactly_dominated,118.00369606168871,386.1044262258072,5.814465722085348,676.7766614470538,9.866150866941862,3255.07625268997,315.486568101126,425.811490462512,394.4513186386248,3.5484290871876
NTSC-U,7238,2,18,"[1, 2, 3, 0, 4, 1, 0, 1]",exactly_dominated,124.1024418286461,761.2791554787469,11.549640924647198,1359.0068061804632,22.384954512822056,2754.43070030311,321.478896569479,520.85289621023,517.989616334856,5.61016942427114
NTSC-U,6079,2,13,"[1, 0, 2, 0, 4, 1, 0, 1]",exactly_dominated,142.84433197988469,1875.371262778747,28.439896285864467,2499.5842481889586,41.172037875170375,2242.75040532816,302.749724721373,1214.29346730768,1454.921589738268,10.119112227564
NTSC-U,4044,2,10,"[1, 0, 1, 0, 3, 0, 0, 2]",exactly_dominated,148.399343273773,2162.9333277149512,32.83607572408571,2832.6881472863706,46.658776863841105,5067.21190194854,279.211901948596,1548.64677450846,1923.150464062664,14.1848173910946
NTSC-U,9676,3,25,"[2, 2, 4, 0, 6, 1, 0, 1]",exactly_dominated,117.78783431051184,376.15508839575995,5.6672357952765715,663.8247261139886,9.918771674651063,3306.47845398415,314.781107089128,425.811261057556,394.9943540763964,3.54842717547963
NTSC-U,9226,3,26,"[2, 3, 3, 0, 6, 1, 0, 1]",exactly_dominated,118.77935307105422,438.10751703909585,6.587422192876521,701.0350933013606,10.81741147044307,3131.35325783931,323.784964911487,374.926154732575,322.5909140313756,3.12438462277147
NTSC-U,9461,3,28,"[2, 3, 4, 0, 7, 1, 0, 1]",exactly_dominated,118.0029018832601,383.1333955779756,5.713459002074656,679.7466210235771,9.909447379543293,3066.3337146566,333.974557274432,264.865005900487,171.0016926670268,2.20720838250405
NTSC-U,7886,3,25,"[2, 2, 4, 0, 6, 1, 0, 1]",exactly_dominated,117.9262603941816,384.45485558080554,5.791268343189725,672.1304385202902,10.047594258662798,3270.01862243824,315.234068638257,425.811075238611,394.6445600601152,3.54842562698842
NTSC-U,9932,3,25,"[2, 2, 4, 0, 6, 1, 0, 1]",exactly_dominated,117.4668172034938,365.19503943498313,5.521119005972987,644.5586673549014,9.566237166920411,3284.53822042277,312.076242426254,440.331006816545,416.386709898948,3.66942505680454
NTSC-U,8270,4,43,"[4, 5, 3, 1, 8, 1, 0, 2]",exactly_dominated,119.06816427901944,457.6583189540238,6.919162238527477,700.3870352665162,11.479949732874154,3488.40043948987,318.237612664284,426.722261922794,398.6506606739344,3.8024078632671
NTSC-U,9898,3,28,"[2, 3, 4, 0, 7, 1, 0, 1]",exactly_dominated,117.9262603941816,384.45485558080554,5.791268343189724,672.1304385202902,10.047594258662476,3270.01862243824,315.234068638257,425.811075238611,394.6445600601152,3.54842562698842
NTSC-U,9877,3,25,"[2, 2, 4, 0, 6, 1, 0, 1]",exactly_dominated,118.0183292080437,387.3178490211139,5.83273734679564,677.6539275324194,9.878939782461144,3250.91747789939,315.541117102549,425.776578964146,394.366196443418,3.54813815803455
NTSC-U,8335,4,38,"[4, 4, 3, 0, 8, 1, 0, 1]",exactly_dominated,116.94012863510687,330.4330023393688,4.972648150240995,592.9849213725283,9.369188179021238,3474.12005230623,326.849259785747,297.268329433934,216.5308294536708,2.47723607861612
NTSC-U,9524,3,25,"[2, 2, 4, 0, 6, 1, 0, 1]",exactly_evaluated,117.41401590666456,357.25966704953834,5.372238405824706,643.0816625851648,9.37494016011574,3161.46068413821,321.24748043928,360.340779064594,303.32974578948,3.00283982553828
NTSC-U,3650,2,11,"[1, 0, 2, 0, 4, 0, 0, 1]",exactly_dominated,149.8410043964173,2273.3901889766325,34.43906105770094,2912.479262390357,47.97306055543647,4992.39352691896,299.233581238093,1419.08284815642,1730.376882970592,11.8256904013035
NTSC-U,9748,3,28,"[2, 3, 4, 0, 7, 1, 0, 1]",exactly_dominated,117.73211452295206,373.99682353887414,5.635502865317851,660.4793665239185,10.088862869217733,3318.81296683242,314.612266417746,425.708333387952,394.9870887266592,3.5475694448996
NTSC-U,3715,2,12,"[1, 1, 1, 0, 4, 0, 0, 1]",exactly_dominated,137.98513822301894,1559.4226757651493,23.410576922923255,2207.8358442411272,36.36648817382957,2230.40573681243,384.405736812459,343.905736865683,264.2117305702096,3.81228888692236
NTSC-U,9318,3,25,"[2, 2, 4, 0, 6, 1, 0, 1]",exactly_dominated,121.54955452335334,573.9807473807888,8.617573840477249,710.9142964219882,11.435530030999168,3092.40205208026,330.499541989052,390.732613663778,340.198678630066,3.25610511386482
NTSC-U,7756,3,25,"[2, 2, 4, 0, 6, 1, 0, 1]",exactly_dominated,119.29145509410941,462.58218671569585,7.011699722857824,749.063125175393,10.91995369054486,3386.15765243866,300.904889221123,584.971381720045,618.112102867988,4.8747615143337
NTSC-U,8509,4,39,"[4, 4, 3, 0, 8, 1, 0, 2]",exactly_dominated,117.00223948743155,339.7036703613898,5.118998847746398,622.8848812314272,9.888851810957174,3805.95120089195,326.315296713842,302.796848043384,224.15922992994,2.78740546138634
NTSC-U,9965,3,28,"[2, 3, 4, 0, 7, 1, 0, 1]",exactly_dominated,117.9262603941816,384.45485558080554,5.791268343189725,672.1304385202902,10.047594258662798,3270.01862243824,315.234068638257,425.811075238611,394.6445600601152,3.54842562698842
NTSC-U,8677,4,40,"[4, 4, 4, 0, 8, 1, 0, 2]",exactly_dominated,118.02449127702886,399.6143757498524,5.979006436022661,702.8512806432573,10.84543638099667,3646.36678409479,332.821713662839,273.128345655127,182.5208508770764,2.57367175283124
NTSC-U,9436,3,27,"[2, 3, 4, 0, 6, 1, 0, 1]",exactly_dominated,118.03270091253424,384.3342143248106,5.732099289453153,672.3552500864025,9.801694874272545,3062.89133806803,334.025764682037,265.254741686614,171.4684685475252,2.21045618072178
NTSC-U,9066,3,23,"[2, 2, 3, 0, 5, 1, 0, 1]",exactly_dominated,121.26027169244163,579.6702150138013,8.628146658624916,850.6319986198032,13.12578560890985,2889.46436895004,356.896076022592,139.762651076203,20.94070371794828,1.16468875896837
NTSC-U,9573,3,25,"[2, 2, 4, 0, 6, 1, 0, 1]",exactly_dominated,118.34123857580228,397.4801549565886,5.941812260493825,699.6973967309859,10.200292756245478,3136.50683158072,327.031102270607,335.415797411675,266.6237087267656,2.7951316450973
NTSC-U,9089,3,23,"[2, 2, 3, 0, 5, 1, 0, 1]",exactly_dominated,119.87907377016607,489.1895152026919,7.319423508110997,773.2591825251975,11.931874496156935,3050.46436895025,333.896076022559,316.724001927839,239.7463389607888,2.63936668273199
NTSC-U,9820,3,28,"[2, 3, 4, 0, 7, 1, 0, 1]",exactly_dominated,117.73211452295206,373.99682353887255,5.635502865317825,660.4793665239185,10.088862869217733,3318.81296683241,314.612266417746,425.708333387952,394.9870887266592,3.5475694448996
NTSC-U,3607,1,8,"[1, 0, 1, 0, 2, 0, 0, 1]",exactly_evaluated,170.19193122505237,3469.019054037349,52.31190444807218,3856.4416675510083,63.52158864612607,4989.48280822981,353.519678818073,1504.84622653471,1816.314914582628,12.5403852211227
NTSC-U,7644,3,24,"[2, 2, 3, 0, 5, 1, 0, 2]",exactly_dominated,130.63058829913,1122.7134905211044,16.762660783802502,1556.1478917600016,22.26167428139592,3036.96142797639,390.573855747334,10.2396308849059,0.03538193926498332,0.0853302573742157
NTSC-U,7701,3,24,"[2, 2, 3, 0, 6, 1, 0, 1]",exactly_dominated,117.98072567256817,386.53505165546386,5.821783097515019,675.4005304105676,9.882862597608408,3258.66794836906,315.402309682837,425.914458493886,394.6540874158208,3.54928715411572
NTSC-U,9420,3,25,"[2, 2, 4, 0, 6, 1, 0, 1]",exactly_dominated,118.0029018832601,383.1333955779756,5.713459002074656,679.7466210235771,9.909447379543293,3066.3337146566,333.974557274432,264.865005900487,171.0016926670268,2.20720838250405
NTSC-U,9973,3,25,"[2, 2, 4, 0, 6, 1, 0, 1]",exactly_dominated,118.0183292080437,387.3178490211173,5.8327373467956924,677.6539275324194,9.878939782461144,3250.91747789938,315.541117102549,425.776578964146,394.366196443418,3.54813815803455
NTSC-U,9836,3,25,"[2, 2, 4, 0, 6, 1, 0, 1]",exactly_dominated,122.08793277063458,565.0790385121305,8.582550176358543,777.2851805292912,13.226061829286728,3575.30623877514,292.52888887755,731.105418425152,821.312294626448,6.09254515354294
NTSC-U,9565,3,28,"[2, 3, 4, 0, 7, 1, 0, 1]",exactly_dominated,117.8516452990763,375.2820624959724,5.624294118267426,670.0209496260914,9.767665094845814,3147.02800599414,324.289577347362,345.929340449736,282.216264371874,2.8827445037478
NTSC-U,7652,3,23,"[2, 2, 3, 0, 5, 1, 0, 1]",exactly_dominated,121.2602716924413,579.6702150137858,8.628146658624685,850.6319986197832,13.12578560890954,2889.46436895005,356.896076022591,139.762651076203,20.94070371794832,1.16468875896836
NTSC-U,3611,1,8,"[1, 0, 1, 0, 2, 0, 0, 1]",exactly_evaluated,170.19193122505237,3469.019054037349,52.31190444807218,3856.4416675510083,63.52158864612607,4989.48280822981,353.519678818073,1504.84622653471,1816.314914582628,12.5403852211227
NTSC-U,9709,3,25,"[2, 2, 4, 0, 6, 1, 0, 1]",exactly_dominated,117.73211452295206,373.9968235388742,5.635502865317853,660.4793665239185,10.088862869217733,3318.81296683242,314.612266417746,425.708333387952,394.9870887266592,3.5475694448996
NTSC-U,9359,3,25,"[2, 2, 4, 0, 6, 1, 0, 1]",exactly_dominated,117.87195074697136,379.98762141914716,5.675177808799131,671.9328484829621,9.795537040849224,3071.37054484696,333.001483471255,269.940296950479,177.9734922942156,2.24950247458732
NTSC-U,8118,4,40,"[4, 5, 3, 0, 8, 1, 0, 1]",exactly_dominated,117.35419876591519,338.8560107779878,5.0657984712141415,582.9255273926192,8.99490674102428,3702.1491710188,331.02569247348,271.015007389999,180.5665260189476,2.25845839491666
NTSC-U,7717,3,25,"[2, 2, 4, 0, 6, 1, 0, 1]",exactly_dominated,118.6331365329008,415.2959291049369,6.235499746250908,714.2753798673257,10.412812763438597,3216.60680561997,318.694348190421,415.403511968557,378.3307267581164,3.46169593307131
NTSC-U,8548,4,39,"[4, 4, 3, 0, 8, 1, 0, 2]",exactly_dominated,117.08453236912507,338.05254776891206,5.111117510299452,624.2426123412952,9.632455293043696,4006.38904473284,311.595704353592,433.076990930701,407.28380474446,3.81957632370041
NTSC-U,9924,3,27,"[2, 3, 4, 0, 6, 1, 0, 1]",exactly_dominated,117.95402138071172,385.53475305641535,5.808059440861203,665.6446236723041,10.0497754758416,3266.65121014468,315.280439533992,426.190211875786,395.1079613678448,3.55158509896488
NTSC-U,9027,3,23,"[2, 2, 3, 0, 5, 1, 0, 1]",exactly_dominated,122.33760464864825,631.7360778144149,9.398055319057741,909.8249955104147,13.71277902174442,2862.45677968874,360.825080303198,132.64344419837,13.52823854901628,1.10536203498641
NTSC-U,9532,3,28,"[2, 3, 4, 0, 7, 1, 0, 1]",exactly_dominated,117.8516452990763,375.28206249597247,5.624294118267428,670.0209496260914,9.767665094845814,3147.02800599415,324.289577347362,345.929340449736,282.216264371874,2.8827445037478
NTSC-U,9498,3,25,"[2, 2, 4, 0, 6, 1, 0, 1]",exactly_evaluated,117.41401590666487,357.25966704955107,5.372238405824895,643.0816625851648,9.37494016011574,3161.46068413822,321.247480439281,360.340779064594,303.32974578948,3.00283982553828
NTSC-U,9861,3,25,"[2, 2, 4, 0, 6, 1, 0, 1]",exactly_dominated,119.09883414960326,455.03074892568014,6.9007847858395035,737.5136853158965,11.127422204809786,3429.05584031675,300.281838379963,584.869578854871,618.537023643252,4.87391315712393
NTSC-U,3646,2,11,"[1, 0, 2, 0, 4, 0, 0, 1]",exactly_dominated,150.0417905738092,2284.741929471538,34.58214634642759,2924.5199321717437,48.1713891025302,4914.85319846136,308.91371863422,1341.54252337573,1617.309645866528,11.1795210281311
NTSC-U,8909,4,40,"[4, 4, 3, 1, 8, 1, 0, 1]",exactly_dominated,118.88920430526657,441.00611304353464,6.5914244643214355,695.3999875365616,10.730458251809987,3732.81702721516,335.375485296199,255.723682899349,192.7413899672012,2.13103069082791
NTSC-U,4029,2,11,"[1, 0, 2, 0, 3, 0, 0, 2]",exactly_dominated,148.399343273773,2162.9333277149512,32.83607572408571,2832.6881472863706,46.658776863841105,5067.21190194854,279.211901948596,1548.64677450846,1923.150464062664,14.1848173910946
NTSC-U,3703,2,12,"[1, 1, 1, 0, 4, 0, 0, 1]",exactly_dominated,137.98513822301894,1559.4226757651493,23.410576922923255,2207.8358442411272,36.36648817382957,2230.40573681243,384.405736812459,343.905736865683,264.2117305702096,3.81228888692236
NTSC-U,3647,2,11,"[1, 0, 2, 0, 4, 0, 0, 1]",exactly_dominated,149.990298723438,2283.0243225741947,34.609666192439114,2921.4382192566472,48.120628500661034,5069.73232392495,290.684495076267,1496.42164653586,1842.044366971228,12.4701803877989
NTSC-U,7741,3,24,"[2, 2, 3, 0, 6, 1, 0, 1]",exactly_dominated,117.85164529909422,375.28206249673843,5.624294118279164,670.0209496260914,9.767665094845814,3147.02800599534,324.289577347284,345.929340450938,282.2162643734484,2.88274450375782
NTSC-U,9925,3,25,"[2, 2, 4, 0, 6, 1, 0, 1]",exactly_dominated,118.01832920804368,387.3178490211183,5.8327373467957075,677.6539275324194,9.878939782461144,3250.91747789938,315.541117102549,425.776578964146,394.3661964434176,3.54813815803455
NTSC-U,9476,3,25,"[2, 2, 4, 0, 6, 1, 0, 1]",exactly_dominated,117.85164529907595,375.28206249595905,5.624294118267229,670.0209496260914,9.767665094845814,3147.02800599414,324.289577347361,345.929340449736,282.216264371874,2.8827445037478
NTSC-U,7891,3,24,"[2, 2, 3, 0, 6, 1, 0, 1]",exactly_dominated,118.12069817262336,392.07342869782747,5.903172080433613,683.7977323924124,9.968505083835657,3227.1221727198,315.856369882326,425.91517568605,394.3073171191336,3.54929313071708
NTSC-U,9533,3,25,"[2, 2, 4, 0, 6, 1, 0, 1]",exactly_dominated,117.45927359470687,357.0861664550885,5.354884554894269,646.4809865153775,9.854747825953057,3238.71954988747,323.043377668336,345.724004129222,282.780127699904,2.88103336774352
NTSC-U,9499,3,25,"[2, 2, 4, 0, 6, 1, 0, 1]",exactly_dominated,117.85164529907631,375.2820624959732,5.624294118267438,670.0209496260914,9.767665094845814,3147.02800599415,324.289577347362,345.929340449736,282.216264371874,2.8827445037478
NTSC-U,9860,3,25,"[2, 2, 4, 0, 6, 1, 0, 1]",exactly_dominated,117.46681720349348,365.1950394349664,5.521119005972736,644.5586673549014,9.566237166920411,3284.53822042277,312.076242426253,440.331006816545,416.386709898948,3.66942505680454
NTSC-U,7653,3,23,"[2, 2, 3, 0, 5, 1, 0, 1]",exactly_dominated,121.26027169244163,579.6702150138043,8.628146658624962,850.6319986198432,13.125785608910464,2889.46436895005,356.896076022592,139.762651076203,20.94070371794828,1.16468875896837
NTSC-U,3610,1,8,"[1, 0, 1, 0, 2, 0, 0, 1]",exactly_evaluated,170.19193122505237,3469.019054037349,52.31190444807218,3856.4416675510083,63.52158864612607,4989.48280822981,353.519678818073,1504.84622653471,1816.314914582628,12.5403852211227
NTSC-U,9708,3,25,"[2, 2, 4, 0, 6, 1, 0, 1]",exactly_dominated,119.66446232205847,489.95891558843005,7.449961948247555,770.7072702939568,11.872098181352102,3556.77325988343,292.742738681649,663.688944262529,730.464035062268,5.53074120218774
NTSC-U,9358,3,25,"[2, 2, 4, 0, 6, 1, 0, 1]",exactly_dominated,118.17702827616314,390.49194404731037,5.8171709218644345,690.1226660119355,10.060710907216418,3061.11407467445,335.101137992932,259.605994641574,163.7442404766424,2.16338328867978
NTSC-U,7716,3,25,"[2, 2, 4, 0, 6, 1, 0, 1]",exactly_dominated,118.6331365329008,415.2959291049367,6.235499746250905,714.2753798673257,10.412812763438597,3216.60680561997,318.694348190421,415.403511968557,378.3307267581164,3.46169593307131
NTSC-U,8549,4,37,"[4, 3, 4, 0, 8, 1, 0, 1]",exactly_dominated,118.04725020856148,387.38646661988264,5.8038967876947,681.560038507103,10.516899152112739,3789.52527023941,332.60247029616,275.77229485778,186.0505554541144,2.29810245714817
NTSC-U,9071,3,23,"[2, 2, 3, 0, 5, 1, 0, 1]",exactly_dominated,121.07069961487383,569.825900812915,8.481496775398355,856.4808799869888,13.216037519256735,2933.84847495192,356.32154611445,139.648225076474,20.84282909911056,1.16373520897062
NTSC-U,9421,3,25,"[2, 2, 4, 0, 6, 1, 0, 1]",exactly_dominated,118.0029018832601,383.1333955779756,5.713459002074656,679.7466210235771,9.909447379543293,3066.3337146566,333.974557274432,264.865005900487,171.0016926670268,2.20720838250405
NTSC-U,8660,4,41,"[4, 5, 3, 0, 8, 1, 0, 2]",exactly_dominated,117.56488444699333,365.0360984243185,5.511212372099973,658.9660692230873,10.168260025724978,3618.44051097273,313.5184455036,430.357606187845,402.30195135594,3.805390729287
NTSC-U,9972,3,27,"[2, 3, 4, 0, 6, 1, 0, 1]",exactly_dominated,117.95402138071172,385.53475305642013,5.808059440861276,665.6446236723041,10.0497754758416,3266.65121014468,315.280439533992,426.190211875786,395.1079613678444,3.55158509896488
NTSC-U,9837,3,24,"[2, 2, 3, 0, 6, 1, 0, 1]",exactly_dominated,119.09883414961563,455.03074894108266,6.900784786077123,737.5136853158965,11.127422207568967,3429.05584031758,300.281838379908,584.869578855702,618.53702364436,4.87391315713086
NTSC-U,9564,3,28,"[2, 3, 4, 0, 7, 1, 0, 1]",exactly_dominated,117.8516452990763,375.2820624959724,5.624294118267426,670.0209496260914,9.767665094845814,3147.02800599414,324.289577347362,345.929340449736,282.216264371874,2.8827445037478
NTSC-U,7983,4,42,"[4, 4, 4, 1, 8, 1, 0, 2]",exactly_dominated,119.43112540853043,462.9029477718356,6.9458084194916445,708.7963690955403,10.937172827047709,3746.39901299075,329.648468693858,329.394336895217,275.331406589152,3.01786568724061
NTSC-U,4439,2,9,"[1, 0, 0, 0, 4, 0, 0, 1]",exactly_dominated,175.75253982678512,3800.9175422276935,56.992653194151444,4685.7395994947565,73.59296750393534,3978.29073505299,475.028778962424,402.790735053012,213.121158343412,13.4263578351004
NTSC-U,7079,2,17,"[1, 2, 2, 0, 4, 1, 0, 1]",exactly_dominated,128.3172372211329,1015.2414547307557,15.359271628221896,1623.135684192861,26.73556769072628,1914.96715848946,330.967158490287,551.591156097793,553.2235340286,5.95817128583578
NTSC-U,9964,3,28,"[2, 3, 4, 0, 7, 1, 0, 1]",exactly_dominated,117.9262603941816,384.45485558080554,5.791268343189725,672.1304385202902,10.047594258662798,3270.01862243824,315.234068638257,425.811075238611,394.6445600601152,3.54842562698842
NTSC-U,8676,4,36,"[4, 3, 3, 0, 8, 1, 0, 1]",exactly_dominated,116.44195700256017,306.6024670475815,4.6165886246394185,562.5021300165736,8.982236898779092,3733.37269022061,325.157989540058,297.933852548046,218.3245444047024,2.48278210456705
NTSC-U,9437,3,25,"[2, 2, 4, 0, 6, 1, 0, 1]",exactly_dominated,117.96462923347644,381.9234910554164,5.6958861773056055,677.4542973897578,9.87602954453882,3073.74668059649,333.866642666481,264.761366041062,170.9232364658144,2.20634471700885
NTSC-U,6668,2,19,"[1, 2, 3, 0, 5, 1, 0, 1]",exactly_dominated,128.7546494426135,1038.5751214198983,15.678133265257898,1618.8452899152571,26.664898228064672,1935.43955775391,341.199431677055,499.190706768075,476.264280505024,4.15992255640063
NTSC-U,9572,3,25,"[2, 2, 4, 0, 6, 1, 0, 1]",exactly_dominated,117.71051620329968,369.7271514590393,5.542677868061152,661.5513185256059,9.644193552481955,3178.57392589781,323.835497251031,345.929340449736,282.5194386351976,2.8827445037478
NTSC-U,9122,3,23,"[2, 2, 3, 0, 5, 1, 0, 1]",exactly_dominated,121.26027169244195,579.670215013812,8.628146658625074,850.6319986197823,13.125785608909524,2889.46436895005,356.896076022593,139.762651076203,20.94070371794832,1.16468875896836
NTSC-U,9821,3,25,"[2, 2, 4, 0, 6, 1, 0, 1]",exactly_dominated,117.73170381971116,373.9747118101582,5.635173523657497,660.4547200599718,10.0889502395363,3318.91564137354,314.610958002608,425.70811719543,394.987726543978,3.54756764329525
NTSC-U,3651,2,11,"[1, 0, 2, 0, 4, 0, 0, 1]",exactly_dominated,149.8410043964173,2273.3901889766325,34.43906105770094,2912.479262390357,47.97306055543647,4992.39352691896,299.233581238093,1419.08284815642,1730.376882970592,11.8256904013035
NTSC-U,9749,3,27,"[2, 3, 4, 0, 6, 1, 0, 1]",exactly_dominated,117.72706659270098,373.64154819032404,5.630405950062964,658.4159498098816,10.087355503833336,3318.11615031203,314.584161428333,425.819674644123,395.1542439161012,3.54849728870102
NTSC-U,9319,3,28,"[2, 3, 4, 0, 7, 1, 0, 1]",exactly_dominated,118.0029018832601,383.1333955779756,5.713459002074656,679.7466210235771,9.909447379543293,3066.33371465659,333.974557274432,264.865005900487,171.0016926670268,2.20720838250405
NTSC-U,3714,2,12,"[1, 1, 1, 0, 4, 0, 0, 1]",exactly_dominated,137.98513822301894,1559.4226757651493,23.410576922923255,2207.8358442411272,36.36648817382957,2230.40573681243,384.405736812459,343.905736865683,264.2117305702096,3.81228888692236
NTSC-U,7757,3,25,"[2, 2, 4, 0, 6, 1, 0, 1]",exactly_dominated,119.29145509410941,462.58218671569585,7.011699722857824,749.063125175393,10.91995369054486,3386.15765243866,300.904889221123,584.971381720045,618.112102867988,4.8747615143337
NTSC-U,9030,3,23,"[2, 2, 3, 0, 5, 1, 0, 1]",exactly_dominated,120.89714601405869,555.5912018255442,8.278640573191668,790.5734236184599,12.09232048305926,2888.80639769224,354.260269539882,155.85730325072,37.64906946782988,1.29881086042267
NTSC-U,7887,3,25,"[2, 2, 4, 0, 6, 1, 0, 1]",exactly_dominated,117.9262603941816,384.45485558080554,5.791268343189725,672.1304385202902,10.047594258662798,3270.01862243824,315.234068638257,425.811075238611,394.6445600601152,3.54842562698843
NTSC-U,9460,3,28,"[2, 3, 4, 0, 7, 1, 0, 1]",exactly_dominated,118.0029018832601,383.1333955779756,5.713459002074656,679.7466210235771,9.909447379543293,3066.3337146566,333.974557274432,264.865005900487,171.0016926670268,2.20720838250405
NTSC-U,9933,3,25,"[2, 2, 4, 0, 6, 1, 0, 1]",exactly_dominated,119.09883414960326,455.03074892568185,6.900784785839533,737.5136853158965,11.127422204810093,3429.05584031676,300.281838379963,584.869578854871,618.537023643252,4.87391315712393
NTSC-U,9899,3,27,"[2, 3, 4, 0, 6, 1, 0, 1]",exactly_dominated,117.92087794860815,384.07101589903067,5.785750184099144,669.9597049408694,10.045233343955191,3269.28740931021,315.204232869155,425.928211738304,394.820998280132,3.54940176448587
NTSC-U,9876,3,27,"[2, 3, 4, 0, 6, 1, 0, 1]",exactly_dominated,117.95402138071172,385.534753056415,5.808059440861197,665.6446236723041,10.0497754758416,3266.65121014468,315.280439533992,426.190211875786,395.1079613678444,3.55158509896488
NTSC-U,9175,3,26,"[2, 3, 3, 0, 6, 1, 0, 1]",exactly_dominated,118.77965813925175,438.1201888217452,6.58761778342367,701.0388404666191,10.817469291554788,3131.37772423063,323.78313604015,374.951037560938,322.6238401361372,3.12459197967451
NTSC-U,9525,3,25,"[2, 2, 4, 0, 6, 1, 0, 1]",exactly_dominated,117.8516452990763,375.28206249597247,5.624294118267428,670.0209496260914,9.767665094845814,3147.02800599415,324.289577347362,345.929340449736,282.216264371874,2.8827445037478
NTSC-U,9732,3,25,"[2, 2, 4, 0, 6, 1, 0, 1]",exactly_dominated,117.27597904543362,354.688825557203,5.364523538928739,633.1099231919952,9.564981739694888,3333.35192024077,311.461471340711,440.247579040576,416.765327658124,3.66872982533813
NTSC-U,9362,3,25,"[2, 2, 4, 0, 6, 1, 0, 1]",exactly_dominated,120.28886376292611,516.9736477482749,7.676293389589649,762.9198633040378,11.490543506281206,2905.66005407691,356.028944490588,103.533759846723,7.45366306296924,0.862781332056029
NTSC-U,9698,3,27,"[2, 3, 4, 0, 6, 1, 0, 1]",exactly_dominated,117.75960114245572,375.10732696064997,5.652763314368186,654.1990477707759,10.094568760473429,3315.53290223224,314.659013752294,426.076261665838,395.4358236140876,3.55063551388198
NTSC-U,7686,3,25,"[2, 2, 4, 0, 6, 1, 0, 1]",exactly_dominated,118.00369606168871,386.10442622580723,5.814465722085349,676.7766614470538,9.866150866941862,3255.07625268997,315.486568101126,425.811490462512,394.4513186386248,3.5484290871876
NTSC-U,9677,3,25,"[2, 2, 4, 0, 6, 1, 0, 1]",exactly_dominated,118.24535024432082,397.6598165887106,5.974528751175021,691.0043414904567,10.648644188913298,3308.29037800956,317.458013588569,415.190111623017,378.94688935012,3.45991759685847
NTSC-U,9227,3,26,"[2, 3, 3, 0, 6, 1, 0, 1]",exactly_dominated,118.77935307105422,438.10751703910074,6.587422192876597,701.0350933013988,10.817411470443657,3131.35325783931,323.784964911487,374.926154732575,322.5909140313756,3.12438462277146
NTSC-U,7813,3,25,"[2, 2, 4, 0, 6, 1, 0, 1]",exactly_dominated,118.12067793638835,392.0723399477503,5.903155513388256,683.7977909330484,9.968505937249759,3227.12202846399,315.856389779257,425.914458492688,394.306347398226,3.54928715410573
NTSC-U,7956,3,27,"[2, 3, 4, 0, 6, 1, 0, 1]",exactly_dominated,118.14856725032514,393.25448790436576,5.921527912531743,677.131087237176,9.871317738844631,3223.68179908205,315.902031147457,426.303299899973,394.7827493742348,3.55252749916644
NTSC-U,9948,3,27,"[2, 3, 4, 0, 6, 1, 0, 1]",exactly_dominated,117.95402138071172,385.53475305642013,5.808059440861276,665.6446236723041,10.0497754758416,3266.65121014468,315.280439533992,426.190211875786,395.1079613678444,3.55158509896488
NTSC-U,9335,3,25,"[2, 2, 4, 0, 6, 1, 0, 1]",exactly_dominated,118.0029018832601,383.1333955779756,5.713459002074656,679.7466210235771,9.909447379543293,3066.33371465659,333.974557274432,264.865005900487,171.0016926670268,2.20720838250405
NTSC-U,9765,3,28,"[2, 3, 4, 0, 7, 1, 0, 1]",exactly_dominated,117.73211452295205,373.9968235388722,5.635502865317821,660.4793665239185,10.088862869217747,3318.81296683241,314.612266417746,425.708333387952,394.9870887266592,3.5475694448996
NTSC-U,9270,3,24,"[2, 2, 3, 0, 6, 1, 0, 1]",exactly_dominated,117.8831844589394,377.04250083218545,5.622939851361491,672.5782468525103,9.804945754308148,3094.28848585856,333.603325032703,264.761782296517,171.056624240498,2.20634818580431
NTSC-U,4442,2,10,"[1, 0, 1, 0, 4, 0, 0, 1]",exactly_dominated,167.56278588144517,3304.0451268141187,49.65993826295486,3976.50258631602,65.4991785986561,4307.82530838614,415.134319682445,734.509706786177,701.70633202504,14.5240159328258
NTSC-U,9620,3,27,"[2, 3, 4, 0, 6, 1, 0, 1]",exactly_dominated,117.8809167902841,376.49557315047514,5.643125949485557,663.0115286083301,9.665480712329906,3143.58680279063,324.339174783748,346.316898855425,282.6908606740688,2.88597415712854
NTSC-U,7794,3,25,"[2, 2, 4, 0, 6, 1, 0, 1]",exactly_dominated,118.12067793638835,392.0723399477503,5.903155513388256,683.7977909330484,9.968505937249759,3227.12202846399,315.856389779257,425.914458492688,394.306347398226,3.54928715410573
NTSC-U,9509,3,25,"[2, 2, 4, 0, 6, 1, 0, 1]",exactly_dominated,117.85166559619907,375.2831546103998,5.624310736636616,670.0208904718529,9.767664232486526,3147.02815294152,324.289557458105,345.930060251024,282.2172342515296,2.88275050209186
NTSC-U,7844,3,25,"[2, 2, 4, 0, 6, 1, 0, 1]",exactly_dominated,118.12067793638835,392.0723399477503,5.903155513388256,683.7977909330484,9.968505937249759,3227.12202846399,315.856389779257,425.914458492688,394.306347398226,3.54928715410573
NTSC-U,7901,3,27,"[2, 3, 3, 0, 7, 1, 0, 1]",exactly_dominated,118.12067793640632,392.0723399485211,5.903155513400066,683.7977909330484,9.968505937249759,3227.12202846519,315.856389779179,425.914458493886,394.3063473998072,3.54928715411572
NTSC-U,9773,3,28,"[2, 3, 4, 0, 7, 1, 0, 1]",exactly_dominated,117.73211452295205,373.9968235388722,5.635502865317821,660.4793665239185,10.088862869217747,3318.81296683241,314.612266417746,425.708333387952,394.9870887266592,3.5475694448996
NTSC-U,9289,3,24,"[2, 2, 3, 0, 6, 1, 0, 1]",exactly_dominated,118.00292217453965,383.1344880124814,5.713475626308636,679.7465612762035,9.909446508537192,3066.33386436539,333.974537317633,264.865728747892,171.0026600662124,2.20721440623243
NTSC-U,9323,3,27,"[2, 3, 4, 0, 6, 1, 0, 1]",exactly_dominated,117.9973983924357,382.69289846116186,5.707084481669498,677.2821515761543,9.873519977254844,3065.5691898086,333.944774948153,264.987975692284,171.1677033543676,2.20823313076903
NTSC-U,7628,4,31,"[1, 4, 4, 3, 6, 1, 0, 1]",exactly_dominated,133.01806834120757,1299.588868229082,19.703220535514387,1910.0116513324447,31.460860784209636,2528.00847396622,314.436090806978,843.76513594319,951.25150687178,7.03137613285991
NTSC-U,7278,2,18,"[1, 2, 3, 0, 4, 1, 0, 1]",exactly_dominated,123.48522297770282,728.2222974092242,11.057540434226432,1337.840929522159,22.036319624412805,2868.80459623754,319.924285515118,517.550396361156,514.629530081384,5.56563852919799
NTSC-U,8477,4,40,"[4, 4, 3, 1, 8, 1, 0, 1]",exactly_dominated,117.9131688251842,398.3070190215432,6.025405919481606,637.5342659659809,10.190012491253064,3742.07163597029,314.787543664796,423.728612935186,396.7600142893592,3.53107177445988
NTSC-U,7782,3,25,"[2, 2, 4, 0, 6, 1, 0, 1]",exactly_dominated,118.12067793638835,392.0723399477502,5.903155513388255,683.7977909330484,9.968505937249759,3227.12202846399,315.856389779257,425.914458492688,394.306347398226,3.54928715410573
NTSC-U,9636,3,28,"[2, 3, 4, 0, 7, 1, 0, 1]",exactly_dominated,117.85164529907662,375.2820624959875,5.624294118267649,670.0209496260914,9.767665094845814,3147.02800599414,324.289577347363,345.929340449736,282.216264371874,2.8827445037478
NTSC-U,9266,3,26,"[2, 3, 3, 0, 6, 1, 0, 1]",exactly_dominated,118.77935307105489,438.1075170391273,6.587422192876987,701.0350933013988,10.817411470443657,3131.35325783931,323.784964911489,374.926154732575,322.5909140313756,3.12438462277146
NTSC-U,7852,3,28,"[2, 3, 4, 0, 7, 1, 0, 1]",exactly_dominated,118.12067793638835,392.0723399477502,5.903155513388255,683.7977909330484,9.968505937249759,3227.12202846399,315.856389779257,425.914458492688,394.306347398226,3.54928715410573
NTSC-U,4287,2,10,"[1, 0, 1, 0, 4, 0, 0, 1]",exactly_dominated,170.5834045596873,3515.8185301302424,52.692652082773186,4376.691575204704,68.48872183943344,3977.18061972922,475.248797309587,446.458510869927,313.6048155344908,3.72048759058272
NTSC-U,7917,3,28,"[2, 3, 4, 0, 7, 1, 0, 1]",exactly_dominated,118.12067793638835,392.0723399477502,5.903155513388255,683.7977909330484,9.968505937249759,3227.12202846399,315.856389779257,425.914458492688,394.306347398226,3.54928715410573
NTSC-U,9909,3,25,"[2, 2, 4, 0, 6, 1, 0, 1]",exactly_dominated,119.09883414960326,455.03074892568014,6.9007847858395035,737.5136853158965,11.127422204809786,3429.05584031676,300.281838379963,584.869578854871,618.537023643252,4.87391315712393
NTSC-U,8565,4,39,"[4, 4, 4, 0, 8, 1, 0, 1]",exactly_dominated,116.95578236348277,330.7608102799664,4.9459374654329595,613.6114065755355,9.468409115763764,3843.60695455567,329.665572211688,271.640641453394,182.0634764684548,2.26367201211162
NTSC-U,8135,4,37,"[4, 3, 3, 0, 8, 1, 0, 2]",exactly_dominated,117.0290359809538,348.2304676443084,5.2466942683821065,620.4342670380365,10.128504587030006,3875.85093778783,326.160944437696,304.524481837248,226.6533036481588,2.80256583869632
NTSC-U,9374,3,25,"[2, 2, 4, 0, 6, 1, 0, 1]",exactly_dominated,121.54955452335366,573.9807473808044,8.61757384047748,710.9142964220173,11.43553003099915,3092.40205208026,330.499541989053,390.732613663778,340.1986786300664,3.25610511386482
NTSC-U,4116,2,10,"[1, 0, 2, 0, 3, 0, 0, 1]",exactly_dominated,148.3095080905825,2187.4696844507403,33.19107706506779,2819.9724274564915,46.44932919316341,5015.15612010745,280.358509838238,1539.59011186632,1909.928305983496,12.829917598886
NTSC-U,9724,3,27,"[2, 3, 4, 0, 6, 1, 0, 1]",exactly_dominated,117.75960114245572,375.1073269606482,5.652763314368158,654.1990477707759,10.094568760473122,3315.53290223224,314.659013752294,426.076261665838,395.4358236140876,3.55063551388198
NTSC-U,8973,3,23,"[2, 2, 3, 0, 5, 1, 0, 1]",exactly_dominated,121.0012391649737,566.0709278684928,8.428748232085384,823.0077341973993,12.699525871443315,2895.68099202209,355.682450165384,144.295539138495,25.64013671415772,1.20246282615412
NTSC-U,70,1,8,"[1, 0, 1, 0, 2, 0, 0, 1]",exactly_dominated,172.82096395695163,3597.113914831536,54.187378132577344,3978.543047377534,64.65289845214004,4908.28762808559,368.768378976981,1440.00207536944,1726.925489759412,12.0000172947453
NTSC-U,9661,3,27,"[2, 3, 3, 0, 7, 1, 0, 1]",exactly_dominated,117.7321145229621,373.9968236397322,5.635502866874124,660.4793665239185,10.088862887818088,3318.81296683313,314.612266417697,425.708333388671,394.9870887276084,3.54756944490559
NTSC-U,9548,3,25,"[2, 2, 4, 0, 6, 1, 0, 1]",exactly_dominated,118.0256936114824,382.56349248652776,5.726636266822399,680.6402838296417,9.922475328896565,3141.7904003091,325.440011780261,340.696842627968,274.5443399683216,2.83914035523307
NTSC-U,9118,3,23,"[2, 2, 3, 0, 5, 1, 0, 1]",exactly_dominated,118.77935307105524,438.10751703914156,6.587422192877197,701.0350933013797,10.817411470443362,3131.35325783932,323.78496491149,374.926154732575,322.590914031376,3.12438462277147
NTSC-U,7805,3,25,"[2, 2, 4, 0, 6, 1, 0, 1]",exactly_dominated,118.12067793638835,392.07233994775015,5.903155513388254,683.7977909330484,9.968505937249759,3227.12202846399,315.856389779257,425.914458492688,394.306347398226,3.54928715410573
NTSC-U,8359,4,39,"[4, 3, 3, 1, 8, 1, 0, 2]",exactly_dominated,117.83081875341712,399.4891231823489,6.028875231558062,671.4668024444818,10.58001496213182,3913.99452443611,321.951549080573,355.576512734476,309.253690550292,3.21054197660933
NTSC-U,7937,3,28,"[2, 3, 4, 0, 7, 1, 0, 1]",exactly_dominated,118.12067793638835,392.0723399477502,5.903155513388255,683.7977909330484,9.968505937249759,3227.12202846399,315.856389779257,425.914458492688,394.306347398226,3.54928715410573
NTSC-U,9180,3,25,"[2, 3, 2, 0, 6, 1, 0, 1]",exactly_dominated,118.77935307155758,438.10751708096444,6.587422193521597,701.0350935592987,10.817411474423215,3131.35325787647,323.784964908839,374.926154770293,322.590914081258,3.12438462308578
NTSC-U,9929,3,25,"[2, 2, 4, 0, 6, 1, 0, 1]",exactly_dominated,118.43895647102642,408.09308250577556,6.129965940526156,702.6226425618725,10.60284167155136,3259.50010197574,318.075419652702,415.296876129242,378.6373639428708,3.46080730107701
NTSC-U,9883,3,25,"[2, 2, 4, 0, 6, 1, 0, 1]",exactly_dominated,117.78719645447813,380.7047152189835,5.744148547726369,663.8553923716381,9.86891934809182,3275.08894248266,314.199833683858,430.880825918331,402.181711894908,3.59067354931943
NTSC-U,9495,3,25,"[2, 2, 4, 0, 6, 1, 0, 1]",exactly_dominated,118.34123857580197,397.4801549565757,5.941812260493635,699.6973967309859,10.200292756245478,3136.50683158073,327.031102270606,335.415797411675,266.6237087267656,2.79513164509729
NTSC-U,7872,3,25,"[2, 2, 4, 0, 6, 1, 0, 1]",exactly_dominated,117.73211452295206,373.99682353887425,5.635502865317854,660.4793665239185,10.088862869217747,3318.81296683242,314.612266417746,425.708333387952,394.9870887266592,3.5475694448996
NTSC-U,7258,2,18,"[1, 2, 3, 0, 4, 1, 0, 1]",exactly_dominated,123.88003822964447,756.7294094992347,11.487216606714101,1361.5298446386778,22.42651287799314,2793.77481647284,320.774816473128,520.852896210404,518.460067897908,5.61016942427295
NTSC-U,9616,3,28,"[2, 3, 4, 0, 7, 1, 0, 1]",exactly_dominated,117.85164529907662,375.2820624959875,5.624294118267649,670.0209496260914,9.767665094845814,3147.02800599414,324.289577347363,345.929340449736,282.216264371874,2.8827445037478
NTSC-U,9246,3,26,"[2, 3, 3, 0, 6, 1, 0, 1]",exactly_dominated,119.20293225388188,458.5764817901475,6.890505602876897,718.5885797810133,11.088272783672126,3118.26303810704,325.546136938933,371.026891772246,316.4997148107532,3.09189076476873
NTSC-U,9753,3,25,"[2, 2, 4, 0, 6, 1, 0, 1]",exactly_dominated,117.85449233221635,380.15292156769664,5.726979617471731,667.8242791906978,9.98100659536273,3288.78405453699,314.999500736974,425.811075238611,394.8252945221436,3.54842562698843
NTSC-U,9303,3,25,"[2, 2, 4, 0, 6, 1, 0, 1]",exactly_dominated,117.87195074697101,379.98762141913335,5.675177808798928,671.9328484829621,9.795537040849224,3071.37054484696,333.001483471254,269.940296950479,177.9734922942156,2.24950247458732
NTSC-U,8512,4,38,"[4, 4, 3, 0, 8, 1, 0, 1]",exactly_dominated,115.36000971922037,251.41100105538203,3.8115175375811514,486.29243869187667,7.693346263464212,3870.45867335746,312.807918378378,374.804826082946,328.7272917147884,3.12337355069122
NTSC-U,8396,4,38,"[4, 4, 3, 0, 8, 1, 0, 1]",exactly_dominated,116.32372244643139,310.33770432754176,4.669318080704523,564.3095316423696,8.834817437554143,3713.55216360138,324.895257096192,296.896498864272,217.2325346592608,2.4741374905356
NTSC-U,6222,3,24,"[2, 2, 3, 0, 6, 1, 0, 1]",exactly_dominated,118.12067793640632,392.0723399485211,5.903155513400066,683.7977909330484,9.968505937249759,3227.12202846519,315.856389779179,425.914458493886,394.3063473998072,3.54928715411572
NTSC-U,9587,3,25,"[2, 2, 4, 0, 6, 1, 0, 1]",exactly_dominated,117.85166559619907,375.2831546103998,5.624310736636616,670.0208904718529,9.767664232486526,3147.02815294152,324.289557458105,345.930060251024,282.2172342515296,2.88275050209186
NTSC-U,9568,3,27,"[2, 3, 4, 0, 6, 1, 0, 1]",exactly_dominated,117.8809167902841,376.4955731504752,5.643125949485558,663.0115286083301,9.665480712329906,3143.58680279062,324.339174783748,346.316898855425,282.6908606740688,2.88597415712854
NTSC-U,9092,3,23,"[2, 2, 3, 0, 5, 1, 0, 1]",exactly_dominated,121.2602716924423,579.6702150138295,8.628146658625333,850.6319986198032,13.12578560890985,2889.46436895004,356.896076022594,139.762651076203,20.94070371794832,1.16468875896836
NTSC-U,7825,3,25,"[2, 2, 4, 0, 6, 1, 0, 1]",exactly_dominated,118.12067793638835,392.07233994775015,5.903155513388254,683.7977909330484,9.968505937249759,3227.12202846399,315.856389779257,425.914458492688,394.306347398226,3.54928715410573
NTSC-U,9991,3,28,"[2, 3, 4, 0, 7, 1, 0, 1]",exactly_dominated,117.9262603941816,384.45485558080554,5.791268343189725,672.1304385202902,10.047594258662798,3270.01862243824,315.234068638257,425.811075238611,394.6445600601152,3.54842562698843
NTSC-U,8729,4,38,"[4, 4, 3, 0, 8, 1, 0, 1]",exactly_dominated,117.0594088852324,349.7155362080793,5.265141626331697,612.6591033518034,9.928931288699493,3662.9524186976,326.841032519482,300.081642191562,220.3740679354152,2.50068035159635
NTSC-U,9211,3,23,"[2, 2, 3, 0, 5, 1, 0, 1]",exactly_dominated,118.77935307105454,438.10751703911006,6.587422192876733,701.0350933013797,10.817411470443362,3131.35325783931,323.784964911488,374.926154732575,322.5909140313752,3.12438462277147
NTSC-U,8953,4,38,"[4, 4, 3, 0, 8, 1, 0, 1]",exactly_dominated,117.46114563660129,352.3741365309864,5.292604132799261,633.803131761124,9.779980108026091,3419.03733965856,322.595175219494,348.735686508164,287.3378431981384,2.90613072090137
NTSC-U,9641,3,28,"[2, 3, 4, 0, 7, 1, 0, 1]",exactly_dominated,117.85164529907662,375.2820624959875,5.624294118267649,670.0209496260914,9.767665094845814,3147.02800599414,324.289577347363,345.929340449736,282.216264371874,2.8827445037478
NTSC-U,9354,3,25,"[2, 2, 4, 0, 6, 1, 0, 1]",exactly_dominated,117.8831844589267,377.04250083149685,5.622939851350899,672.5782468525103,9.804945754308148,3094.28848585764,333.603325032767,264.761782295581,171.056624239284,2.20634818579651
NTSC-U,9704,3,25,"[2, 2, 4, 0, 6, 1, 0, 1]",exactly_dominated,117.9213667926652,382.3026093568341,5.752985539117216,671.7093233603373,10.322529225602743,3313.56019802912,315.825538542331,420.45714795945,387.0898871106364,3.50380956632875
NTSC-U,9591,3,28,"[2, 3, 4, 0, 7, 1, 0, 1]",exactly_dominated,117.85164529907662,375.2820624959874,5.624294118267648,670.0209496260914,9.767665094845814,3147.02800599414,324.289577347363,345.929340449736,282.216264371874,2.8827445037478
NTSC-U,9968,3,28,"[2, 3, 4, 0, 7, 1, 0, 1]",exactly_dominated,117.9262603941816,384.45485558080554,5.791268343189725,672.1304385202902,10.047594258662798,3270.01862243824,315.234068638257,425.811075238611,394.6445600601152,3.54842562698842
NTSC-U,9987,3,28,"[2, 3, 4, 0, 7, 1, 0, 1]",exactly_dominated,117.92626039418226,384.4548555808356,5.791268343190169,672.1304385202902,10.047594258662798,3270.01862243824,315.234068638259,425.811075238611,394.6445600601152,3.54842562698843
NTSC-U,8695,4,38,"[4, 4, 3, 0, 8, 1, 0, 1]",exactly_dominated,116.04053305071983,274.02974172389554,4.116492924994277,522.1525190748853,8.057141080572556,3843.38274018377,318.108037318412,347.772495325742,289.0069479709264,2.89810412771451
NTSC-U,7833,3,25,"[2, 2, 4, 0, 6, 1, 0, 1]",exactly_dominated,118.12067793638835,392.0723399477503,5.903155513388256,683.7977909330484,9.968505937249759,3227.12202846399,315.856389779257,425.914458492688,394.306347398226,3.54928715410573
NTSC-U,9084,3,23,"[2, 2, 3, 0, 5, 1, 0, 1]",exactly_dominated,121.72478925544917,602.6688807680526,8.968949310301692,871.6205903512446,13.449652752100839,2876.37414921807,358.65724804995,135.981495226458,17.01714309071872,1.13317912688715
NTSC-U,9207,3,26,"[2, 3, 3, 0, 6, 1, 0, 1]",exactly_dominated,118.59563521444663,428.64392699964014,6.446526968509696,706.8669906330451,10.907401306462722,3175.73736384084,323.210435003342,374.801383345404,322.767408567642,3.12334486121171
NTSC-U,9712,3,25,"[2, 2, 4, 0, 6, 1, 0, 1]",exactly_dominated,117.73211452295206,373.9968235388742,5.635502865317853,660.4793665239185,10.088862869217733,3318.81296683242,314.612266417746,425.708333387952,394.9870887266592,3.5475694448996
NTSC-U,4120,2,10,"[1, 0, 2, 0, 3, 0, 0, 1]",exactly_dominated,148.3095080905825,2186.6946870540182,33.17961664122875,2819.972427456515,46.449329193163805,5015.15612010745,280.358509838238,1539.59011186632,1909.928305983496,12.829917598886
NTSC-U,9342,3,28,"[2, 3, 4, 0, 7, 1, 0, 1]",exactly_dominated,118.0029018832601,383.1333955779757,5.713459002074657,679.7466210235771,9.909447379543293,3066.3337146566,333.974557274432,264.865005900487,171.0016926670268,2.20720838250405
NTSC-U,8103,4,41,"[4, 4, 3, 1, 8, 1, 0, 2]",exactly_dominated,118.69229572210588,426.468915697877,6.412807484717837,669.5870346627262,10.251755946236623,3715.51971828236,320.232978484348,396.951349814807,360.829947654598,3.55456251755334
NTSC-U,8553,4,36,"[4, 3, 3, 0, 8, 1, 0, 1]",exactly_dominated,116.16889075682279,279.3258235815467,4.168062332929058,539.2282336168482,8.320630072945775,3768.68539902758,327.798732529012,266.721333552942,176.711597519404,2.22267777960785
NTSC-U,9895,3,28,"[2, 3, 4, 0, 7, 1, 0, 1]",exactly_dominated,117.9262603941816,384.45485558080554,5.791268343189724,672.1304385202902,10.047594258662476,3270.01862243824,315.234068638257,425.811075238611,394.6445600601152,3.54842562698842
NTSC-U,9196,3,26,"[2, 3, 3, 0, 6, 1, 0, 1]",exactly_dominated,118.61757128707899,423.96150027630773,6.386543632281051,647.4108640723271,9.98995595801774,3130.69528658116,321.149158428823,393.723354773072,348.7901939716136,3.28102795644226
NTSC-U,7921,3,27,"[2, 3, 3, 0, 7, 1, 0, 1]",exactly_dominated,118.12067793640632,392.0723399485211,5.903155513400066,683.7977909330484,9.968505937249759,3227.12202846519,315.856389779179,425.914458493886,394.3063473998072,3.54928715411572
NTSC-U,769,2,11,"[1, 0, 2, 0, 3, 0, 0, 2]",exactly_dominated,147.84929028909937,2208.536282178557,33.46269477376968,2799.984841933542,46.12010259126739,4939.49001405189,293.658979173294,1407.61210576022,1720.6571618403,13.1950233904617
NTSC-U,7864,3,28,"[2, 3, 4, 0, 7, 1, 0, 1]",exactly_dominated,118.12067793638835,392.0723399477503,5.903155513388256,683.7977909330484,9.968505937249759,3227.12202846399,315.856389779257,425.914458492688,394.306347398226,3.54928715410573
NTSC-U,9483,3,24,"[2, 2, 3, 0, 6, 1, 0, 1]",exactly_dominated,117.85166559621534,375.2831546110944,5.6243107366472955,670.0208904718529,9.767664232486526,3147.02815294271,324.289557458022,345.930060252226,282.2172342531044,2.88275050210188
NTSC-U,9250,3,26,"[2, 3, 3, 0, 6, 1, 0, 1]",exactly_dominated,119.8163771364881,491.78548222521067,7.426168807388699,756.516392247323,11.673522734127177,3212.35325783933,314.784964911502,480.758336973252,469.420760356888,4.0063194747771
NTSC-U,9600,3,25,"[2, 2, 4, 0, 6, 1, 0, 1]",exactly_dominated,118.02569361148205,382.563492486518,5.726636266822259,680.6402838296417,9.922475328896565,3141.7904003091,325.44001178026,340.696842627968,274.544339968322,2.83914035523307
NTSC-U,4032,2,10,"[1, 0, 1, 0, 3, 0, 0, 2]",exactly_dominated,148.399343273773,2162.9333277149512,32.83607572408571,2832.6881472863706,46.658776863841105,5067.21190194854,279.211901948596,1548.64677450846,1923.150464062664,14.1848173910946
NTSC-U,9315,3,25,"[2, 2, 4, 0, 6, 1, 0, 1]",exactly_dominated,117.60566311450748,364.7164263344357,5.44074399063576,655.9621798246571,10.002348718169559,3158.02574988901,332.727604600468,264.658370831528,171.371132346946,2.20548642359606
NTSC-U,9745,3,28,"[2, 3, 4, 0, 7, 1, 0, 1]",exactly_dominated,117.73211452295206,373.99682353887414,5.635502865317851,660.4793665239185,10.088862869217733,3318.81296683242,314.612266417746,425.708333387952,394.9870887266592,3.5475694448996
NTSC-U,9552,3,25,"[2, 2, 4, 0, 6, 1, 0, 1]",exactly_dominated,117.8516452990763,375.2820624959724,5.624294118267426,670.0209496260914,9.767665094845814,3147.02800599414,324.289577347362,345.929340449736,282.216264371874,2.8827445037478
NTSC-U,9801,3,27,"[2, 3, 4, 0, 6, 1, 0, 1]",exactly_dominated,117.72706659270062,373.6415481903084,5.630405950062733,658.4159498098816,10.087355503833336,3318.11615031202,314.584161428332,425.819674644123,395.1542439161012,3.54849728870102
NTSC-U,8713,4,40,"[4, 4, 4, 0, 8, 1, 0, 2]",exactly_dominated,116.84945071640479,316.0333080523633,4.711628058918293,597.7457608322538,8.720588660547088,3405.70461218644,330.163926244104,265.154842496097,173.5103888404,2.49633578127118
NTSC-U,9944,3,28,"[2, 3, 4, 0, 7, 1, 0, 1]",exactly_dominated,117.9262603941816,384.45485558080554,5.791268343189725,672.1304385202902,10.047594258662798,3270.01862243824,315.234068638257,425.811075238611,394.6445600601152,3.54842562698843
NTSC-U,6648,2,19,"[1, 2, 3, 0, 5, 1, 0, 1]",exactly_dominated,130.30213422569747,1129.8489956642445,16.96451059531305,1711.2762385041979,28.187379624280496,1695.61194595978,372.701807522446,259.100216031966,152.7870268917232,2.15916846693305
NTSC-U,85,1,8,"[1, 0, 1, 0, 2, 0, 0, 1]",exactly_dominated,168.5299917136737,3376.415154638779,51.00210929573903,3727.205050878265,64.43784062177524,5232.89626053012,319.503769671322,1757.83607052526,2168.769612064064,14.6486339210438
NTSC-U,9694,3,28,"[2, 3, 4, 0, 7, 1, 0, 1]",exactly_dominated,117.73211452295206,373.99682353887425,5.635502865317854,660.4793665239185,10.088862869217747,3318.81296683242,314.612266417746,425.708333387952,394.9870887266592,3.5475694448996
NTSC-U,8969,3,23,"[2, 2, 3, 0, 5, 1, 0, 1]",exactly_dominated,121.26027169290404,579.6702150448078,8.628146659103109,850.6319987672168,13.125785611184531,2889.46436898722,356.89607601994,139.762651113913,20.9407037654598,1.16468875928262
NTSC-U,4049,2,10,"[1, 0, 1, 0, 3, 0, 0, 2]",exactly_dominated,148.399343273773,2162.9333277149512,32.83607572408571,2832.6881472863706,46.658776863841105,5067.21190194854,279.211901948596,1548.64677450846,1923.150464062664,14.1848173910946
NTSC-U,9381,3,25,"[2, 2, 4, 0, 6, 1, 0, 1]",exactly_dominated,117.96462923347644,381.9234910554164,5.6958861773056055,677.4542973897578,9.87602954453882,3073.74668059649,333.866642666481,264.761366041062,170.9232364658144,2.20634471700885
NTSC-U,7665,3,26,"[2, 3, 3, 0, 6, 1, 0, 1]",exactly_dominated,118.77935307105555,438.1075170391541,6.5874221928773835,701.0350933013797,10.817411470443362,3131.35325783932,323.784964911491,374.926154732575,322.5909140313756,3.12438462277146
NTSC-U,9856,3,25,"[2, 2, 4, 0, 6, 1, 0, 1]",exactly_dominated,117.98072567254788,386.5350516500119,5.821783097431041,675.4005304103284,9.882862596762196,3258.66794836782,315.402309682908,425.914458492688,394.6540874142396,3.54928715410573
NTSC-U,9155,3,23,"[2, 2, 3, 0, 5, 1, 0, 1]",exactly_dominated,121.07069961487383,569.8259008129168,8.48149677539838,856.4808799869888,13.216037519256735,2933.84847495193,356.32154611445,139.648225076473,20.84282909911052,1.16373520897062
NTSC-U,9505,3,28,"[2, 3, 4, 0, 7, 1, 0, 1]",exactly_dominated,117.8516452990763,375.2820624959725,5.624294118267429,670.0209496260914,9.767665094845814,3147.02800599415,324.289577347362,345.929340449736,282.216264371874,2.8827445037478
NTSC-U,9010,3,23,"[2, 2, 3, 0, 5, 1, 0, 1]",exactly_dominated,121.26027169244163,579.6702150137995,8.628146658624887,850.6319986197832,13.12578560890954,2889.46436895005,356.896076022592,139.762651076203,20.94070371794828,1.16468875896837
NTSC-U,9440,3,25,"[2, 2, 4, 0, 6, 1, 0, 1]",exactly_dominated,117.86004568013912,377.50863249055305,5.630799919836911,671.1935462448573,9.789350342866308,3097.87963456031,333.520477178015,264.865005900487,171.2305503978684,2.20720838250406
NTSC-U,9913,3,25,"[2, 2, 4, 0, 6, 1, 0, 1]",exactly_dominated,117.9262603941816,384.4548555808073,5.791268343189752,672.1304385202902,10.047594258662798,3270.01862243824,315.234068638257,425.811075238611,394.6445600601152,3.54842562698842
NTSC-U,9769,3,25,"[2, 2, 4, 0, 6, 1, 0, 1]",exactly_dominated,117.73170381971116,373.9747118101582,5.635173523657497,660.4547200599718,10.0889502395363,3318.91564137354,314.610958002608,425.70811719543,394.987726543978,3.54756764329525
NTSC-U,9293,3,27,"[2, 3, 3, 0, 7, 1, 0, 1]",exactly_dominated,118.00290188327658,383.1333955786797,5.713459002085475,679.7466210235771,9.909447379543293,3066.3337146578,333.97455727435,264.865005901694,171.001692668592,2.20720838251412
NTSC-U,7777,3,25,"[2, 2, 4, 0, 6, 1, 0, 1]",exactly_dominated,118.12067793638835,392.0723399477502,5.903155513388255,683.7977909330484,9.968505937249759,3227.12202846399,315.856389779257,425.914458492688,394.306347398226,3.54928715410573
NTSC-U,8528,4,40,"[4, 4, 3, 1, 8, 1, 0, 1]",exactly_dominated,117.81215934281327,399.9876793719277,6.036159030736506,666.7306260298064,10.612718232998166,3913.66295118485,321.866958571595,355.849762228445,308.9421005502732,2.96541468523705
NTSC-U,9786,3,25,"[2, 2, 4, 0, 6, 1, 0, 1]",exactly_dominated,119.66446232205847,489.9589155884299,7.449961948247552,770.7072702939568,11.872098181352102,3556.77325988343,292.742738681649,663.688944262529,730.464035062268,5.53074120218774
NTSC-U,6189,2,21,"[1, 2, 2, 1, 5, 1, 0, 2]",exactly_dominated,128.73548411721112,1048.9405577822783,15.871560133711583,1653.056597892657,27.22841164787646,2209.30998581176,329.135890508264,603.320962928557,623.20425101862,5.06228616316024
NTSC-U,9513,3,28,"[2, 3, 4, 0, 7, 1, 0, 1]",exactly_dominated,117.8516452990763,375.2820624959725,5.624294118267429,670.0209496260914,9.767665094845814,3147.02800599415,324.289577347362,345.929340449736,282.216264371874,2.8827445037478
NTSC-U,9840,3,25,"[2, 2, 4, 0, 6, 1, 0, 1]",exactly_dominated,117.926271301657,384.45720215696184,5.791304533105303,672.1304385202902,10.047947018130579,3270.01944424387,315.23401055083,425.811897063563,394.645650884116,3.54843247552969
NTSC-U,9905,3,25,"[2, 2, 4, 0, 6, 1, 0, 1]",exactly_dominated,118.43895647102642,408.09308250577743,6.1299659405261835,702.6226425618725,10.60284167155136,3259.50010197574,318.075419652702,415.296876129242,378.6373639428708,3.46080730107701
NTSC-U,9456,3,25,"[2, 2, 4, 0, 6, 1, 0, 1]",exactly_dominated,117.80413590698741,375.3838247584595,5.599637086939498,667.8455295184795,9.958917351236115,3109.23085781168,333.350819881628,264.761366041062,171.183889770182,2.20634471700885
NTSC-U,9006,3,23,"[2, 2, 3, 0, 5, 1, 0, 1]",exactly_dominated,118.77935307105454,438.1075170391118,6.587422192876759,701.0350933013797,10.817411470443362,3131.35325783931,323.784964911488,374.926154732575,322.5909140313752,3.12438462277147
NTSC-U,7761,3,24,"[2, 2, 3, 0, 6, 1, 0, 1]",exactly_dominated,120.04918930247969,507.94765073188614,7.7164608982583855,793.7796265527068,11.57183750091013,3465.07306136191,293.989742411998,663.885860696573,729.5556333613,5.53238217247144
NTSC-U,3722,2,12,"[1, 1, 1, 0, 4, 0, 0, 1]",exactly_dominated,137.98513822301894,1559.4226757651493,23.410576922923255,2207.8358442411272,36.36648817382957,2230.40573681243,384.405736812459,343.905736865683,264.2117305702096,3.81228888692236
NTSC-U,9285,3,27,"[2, 3, 3, 0, 7, 1, 0, 1]",exactly_dominated,118.00290188327658,383.1333955786797,5.713459002085475,679.7466210235771,9.909447379543293,3066.33371465781,333.97455727435,264.865005901694,171.001692668592,2.20720838251412
NTSC-U,9790,3,25,"[2, 2, 4, 0, 6, 1, 0, 1]",exactly_dominated,117.73211452295206,373.99682353887255,5.635502865317825,660.4793665239185,10.088862869217733,3318.81296683241,314.612266417746,425.708333387952,394.9870887266592,3.5475694448996
NTSC-U,9817,3,28,"[2, 3, 4, 0, 7, 1, 0, 1]",exactly_dominated,117.73211452295206,373.99682353887255,5.635502865317825,660.4793665239185,10.088862869217733,3318.81296683241,314.612266417746,425.708333387952,394.9870887266592,3.5475694448996
NTSC-U,9114,3,23,"[2, 2, 3, 0, 5, 1, 0, 1]",exactly_dominated,120.897146014059,555.5912018255589,8.278640573191884,790.5734236184853,12.092320483059552,2888.80639769224,354.260269539883,155.857303250721,37.64906946782992,1.29881086042267
NTSC-U,9544,3,25,"[2, 2, 4, 0, 6, 1, 0, 1]",exactly_dominated,117.73340242237272,369.26329655502803,5.534854494140721,662.9285844810802,9.664271540501751,3174.98253476369,323.91871894196,345.826768955335,282.3271895116796,2.88188974129446
NTSC-U,9401,3,25,"[2, 2, 4, 0, 6, 1, 0, 1]",exactly_dominated,118.00292217452348,383.1344880117851,5.713475626297927,679.7465612762035,9.909446508537192,3066.33386436417,333.974537317716,264.865728746685,171.0026600646472,2.20721440622237
NTSC-U,9952,3,25,"[2, 2, 4, 0, 6, 1, 0, 1]",exactly_dominated,117.98072567254754,386.5350516499947,5.821783097430785,675.4005304103284,9.882862596761903,3258.66794836781,315.402309682907,425.914458492688,394.6540874142396,3.54928715410573
NTSC-U,568,2,13,"[1, 1, 1, 0, 5, 0, 0, 1]",exactly_dominated,133.06553894711024,1264.046806719439,19.11646829922533,1912.6598876866046,31.504481353332224,2623.0678993318,326.856738313593,738.757482817407,803.116349175008,6.15631235681173
NTSC-U,9728,3,25,"[2, 2, 4, 0, 6, 1, 0, 1]",exactly_dominated,117.78783431051184,376.15508839575983,5.667235795276571,663.8247261139886,9.918771674651063,3306.47845398415,314.781107089128,425.811261057556,394.9943540763964,3.54842717547963
NTSC-U,9378,3,28,"[2, 3, 4, 0, 7, 1, 0, 1]",exactly_dominated,118.0029018832601,383.1333955779757,5.713459002074657,679.7466210235771,9.909447379543293,3066.3337146566,333.974557274432,264.865005900487,171.0016926670268,2.20720838250405
NTSC-U,9682,3,25,"[2, 2, 4, 0, 6, 1, 0, 1]",exactly_dominated,119.66446232205845,489.9589155884293,7.449961948247545,770.7072702939568,11.872098181352102,3556.77325988343,292.742738681649,663.688944262529,730.464035062268,5.53074120218774
NTSC-U,7736,3,25,"[2, 2, 4, 0, 6, 1, 0, 1]",exactly_dominated,118.0029018832601,383.1333955779757,5.713459002074657,679.7466210235771,9.909447379543293,3066.3337146566,333.974557274432,264.865005900487,171.0016926670268,2.20720838250405
NTSC-U,7673,3,25,"[2, 2, 4, 0, 6, 1, 0, 1]",exactly_dominated,118.0834591174646,390.88897974359526,5.885960470817344,681.5625095785254,9.93591967308008,3234.53444522294,315.749891422959,425.811075238611,394.248974696568,3.54842562698842
NTSC-U,9397,3,28,"[2, 3, 4, 0, 7, 1, 0, 1]",exactly_dominated,118.0029018832601,383.1333955779756,5.713459002074656,679.7466210235771,9.909447379543293,3066.3337146566,333.974557274432,264.865005900487,171.0016926670268,2.20720838250405
NTSC-U,3630,1,7,"[1, 0, 0, 0, 2, 0, 0, 1]",exactly_evaluated,205.2611111111111,5723.092458993746,87.01684680050504,6649.3182923116965,124.72173264083332,7868,136,4320,5760,36
NTSC-U,9496,3,25,"[2, 2, 4, 0, 6, 1, 0, 1]",exactly_dominated,118.0256936114824,382.5634924865263,5.726636266822376,680.6402838296417,9.922475328896565,3141.7904003091,325.440011780261,340.696842627968,274.544339968322,2.83914035523307
NTSC-U,7871,3,24,"[2, 2, 3, 0, 6, 1, 0, 1]",exactly_dominated,117.7321145229621,373.9968236397322,5.635502866874124,660.4793665239185,10.088862887818088,3318.81296683313,314.612266417697,425.708333388671,394.9870887276084,3.54756944490559
NTSC-U,8638,4,39,"[4, 4, 3, 0, 8, 1, 0, 2]",exactly_dominated,116.90439366412194,326.1756518051193,4.934411944241218,564.7972607078191,9.30308879426772,3638.37140286448,317.491605199232,378.056955182055,329.5266401895892,3.37537523374022
NTSC-U,9880,3,25,"[2, 2, 4, 0, 6, 1, 0, 1]",exactly_dominated,117.98072567254788,386.5350516500119,5.821783097431041,675.4005304103284,9.882862596762196,3258.66794836782,315.402309682908,425.914458492688,394.6540874142396,3.54928715410573
NTSC-U,9029,3,23,"[2, 2, 3, 0, 5, 1, 0, 1]",exactly_dominated,121.00121257135052,566.0694210404391,8.428725001871834,823.0025718857842,12.699446213735143,2895.67887377322,355.682600523079,144.293390573382,25.6374297108848,1.20244492144484
NTSC-U,7934,3,28,"[2, 3, 4, 0, 7, 1, 0, 1]",exactly_dominated,118.12067793638835,392.0723399477503,5.903155513388256,683.7977909330484,9.968505937249759,3227.12202846399,315.856389779257,425.914458492688,394.306347398226,3.54928715410573
NTSC-U,9479,3,27,"[2, 3, 3, 0, 7, 1, 0, 1]",exactly_dominated,117.85164529909422,375.28206249673843,5.624294118279164,670.0209496260914,9.767665094845814,3147.02800599534,324.289577347284,345.929340450938,282.2162643734484,2.88274450375782
NTSC-U,9750,3,27,"[2, 3, 4, 0, 6, 1, 0, 1]",exactly_dominated,117.75960114245572,375.1073269606483,5.652763314368159,654.1990477707759,10.094568760473122,3315.53290223224,314.659013752294,426.076261665838,395.4358236140876,3.55063551388198
NTSC-U,9300,3,25,"[2, 2, 4, 0, 6, 1, 0, 1]",exactly_dominated,117.86004568013944,377.50863249056755,5.630799919837127,671.1935462448573,9.789350342866618,3097.87963456031,333.520477178016,264.865005900487,171.2305503978684,2.20720838250406
NTSC-U,9615,3,28,"[2, 3, 4, 0, 7, 1, 0, 1]",exactly_dominated,117.85164529907662,375.2820624959875,5.624294118267649,670.0209496260914,9.767665094845814,3147.02800599414,324.289577347363,345.929340449736,282.216264371874,2.8827445037478
NTSC-U,9245,3,26,"[2, 3, 3, 0, 6, 1, 0, 1]",exactly_dominated,119.77424282429989,485.2572390223372,7.284384310480513,733.5556950945384,11.319224766560053,3104.34566857751,327.713969192095,367.814667170042,310.8421437225076,3.06512222641703
NTSC-U,3648,2,11,"[1, 0, 2, 0, 4, 0, 0, 1]",exactly_dominated,150.80130681563236,2333.1886173597422,35.41217500214055,2970.0872756890813,48.92195407929624,5222.36014809455,275.446183034842,1649.04947038214,2060.7864441414,13.7420789198512
NTSC-U,9992,3,28,"[2, 3, 4, 0, 7, 1, 0, 1]",exactly_dominated,117.9262603941816,384.45485558080554,5.791268343189725,672.1304385202902,10.047594258662798,3270.01862243824,315.234068638257,425.811075238611,394.6445600601152,3.54842562698843
NTSC-U,9838,3,24,"[2, 2, 3, 0, 6, 1, 0, 1]",exactly_dominated,119.8567360227838,500.36915365169193,7.605082693211878,782.2380694234726,11.8306759439082,3507.97429170356,293.365980808795,663.787088161139,730.008827020272,5.53155906800949
NTSC-U,9091,3,23,"[2, 2, 3, 0, 5, 1, 0, 1]",exactly_dominated,121.2602716924423,579.6702150138278,8.628146658625306,850.6319986197823,13.125785608909524,2889.46436895004,356.896076022594,139.762651076203,20.94070371794832,1.16468875896836
NTSC-U,7826,3,25,"[2, 2, 4, 0, 6, 1, 0, 1]",exactly_dominated,118.12067793638835,392.0723399477502,5.903155513388255,683.7977909330484,9.968505937249759,3227.12202846399,315.856389779257,425.914458492688,394.306347398226,3.54928715410573
NTSC-U,9584,3,28,"[2, 3, 4, 0, 7, 1, 0, 1]",exactly_dominated,117.85164529907662,375.2820624959875,5.624294118267649,670.0209496260914,9.767665094845814,3147.02800599414,324.289577347363,345.929340449736,282.216264371874,2.8827445037478
NTSC-U,7963,3,25,"[2, 2, 4, 0, 6, 1, 0, 1]",exactly_dominated,118.12067793638835,392.0723399477503,5.903155513388256,683.7977909330484,9.968505937249759,3227.12202846399,315.856389779257,425.914458492688,394.306347398226,3.54928715410573
NTSC-U,9357,3,25,"[2, 2, 4, 0, 6, 1, 0, 1]",exactly_dominated,118.49020376524699,405.4391269275713,6.033186328065587,708.794598830501,10.332913122008337,3055.86281212357,336.654520548965,254.317041954837,156.3457667672676,2.11930868295697
NTSC-U,9707,3,25,"[2, 2, 4, 0, 6, 1, 0, 1]",exactly_dominated,118.90642396616055,444.654329110494,6.746232886869843,725.9768442887016,11.168225073018418,3477.8517872435,299.65930017922,584.768425777657,618.964704271948,4.87307021481381
NTSC-U,5724,4,30,"[1, 4, 3, 3, 6, 1, 0, 1]",exactly_dominated,147.4096270646359,2112.406308789037,31.961459576030933,2773.505174738145,45.68394131305454,3639.9415125817,317.219978446088,1207.72974096781,1432.596221687316,10.0644145080651
NTSC-U,9212,3,26,"[2, 3, 3, 0, 6, 1, 0, 1]",exactly_dominated,118.77935307105454,438.1075170391118,6.587422192876759,701.0350933013797,10.817411470443362,3131.35325783931,323.784964911488,374.926154732575,322.5909140313752,3.12438462277147
NTSC-U,9642,3,28,"[2, 3, 4, 0, 7, 1, 0, 1]",exactly_dominated,117.85164529907662,375.2820624959875,5.624294118267649,670.0209496260914,9.767665094845814,3147.02800599414,324.289577347363,345.929340449736,282.216264371874,2.8827445037478
NTSC-U,8696,4,38,"[4, 4, 3, 0, 8, 1, 0, 1]",exactly_dominated,117.6279163094201,363.0627017835937,5.484754527669204,664.0845294247156,10.247241079063343,3624.37108483517,313.58125844619,430.27717906806,402.145345824284,3.5856431589005
NTSC-U,9984,3,25,"[2, 2, 4, 0, 6, 1, 0, 1]",exactly_dominated,117.9262603941816,384.45485558080554,5.791268343189725,672.1304385202902,10.047594258662798,3270.01862243824,315.234068638257,425.811075238611,394.6445600601152,3.54842562698843
NTSC-U,6667,2,18,"[1, 2, 2, 0, 5, 1, 0, 1]",exactly_dominated,134.5235434241877,1282.4810462220419,19.331196881623274,1587.6390605423148,26.150883123906883,2337.46361589598,336.34219329198,697.320197031394,742.196324698728,5.81100164192828
NTSC-U,9592,3,28,"[2, 3, 4, 0, 7, 1, 0, 1]",exactly_dominated,117.85164529907662,375.2820624959874,5.624294118267648,670.0209496260914,9.767665094845814,3147.02800599414,324.289577347363,345.929340449736,282.216264371874,2.8827445037478
NTSC-U,9438,3,25,"[2, 2, 4, 0, 6, 1, 0, 1]",exactly_dominated,117.88318445892638,377.0425008314792,5.622939851350633,672.5782468525103,9.804945754308148,3094.28848585764,333.603325032766,264.761782295581,171.056624239284,2.20634818579651
NTSC-U,9711,3,25,"[2, 2, 4, 0, 6, 1, 0, 1]",exactly_dominated,117.73211452295206,373.9968235388742,5.635502865317853,660.4793665239185,10.088862869217733,3318.81296683242,314.612266417746,425.708333387952,394.9870887266592,3.5475694448996
NTSC-U,4123,2,10,"[1, 0, 2, 0, 3, 0, 0, 1]",exactly_dominated,147.5686514065328,2164.594486650775,32.78574194253877,2780.190104221584,45.79405249257746,4853.26723121858,299.469620949358,1355.60708749458,1645.50649571006,11.2967257291213
NTSC-U,9341,3,28,"[2, 3, 4, 0, 7, 1, 0, 1]",exactly_dominated,118.0029018832601,383.1333955779757,5.713459002074657,679.7466210235771,9.909447379543293,3066.3337146566,333.974557274432,264.865005900487,171.0016926670268,2.20720838250405
NTSC-U,9654,3,25,"[2, 2, 4, 0, 6, 1, 0, 1]",exactly_dominated,121.68517559174396,547.5090315399735,8.318002920641666,795.2208857548057,12.732041880769925,3610.76715114901,292.811686610961,717.668909661231,803.115505890248,5.98057424717693
NTSC-U,3609,1,8,"[1, 0, 1, 0, 2, 0, 0, 1]",exactly_evaluated,170.19193122505237,3469.019054037349,52.31190444807218,3856.4416675510083,63.52158864612607,4989.48280822981,353.519678818073,1504.84622653471,1816.314914582628,12.5403852211227
NTSC-U,9879,3,25,"[2, 2, 4, 0, 6, 1, 0, 1]",exactly_dominated,117.85449234145393,380.1529220643012,5.726979624865983,667.8242797450603,9.981006593637662,3288.78405227444,314.999500766353,425.811075243495,394.8252945103292,3.54842562702912
NTSC-U,3577,1,12,"[1, 1, 1, 0, 4, 0, 0, 1]",exactly_dominated,140.7799046524662,1761.5868507002351,26.442875625546336,2270.027642058086,37.39088375365449,1537.59208483571,389.591709866157,392.922315809151,328.1497350353124,3.27435263174292
NTSC-U,7867,3,28,"[2, 3, 4, 0, 7, 1, 0, 1]",exactly_dominated,118.12067793638835,392.0723399477502,5.903155513388255,683.7977909330484,9.968505937249759,3227.12202846399,315.856389779257,425.914458492688,394.306347398226,3.54928715410573
NTSC-U,9480,3,27,"[2, 3, 3, 0, 7, 1, 0, 1]",exactly_dominated,117.85164529909422,375.28206249673843,5.624294118279164,670.0209496260914,9.767665094845814,3147.02800599534,324.289577347284,345.929340450938,282.2162643734484,2.88274450375782
NTSC-U,9195,3,26,"[2, 3, 3, 0, 6, 1, 0, 1]",exactly_dominated,118.5683752756788,427.0697715943757,6.42611710782824,677.5815818544443,10.455509069019381,3137.56776266223,322.571489412057,379.909956827549,329.703147360414,3.16591630689623
NTSC-U,7922,3,28,"[2, 3, 4, 0, 7, 1, 0, 1]",exactly_dominated,118.12067793638835,392.0723399477502,5.903155513388255,683.7977909330484,9.968505937249759,3227.12202846399,315.856389779257,425.914458492688,394.306347398226,3.54928715410573
NTSC-U,9896,3,28,"[2, 3, 4, 0, 7, 1, 0, 1]",exactly_dominated,117.9262603941816,384.45485558080554,5.791268343189724,672.1304385202902,10.047594258662476,3270.01862243824,315.234068638257,425.811075238611,394.6445600601152,3.54842562698842
NTSC-U,9316,3,25,"[2, 2, 4, 0, 6, 1, 0, 1]",exactly_dominated,117.80413590698709,375.3838247584445,5.599637086939275,667.8455295184795,9.958917351235806,3109.23085781168,333.350819881627,264.761366041062,171.1838897701824,2.20634471700885
NTSC-U,9746,3,28,"[2, 3, 4, 0, 7, 1, 0, 1]",exactly_dominated,117.73211452295206,373.99682353887414,5.635502865317851,660.4793665239185,10.088862869217733,3318.81296683242,314.612266417746,425.708333387952,394.9870887266592,3.5475694448996
NTSC-U,8157,4,37,"[4, 3, 4, 0, 8, 1, 0, 1]",exactly_dominated,116.31994640951373,291.47751410271167,4.405288607871511,538.8166052597307,8.314278389050932,3923.48313265337,309.656417848301,427.76583135759,401.712375259788,3.56471526131325
NTSC-U,9253,3,26,"[2, 3, 3, 0, 6, 1, 0, 1]",exactly_dominated,118.77935307105456,438.1075170391157,6.587422192876819,701.0350933014188,10.817411470443966,3131.35325783931,323.784964911488,374.926154732575,322.590914031376,3.12438462277146
NTSC-U,8911,4,40,"[4, 4, 4, 0, 8, 1, 0, 2]",exactly_dominated,116.20214598135088,282.0129923734174,4.206624191035245,533.0301319429409,8.224989474089943,3762.67753318023,327.860911944892,266.871386480874,177.0232539390572,2.50003558158626
NTSC-U,9603,3,25,"[2, 2, 4, 0, 6, 1, 0, 1]",exactly_dominated,117.85164529907662,375.2820624959875,5.624294118267649,670.0209496260914,9.767665094845814,3147.02800599414,324.289577347363,345.929340449736,282.216264371874,2.8827445037478
NTSC-U,4031,2,10,"[1, 0, 1, 0, 3, 0, 0, 2]",exactly_dominated,148.399343273773,2162.9333277149512,32.83607572408571,2832.6881472863706,46.658776863841105,5067.21190194854,279.211901948596,1548.64677450846,1923.150464062664,14.1848173910946
NTSC-U,9414,3,25,"[2, 2, 4, 0, 6, 1, 0, 1]",exactly_dominated,118.17702827616314,390.49194404731253,5.817170921864467,690.1226660119355,10.060710907216418,3061.11407467446,335.101137992932,259.605994641574,163.7442404766424,2.16338328867978
NTSC-U,9044,3,23,"[2, 2, 3, 0, 5, 1, 0, 1]",exactly_dominated,121.07069961487383,569.8259008129169,8.481496775398382,856.4808799869897,13.216037519256748,2933.84847495193,356.32154611445,139.648225076474,20.84282909911056,1.16373520897062
NTSC-U,9947,3,27,"[2, 3, 4, 0, 6, 1, 0, 1]",exactly_dominated,117.92087794860781,384.07101589901714,5.785750184098947,669.9597049408694,10.045233343955486,3269.28740931022,315.204232869154,425.928211738304,394.820998280132,3.54940176448587
NTSC-U,8340,4,42,"[4, 5, 3, 1, 8, 1, 0, 1]",exactly_dominated,119.0669335770004,457.94625688883576,6.924004583084317,700.4031445083829,11.536728483739271,3488.0211070824,318.184300265683,426.68101237841,398.1049394619524,3.55567510315341
NTSC-U,9802,3,27,"[2, 3, 4, 0, 6, 1, 0, 1]",exactly_dominated,117.75960114245572,375.10732696064844,5.652763314368163,654.1990477707759,10.094568760473429,3315.53290223225,314.659013752294,426.076261665838,395.4358236140876,3.55063551388198
NTSC-U,9551,3,25,"[2, 2, 4, 0, 6, 1, 0, 1]",exactly_dominated,117.8516452990763,375.28206249597247,5.624294118267428,670.0209496260914,9.767665094845814,3147.02800599415,324.289577347362,345.929340449736,282.216264371874,2.8827445037478
NTSC-U,7666,3,26,"[2, 3, 3, 0, 6, 1, 0, 1]",exactly_dominated,118.77935307105524,438.10751703914156,6.587422192877197,701.0350933013797,10.817411470443362,3131.35325783932,323.78496491149,374.926154732575,322.590914031376,3.12438462277147
NTSC-U,9228,3,26,"[2, 3, 3, 0, 6, 1, 0, 1]",exactly_dominated,118.77935307105422,438.10751703910086,6.587422192876597,701.0350933013797,10.817411470443362,3131.35325783931,323.784964911487,374.926154732574,322.590914031376,3.12438462277146
NTSC-U,9678,3,25,"[2, 2, 4, 0, 6, 1, 0, 1]",exactly_dominated,117.9213667926652,382.30260935683555,5.7529855391172395,671.7093233603373,10.322529225603025,3313.56019802912,315.825538542331,420.45714795945,387.0898871106364,3.50380956632875
NTSC-U,9382,3,25,"[2, 2, 4, 0, 6, 1, 0, 1]",exactly_dominated,117.88318445892637,377.04250083147866,5.622939851350625,672.5782468525103,9.804945754308148,3094.28848585764,333.603325032766,264.76178229558,171.056624239284,2.20634818579651
NTSC-U,9697,3,27,"[2, 3, 4, 0, 6, 1, 0, 1]",exactly_dominated,117.72706659270098,373.64154819032404,5.630405950062964,658.4159498098816,10.087355503833336,3318.11615031203,314.584161428333,425.819674644123,395.1542439161012,3.54849728870102
NTSC-U,6098,2,14,"[1, 0, 2, 0, 4, 1, 0, 2]",exactly_evaluated,122.53331281964273,675.5336789568943,10.29717819780396,1280.926320038554,21.098847539202104,3622.62782997199,307.627829972041,617.021115448307,656.02748223666,5.23786955059385
NTSC-U,7723,3,25,"[2, 2, 4, 0, 6, 1, 0, 1]",exactly_dominated,118.30732240985405,399.92284807192124,6.013734933853393,694.8715302545161,10.129940556719617,3221.87533232967,317.058770127934,420.669301289138,386.4477063723272,3.50557751074281
NTSC-U,8602,4,40,"[4, 4, 3, 1, 8, 1, 0, 1]",exactly_dominated,118.95737835990712,452.37856390303546,6.816745563581382,704.6390804618277,11.355848843429435,3397.11363864504,325.875706553551,353.307326214034,303.8300067939048,2.94422771845029
NTSC-U,9910,3,25,"[2, 2, 4, 0, 6, 1, 0, 1]",exactly_dominated,119.85673602277151,500.36915364363193,7.605082693087587,782.2380694234726,11.830675942507094,3507.97429170282,293.365980808841,663.787088160388,730.008827019276,5.53155906800323
NTSC-U,8252,4,38,"[4, 3, 4, 0, 8, 1, 0, 2]",exactly_dominated,117.89347912895236,378.8786904027929,5.703683731092649,672.9410900959347,10.383903368738954,3870.09682532729,322.93035636052,356.560098479492,297.703432106632,3.22467830796854
NTSC-U,9443,3,25,"[2, 2, 4, 0, 6, 1, 0, 1]",exactly_dominated,117.87195074697136,379.9876214191488,5.675177808799158,671.9328484829621,9.795537040849224,3071.37054484696,333.001483471255,269.940296950479,177.9734922942156,2.24950247458732
NTSC-U,9156,3,23,"[2, 2, 3, 0, 5, 1, 0, 1]",exactly_dominated,121.07069961487383,569.8259008129168,8.48149677539838,856.4808799869888,13.216037519256735,2933.84847495193,356.32154611445,139.648225076473,20.84282909911052,1.16373520897062
NTSC-U,9506,3,28,"[2, 3, 4, 0, 7, 1, 0, 1]",exactly_dominated,117.8516452990763,375.2820624959725,5.624294118267429,670.0209496260914,9.767665094845814,3147.02800599415,324.289577347362,345.929340449736,282.216264371874,2.8827445037478
NTSC-U,9855,3,25,"[2, 2, 4, 0, 6, 1, 0, 1]",exactly_dominated,117.85449234145393,380.1529220643013,5.726979624865986,667.8242797450603,9.981006593637662,3288.78405227444,314.999500766353,425.811075243495,394.8252945103292,3.54842562702912
NTSC-U,9785,3,25,"[2, 2, 4, 0, 6, 1, 0, 1]",exactly_dominated,118.90642396616053,444.6543291104933,6.746232886869831,725.9768442887016,11.168225073018387,3477.8517872435,299.65930017922,584.768425777657,618.964704271948,4.87307021481381
NTSC-U,7774,3,25,"[2, 2, 4, 0, 6, 1, 0, 1]",exactly_dominated,118.12067793638835,392.0723399477503,5.903155513388256,683.7977909330484,9.968505937249759,3227.12202846399,315.856389779257,425.914458492688,394.306347398226,3.54928715410573
NTSC-U,9290,3,24,"[2, 2, 3, 0, 6, 1, 0, 1]",exactly_dominated,121.54955452336633,573.9807473813469,8.617573840485857,710.9142964223938,11.43553003099948,3092.40205208129,330.499541988977,390.732613664823,340.198678631422,3.25610511387353
NTSC-U,9455,3,25,"[2, 2, 4, 0, 6, 1, 0, 1]",exactly_dominated,117.60566311450748,364.7164263344343,5.4407439906357355,655.9621798246571,10.002348718169559,3158.02574988901,332.727604600468,264.658370831528,171.3711323469464,2.20548642359606
NTSC-U,9005,3,23,"[2, 2, 3, 0, 5, 1, 0, 1]",exactly_dominated,119.87907377016505,489.1895152026498,7.319423508110373,773.2591825251966,11.93187449615692,3050.46436895024,333.896076022556,316.724001927839,239.7463389607892,2.63936668273198
NTSC-U,9906,3,25,"[2, 2, 4, 0, 6, 1, 0, 1]",exactly_dominated,118.11414182058883,392.6400398831565,5.906953105822563,683.2782757422028,10.269352036659622,3264.76898417917,316.441695083182,420.562997996115,386.7667566924308,3.50469164996762
NTSC-U,9843,3,27,"[2, 3, 3, 0, 7, 1, 0, 1]",exactly_dominated,117.92626039419665,384.4548556031229,5.791268343533997,672.1304385202902,10.047594262681708,3270.01862243917,315.2340686382,425.811075239539,394.6445600613404,3.54842562699616
NTSC-U,9510,3,25,"[2, 2, 4, 0, 6, 1, 0, 1]",exactly_dominated,121.39444360058751,565.8305103618337,8.523711498234343,692.7981976890278,11.411463188635896,3172.61569236187,320.826306867176,471.266744695474,451.632897470016,3.92722287246228
NTSC-U,9140,3,23,"[2, 2, 3, 0, 5, 1, 0, 1]",exactly_dominated,121.72478925544917,602.6688807680526,8.968949310301692,871.6205903512446,13.449652752100839,2876.37414921807,358.65724804995,135.981495226457,17.01714309071872,1.13317912688715
NTSC-U,4288,2,10,"[1, 0, 1, 0, 4, 0, 0, 1]",exactly_dominated,170.5834045596873,3515.8185301302424,52.692652082773186,4376.691575204704,68.48872183943344,3977.18061972922,475.248797309587,446.458510869927,313.6048155344908,3.72048759058272
NTSC-U,9269,3,24,"[2, 2, 3, 0, 6, 1, 0, 1]",exactly_dominated,117.96462923348707,381.9234910560187,5.695886177314921,677.4542973897578,9.87602954453882,3073.7466805974,333.866642666411,264.761366041997,170.9232364670268,2.20634471701664
NTSC-U,9793,3,28,"[2, 3, 4, 0, 7, 1, 0, 1]",exactly_dominated,117.73211452295206,373.99682353887255,5.635502865317825,660.4793665239185,10.088862869217733,3318.81296683241,314.612266417746,425.708333387952,394.9870887266592,3.5475694448996
NTSC-U,9639,3,25,"[2, 2, 4, 0, 6, 1, 0, 1]",exactly_dominated,117.85166559619907,375.28315461039966,5.624310736636615,670.0208904718529,9.767664232486526,3147.02815294152,324.289557458105,345.930060251024,282.2172342515296,2.88275050209186
NTSC-U,3721,2,12,"[1, 1, 1, 0, 4, 0, 0, 1]",exactly_dominated,137.98513822301894,1559.4226757651493,23.410576922923255,2207.8358442411272,36.36648817382957,2230.40573681243,384.405736812459,343.905736865683,264.2117305702096,3.81228888692236
NTSC-U,9286,3,27,"[2, 3, 3, 0, 7, 1, 0, 1]",exactly_dominated,118.00290188327658,383.1333955786797,5.713459002085475,679.7466210235771,9.909447379543293,3066.33371465781,333.97455727435,264.865005901694,171.001692668592,2.20720838251412
NTSC-U,7762,3,25,"[2, 2, 4, 0, 6, 1, 0, 1]",exactly_dominated,120.04918930246431,507.9476507312473,7.716460898248617,793.7796265527068,11.57183750091013,3465.07306136093,293.989742412059,663.885860695604,729.555633360012,5.53238217246336
NTSC-U,9951,3,25,"[2, 2, 4, 0, 6, 1, 0, 1]",exactly_dominated,117.8544923414543,380.1529220643177,5.726979624866232,667.8242797450603,9.981006593637971,3288.78405227444,314.999500766354,425.811075243495,394.8252945103292,3.54842562702912
NTSC-U,8643,4,40,"[4, 5, 3, 0, 8, 1, 0, 1]",exactly_dominated,118.0083614234106,390.25991865975743,5.9015837189716045,668.1986753572755,10.310724932906332,3952.09668480818,313.962779624879,436.535950819015,410.226049162788,3.63779959015846
NTSC-U,9402,3,25,"[2, 2, 4, 0, 6, 1, 0, 1]",exactly_dominated,121.54955452335366,573.9807473808041,8.617573840477478,710.9142964220155,11.435530030999168,3092.40205208026,330.499541989053,390.732613663778,340.198678630066,3.25610511386482
NTSC-U,9117,3,23,"[2, 2, 3, 0, 5, 1, 0, 1]",exactly_dominated,119.87907377016573,489.18951520267865,7.319423508110802,773.2591825251966,11.93187449615692,3050.46436895024,333.896076022558,316.724001927839,239.7463389607888,2.63936668273199
NTSC-U,9547,3,25,"[2, 2, 4, 0, 6, 1, 0, 1]",exactly_dominated,118.34123857580197,397.4801549565757,5.941812260493635,699.6973967309859,10.200292756245478,3136.50683158072,327.031102270606,335.415797411675,266.6237087267656,2.7951316450973
NTSC-U,9814,3,25,"[2, 2, 4, 0, 6, 1, 0, 1]",exactly_dominated,117.73211452295206,373.99682353887255,5.635502865317825,660.4793665239185,10.088862869217733,3318.81296683241,314.612266417746,425.708333387952,394.9870887266592,3.5475694448996
NTSC-U,8356,4,38,"[4, 3, 3, 1, 8, 1, 0, 1]",exactly_dominated,118.98772251163867,450.6766686991612,6.76530616926711,739.582856964812,11.41222765696127,3887.59797975778,328.172684376196,330.5028880075,276.7728958262104,2.75419073339584
NTSC-U,9394,3,25,"[2, 2, 4, 0, 6, 1, 0, 1]",exactly_dominated,118.0029018832601,383.1333955779757,5.713459002074657,679.7466210235771,9.909447379543293,3066.3337146566,333.974557274432,264.865005900487,171.0016926670268,2.20720838250405
NTSC-U,3633,1,7,"[1, 0, 0, 0, 2, 0, 0, 1]",exactly_evaluated,205.2611111111111,5723.092458993746,87.01684680050504,6649.3182923116965,124.72173264083332,7868,136,4320,5760,36
NTSC-U,7735,3,25,"[2, 2, 4, 0, 6, 1, 0, 1]",exactly_dominated,118.0029018832601,383.1333955779756,5.713459002074656,679.7466210235771,9.909447379543293,3066.3337146566,333.974557274432,264.865005900487,171.0016926670268,2.20720838250405
NTSC-U,4119,2,10,"[1, 0, 2, 0, 3, 0, 0, 1]",exactly_dominated,148.3095080905825,2186.6946870540182,33.17961664122875,2819.972427456515,46.449329193163805,5015.15612010745,280.358509838238,1539.59011186632,1909.928305983496,12.829917598886
NTSC-U,90,1,8,"[1, 0, 1, 0, 2, 0, 0, 1]",exactly_dominated,167.19816341198742,3337.7241598438286,50.45644038589927,3750.8565187915547,63.78132201556224,5317.00143915691,310.320488616583,1800.14034999235,2232.158768343152,15.0011695832696
NTSC-U,9681,3,25,"[2, 2, 4, 0, 6, 1, 0, 1]",exactly_dominated,118.90642396616055,444.654329110494,6.746232886869843,725.9768442887016,11.168225073018418,3477.8517872435,299.65930017922,584.768425777657,618.964704271948,4.87307021481381
NTSC-U,7742,3,25,"[2, 2, 4, 0, 6, 1, 0, 1]",exactly_dominated,117.8516452990763,375.2820624959725,5.624294118267429,670.0209496260914,9.767665094845814,3147.02800599415,324.289577347362,345.929340449736,282.216264371874,2.8827445037478
NTSC-U,3644,2,11,"[1, 0, 2, 0, 4, 0, 0, 1]",exactly_dominated,149.8410043964173,2273.3901889766325,34.43906105770094,2912.479262390357,47.97306055543647,4992.39352691896,299.233581238093,1419.08284815642,1730.376882970592,11.8256904013035
NTSC-U,9249,3,26,"[2, 3, 3, 0, 6, 1, 0, 1]",exactly_dominated,119.8790737701654,489.1895152026673,7.319423508110636,773.2591825252384,11.931874496157567,3050.46436895025,333.896076022557,316.724001927839,239.7463389607892,2.63936668273198
NTSC-U,9619,3,27,"[2, 3, 4, 0, 6, 1, 0, 1]",exactly_dominated,117.84619613493393,374.854350944459,5.618112724846888,667.6481267957479,9.733073730577082,3146.26385152876,324.259286922111,346.051623403698,282.3949399727776,2.88376352836415
NTSC-U,9863,3,25,"[2, 2, 4, 0, 6, 1, 0, 1]",exactly_dominated,117.9262603941816,384.4548555808073,5.791268343189752,672.1304385202902,10.047594258662798,3270.01862243824,315.234068638257,425.811075238611,394.6445600601152,3.54842562698843
NTSC-U,8771,4,41,"[4, 4, 3, 1, 8, 1, 0, 2]",exactly_dominated,118.26243213128795,405.3106884289204,6.076356208715716,657.2098196623638,10.141159992752785,3807.01412048567,326.437455683886,325.380606038468,272.4152118851676,2.96516140727249
NTSC-U,9475,3,25,"[2, 2, 4, 0, 6, 1, 0, 1]",exactly_dominated,117.8516452990763,375.28206249597247,5.624294118267428,670.0209496260914,9.767665094845814,3147.02800599414,324.289577347362,345.929340449736,282.216264371874,2.8827445037478
NTSC-U,7892,3,25,"[2, 2, 4, 0, 6, 1, 0, 1]",exactly_dominated,118.12069817260736,392.0734286971444,5.903172080423104,683.7977323924124,9.968505083835657,3227.12217271857,315.85636988241,425.915175684852,394.3073171175524,3.5492931307071
NTSC-U,9926,3,25,"[2, 2, 4, 0, 6, 1, 0, 1]",exactly_dominated,118.00291093999863,386.0616142270551,5.813827926560278,676.7295460511859,9.865464011690687,3255.26862238871,315.48406863821,425.811075238611,394.452514804162,3.54842562698843
NTSC-U,8634,4,43,"[4, 5, 3, 1, 8, 1, 0, 2]",exactly_dominated,118.96869644184888,449.23649919817086,6.770978489738544,696.786301589118,11.47715345890528,3601.78304358813,325.665159257496,354.866826488519,306.1383949261392,3.21804525651859
NTSC-U,7715,3,25,"[2, 2, 4, 0, 6, 1, 0, 1]",exactly_dominated,118.6331365329008,415.29592910493676,6.235499746250906,714.2753798673257,10.412812763438597,3216.60680561997,318.694348190421,415.403511968557,378.3307267581164,3.46169593307131
NTSC-U,4139,2,10,"[1, 0, 2, 0, 3, 0, 0, 1]",exactly_dominated,148.3095080905825,2186.6946870540182,33.17961664122875,2819.972427456515,46.449329193163805,5015.15612010745,280.358509838238,1539.59011186632,1909.928305983496,12.829917598886
NTSC-U,3613,1,8,"[1, 0, 1, 0, 2, 0, 0, 1]",exactly_evaluated,170.19193122505237,3469.019054037349,52.31190444807218,3856.4416675510083,63.52158864612607,4989.48280822981,353.519678818073,1504.84622653471,1816.314914582628,12.5403852211227
NTSC-U,6738,2,14,"[1, 0, 2, 0, 4, 1, 0, 2]",exactly_dominated,126.69962766979276,921.5948855577802,13.85173601632863,1530.905211047556,25.216388436682458,3220.02465536882,363.024655368859,243.002290693781,132.6027501877744,2.03216275427509
NTSC-U,9567,3,27,"[2, 3, 4, 0, 6, 1, 0, 1]",exactly_dominated,117.84619613493393,374.8543509444556,5.618112724846835,667.6481267957479,9.733073730577082,3146.26385152877,324.259286922111,346.051623403698,282.3949399727776,2.88376352836415
NTSC-U,9834,3,25,"[2, 2, 4, 0, 6, 1, 0, 1]",exactly_dominated,118.11414182058883,392.64003988315426,5.90695310582253,683.2782757422028,10.269352036659217,3264.76898417917,316.441695083182,420.562997996115,386.7667566924308,3.50469164996762
NTSC-U,9971,3,27,"[2, 3, 4, 0, 6, 1, 0, 1]",exactly_dominated,117.92087794860782,384.0710158990178,5.785750184098956,669.9597049408694,10.045233343955486,3269.28740931022,315.204232869154,425.928211738304,394.820998280132,3.54940176448587
NTSC-U,8399,4,39,"[4, 4, 3, 0, 8, 1, 0, 2]",exactly_dominated,115.82026123819234,272.13155996142456,4.118538450636391,519.8727763859943,7.924257382601914,3705.74060160924,314.529991711041,374.048885005329,326.4588375129828,3.33562118051372
NTSC-U,9072,3,23,"[2, 2, 3, 0, 5, 1, 0, 1]",exactly_dominated,121.07069961487383,569.825900812915,8.481496775398355,856.4808799869888,13.216037519256735,2933.84847495192,356.32154611445,139.648225076474,20.84282909911056,1.16373520897062
NTSC-U,9588,3,25,"[2, 2, 4, 0, 6, 1, 0, 1]",exactly_dominated,121.39444360058754,565.8305103618364,8.523711498234386,692.7981976890278,11.411463188635896,3172.61569236187,320.826306867176,471.266744695474,451.632897470016,3.92722287246228
NTSC-U,9422,3,25,"[2, 2, 4, 0, 6, 1, 0, 1]",exactly_dominated,118.0029018832601,383.1333955779756,5.713459002074656,679.7466210235771,9.909447379543293,3066.3337146566,333.974557274432,264.865005900487,171.0016926670268,2.20720838250405
NTSC-U,7703,3,25,"[2, 2, 4, 0, 6, 1, 0, 1]",exactly_dominated,117.98072567255188,386.53505165023506,5.821783097434373,675.4005304105676,9.882862596762184,3258.66794836785,315.40230968292,425.914458492688,394.6540874142396,3.54928715410574
NTSC-U,9208,3,26,"[2, 3, 3, 0, 6, 1, 0, 1]",exactly_dominated,118.59563521444663,428.64392699964014,6.446526968509696,706.8669906330451,10.907401306462722,3175.73736384084,323.210435003342,374.801383345404,322.767408567642,3.12334486121171
NTSC-U,9658,3,25,"[2, 2, 4, 0, 6, 1, 0, 1]",exactly_dominated,117.73212330238624,374.0037831452248,5.6356102409358,660.4793665239185,10.09008576151783,3318.81362830443,314.612219663126,425.708994875505,394.98796673176,3.54757495729588
NTSC-U,9988,3,28,"[2, 3, 4, 0, 7, 1, 0, 1]",exactly_dominated,117.9262603941816,384.45485558080554,5.791268343189725,672.1304385202902,10.047594258662798,3270.01862243824,315.234068638257,425.811075238611,394.6445600601152,3.54842562698843
NTSC-U,9822,3,25,"[2, 2, 4, 0, 6, 1, 0, 1]",exactly_dominated,117.73170382015857,373.97471183416616,5.63517352401501,660.454720086751,10.088950239440646,3318.91564126336,314.610958004019,425.708117195662,394.9877265434528,3.54756764329718
NTSC-U,9571,3,25,"[2, 2, 4, 0, 6, 1, 0, 1]",exactly_dominated,117.77919428280948,371.04563417590106,5.561032351717426,665.6729128404377,9.704278767648082,3165.61562097345,324.055009446178,345.929340449736,282.3725866123212,2.8827445037478
NTSC-U,9121,3,23,"[2, 2, 3, 0, 5, 1, 0, 1]",exactly_dominated,121.26027169244195,579.670215013812,8.628146658625072,850.6319986197823,13.125785608909524,2889.46436895005,356.896076022593,139.762651076203,20.94070371794832,1.16468875896836
NTSC-U,9434,3,28,"[2, 3, 4, 0, 7, 1, 0, 1]",exactly_dominated,118.0029018832601,383.1333955779757,5.713459002074657,679.7466210235771,9.909447379543293,3066.3337146566,333.974557274432,264.865005900487,171.0016926670268,2.20720838250405
NTSC-U,9064,3,23,"[2, 2, 3, 0, 5, 1, 0, 1]",exactly_dominated,121.26027169244163,579.6702150138028,8.628146658624939,850.6319986198223,13.125785608910142,2889.46436895005,356.896076022592,139.762651076203,20.94070371794832,1.16468875896837
NTSC-U,9967,3,28,"[2, 3, 4, 0, 7, 1, 0, 1]",exactly_dominated,117.9262603941816,384.45485558080554,5.791268343189725,672.1304385202902,10.047594258662798,3270.01862243824,315.234068638257,425.811075238611,394.6445600601152,3.54842562698842
NTSC-U,7754,3,25,"[2, 2, 4, 0, 6, 1, 0, 1]",exactly_dominated,119.29145509410942,462.5821867156949,7.011699722857808,749.063125175393,10.91995369054486,3386.15765243866,300.904889221123,584.971381720045,618.112102867988,4.8747615143337
NTSC-U,8858,4,43,"[4, 5, 3, 1, 8, 1, 0, 2]",exactly_dominated,119.74130235107529,481.2222239722849,7.241520221488076,734.3981554830889,11.33222445909696,3660.68009092035,323.088873654011,400.743321501954,363.7762292680156,3.60509159183107
NTSC-U,3652,2,11,"[1, 0, 2, 0, 4, 0, 0, 1]",exactly_dominated,149.8410043964173,2273.3901889766325,34.43906105770094,2912.479262390357,47.97306055543647,4992.39352691896,299.233581238093,1419.08284815642,1730.376882970592,11.8256904013035
NTSC-U,9176,3,26,"[2, 3, 3, 0, 6, 1, 0, 1]",exactly_dominated,118.77935307105456,438.1075170391125,6.58742219287677,701.0350933014015,10.8174114704437,3131.35325783931,323.784964911488,374.926154732575,322.5909140313756,3.12438462277147
NTSC-U,9526,3,25,"[2, 2, 4, 0, 6, 1, 0, 1]",exactly_dominated,117.8516452990763,375.28206249597247,5.624294118267428,670.0209496260914,9.767665094845814,3147.02800599414,324.289577347362,345.929340449736,282.216264371874,2.8827445037478
NTSC-U,8767,4,39,"[4, 4, 3, 0, 8, 1, 0, 2]",exactly_dominated,117.89903711602655,380.6117163116482,5.728977609111706,668.4007041332115,10.313842363715507,3870.48832932759,322.903982215427,356.951404087104,298.2189423878316,3.22795296612647
NTSC-U,9875,3,27,"[2, 3, 4, 0, 6, 1, 0, 1]",exactly_dominated,117.92087794860817,384.07101589903135,5.785750184099155,669.9597049408694,10.045233343955191,3269.28740931022,315.204232869155,425.928211738304,394.820998280132,3.54940176448587
NTSC-U,9930,3,25,"[2, 2, 4, 0, 6, 1, 0, 1]",exactly_dominated,118.11414182058915,392.6400398831715,5.906953105822784,683.2782757422028,10.269352036659622,3264.76898417916,316.441695083183,420.562997996115,386.7667566924308,3.50469164996762
NTSC-U,8788,4,41,"[4, 5, 3, 0, 8, 1, 0, 2]",exactly_dominated,117.40480519497942,341.1479089874593,5.0993522541557725,586.1950474632413,9.045357487716911,3702.14002169493,331.116630392242,271.117012550555,180.7974329765748,2.55378084456082
NTSC-U,9033,3,23,"[2, 2, 3, 0, 5, 1, 0, 1]",exactly_dominated,119.87907377016542,489.1895152026693,7.319423508110666,773.2591825252384,11.931874496157567,3050.46436895024,333.896076022557,316.72400192784,239.7463389607888,2.63936668273199
NTSC-U,7884,3,25,"[2, 2, 4, 0, 6, 1, 0, 1]",exactly_dominated,117.9262603941816,384.45485558080554,5.791268343189724,672.1304385202902,10.047594258662476,3270.01862243824,315.234068638257,425.811075238611,394.6445600601152,3.54842562698842
NTSC-U,9463,3,27,"[2, 3, 4, 0, 6, 1, 0, 1]",exactly_dominated,117.9973983924357,382.69289846116527,5.707084481669551,677.2821515761543,9.873519977254844,3065.5691898086,333.944774948153,264.987975692284,171.1677033543676,2.20823313076903
NTSC-U,9199,3,26,"[2, 3, 3, 0, 6, 1, 0, 1]",exactly_dominated,119.54081677822283,487.9946102502015,7.415253955366211,745.8766586031425,11.509344966330977,3374.17143965747,298.60314672967,611.283359841138,655.97451824288,5.09402799867613
NTSC-U,9674,3,25,"[2, 2, 4, 0, 6, 1, 0, 1]",exactly_dominated,117.80831821982386,378.56750487354975,5.703810414840851,665.0516685782504,10.160078200220866,3299.16564137351,314.860958002653,425.70811719543,394.794256020586,3.54756764329525
NTSC-U,3629,1,7,"[1, 0, 0, 0, 2, 0, 0, 1]",exactly_evaluated,205.2611111111111,5723.092458993746,87.01684680050504,6649.3182923116965,124.72173264083332,7868,136,4320,5760,36
NTSC-U,9224,3,26,"[2, 3, 3, 0, 6, 1, 0, 1]",exactly_dominated,119.81637713648813,491.78548222521516,7.426168807388766,756.516392247343,11.673522734127486,3212.35325783933,314.784964911502,480.758336973251,469.420760356888,4.00631947477711
NTSC-U,8065,4,40,"[4, 4, 3, 1, 8, 1, 0, 1]",exactly_dominated,118.36931724400144,424.11989631380715,6.41940194935791,667.9514183016163,11.002198110751158,3844.08870336829,315.738554707025,427.930403050978,401.258380003572,3.56608669209147
NTSC-U,8120,4,40,"[4, 5, 3, 0, 8, 1, 0, 1]",exactly_dominated,117.52195740543058,353.2122361661638,5.306219997481328,614.6731448817582,9.484792404192671,3441.60298338318,322.680067757382,349.52752852215,288.411208290694,2.91272940435126
NTSC-U,7685,3,25,"[2, 2, 4, 0, 6, 1, 0, 1]",exactly_dominated,118.00369606168871,386.1044262258072,5.814465722085348,676.7766614470538,9.866150866941862,3255.07625268997,315.486568101126,425.811490462512,394.4513186386248,3.5484290871876
NTSC-U,9731,3,25,"[2, 2, 4, 0, 6, 1, 0, 1]",exactly_dominated,117.59326727185359,370.1472573656438,5.586848939845445,652.2183298438458,9.889225428378891,3323.8930255746,313.57712347893,430.787803234841,402.54438360548,3.58989836029034
NTSC-U,7955,3,27,"[2, 3, 4, 0, 6, 1, 0, 1]",exactly_dominated,118.14856725032514,393.25448790436576,5.921527912531743,677.131087237176,9.871317738844631,3223.68179908204,315.902031147457,426.303299899973,394.7827493742348,3.55252749916644
NTSC-U,9418,3,25,"[2, 2, 4, 0, 6, 1, 0, 1]",exactly_dominated,120.28886376292611,516.9736477482749,7.676293389589649,762.9198633040378,11.490543506281206,2905.66005407692,356.028944490588,103.533759846723,7.45366306296924,0.862781332056029
NTSC-U,7797,3,25,"[2, 2, 4, 0, 6, 1, 0, 1]",exactly_dominated,118.12067793638835,392.0723399477502,5.903155513388255,683.7977909330484,9.968505937249759,3227.12202846399,315.856389779257,425.914458492688,394.306347398226,3.54928715410573
NTSC-U,9273,3,25,"[2, 2, 4, 0, 6, 1, 0, 1]",exactly_dominated,118.49020376524699,405.4391269275696,6.033186328065561,708.794598830501,10.332913122008337,3055.86281212358,336.654520548965,254.317041954837,156.3457667672676,2.11930868295697
NTSC-U,9789,3,25,"[2, 2, 4, 0, 6, 1, 0, 1]",exactly_dominated,117.73211452295206,373.99682353887255,5.635502865317825,660.4793665239185,10.088862869217733,3318.81296683241,314.612266417746,425.708333387952,394.9870887266592,3.5475694448996
NTSC-U,4441,2,10,"[1, 0, 1, 0, 4, 0, 0, 1]",exactly_dominated,171.6682826692749,3547.8716225466155,53.25466157133365,4291.500836710804,69.55661423534103,4144.45740171966,445.192112295756,571.057401719717,453.71239555922,13.995246723995
NTSC-U,8931,4,37,"[4, 3, 4, 0, 8, 1, 0, 1]",exactly_dominated,118.29440913705695,407.9022457124088,6.140033459315304,695.2575282367452,10.728260015404093,3932.69195254413,323.806478796167,359.449537802199,300.7621186531348,2.99541281501833
NTSC-U,9623,3,25,"[2, 2, 4, 0, 6, 1, 0, 1]",exactly_dominated,117.77919428280948,371.04563417590106,5.561032351717426,665.6729128404377,9.704278767648082,3165.61562097345,324.055009446178,345.929340449736,282.3725866123212,2.88274450374781
NTSC-U,9336,3,25,"[2, 2, 4, 0, 6, 1, 0, 1]",exactly_dominated,118.0029018832601,383.1333955779756,5.713459002074656,679.7466210235771,9.909447379543293,3066.33371465659,333.974557274432,264.865005900487,171.0016926670268,2.20720838250405
NTSC-U,526,2,11,"[1, 0, 2, 0, 4, 0, 0, 1]",exactly_dominated,149.8410043964173,2273.3901889766325,34.43906105770094,2912.479262390357,47.97306055543647,4992.39352691896,299.233581238093,1419.08284815642,1730.376882970592,11.8256904013035
NTSC-U,9766,3,28,"[2, 3, 4, 0, 7, 1, 0, 1]",exactly_dominated,117.73211452295205,373.9968235388722,5.635502865317821,660.4793665239185,10.088862869217747,3318.81296683241,314.612266417746,425.708333387952,394.9870887266592,3.5475694448996
NTSC-U,7902,3,28,"[2, 3, 4, 0, 7, 1, 0, 1]",exactly_dominated,118.12067793638835,392.0723399477502,5.903155513388255,683.7977909330484,9.968505937249759,3227.12202846399,315.856389779257,425.914458492688,394.306347398226,3.54928715410573
NTSC-U,9859,3,25,"[2, 2, 4, 0, 6, 1, 0, 1]",exactly_dominated,117.7871964544782,380.7047152189864,5.744148547726412,663.8553923716381,9.868919348091511,3275.08894248266,314.199833683858,430.880825918332,402.181711894912,3.59067354931943
NTSC-U,7847,3,25,"[2, 2, 4, 0, 6, 1, 0, 1]",exactly_dominated,118.12067793638835,392.0723399477502,5.903155513388255,683.7977909330484,9.968505937249759,3227.12202846399,315.856389779257,425.914458492688,394.306347398226,3.54928715410573
NTSC-U,9635,3,28,"[2, 3, 4, 0, 7, 1, 0, 1]",exactly_dominated,117.85164529907662,375.2820624959875,5.624294118267649,670.0209496260914,9.767665094845814,3147.02800599414,324.289577347363,345.929340449736,282.216264371874,2.8827445037478
NTSC-U,9265,3,26,"[2, 3, 3, 0, 6, 1, 0, 1]",exactly_dominated,118.77935307105489,438.1075170391273,6.587422192876987,701.0350933013988,10.817411470443657,3131.35325783931,323.784964911489,374.926154732575,322.5909140313756,3.12438462277146
NTSC-U,7781,3,24,"[2, 2, 3, 0, 6, 1, 0, 1]",exactly_dominated,118.12067793640632,392.0723399485211,5.903155513400066,683.7977909330484,9.968505937249759,3227.12202846519,315.856389779179,425.914458493886,394.3063473998072,3.54928715411572
NTSC-U,8161,4,39,"[4, 3, 3, 1, 8, 1, 0, 2]",exactly_dominated,118.16351721086515,413.4363564463033,6.24871397945432,677.1468310191976,10.15882578461921,3523.88763186845,315.867507931799,422.499232998741,395.0141690047648,3.75597685472936
NTSC-U,9770,3,25,"[2, 2, 4, 0, 6, 1, 0, 1]",exactly_dominated,117.73170382015857,373.97471183416616,5.63517352401501,660.454720086751,10.088950239440646,3318.91564126336,314.610958004019,425.708117195662,394.9877265434528,3.54756764329718
NTSC-U,9320,3,28,"[2, 3, 4, 0, 7, 1, 0, 1]",exactly_dominated,118.0029018832601,383.1333955779756,5.713459002074656,679.7466210235771,9.909447379543293,3066.33371465659,333.974557274432,264.865005900487,171.0016926670268,2.20720838250405
NTSC-U,8618,4,39,"[4, 4, 4, 0, 8, 1, 0, 1]",exactly_dominated,117.82148150654643,388.971981267275,5.848594249736251,688.1195042404688,10.618115825203866,3727.06759234261,323.022161236429,354.027009574796,294.0700782007032,2.95022507978997
NTSC-U,9009,3,23,"[2, 2, 3, 0, 5, 1, 0, 1]",exactly_dominated,121.26027169244163,579.6702150137996,8.628146658624889,850.6319986197832,13.12578560890954,2889.46436895005,356.896076022592,139.762651076203,20.94070371794828,1.16468875896836
NTSC-U,7914,3,28,"[2, 3, 4, 0, 7, 1, 0, 1]",exactly_dominated,118.12067793638835,392.0723399477503,5.903155513388256,683.7977909330484,9.968505937249759,3227.12202846399,315.856389779257,425.914458492688,394.306347398226,3.54928715410573
NTSC-U,9459,3,28,"[2, 3, 4, 0, 7, 1, 0, 1]",exactly_dominated,118.0029018832601,383.1333955779756,5.713459002074656,679.7466210235771,9.909447379543293,3066.3337146566,333.974557274432,264.865005900487,171.0016926670268,2.20720838250405
NTSC-U,7851,3,27,"[2, 3, 3, 0, 7, 1, 0, 1]",exactly_dominated,118.12067793640632,392.0723399485211,5.903155513400066,683.7977909330484,9.968505937249759,3227.12202846519,315.856389779179,425.914458493886,394.3063473998072,3.54928715411572
NTSC-U,4284,2,10,"[1, 0, 1, 0, 4, 0, 0, 1]",exactly_dominated,170.5834045596873,3515.8185301302424,52.692652082773186,4376.691575204704,68.48872183943344,3977.18061972922,475.248797309587,446.458510869927,313.6048155344908,3.72048759058272
NTSC-U,8073,4,38,"[4, 3, 4, 0, 8, 1, 0, 2]",exactly_dominated,117.30277031261771,355.2919261248021,5.364166249863746,632.1715114106473,9.754803181987288,3847.81253554518,312.548517345054,431.208518017089,404.036979296912,3.80578500100654
NTSC-U,9232,3,26,"[2, 3, 3, 0, 6, 1, 0, 1]",exactly_dominated,118.77935307105456,438.10751703911757,6.587422192876846,701.0350933014197,10.81741147044398,3131.35325783931,323.784964911488,374.926154732575,322.590914031376,3.12438462277147
NTSC-U,9662,3,27,"[2, 3, 3, 0, 7, 1, 0, 1]",exactly_dominated,117.7321145229621,373.9968236397322,5.635502866874124,660.4793665239185,10.088862887818088,3318.81296683313,314.612266417697,425.708333388671,394.9870887276084,3.54756944490559
NTSC-U,8970,3,23,"[2, 2, 3, 0, 5, 1, 0, 1]",exactly_dominated,121.26027169290404,579.6702150448078,8.628146659103109,850.6319987672168,13.125785611184531,2889.46436898722,356.89607601994,139.762651113913,20.9407037654598,1.16468875928262
NTSC-U,4050,2,10,"[1, 0, 1, 0, 3, 0, 0, 2]",exactly_dominated,148.399343273773,2162.9333277149512,32.83607572408571,2832.6881472863706,46.658776863841105,5067.21190194854,279.211901948596,1548.64677450846,1923.150464062664,14.1848173910946
NTSC-U,3795,2,14,"[1, 1, 2, 0, 5, 0, 0, 1]",exactly_dominated,133.06553894711024,1264.046806719439,19.11646829922533,1912.6598876866046,31.504481353332224,2623.0678993318,326.856738313593,738.757482817407,803.116349175008,6.15631235681173
NTSC-U,9398,3,28,"[2, 3, 4, 0, 7, 1, 0, 1]",exactly_dominated,118.0029018832601,383.1333955779756,5.713459002074656,679.7466210235771,9.909447379543293,3066.3337146566,333.974557274432,264.865005900487,171.0016926670268,2.20720838250405
NTSC-U,9377,3,28,"[2, 3, 4, 0, 7, 1, 0, 1]",exactly_dominated,118.0029018832601,383.1333955779757,5.713459002074657,679.7466210235771,9.909447379543293,3066.3337146566,333.974557274432,264.865005900487,171.0016926670268,2.20720838250405
NTSC-U,4115,2,10,"[1, 0, 2, 0, 3, 0, 0, 1]",exactly_dominated,148.3903969479333,2192.105414203015,33.26056215502819,2825.548928891122,46.54118283980242,5012.55159723537,280.624332623047,1539.59011186633,1909.662483198696,12.8299175988861
NTSC-U,9727,3,25,"[2, 2, 4, 0, 6, 1, 0, 1]",exactly_dominated,117.85449233221635,380.15292156769493,5.726979617471703,667.8242791906978,9.98100659536273,3288.784054537,314.999500736974,425.811075238611,394.8252945221436,3.54842562698843
NTSC-U,7693,3,25,"[2, 2, 4, 0, 6, 1, 0, 1]",exactly_dominated,118.0488360685342,387.8684942463567,5.840381987277444,679.4872164691678,9.905665741352786,3245.70964344348,315.621821878052,425.914458492688,394.4857334757596,3.54928715410573
NTSC-U,8136,4,39,"[4, 4, 4, 0, 8, 1, 0, 1]",exactly_dominated,117.21162743919815,331.74703399437584,4.987738571200018,574.2151962640728,8.8605008649681,3782.84476623027,321.328542366136,352.025991846779,292.437996493528,2.93354993205649
NTSC-U,7943,3,27,"[2, 3, 4, 0, 6, 1, 0, 1]",exactly_dominated,118.11496375207558,391.64227543562015,5.89694285373637,681.5243878997371,9.935363929574649,3226.35818115349,315.824851106968,426.037146131276,394.4918002776048,3.55030955109397
NTSC-U,9818,3,28,"[2, 3, 4, 0, 7, 1, 0, 1]",exactly_dominated,117.73211452295206,373.99682353887255,5.635502865317825,660.4793665239185,10.088862869217733,3318.81296683241,314.612266417746,425.708333387952,394.9870887266592,3.5475694448996
NTSC-U,7806,3,25,"[2, 2, 4, 0, 6, 1, 0, 1]",exactly_dominated,118.12067793638835,392.0723399477502,5.903155513388255,683.7977909330484,9.968505937249759,3227.12202846399,315.856389779257,425.914458492688,394.306347398226,3.54928715410573
NTSC-U,7942,3,27,"[2, 3, 4, 0, 6, 1, 0, 1]",exactly_dominated,118.11496375207558,391.6422754356201,5.896942853736369,681.5243878997371,9.935363929574649,3226.35818115349,315.824851106968,426.037146131276,394.4918002776048,3.55030955109397
NTSC-U,9819,3,28,"[2, 3, 4, 0, 7, 1, 0, 1]",exactly_dominated,117.73211452295206,373.99682353887255,5.635502865317825,660.4793665239185,10.088862869217733,3318.81296683241,314.612266417746,425.708333387952,394.9870887266592,3.5475694448996
NTSC-U,7807,3,25,"[2, 2, 4, 0, 6, 1, 0, 1]",exactly_dominated,118.12067793638835,392.0723399477502,5.903155513388255,683.7977909330484,9.968505937249759,3227.12202846399,315.856389779257,425.914458492688,394.306347398226,3.54928715410573
NTSC-U,8072,4,39,"[4, 4, 4, 0, 8, 1, 0, 1]",exactly_dominated,117.585289994978,352.8212963199399,5.30278873147823,604.8679895604464,9.333492703713,3623.85856904463,322.654544391056,351.027688847781,290.352211043856,2.92523074039818
NTSC-U,9233,3,26,"[2, 3, 3, 0, 6, 1, 0, 1]",exactly_dominated,118.59563521444697,428.64392699965396,6.446526968509899,706.866990633046,10.907401306462734,3175.73736384084,323.210435003343,374.801383345404,322.7674085676424,3.1233448612117
NTSC-U,9663,3,27,"[2, 3, 3, 0, 7, 1, 0, 1]",exactly_dominated,117.7321145229621,373.9968236397322,5.635502866874124,660.4793665239185,10.088862887818088,3318.81296683313,314.612266417697,425.708333388671,394.9870887276084,3.54756944490559
NTSC-U,8971,3,23,"[2, 2, 3, 0, 5, 1, 0, 1]",exactly_dominated,122.33760464864825,631.7360778144149,9.398055319057741,909.8249955104147,13.71277902174442,2862.45677968874,360.825080303198,132.64344419837,13.52823854901632,1.10536203498641
NTSC-U,9399,3,25,"[2, 2, 4, 0, 6, 1, 0, 1]",exactly_dominated,117.60566311450748,364.7164263344343,5.4407439906357355,655.9621798246571,10.002348718169559,3158.02574988901,332.727604600468,264.658370831528,171.3711323469464,2.20548642359606
NTSC-U,6579,2,18,"[1, 2, 2, 0, 5, 1, 0, 1]",exactly_dominated,127.86140463924873,991.7228192635763,14.9976710963903,1591.5809063022725,26.215811450705484,2074.84339269043,332.465495318383,550.536233644542,549.090720277464,4.58780194703786
NTSC-U,9376,3,28,"[2, 3, 4, 0, 7, 1, 0, 1]",exactly_dominated,118.0029018832601,383.1333955779757,5.713459002074657,679.7466210235771,9.909447379543293,3066.3337146566,333.974557274432,264.865005900487,171.0016926670268,2.20720838250405
NTSC-U,9726,3,25,"[2, 2, 4, 0, 6, 1, 0, 1]",exactly_dominated,117.80831821982386,378.5675048735498,5.703810414840852,665.0516685782504,10.160078200220866,3299.16564137351,314.860958002653,425.70811719543,394.7942560205864,3.54756764329525
NTSC-U,7368,3,27,"[1, 3, 3, 2, 6, 1, 0, 2]",exactly_dominated,136.34829604466375,1493.557880736208,22.386563581001713,2109.6253135397965,34.74880807654722,2332.62306274289,398.379095814175,142.117586996416,84.5651325318188,1.43381337152307
NTSC-U,7692,3,25,"[2, 2, 4, 0, 6, 1, 0, 1]",exactly_dominated,118.04883606853421,387.8684942463574,5.840381987277454,679.4872164691678,9.905665741352786,3245.70964344347,315.621821878052,425.914458492688,394.4857334757596,3.54928715410573
NTSC-U,8619,4,39,"[4, 3, 3, 1, 8, 1, 0, 2]",exactly_dominated,118.45604025766245,427.32295108713066,6.415210254234396,650.0855330975846,10.707919211039421,3595.24041442593,331.776968571524,279.244186312961,218.1258953547504,2.5827867361413
NTSC-U,8249,4,39,"[4, 3, 3, 1, 8, 1, 0, 2]",exactly_dominated,118.87442493653538,451.2293473721865,6.8099361833114465,736.4723350970016,11.871881597515223,3849.73068644013,324.815374951448,359.412434031066,311.9541311088576,3.25402296268181
NTSC-U,9008,3,23,"[2, 2, 3, 0, 5, 1, 0, 1]",exactly_dominated,121.26027169244163,579.6702150137993,8.628146658624885,850.6319986197832,13.12578560890954,2889.46436895005,356.896076022592,139.762651076203,20.94070371794828,1.16468875896836
NTSC-U,7915,3,28,"[2, 3, 4, 0, 7, 1, 0, 1]",exactly_dominated,118.12067793638835,392.07233994775015,5.903155513388254,683.7977909330484,9.968505937249759,3227.12202846399,315.856389779257,425.914458492688,394.306347398226,3.54928715410573
NTSC-U,9458,3,25,"[2, 2, 4, 0, 6, 1, 0, 1]",exactly_dominated,121.54955452335366,573.9807473808045,8.617573840477482,710.9142964220173,11.435530030999168,3092.40205208026,330.499541989053,390.732613663778,340.1986786300664,3.25610511386482
NTSC-U,9264,3,26,"[2, 3, 3, 0, 6, 1, 0, 1]",exactly_dominated,118.77935307105489,438.1075170391273,6.587422192876987,701.0350933013988,10.817411470443657,3131.35325783931,323.784964911489,374.926154732575,322.5909140313756,3.12438462277146
NTSC-U,9771,3,28,"[2, 3, 4, 0, 7, 1, 0, 1]",exactly_dominated,117.73211452295205,373.9968235388722,5.635502865317821,660.4793665239185,10.088862869217747,3318.81296683241,314.612266417746,425.708333387952,394.9870887266592,3.5475694448996
NTSC-U,8863,4,42,"[4, 5, 3, 1, 8, 1, 0, 1]",exactly_dominated,118.80529064767755,450.69760935426285,6.801249419537949,724.9072871529197,11.86389082692102,3846.11816049138,324.607641519559,359.573061557129,311.6916163294196,2.99644217964274
NTSC-U,9321,3,28,"[2, 3, 4, 0, 7, 1, 0, 1]",exactly_dominated,118.0029018832601,383.1333955779756,5.713459002074656,679.7466210235771,9.909447379543293,3066.33371465659,333.974557274432,264.865005900487,171.0016926670268,2.20720838250405
NTSC-U,7903,3,28,"[2, 3, 4, 0, 7, 1, 0, 1]",exactly_dominated,118.12067793638835,392.0723399477503,5.903155513388256,683.7977909330484,9.968505937249759,3227.12202846399,315.856389779257,425.914458492688,394.306347398226,3.54928715410573
NTSC-U,9858,3,25,"[2, 2, 4, 0, 6, 1, 0, 1]",exactly_dominated,118.11414182058883,392.6400398831565,5.906953105822563,683.2782757422028,10.269352036659622,3264.76898417917,316.441695083182,420.562997996115,386.7667566924308,3.50469164996762
NTSC-U,4293,2,10,"[1, 0, 1, 0, 4, 0, 0, 1]",exactly_dominated,170.5834045596873,3515.8185301302424,52.692652082773186,4376.691575204704,68.48872183943344,3977.18061972922,475.248797309587,446.458510869927,313.6048155344908,3.72048759058272
NTSC-U,7846,3,25,"[2, 2, 4, 0, 6, 1, 0, 1]",exactly_dominated,118.12067793638835,392.0723399477502,5.903155513388255,683.7977909330484,9.968505937249759,3227.12202846399,315.856389779257,425.914458492688,394.306347398226,3.54928715410573
NTSC-U,7796,3,25,"[2, 2, 4, 0, 6, 1, 0, 1]",exactly_dominated,118.12067793638835,392.0723399477502,5.903155513388255,683.7977909330484,9.968505937249759,3227.12202846399,315.856389779257,425.914458492688,394.306347398226,3.54928715410573
NTSC-U,9272,3,24,"[2, 2, 3, 0, 6, 1, 0, 1]",exactly_dominated,117.86004568015599,377.50863249606886,5.630799919921969,671.1935462448573,9.789350343761317,3097.87963456151,333.520477177934,264.865005901694,171.230550399434,2.20720838251412
NTSC-U,4440,2,9,"[1, 0, 0, 0, 4, 0, 0, 1]",exactly_dominated,175.75253982678512,3800.9175422276935,56.992653194151444,4685.7395994947565,73.59296750393534,3978.29073505299,475.028778962424,402.790735053012,213.121158343412,13.4263578351004
NTSC-U,9788,3,25,"[2, 2, 4, 0, 6, 1, 0, 1]",exactly_dominated,117.73211452295205,373.99682353887215,5.635502865317819,660.4793665239185,10.088862869217733,3318.81296683241,314.612266417746,425.708333387952,394.9870887266592,3.5475694448996
NTSC-U,9622,3,25,"[2, 2, 4, 0, 6, 1, 0, 1]",exactly_dominated,117.73340242237272,369.26329655502633,5.534854494140696,662.9285844810802,9.664271540501751,3174.98253476368,323.91871894196,345.826768955335,282.3271895116796,2.88188974129446
NTSC-U,9337,3,25,"[2, 2, 4, 0, 6, 1, 0, 1]",exactly_dominated,118.0029018832601,383.1333955779756,5.713459002074656,679.7466210235771,9.909447379543293,3066.33371465659,333.974557274432,264.865005900487,171.0016926670268,2.20720838250405
NTSC-U,9767,3,28,"[2, 3, 4, 0, 7, 1, 0, 1]",exactly_dominated,117.73211452295205,373.9968235388722,5.635502865317821,660.4793665239185,10.088862869217747,3318.81296683241,314.612266417746,425.708333387952,394.9870887266592,3.5475694448996
NTSC-U,7954,3,27,"[2, 3, 4, 0, 6, 1, 0, 1]",exactly_dominated,118.14856725032514,393.25448790436576,5.921527912531743,677.131087237176,9.871317738844631,3223.68179908205,315.902031147457,426.303299899973,394.7827493742348,3.55252749916644
NTSC-U,9419,3,25,"[2, 2, 4, 0, 6, 1, 0, 1]",exactly_dominated,118.0029018832601,383.1333955779757,5.713459002074657,679.7466210235771,9.909447379543293,3066.3337146566,333.974557274432,264.865005900487,171.0016926670268,2.20720838250405
NTSC-U,7811,3,24,"[2, 2, 3, 0, 6, 1, 0, 1]",exactly_dominated,118.12067793640632,392.0723399485211,5.903155513400066,683.7977909330484,9.968505937249759,3227.12202846519,315.856389779179,425.914458493886,394.3063473998072,3.54928715411572
NTSC-U,4047,2,10,"[1, 0, 1, 0, 3, 0, 0, 2]",exactly_dominated,148.399343273773,2162.9333277149512,32.83607572408571,2832.6881472863706,46.658776863841105,5067.21190194854,279.211901948596,1548.64677450846,1923.150464062664,14.1848173910946
NTSC-U,9675,3,25,"[2, 2, 4, 0, 6, 1, 0, 1]",exactly_dominated,117.85449233221635,380.15292156769505,5.726979617471705,667.8242791906978,9.98100659536273,3288.784054537,314.999500736974,425.811075238611,394.8252945221436,3.54842562698843
NTSC-U,9225,3,26,"[2, 3, 3, 0, 6, 1, 0, 1]",exactly_dominated,119.54081677822316,487.99461025021765,7.4152539553664525,745.8766586031825,11.509344966331595,3374.17143965747,298.603146729671,611.283359841138,655.97451824288,5.09402799867612
NTSC-U,3628,1,7,"[1, 0, 0, 0, 2, 0, 0, 1]",exactly_evaluated,205.2611111111111,5723.092458993746,87.01684680050504,6649.3182923116965,124.72173264083332,7868,136,4320,5760,36
NTSC-U,7684,3,25,"[2, 2, 4, 0, 6, 1, 0, 1]",exactly_dominated,118.00369606168903,386.10442622582474,5.814465722085612,676.7766614470538,9.866150866941862,3255.07625268998,315.486568101127,425.811490462512,394.4513186386248,3.5484290871876
NTSC-U,9730,3,25,"[2, 2, 4, 0, 6, 1, 0, 1]",exactly_dominated,117.9213667926652,382.302609356834,5.7529855391172156,671.7093233603373,10.322529225602743,3313.56019802912,315.825538542331,420.45714795945,387.0898871106364,3.50380956632875
NTSC-U,9360,3,25,"[2, 2, 4, 0, 6, 1, 0, 1]",exactly_dominated,117.54930925587587,364.3970355866257,5.450831815079687,652.6220769531692,9.514021740273382,3080.80032486204,330.935609407538,279.44065411636,191.1764990007888,2.32867211763633
NTSC-U,8988,3,22,"[2, 2, 2, 0, 5, 1, 0, 1]",exactly_dominated,121.07069961523777,569.82590089595,8.48149677667943,856.4808808065654,13.216037531903313,2933.84847498112,356.321546112364,139.648225106141,20.84282913648916,1.16373520921785
NTSC-U,9177,3,26,"[2, 3, 3, 0, 6, 1, 0, 1]",exactly_dominated,118.77935307105456,438.1075170391138,6.587422192876789,701.0350933013979,10.817411470443643,3131.35325783931,323.784964911488,374.926154732575,322.5909140313756,3.12438462277147
NTSC-U,9527,3,25,"[2, 2, 4, 0, 6, 1, 0, 1]",exactly_dominated,117.8516452990763,375.2820624959724,5.624294118267426,670.0209496260914,9.767665094845814,3147.02800599414,324.289577347362,345.929340449736,282.216264371874,2.8827445037478
NTSC-U,9874,3,28,"[2, 3, 4, 0, 7, 1, 0, 1]",exactly_dominated,117.9262603941816,384.45485558080554,5.791268343189724,672.1304385202902,10.047594258662476,3270.01862243824,315.234068638257,425.811075238611,394.6445600601152,3.54842562698842
NTSC-U,9931,3,25,"[2, 2, 4, 0, 6, 1, 0, 1]",exactly_dominated,117.78719645447855,380.70471521899987,5.74414854772661,663.8553923716381,9.868919348091834,3275.08894248266,314.199833683859,430.880825918331,402.181711894912,3.59067354931943
NTSC-U,9462,3,28,"[2, 3, 4, 0, 7, 1, 0, 1]",exactly_dominated,118.0029018832601,383.1333955779756,5.713459002074656,679.7466210235771,9.909447379543293,3066.3337146566,333.974557274432,264.865005900487,171.0016926670268,2.20720838250405
NTSC-U,7885,3,25,"[2, 2, 4, 0, 6, 1, 0, 1]",exactly_dominated,117.9262603941816,384.45485558080554,5.791268343189725,672.1304385202902,10.047594258662798,3270.01862243824,315.234068638257,425.811075238611,394.6445600601152,3.54842562698843
NTSC-U,9198,3,26,"[2, 3, 3, 0, 6, 1, 0, 1]",exactly_dominated,119.81637713648779,491.78548222519663,7.426168807388491,756.5163922473021,11.673522734126852,3212.35325783933,314.784964911501,480.758336973251,469.420760356888,4.0063194747771
NTSC-U,7755,3,25,"[2, 2, 4, 0, 6, 1, 0, 1]",exactly_dominated,119.29145509410942,462.58218671569654,7.011699722857834,749.063125175393,10.91995369054486,3386.15765243866,300.904889221123,584.971381720045,618.112102867988,4.8747615143337
NTSC-U,8859,4,40,"[4, 5, 3, 0, 8, 1, 0, 1]",exactly_dominated,117.84242696840323,369.2545379795727,5.576495810293583,619.9170365284381,9.565708943450955,3703.97460307584,314.171339913418,431.040883935364,402.640802796048,3.59200736612804
NTSC-U,3716,2,12,"[1, 1, 1, 0, 4, 0, 0, 1]",exactly_dominated,137.98513822301894,1559.4226757651493,23.410576922923255,2207.8358442411272,36.36648817382957,2230.40573681243,384.405736812459,343.905736865683,264.2117305702096,3.81228888692236
NTSC-U,3653,2,11,"[1, 0, 2, 0, 4, 0, 0, 1]",exactly_dominated,149.8410043964173,2273.3901889766325,34.43906105770094,2912.479262390357,47.97306055543647,4992.39352691896,299.233581238093,1419.08284815642,1730.376882970592,11.8256904013035
NTSC-U,9989,3,28,"[2, 3, 4, 0, 7, 1, 0, 1]",exactly_dominated,117.9262603941816,384.45485558080554,5.791268343189725,672.1304385202902,10.047594258662798,3270.01862243824,315.234068638257,425.811075238611,394.6445600601152,3.54842562698843
NTSC-U,9823,3,28,"[2, 3, 4, 0, 7, 1, 0, 1]",exactly_dominated,117.73211452295206,373.99682353887255,5.635502865317825,660.4793665239185,10.088862869217733,3318.81296683241,314.612266417746,425.708333387952,394.9870887266592,3.5475694448996
NTSC-U,9570,3,25,"[2, 2, 4, 0, 6, 1, 0, 1]",exactly_dominated,117.73340242237272,369.26329655502644,5.5348544941406965,662.9285844810802,9.664271540501751,3174.98253476368,323.91871894196,345.826768955335,282.3271895116796,2.88188974129446
NTSC-U,7997,4,37,"[4, 3, 3, 0, 8, 1, 0, 2]",exactly_dominated,116.29593454889412,297.94004187072346,4.513582235885338,554.2137068428146,8.765391319640841,3813.79626506565,315.506752779416,378.31726709895,331.3194100520516,3.37167314475012
NTSC-U,9120,3,23,"[2, 2, 3, 0, 5, 1, 0, 1]",exactly_dominated,121.26027169244195,579.670215013812,8.628146658625072,850.6319986197823,13.125785608909524,2889.46436895005,356.896076022593,139.762651076203,20.94070371794828,1.16468875896836
NTSC-U,9435,3,27,"[2, 3, 4, 0, 6, 1, 0, 1]",exactly_dominated,117.9973983924357,382.692898461167,5.707084481669578,677.2821515761543,9.873519977254844,3065.5691898086,333.944774948153,264.987975692284,171.1677033543676,2.20823313076903
NTSC-U,9065,3,23,"[2, 2, 3, 0, 5, 1, 0, 1]",exactly_dominated,121.26027169244163,579.6702150137979,8.628146658624864,850.6319986197823,13.125785608909524,2889.46436895004,356.896076022592,139.762651076203,20.94070371794832,1.16468875896836
NTSC-U,8674,4,38,"[4, 4, 3, 0, 8, 1, 0, 1]",exactly_dominated,118.0528124794711,389.10783528879386,5.829022410727983,677.0561749184944,10.447401710243904,3789.91981577909,332.576001191809,276.166905623708,186.5653816048156,2.30139088019757
NTSC-U,9966,3,28,"[2, 3, 4, 0, 7, 1, 0, 1]",exactly_dominated,117.9262603941816,384.45485558080554,5.791268343189725,672.1304385202902,10.047594258662798,3270.01862243824,315.234068638257,425.811075238611,394.6445600601152,3.54842562698842
NTSC-U,7702,3,25,"[2, 2, 4, 0, 6, 1, 0, 1]",exactly_dominated,117.98072567255188,386.5350516502335,5.821783097434349,675.4005304105676,9.882862596761887,3258.66794836785,315.40230968292,425.914458492688,394.6540874142396,3.54928715410574
NTSC-U,8048,4,44,"[4, 5, 4, 1, 8, 1, 0, 2]",exactly_dominated,120.60192596529212,541.3482100444629,8.11010026853587,827.1826853488101,12.763947987975499,3761.22494620453,339.860497816452,262.457844202488,198.454664495502,2.46689102037581
NTSC-U,9659,3,25,"[2, 2, 4, 0, 6, 1, 0, 1]",exactly_dominated,117.73211452295172,373.99682353886004,5.635502865317643,660.4793665239185,10.088862869217595,3318.81296683242,314.612266417745,425.708333387952,394.9870887266592,3.5475694448996
NTSC-U,9566,3,28,"[2, 3, 4, 0, 7, 1, 0, 1]",exactly_dominated,117.8516452990763,375.2820624959724,5.624294118267426,670.0209496260914,9.767665094845814,3147.02800599414,324.289577347362,345.929340449736,282.216264371874,2.8827445037478
NTSC-U,9835,3,25,"[2, 2, 4, 0, 6, 1, 0, 1]",exactly_dominated,117.78719732383588,380.70538522446685,5.744158883221648,663.8553923716381,9.869036901522383,3275.08900328172,314.1998295964,430.880886718739,402.181792141384,3.59067405598949
NTSC-U,9970,3,28,"[2, 3, 4, 0, 7, 1, 0, 1]",exactly_dominated,117.9262603941816,384.45485558080554,5.791268343189725,672.1304385202902,10.047594258662798,3270.01862243824,315.234068638257,425.811075238611,394.6445600601152,3.54842562698842
NTSC-U,8232,4,37,"[4, 3, 3, 0, 8, 1, 0, 2]",exactly_dominated,116.28491379714258,301.4216561726914,4.582255516448856,573.1775336585761,8.355867367715915,3567.51461330773,306.898259606883,453.230381462242,437.678331247092,3.97814113879336
NTSC-U,9589,3,28,"[2, 3, 4, 0, 7, 1, 0, 1]",exactly_dominated,117.85164529907662,375.2820624959874,5.624294118267648,670.0209496260914,9.767665094845814,3147.02800599414,324.289577347363,345.929340449736,282.216264371874,2.8827445037478
NTSC-U,7714,3,25,"[2, 2, 4, 0, 6, 1, 0, 1]",exactly_dominated,118.63313653290047,415.29592910492494,6.235499746250734,714.2753798673257,10.412812763438597,3216.60680561998,318.69434819042,415.403511968557,378.3307267581164,3.46169593307131
NTSC-U,4138,2,10,"[1, 0, 2, 0, 3, 0, 0, 1]",exactly_dominated,148.3095080905825,2186.6946870540182,33.17961664122875,2819.972427456515,46.449329193163805,5015.15612010745,280.358509838238,1539.59011186632,1909.928305983496,12.829917598886
NTSC-U,3612,1,8,"[1, 0, 1, 0, 2, 0, 0, 1]",exactly_evaluated,170.19193122505237,3469.019054037349,52.31190444807218,3856.4416675510083,63.52158864612607,4989.48280822981,353.519678818073,1504.84622653471,1816.314914582628,12.5403852211227
NTSC-U,7651,3,22,"[2, 2, 2, 0, 5, 1, 0, 1]",exactly_dominated,121.26027169290404,579.6702150448078,8.628146659103109,850.6319987672168,13.125785611184531,2889.46436898722,356.89607601994,139.762651113913,20.9407037654598,1.16468875928262
NTSC-U,9862,3,25,"[2, 2, 4, 0, 6, 1, 0, 1]",exactly_dominated,119.85673602277151,500.36915364363193,7.605082693087587,782.2380694234726,11.830675942507094,3507.97429170282,293.365980808841,663.787088160388,730.008827019276,5.53155906800323
NTSC-U,9531,3,28,"[2, 3, 4, 0, 7, 1, 0, 1]",exactly_dominated,117.8516452990763,375.28206249597247,5.624294118267428,670.0209496260914,9.767665094845814,3147.02800599415,324.289577347362,345.929340449736,282.216264371874,2.8827445037478
NTSC-U,7893,3,25,"[2, 2, 4, 0, 6, 1, 0, 1]",exactly_dominated,118.12069817260736,392.0734286971445,5.903172080423107,683.7977323924124,9.968505083835657,3227.12217271857,315.85636988241,425.915175684852,394.3073171175524,3.5492931307071
NTSC-U,9474,3,25,"[2, 2, 4, 0, 6, 1, 0, 1]",exactly_dominated,117.85165881686467,375.2826221432876,5.624302731972932,670.0209496260914,9.767665094845814,3147.02903437248,324.289504740061,345.93036874816,282.2176199389192,2.88275307290133
NTSC-U,0,1,7,"[1, 0, 0, 0, 2, 0, 0, 1]",exactly_dominated,354.99887919228667,14360.203493345902,214.68604693274767,18390.35925449703,229.51149183692849,1064.99663757686,1064.99663757686,1.86453349521308e-12,1.488945140237692e-16,1.55377791267757e-14
NTSC-U,9927,3,25,"[2, 2, 4, 0, 6, 1, 0, 1]",exactly_dominated,117.85449234145429,380.15292206431724,5.726979624866225,667.8242797450603,9.981006593637971,3288.78405227444,314.999500766354,425.811075243495,394.8252945103288,3.54842562702912
NTSC-U,7743,3,25,"[2, 2, 4, 0, 6, 1, 0, 1]",exactly_dominated,117.8516452990763,375.2820624959725,5.624294118267429,670.0209496260914,9.767665094845814,3147.02800599415,324.289577347362,345.929340449736,282.216264371874,2.8827445037478
NTSC-U,9248,3,26,"[2, 3, 3, 0, 6, 1, 0, 1]",exactly_dominated,118.617571287079,423.96150027631006,6.386543632281086,647.4108640723271,9.98995595801774,3130.69528658116,321.149158428823,393.723354773072,348.7901939716136,3.28102795644227
NTSC-U,9618,3,28,"[2, 3, 4, 0, 7, 1, 0, 1]",exactly_dominated,117.85164529907662,375.2820624959875,5.624294118267649,670.0209496260914,9.767665094845814,3147.02800599414,324.289577347363,345.929340449736,282.216264371874,2.8827445037478
NTSC-U,3798,2,13,"[1, 1, 1, 0, 5, 0, 0, 1]",exactly_dominated,133.06553894711024,1264.046806719439,19.11646829922533,1912.6598876866046,31.504481353332224,2623.0678993318,326.856738313593,738.757482817407,803.116349175008,6.15631235681173
NTSC-U,7671,3,24,"[2, 2, 3, 0, 6, 1, 0, 1]",exactly_dominated,118.08345911747831,390.8889797443089,5.885960470828297,681.5625095785254,9.93591967308008,3234.53444522387,315.749891422898,425.811075239539,394.2489746977932,3.54842562699616
NTSC-U,7734,3,25,"[2, 2, 4, 0, 6, 1, 0, 1]",exactly_dominated,118.0029018832601,383.1333955779757,5.713459002074657,679.7466210235771,9.909447379543293,3066.3337146566,333.974557274432,264.865005900487,171.0016926670268,2.20720838250405
NTSC-U,4118,2,10,"[1, 0, 2, 0, 3, 0, 0, 1]",exactly_dominated,148.2363843418,2183.4544430225787,33.13182998931319,2822.910611367989,46.49772564924448,5028.12394193671,280.123941937011,1539.59011186634,1910.162873884728,12.829917598886
NTSC-U,9680,3,25,"[2, 2, 4, 0, 6, 1, 0, 1]",exactly_dominated,117.27597904543362,354.6888255572048,5.364523538928765,633.1099231919952,9.564981739694888,3333.35192024077,311.461471340711,440.247579040576,416.765327658124,3.66872982533813
NTSC-U,9950,3,25,"[2, 2, 4, 0, 6, 1, 0, 1]",exactly_dominated,118.00291093999863,386.0616142270551,5.813827926560278,676.7295460511859,9.865464011690687,3255.26862238872,315.48406863821,425.811075238611,394.452514804162,3.54842562698843
NTSC-U,9403,3,28,"[2, 3, 4, 0, 7, 1, 0, 1]",exactly_dominated,118.0029018832601,383.1333955779756,5.713459002074656,679.7466210235771,9.909447379543293,3066.3337146566,333.974557274432,264.865005900487,171.0016926670268,2.20720838250405
NTSC-U,9546,3,25,"[2, 2, 4, 0, 6, 1, 0, 1]",exactly_dominated,117.71051620329968,369.72715145903925,5.542677868061151,661.5513185256059,9.644193552481955,3178.57392589781,323.835497251031,345.929340449736,282.5194386351976,2.8827445037478
NTSC-U,9815,3,25,"[2, 2, 4, 0, 6, 1, 0, 1]",exactly_dominated,117.73211452295206,373.99682353887255,5.635502865317825,660.4793665239185,10.088862869217733,3318.81296683241,314.612266417746,425.708333387952,394.9870887266592,3.5475694448996
NTSC-U,9268,4,28,"[2, 4, 3, 0, 6, 1, 0, 1]",exactly_dominated,118.77935307105487,438.10751703912865,6.587422192877007,701.0350933013988,10.817411470443657,3131.35325783931,323.784964911489,374.926154732574,322.5909140313756,3.12438462277146
NTSC-U,9792,3,28,"[2, 3, 4, 0, 7, 1, 0, 1]",exactly_dominated,117.73211452295206,373.99682353887255,5.635502865317825,660.4793665239185,10.088862869217733,3318.81296683241,314.612266417746,425.708333387952,394.9870887266592,3.5475694448996
NTSC-U,9638,3,25,"[2, 2, 4, 0, 6, 1, 0, 1]",exactly_dominated,117.65531379999388,367.62833654884315,5.511898183878679,658.242240998291,9.81159636511156,3189.92490574011,323.666215298362,345.826355330486,282.4957303240184,2.88188629442072
NTSC-U,9287,3,24,"[2, 2, 3, 0, 6, 1, 0, 1]",exactly_dominated,117.60566311451711,364.7164264410949,5.440743992281558,655.9621798246571,10.002348737847115,3158.02574988974,332.727604600418,264.658370832252,171.3711323478856,2.2054864236021
NTSC-U,6488,2,20,"[1, 2, 3, 0, 5, 1, 0, 2]",exactly_dominated,128.83879277306983,1043.5955613554372,15.753462415819996,1623.5919956401594,26.743083849545357,1935.25004531963,341.36301588051,499.022561111555,475.633850012268,4.48408559259915
NTSC-U,7763,3,25,"[2, 2, 4, 0, 6, 1, 0, 1]",exactly_dominated,120.04918930246437,507.9476507312517,7.716460898248684,793.7796265527068,11.57183750091013,3465.07306136093,293.989742412059,663.885860695603,729.555633360016,5.53238217246336
NTSC-U,9454,3,28,"[2, 3, 4, 0, 7, 1, 0, 1]",exactly_dominated,118.0029018832601,383.1333955779756,5.713459002074656,679.7466210235771,9.909447379543293,3066.3337146566,333.974557274432,264.865005900487,171.0016926670268,2.20720838250405
NTSC-U,8245,4,41,"[4, 5, 4, 0, 8, 1, 0, 1]",exactly_dominated,117.46963735798242,348.2886454576153,5.263151654300407,589.9410348040365,9.103160423426768,3862.96587991525,312.835720998327,432.045622971874,404.89451672512,3.60038019143228
NTSC-U,9907,3,25,"[2, 2, 4, 0, 6, 1, 0, 1]",exactly_dominated,117.7871964544782,380.70471521898844,5.744148547726443,663.8553923716381,9.86891934809182,3275.08894248266,314.199833683858,430.880825918331,402.181711894912,3.59067354931943
NTSC-U,9842,3,25,"[2, 2, 4, 0, 6, 1, 0, 1]",exactly_dominated,117.92626039418195,384.4548555808212,5.791268343189956,672.1304385202902,10.047594258662798,3270.01862243824,315.234068638258,425.811075238611,394.6445600601152,3.54842562698842
NTSC-U,8750,4,41,"[4, 4, 3, 1, 8, 1, 0, 2]",exactly_dominated,118.66899889442675,439.93042552791843,6.602187825700569,670.874424942037,10.759594111355176,3403.13751041694,332.565251382448,278.473164622886,216.9735439458788,2.57903372614862
NTSC-U,9511,3,28,"[2, 3, 4, 0, 7, 1, 0, 1]",exactly_dominated,117.8516452990763,375.2820624959725,5.624294118267429,670.0209496260914,9.767665094845814,3147.02800599415,324.289577347362,345.929340449736,282.216264371874,2.8827445037478
NTSC-U,4289,2,10,"[1, 0, 1, 0, 4, 0, 0, 1]",exactly_dominated,170.5834045596873,3515.8185301302424,52.692652082773186,4376.691575204704,68.48872183943344,3977.18061972922,475.248797309587,446.458510869927,313.6048155344908,3.72048759058272
NTSC-U,9141,3,23,"[2, 2, 3, 0, 5, 1, 0, 1]",exactly_dominated,121.00121257135054,566.0694210404363,8.428725001871792,823.0025718857441,12.699446213734527,2895.67887377321,355.682600523079,144.293390573381,25.63742971088476,1.20244492144483
NTSC-U,8896,4,41,"[4, 4, 3, 1, 8, 1, 0, 2]",exactly_dominated,118.8334655842893,450.784245822385,6.8028707047109895,731.4514818981088,11.842349747929829,3846.42090348905,324.700301320464,359.271655756504,311.8804420057764,3.25301390877584
NTSC-U,9784,3,25,"[2, 2, 4, 0, 6, 1, 0, 1]",exactly_dominated,117.27597904543329,354.6888255571896,5.364523538928541,633.1099231919952,9.564981739694888,3333.35192024078,311.46147134071,440.247579040576,416.765327658124,3.66872982533813
NTSC-U,7775,3,25,"[2, 2, 4, 0, 6, 1, 0, 1]",exactly_dominated,118.12067793638835,392.07233994775015,5.903155513388254,683.7977909330484,9.968505937249759,3227.12202846399,315.856389779257,425.914458492688,394.306347398226,3.54928715410573
NTSC-U,9291,3,27,"[2, 3, 3, 0, 7, 1, 0, 1]",exactly_dominated,118.00290188327658,383.1333955786797,5.713459002085475,679.7466210235771,9.909447379543293,3066.3337146578,333.97455727435,264.865005901694,171.001692668592,2.20720838251412
NTSC-U,9911,3,25,"[2, 2, 4, 0, 6, 1, 0, 1]",exactly_dominated,117.9262603941816,384.45485558080554,5.791268343189724,672.1304385202902,10.047594258662476,3270.01862243824,315.234068638257,425.811075238611,394.6445600601152,3.54842562698842
NTSC-U,9442,3,25,"[2, 2, 4, 0, 6, 1, 0, 1]",exactly_dominated,118.17702827616314,390.4919440473139,5.8171709218644905,690.1226660119355,10.060710907216418,3061.11407467446,335.101137992932,259.605994641574,163.7442404766424,2.16338328867978
NTSC-U,9507,3,25,"[2, 2, 4, 0, 6, 1, 0, 1]",exactly_dominated,117.45927359470687,357.08616645508846,5.3548845548942685,646.4809865153775,9.854747825953057,3238.71954988748,323.043377668336,345.724004129222,282.780127699904,2.88103336774352
NTSC-U,9854,3,25,"[2, 2, 4, 0, 6, 1, 0, 1]",exactly_dominated,118.00291093999898,386.0616142270689,5.813827926560481,676.7295460511859,9.865464011690687,3255.26862238871,315.484068638211,425.811075238611,394.452514804162,3.54842562698843
NTSC-U,7667,3,26,"[2, 3, 3, 0, 6, 1, 0, 1]",exactly_dominated,118.77935307105524,438.1075170391414,6.587422192877196,701.0350933013797,10.817411470443362,3131.35325783932,323.78496491149,374.926154732574,322.5909140313756,3.12438462277147
NTSC-U,3624,1,7,"[1, 0, 0, 0, 2, 0, 0, 1]",exactly_evaluated,205.2611111111111,5723.092458993746,87.01684680050504,6649.3182923116965,124.72173264083332,7868,136,4320,5760,36
NTSC-U,9229,3,26,"[2, 3, 3, 0, 6, 1, 0, 1]",exactly_dominated,118.77935307105422,438.1075170391009,6.5874221928765975,701.0350933013797,10.817411470443362,3131.35325783931,323.784964911487,374.926154732574,322.590914031376,3.12438462277147
NTSC-U,9679,3,25,"[2, 2, 4, 0, 6, 1, 0, 1]",exactly_dominated,117.59326727185359,370.1472573656438,5.586848939845445,652.2183298438458,9.889225428378891,3323.8930255746,313.57712347893,430.787803234841,402.54438360548,3.58989836029034
NTSC-U,9383,3,25,"[2, 2, 4, 0, 6, 1, 0, 1]",exactly_dominated,117.92955842538022,378.8463983505682,5.649435010179953,675.3554608289396,9.845432392873143,3084.92132963597,333.739989373174,264.865005900487,171.1196107133788,2.20720838250405
NTSC-U,9696,3,28,"[2, 3, 4, 0, 7, 1, 0, 1]",exactly_dominated,117.73211452295206,373.99682353887425,5.635502865317854,660.4793665239185,10.088862869217747,3318.81296683242,314.612266417746,425.708333387952,394.9870887266592,3.5475694448996
NTSC-U,6099,2,14,"[1, 0, 2, 0, 4, 1, 0, 2]",exactly_dominated,126.92958051846735,933.8153004162458,14.173609777572132,1544.7023819680307,25.443649287809826,2790.87413486644,315.874134866463,668.013504675317,717.65879661118,5.63318336659114
NTSC-U,7722,3,25,"[2, 2, 4, 0, 6, 1, 0, 1]",exactly_dominated,118.30732240985371,399.922848071906,6.013734933853168,694.8715302545161,10.129940556719617,3221.87533232966,317.058770127933,420.669301289138,386.4477063723272,3.50557751074281
NTSC-U,9415,3,25,"[2, 2, 4, 0, 6, 1, 0, 1]",exactly_dominated,117.87195074697136,379.9876214191488,5.675177808799158,671.9328484829621,9.795537040849224,3071.37054484696,333.001483471255,269.940296950479,177.9734922942156,2.24950247458732
NTSC-U,8654,4,41,"[4, 4, 3, 1, 8, 1, 0, 2]",exactly_dominated,119.43112547011641,462.9029494387749,6.945808445591729,708.7963691099139,10.937172827269503,3746.39901747701,329.648468392045,329.39434138288,275.3314123620248,3.01786572545267
NTSC-U,9946,3,28,"[2, 3, 4, 0, 7, 1, 0, 1]",exactly_dominated,117.9262603941816,384.45485558080554,5.791268343189725,672.1304385202902,10.047594258662798,3270.01862243824,315.234068638257,425.811075238611,394.6445600601152,3.54842562698843
NTSC-U,9803,3,25,"[2, 2, 4, 0, 6, 1, 0, 1]",exactly_dominated,117.88882755337349,380.2185674727711,5.726931601141412,669.882311910138,9.765644013594994,3283.43104585405,315.126780787476,425.70811719543,394.5891907985128,3.54756764329525
NTSC-U,9550,3,25,"[2, 2, 4, 0, 6, 1, 0, 1]",exactly_evaluated,117.41401590666487,357.2596670495495,5.372238405824871,643.0816625851648,9.37494016011574,3161.46068413821,321.247480439281,360.340779064594,303.32974578948,3.00283982553828
NTSC-U,9100,3,23,"[2, 2, 3, 0, 5, 1, 0, 1]",exactly_dominated,121.07069961487352,569.825900812904,8.481496775398192,856.4808799869888,13.216037519256735,2933.84847495192,356.321546114449,139.648225076473,20.84282909911052,1.16373520897061
NTSC-U,9317,3,25,"[2, 2, 4, 0, 6, 1, 0, 1]",exactly_dominated,118.00292217452312,383.1344880117695,5.713475626297697,679.7465612762035,9.909446508537192,3066.33386436418,333.974537317715,264.865728746685,171.0026600646472,2.20721440622237
NTSC-U,9747,3,28,"[2, 3, 4, 0, 7, 1, 0, 1]",exactly_dominated,117.73211452295206,373.99682353887414,5.635502865317851,660.4793665239185,10.088862869217733,3318.81296683242,314.612266417746,425.708333387952,394.9870887266592,3.5475694448996
NTSC-U,8506,4,38,"[4, 4, 3, 0, 8, 1, 0, 1]",exactly_dominated,116.60206395646985,317.35101698307375,4.832789887839282,570.9242241403072,9.21315495298518,3894.01501571563,306.964219182894,458.613796802083,444.797193244652,3.82178164001736
NTSC-U,9252,3,26,"[2, 3, 3, 0, 6, 1, 0, 1]",exactly_dominated,118.77935307105487,438.10751703912865,6.58742219287701,701.0350933014206,10.817411470443995,3131.35325783931,323.784964911489,374.926154732575,322.5909140313756,3.12438462277146
NTSC-U,9602,3,25,"[2, 2, 4, 0, 6, 1, 0, 1]",exactly_evaluated,117.41401590666487,357.2596670495528,5.37223840582492,643.0816625851648,9.37494016011574,3161.46068413821,321.247480439281,360.340779064594,303.32974578948,3.00283982553828
NTSC-U,4030,2,11,"[1, 0, 2, 0, 3, 0, 0, 2]",exactly_dominated,148.399343273773,2162.9333277149512,32.83607572408571,2832.6881472863706,46.658776863841105,5067.21190194854,279.211901948596,1548.64677450846,1923.150464062664,14.1848173910946
NTSC-U,9878,3,25,"[2, 2, 4, 0, 6, 1, 0, 1]",exactly_dominated,118.00291093999898,386.0616142270707,5.813827926560509,676.7295460511859,9.865464011690687,3255.26862238871,315.484068638211,425.811075238611,394.452514804162,3.54842562698843
NTSC-U,9481,3,24,"[2, 2, 3, 0, 6, 1, 0, 1]",exactly_dominated,117.45927359471689,357.08616655972224,5.354884556508804,646.4809865153775,9.854747845252785,3238.7195498882,323.043377668287,345.724004129944,282.7801277008488,2.88103336774953
NTSC-U,7866,3,28,"[2, 3, 4, 0, 7, 1, 0, 1]",exactly_dominated,118.12067793638835,392.0723399477502,5.903155513388255,683.7977909330484,9.968505937249759,3227.12202846399,315.856389779257,425.914458492688,394.306347398226,3.54928715410573
NTSC-U,9194,3,26,"[2, 3, 3, 0, 6, 1, 0, 1]",exactly_dominated,119.20293225388156,458.5764817901348,6.890505602876708,718.5885797810133,11.088272783672126,3118.26303810704,325.546136938932,371.026891772245,316.4997148107532,3.09189076476872
NTSC-U,3599,1,8,"[1, 0, 1, 0, 2, 0, 0, 1]",exactly_evaluated,170.19193122505237,3469.019054037349,52.31190444807218,3856.4416675510083,63.52158864612607,4989.48280822981,353.519678818073,1504.84622653471,1816.314914582628,12.5403852211227
NTSC-U,7923,3,28,"[2, 3, 4, 0, 7, 1, 0, 1]",exactly_dominated,118.12067793638835,392.0723399477503,5.903155513388256,683.7977909330484,9.968505937249759,3227.12202846399,315.856389779257,425.914458492688,394.306347398226,3.54928715410573
NTSC-U,9897,3,28,"[2, 3, 4, 0, 7, 1, 0, 1]",exactly_dominated,117.9262603941816,384.45485558080554,5.791268343189724,672.1304385202902,10.047594258662476,3270.01862243824,315.234068638257,425.811075238611,394.6445600601152,3.54842562698842
NTSC-U,8802,4,39,"[4, 4, 4, 0, 8, 1, 0, 1]",exactly_dominated,116.1688907558386,279.32582355401615,4.168062332499145,539.228233615806,8.320630072929692,3768.68539895738,327.798732533709,266.721333482734,176.7115974283788,2.22267777902278
NTSC-U,9710,3,25,"[2, 2, 4, 0, 6, 1, 0, 1]",exactly_dominated,117.73211452295203,373.9968235388731,5.635502865317836,660.4793665239185,10.088862869217733,3318.81296683242,314.612266417746,425.708333387952,394.9870887266592,3.5475694448996
NTSC-U,4122,2,10,"[1, 0, 2, 0, 3, 0, 0, 1]",exactly_dominated,148.3095080905825,2186.6946870540182,33.17961664122875,2819.972427456515,46.449329193163805,5015.15612010745,280.358509838238,1539.59011186632,1909.928305983496,12.829917598886
NTSC-U,8947,4,41,"[4, 4, 3, 1, 8, 1, 0, 2]",exactly_dominated,118.3565551336569,422.0049096486286,6.364237931815597,667.2216951843238,10.935474264028619,3771.21125381721,323.690198351834,355.147364626112,307.5881165431248,3.21134105258184
NTSC-U,44,1,12,"[1, 1, 1, 0, 4, 0, 0, 1]",exactly_dominated,140.7799046524662,1761.5868507002351,26.442875625546336,2270.027642058086,37.39088375365449,1537.59208483571,389.591709866157,392.922315809151,328.1497350353124,3.27435263174292
NTSC-U,9655,3,24,"[2, 2, 3, 0, 6, 1, 0, 1]",exactly_dominated,118.90642396617062,444.6543291798218,6.74623288793956,725.9768442887016,11.16822508578037,3477.85178724416,299.659300179179,584.768425778302,618.964704272804,4.87307021481918
NTSC-U,3608,1,8,"[1, 0, 1, 0, 2, 0, 0, 1]",exactly_evaluated,170.19193122505237,3469.019054037349,52.31190444807218,3856.4416675510083,63.52158864612607,4989.48280822981,353.519678818073,1504.84622653471,1816.314914582628,12.5403852211227
NTSC-U,7831,3,24,"[2, 2, 3, 0, 6, 1, 0, 1]",exactly_dominated,118.12067793640632,392.0723399485211,5.903155513400066,683.7977909330484,9.968505937249759,3227.12202846519,315.856389779179,425.914458493886,394.3063473998072,3.54928715411572
NTSC-U,9086,3,23,"[2, 2, 3, 0, 5, 1, 0, 1]",exactly_dominated,120.89714601405899,555.5912018255584,8.278640573191879,790.5734236184853,12.09232048305926,2888.80639769224,354.260269539883,155.857303250721,37.64906946782992,1.29881086042267
NTSC-U,9985,3,25,"[2, 2, 4, 0, 6, 1, 0, 1]",exactly_dominated,117.9262603941816,384.45485558080554,5.791268343189725,672.1304385202902,10.047594258662798,3270.01862243824,315.234068638257,425.811075238611,394.6445600601152,3.54842562698843
NTSC-U,9593,3,27,"[2, 3, 4, 0, 6, 1, 0, 1]",exactly_dominated,117.84619613493393,374.854350944459,5.618112724846888,667.6481267957479,9.733073730577082,3146.26385152876,324.259286922111,346.051623403698,282.3949399727776,2.88376352836415
NTSC-U,9439,3,25,"[2, 2, 4, 0, 6, 1, 0, 1]",exactly_dominated,117.92955842538022,378.8463983505683,5.649435010179954,675.3554608289396,9.845432392873143,3084.92132963597,333.739989373174,264.865005900487,171.1196107133788,2.20720838250405
NTSC-U,6559,2,16,"[1, 1, 2, 0, 5, 1, 0, 1]",exactly_dominated,129.79241851535744,1105.1565694376836,16.617328586824627,1716.4726617814367,28.272972792880797,1778.34456498035,365.009370308385,315.029365639071,225.6524704649,2.62524471365893
NTSC-U,9356,3,25,"[2, 2, 4, 0, 6, 1, 0, 1]",exactly_dominated,117.86004568013912,377.5086324905531,5.630799919836913,671.1935462448573,9.789350342866308,3097.87963456031,333.520477178015,264.865005900487,171.2305503978684,2.20720838250405
NTSC-U,4134,2,10,"[1, 0, 2, 0, 3, 0, 0, 1]",exactly_dominated,148.3095080905825,2186.6946870540182,33.17961664122875,2819.972427456515,46.449329193163805,5015.15612010745,280.358509838238,1539.59011186632,1909.928305983496,12.829917598886
NTSC-U,9706,3,25,"[2, 2, 4, 0, 6, 1, 0, 1]",exactly_dominated,117.27597904543329,354.68882555719125,5.364523538928565,633.1099231919952,9.564981739694888,3333.35192024076,311.46147134071,440.247579040576,416.765327658124,3.66872982533813
NTSC-U,5725,4,30,"[1, 4, 3, 3, 6, 1, 0, 1]",exactly_dominated,147.46301349004858,2114.759944621297,31.99916309635705,2776.7083602629054,45.736702757619646,3645.87633833524,316.571833061981,1213.58176772149,1441.046425090788,10.1131813976791
NTSC-U,9213,3,26,"[2, 3, 3, 0, 6, 1, 0, 1]",exactly_dominated,118.77935307105454,438.1075170391118,6.587422192876759,701.0350933013797,10.817411470443362,3131.35325783931,323.784964911488,374.926154732575,322.5909140313752,3.12438462277147
NTSC-U,9643,3,28,"[2, 3, 4, 0, 7, 1, 0, 1]",exactly_dominated,117.85164529907662,375.2820624959875,5.624294118267649,670.0209496260914,9.767665094845814,3147.02800599414,324.289577347363,345.929340449736,282.216264371874,2.8827445037478
NTSC-U,9993,3,28,"[2, 3, 4, 0, 7, 1, 0, 1]",exactly_dominated,117.9262603941816,384.45485558080554,5.791268343189725,672.1304385202902,10.047594258662798,3270.01862243824,315.234068638257,425.811075238611,394.6445600601152,3.54842562698843
NTSC-U,9090,3,23,"[2, 2, 3, 0, 5, 1, 0, 1]",exactly_dominated,118.77935307105555,438.1075170391541,6.5874221928773835,701.0350933013797,10.817411470443362,3131.35325783932,323.784964911491,374.926154732575,322.5909140313756,3.12438462277146
NTSC-U,7827,3,25,"[2, 2, 4, 0, 6, 1, 0, 1]",exactly_dominated,118.12067793638835,392.0723399477502,5.903155513388255,683.7977909330484,9.968505937249759,3227.12202846399,315.856389779257,425.914458492688,394.306347398226,3.54928715410573
NTSC-U,7962,3,25,"[2, 2, 4, 0, 6, 1, 0, 1]",exactly_dominated,118.12067793638835,392.0723399477502,5.903155513388255,683.7977909330484,9.968505937249759,3227.12202846399,315.856389779257,425.914458492688,394.306347398226,3.54928715410573
NTSC-U,9585,3,25,"[2, 2, 4, 0, 6, 1, 0, 1]",exactly_dominated,117.45927359470687,357.08616645508687,5.354884554894245,646.4809865153775,9.854747825953057,3238.71954988748,323.043377668336,345.724004129222,282.780127699904,2.88103336774352
NTSC-U,9751,3,25,"[2, 2, 4, 0, 6, 1, 0, 1]",exactly_dominated,117.88882755337349,380.21856747277116,5.726931601141413,669.882311910138,9.765644013594994,3283.43104585405,315.126780787476,425.70811719543,394.5891907985128,3.54756764329525
NTSC-U,9301,3,25,"[2, 2, 4, 0, 6, 1, 0, 1]",exactly_dominated,118.49020376524699,405.4391269275713,6.033186328065587,708.794598830501,10.332913122008337,3055.86281212358,336.654520548965,254.317041954837,156.3457667672676,2.11930868295697
NTSC-U,9614,3,25,"[2, 2, 4, 0, 6, 1, 0, 1]",exactly_dominated,121.39444360058752,565.8305103618358,8.523711498234375,692.7981976890278,11.411463188635896,3172.61569236187,320.826306867176,471.266744695474,451.632897470016,3.92722287246228
NTSC-U,3649,2,11,"[1, 0, 2, 0, 4, 0, 0, 1]",exactly_dominated,149.8410043964173,2273.3901889766325,34.43906105770094,2912.479262390357,47.97306055543647,4992.39352691896,299.233581238093,1419.08284815642,1730.376882970592,11.8256904013035
NTSC-U,9244,3,27,"[2, 3, 4, 0, 6, 1, 0, 1]",exactly_dominated,118.77935307105489,438.1075170391273,6.587422192876987,701.0350933013988,10.817411470443657,3131.35325783931,323.784964911489,374.926154732575,322.5909140313756,3.12438462277146
NTSC-U,9497,3,25,"[2, 2, 4, 0, 6, 1, 0, 1]",exactly_dominated,117.72361703509588,372.2463255568294,5.5876535187446725,662.1279756490376,9.652600145827105,3152.06678694941,323.305778556983,350.961581165774,289.5372504437604,2.92467984304812
NTSC-U,9881,3,25,"[2, 2, 4, 0, 6, 1, 0, 1]",exactly_dominated,118.43895647102642,408.09308250577743,6.1299659405261835,702.6226425618725,10.60284167155136,3259.50010197574,318.075419652702,415.296876129242,378.6373639428708,3.46080730107701
NTSC-U,9028,3,23,"[2, 2, 3, 0, 5, 1, 0, 1]",exactly_dominated,121.72478925544917,602.668880768051,8.968949310301669,871.6205903512446,13.449652752100839,2876.37414921807,358.65724804995,135.981495226458,17.01714309071876,1.13317912688715
NTSC-U,7935,3,28,"[2, 3, 4, 0, 7, 1, 0, 1]",exactly_dominated,118.12067793638835,392.07233994775015,5.903155513388254,683.7977909330484,9.968505937249759,3227.12202846399,315.856389779257,425.914458492688,394.306347398226,3.54928715410573
NTSC-U,9182,3,25,"[2, 3, 2, 0, 6, 1, 0, 1]",exactly_dominated,118.59563521484374,428.64392713525245,6.446526970601478,706.8669920675347,10.907401328597794,3175.73736387008,323.210435001262,374.801383375078,322.7674086068864,3.12334486145899
NTSC-U,7744,3,25,"[2, 2, 4, 0, 6, 1, 0, 1]",exactly_dominated,117.8516452990763,375.2820624959724,5.624294118267426,670.0209496260914,9.767665094845814,3147.02800599414,324.289577347362,345.929340449736,282.216264371874,2.8827445037478
NTSC-U,3707,2,12,"[1, 1, 1, 0, 4, 0, 0, 1]",exactly_dominated,135.7789320126962,1424.717646003258,21.420813989673885,2075.4634716217633,34.18610943962233,2308.73907014575,368.739070145794,422.239070401051,370.2737333983652,4.58810640393512
NTSC-U,3642,2,11,"[1, 0, 2, 0, 4, 0, 0, 1]",exactly_dominated,149.8410043964173,2273.3901889766325,34.43906105770094,2912.479262390357,47.97306055543647,4992.39352691896,299.233581238093,1419.08284815642,1730.376882970592,11.8256904013035
NTSC-U,9536,3,25,"[2, 2, 4, 0, 6, 1, 0, 1]",exactly_dominated,121.39444360058752,565.8305103618341,8.52371149823435,692.7981976890278,11.411463188635896,3172.61569236188,320.826306867176,471.266744695474,451.632897470016,3.92722287246228
NTSC-U,9166,3,26,"[2, 3, 3, 0, 6, 1, 0, 1]",exactly_dominated,118.77935307155758,438.10751708096444,6.587422193521597,701.0350935592987,10.817411474423215,3131.35325787647,323.784964908839,374.926154770293,322.590914081258,3.12438462308578
NTSC-U,9865,3,25,"[2, 2, 4, 0, 6, 1, 0, 1]",exactly_dominated,117.9262603941816,384.45485558080554,5.791268343189724,672.1304385202902,10.047594258662476,3270.01862243824,315.234068638257,425.811075238611,394.6445600601152,3.54842562698842
NTSC-U,9920,3,28,"[2, 3, 4, 0, 7, 1, 0, 1]",exactly_dominated,117.9262603941816,384.45485558080554,5.791268343189724,672.1304385202902,10.047594258662476,3270.01862243824,315.234068638257,425.811075238611,394.6445600601152,3.54842562698842
NTSC-U,8632,4,41,"[4, 5, 3, 0, 8, 1, 0, 2]",exactly_dominated,117.72528245805587,365.7213813765399,5.519965368272557,627.1053572764667,9.676629244097763,3521.775186882,314.152096847428,429.602947400967,400.831917996424,3.79951517685719
NTSC-U,7894,3,25,"[2, 2, 4, 0, 6, 1, 0, 1]",exactly_dominated,118.12069817260736,392.07342869714444,5.903172080423105,683.7977323924124,9.968505083835657,3227.12217271857,315.85636988241,425.915175684852,394.3073171175524,3.5492931307071
NTSC-U,9189,4,27,"[2, 4, 2, 0, 6, 1, 0, 1]",exactly_dominated,118.7793530715576,438.1075170809632,6.587422193521579,701.0350935592796,10.81741147442292,3131.35325787646,323.784964908839,374.926154770293,322.5909140812584,3.12438462308579
NTSC-U,7713,3,25,"[2, 2, 4, 0, 6, 1, 0, 1]",exactly_dominated,118.63313653290047,415.29592910492505,6.235499746250734,714.2753798673257,10.412812763438597,3216.60680561998,318.69434819042,415.403511968557,378.3307267581164,3.46169593307131
NTSC-U,7656,3,23,"[2, 2, 3, 0, 5, 1, 0, 1]",exactly_dominated,121.26027169244195,579.670215013812,8.628146658625074,850.6319986197823,13.125785608909524,2889.46436895005,356.896076022593,139.762651076203,20.94070371794828,1.16468875896836
NTSC-U,9648,3,24,"[2, 2, 3, 0, 6, 1, 0, 1]",exactly_dominated,117.80831821983426,378.56750497459046,5.703810416399932,665.0516685782504,10.16007821885246,3299.16564137424,314.860958002605,425.708117196149,394.7942560215348,3.54756764330124
NTSC-U,9218,3,27,"[2, 3, 4, 0, 6, 1, 0, 1]",exactly_dominated,118.77935307105456,438.10751703911757,6.587422192876846,701.0350933014197,10.81741147044398,3131.35325783931,323.784964911488,374.926154732575,322.590914031376,3.12438462277147
NTSC-U,9832,3,24,"[2, 2, 3, 0, 6, 1, 0, 1]",exactly_dominated,117.9807256725645,386.5350516552564,5.821783097511918,675.4005304103284,9.882862597608746,3258.66794836903,315.402309682826,425.914458493886,394.6540874158208,3.54928715411572
NTSC-U,8720,4,38,"[4, 4, 3, 0, 8, 1, 0, 1]",exactly_dominated,116.04053305071983,272.72447542169704,4.09773447115203,530.9105492901863,8.192282983474067,3849.38274018377,318.108037318412,347.772495325742,289.0069479709264,2.89810412771451
NTSC-U,8370,4,38,"[4, 3, 4, 0, 8, 1, 0, 2]",exactly_dominated,116.79440154392537,320.1377159081285,4.814861196232099,608.2518881166106,9.385708382223307,3924.20568846781,319.966747706136,352.479142717966,294.104598299706,3.17543487786957
NTSC-U,9998,3,26,"[2, 3, 3, 0, 6, 1, 0, 1]",exactly_dominated,118.03145705567634,387.2690299289586,5.832563729793734,670.2918783405321,9.771614733955923,3251.70854793784,315.532936066777,426.190666078409,394.9148609069816,3.55158888398674
NTSC-U,9561,3,25,"[2, 2, 4, 0, 6, 1, 0, 1]",exactly_dominated,117.85166559619907,375.28315461039983,5.624310736636617,670.0208904718529,9.767664232486526,3147.02815294152,324.289557458105,345.930060251024,282.2172342515296,2.88275050209186
NTSC-U,7986,4,39,"[4, 3, 3, 1, 8, 1, 0, 2]",exactly_dominated,119.44750452843884,468.31737977461245,6.997799341723712,709.8424980641585,10.953315253600708,3568.22152147167,337.187642696068,254.22969891455,190.8565119586208,2.37798381053369
NTSC-U,9977,3,25,"[2, 2, 4, 0, 6, 1, 0, 1]",exactly_dominated,118.43895647102642,408.09308250577755,6.129965940526184,702.6226425618725,10.60284167155136,3259.50010197574,318.075419652702,415.296876129242,378.6373639428712,3.46080730107701
NTSC-U,7705,3,25,"[2, 2, 4, 0, 6, 1, 0, 1]",exactly_dominated,117.98072567255153,386.5350516502161,5.821783097434092,675.4005304105676,9.882862596761566,3258.66794836785,315.402309682919,425.914458492688,394.6540874142396,3.54928715410574
NTSC-U,4129,2,10,"[1, 0, 2, 0, 3, 0, 0, 1]",exactly_dominated,148.3095080905825,2186.6946870540182,33.17961664122875,2819.972427456515,46.449329193163805,5015.15612010745,280.358509838238,1539.59011186632,1909.928305983496,12.829917598886
NTSC-U,7990,4,40,"[4, 4, 3, 1, 8, 1, 0, 1]",exactly_dominated,118.68260758618726,426.40093492928867,6.412500739625482,670.6673068629134,10.238980750889727,3715.16473275687,320.165673061409,397.04629836194,360.396147591356,3.30871915301617
NTSC-U,9577,3,25,"[2, 2, 4, 0, 6, 1, 0, 1]",exactly_dominated,117.85164529907662,375.2820624959874,5.624294118267648,670.0209496260914,9.767665094845814,3147.02800599414,324.289577347363,345.929340449736,282.216264371874,2.8827445037478
NTSC-U,6728,2,14,"[1, 0, 3, 0, 4, 1, 0, 1]",exactly_dominated,122.9417961261369,701.5671070795515,10.638677698111474,1305.4353184282036,21.50254883901317,3585.60073924142,324.8031289729,477.818020118509,459.054425031668,3.98181683432089
NTSC-U,9127,3,23,"[2, 2, 3, 0, 5, 1, 0, 1]",exactly_dominated,121.07069961487383,569.8259008129168,8.48149677539838,856.4808799869888,13.216037519256735,2933.84847495192,356.32154611445,139.648225076473,20.8428290991106,1.16373520897062
NTSC-U,8736,4,39,"[4, 4, 4, 0, 8, 1, 0, 1]",exactly_dominated,116.82005469128087,323.68180278343783,4.868380153628341,604.5350320045109,9.328354959655442,3924.30090083774,319.9684526926,352.644343980397,294.212681190082,2.9387028665033
NTSC-U,9824,3,28,"[2, 3, 4, 0, 7, 1, 0, 1]",exactly_dominated,117.73211452295206,373.99682353887255,5.635502865317825,660.4793665239185,10.088862869217733,3318.81296683241,314.612266417746,425.708333387952,394.9870887266592,3.5475694448996
NTSC-U,9961,3,25,"[2, 2, 4, 0, 6, 1, 0, 1]",exactly_dominated,117.9262603941816,384.45485558080554,5.791268343189725,672.1304385202902,10.047594258662798,3270.01862243824,315.234068638257,425.811075238611,394.6445600601152,3.54842562698843
NTSC-U,9432,3,28,"[2, 3, 4, 0, 7, 1, 0, 1]",exactly_dominated,118.0029018832601,383.1333955779757,5.713459002074657,679.7466210235771,9.909447379543293,3066.3337146566,333.974557274432,264.865005900487,171.0016926670268,2.20720838250405
NTSC-U,9062,3,23,"[2, 2, 3, 0, 5, 1, 0, 1]",exactly_dominated,118.77935307105489,438.1075170391273,6.587422192876987,701.0350933013988,10.817411470443657,3131.35325783931,323.784964911489,374.926154732575,322.5909140313756,3.12438462277146
NTSC-U,9598,3,25,"[2, 2, 4, 0, 6, 1, 0, 1]",exactly_dominated,117.71051620329968,369.7271514590393,5.542677868061152,661.5513185256059,9.644193552481955,3178.57392589781,323.835497251031,345.929340449736,282.5194386351976,2.8827445037478
NTSC-U,3711,2,12,"[1, 1, 1, 0, 4, 0, 0, 1]",exactly_dominated,137.98513822301894,1559.4226757651493,23.410576922923255,2207.8358442411272,36.36648817382957,2230.40573681243,384.405736812459,343.905736865683,264.2117305702096,3.81228888692236
NTSC-U,7752,3,25,"[2, 2, 4, 0, 6, 1, 0, 1]",exactly_dominated,119.29145509410942,462.58218671569665,7.011699722857834,749.063125175393,10.91995369054486,3386.15765243866,300.904889221123,584.971381720044,618.112102867988,4.8747615143337
NTSC-U,9609,3,28,"[2, 3, 4, 0, 7, 1, 0, 1]",exactly_dominated,117.85164529907662,375.2820624959875,5.624294118267649,670.0209496260914,9.767665094845814,3147.02800599414,324.289577347363,345.929340449736,282.216264371874,2.8827445037478
NTSC-U,9259,3,26,"[2, 3, 3, 0, 6, 1, 0, 1]",exactly_dominated,118.59563521444697,428.6439269996522,6.4465269685098745,706.866990633046,10.907401306462734,3175.73736384084,323.210435003343,374.801383345404,322.7674085676424,3.1233448612117
NTSC-U,3654,2,11,"[1, 0, 2, 0, 4, 0, 0, 1]",exactly_dominated,149.8410043964173,2273.3901889766325,34.43906105770094,2912.479262390357,47.97306055543647,4992.39352691896,299.233581238093,1419.08284815642,1730.376882970592,11.8256904013035
NTSC-U,8761,4,42,"[4, 4, 4, 1, 8, 1, 0, 2]",exactly_dominated,118.95651687550222,451.1331794057077,6.792856461755867,733.9951036587254,11.32600511648528,3961.12005505343,320.382676774787,402.372286798953,367.3956311835452,3.60336096141693
NTSC-U,9873,3,28,"[2, 3, 4, 0, 7, 1, 0, 1]",exactly_dominated,117.9262603941816,384.45485558080554,5.791268343189724,672.1304385202902,10.047594258662476,3270.01862243824,315.234068638257,425.811075238611,394.6445600601152,3.54842562698842
NTSC-U,9520,3,25,"[2, 2, 4, 0, 6, 1, 0, 1]",exactly_dominated,117.71051620329968,369.72715145904095,5.542677868061179,661.5513185256059,9.644193552481955,3178.57392589781,323.835497251031,345.929340449736,282.5194386351976,2.8827445037478
NTSC-U,9035,3,23,"[2, 2, 3, 0, 5, 1, 0, 1]",exactly_dominated,121.2602716924413,579.6702150137841,8.62814665862466,850.6319986197832,13.12578560890954,2889.46436895005,356.896076022591,139.762651076203,20.94070371794828,1.16468875896836
NTSC-U,7882,3,25,"[2, 2, 4, 0, 6, 1, 0, 1]",exactly_dominated,117.9262603941816,384.45485558080554,5.791268343189724,672.1304385202902,10.047594258662476,3270.01862243824,315.234068638257,425.811075238611,394.6445600601152,3.54842562698842
NTSC-U,9465,3,24,"[2, 2, 3, 0, 6, 1, 0, 1]",exactly_dominated,117.81384582825146,374.08632280549267,5.606926688135129,667.7562943485482,9.734650613255857,3154.44072852578,324.182038083115,345.826355331417,282.150684431314,2.88188629442847
NTSC-U,9936,3,25,"[2, 2, 4, 0, 6, 1, 0, 1]",exactly_dominated,117.9262603941816,384.45485558080554,5.791268343189725,672.1304385202902,10.047594258662798,3270.01862243824,315.234068638257,425.811075238611,394.6445600601152,3.54842562698843
NTSC-U,8274,4,38,"[4, 4, 3, 0, 8, 1, 0, 1]",exactly_dominated,116.17539077220309,293.33515152465355,4.407338518239221,561.2814811383632,8.183105433859764,3433.15999873812,324.995389017096,292.766255091895,211.7375208721732,2.43971879243246
NTSC-U,9672,3,26,"[2, 3, 3, 0, 6, 1, 0, 1]",exactly_dominated,117.7596011424651,375.1073270505151,5.652763315754844,654.1990477707759,10.094568777043195,3315.53290223296,314.659013752244,426.076261666547,395.4358236150264,3.55063551388789
NTSC-U,9388,3,25,"[2, 2, 4, 0, 6, 1, 0, 1]",exactly_dominated,117.54930925587587,364.3970355866256,5.450831815079684,652.6220769531692,9.514021740273382,3080.80032486204,330.935609407538,279.440654116359,191.1764990007888,2.32867211763633
NTSC-U,4040,2,10,"[1, 0, 1, 0, 3, 0, 0, 2]",exactly_dominated,148.399343273773,2162.9333277149512,32.83607572408571,2832.6881472863706,46.658776863841105,5067.21190194854,279.211901948596,1548.64677450846,1923.150464062664,14.1848173910946
NTSC-U,9222,3,26,"[2, 3, 3, 0, 6, 1, 0, 1]",exactly_dominated,118.617571287079,423.9615002763069,6.386543632281036,647.410864072328,9.989955958017754,3130.69528658116,321.149158428823,393.723354773072,348.7901939716136,3.28102795644227
NTSC-U,8825,4,39,"[4, 4, 3, 0, 8, 1, 0, 2]",exactly_dominated,116.02767394972615,285.3910633354814,4.344872165601658,530.89106353433,8.215441636852347,3786.12547301745,305.861873961126,454.556582426385,440.340062430172,3.98966055141069
NTSC-U,9737,3,25,"[2, 2, 4, 0, 6, 1, 0, 1]",exactly_dominated,117.73211452295206,373.9968235388742,5.635502865317853,660.4793665239185,10.088862869217747,3318.81296683242,314.612266417746,425.708333387952,394.9870887266592,3.5475694448996
NTSC-U,5714,4,30,"[1, 4, 3, 3, 6, 1, 0, 1]",exactly_dominated,147.43123596239238,2113.342221953342,31.97591496331581,2774.8017086035334,45.705297241125734,3588.23855551458,317.167227181967,1207.97986752592,1433.168121503436,10.0664988960494
NTSC-U,7683,3,25,"[2, 2, 4, 0, 6, 1, 0, 1]",exactly_dominated,118.00369606168903,386.1044262258231,5.814465722085586,676.7766614470538,9.866150866941862,3255.07625268998,315.486568101127,425.811490462512,394.4513186386248,3.5484290871876
NTSC-U,7953,3,27,"[2, 3, 4, 0, 6, 1, 0, 1]",exactly_dominated,118.14856725032514,393.2544879043639,5.921527912531713,677.131087237176,9.871317738844631,3223.68179908205,315.902031147457,426.303299899973,394.7827493742344,3.55252749916644
NTSC-U,7400,3,26,"[1, 3, 3, 2, 5, 1, 0, 2]",exactly_dominated,137.8311464229113,1540.319109028418,23.33523424979087,2198.596336234644,36.21429911524253,3526.92508757853,309.303090929305,1017.37578974758,1187.392841222428,8.65024938291317
NTSC-U,9808,3,25,"[2, 2, 4, 0, 6, 1, 0, 1]",exactly_dominated,117.9213667926652,382.3026093568357,5.752985539117241,671.7093233603373,10.32252922560304,3313.56019802912,315.825538542331,420.45714795945,387.0898871106364,3.50380956632875
NTSC-U,7816,3,25,"[2, 2, 4, 0, 6, 1, 0, 1]",exactly_dominated,118.12067793638835,392.0723399477502,5.903155513388255,683.7977909330484,9.968505937249759,3227.12202846399,315.856389779257,425.914458492688,394.306347398226,3.54928715410573
NTSC-U,9275,3,25,"[2, 2, 4, 0, 6, 1, 0, 1]",exactly_dominated,117.87195183695505,379.98766789841255,5.675178522324594,671.9328484829621,9.795537040849224,3071.37062256076,333.001478272396,269.940374677014,177.9735930676972,2.24950312230845
NTSC-U,9625,3,25,"[2, 2, 4, 0, 6, 1, 0, 1]",exactly_dominated,118.34123857580197,397.4801549565757,5.941812260493635,699.6973967309859,10.200292756245478,3136.50683158072,327.031102270606,335.415797411675,266.6237087267656,2.7951316450973
NTSC-U,7791,3,24,"[2, 2, 3, 0, 6, 1, 0, 1]",exactly_dominated,118.12067793640632,392.0723399485211,5.903155513400066,683.7977909330484,9.968505937249759,3227.12202846519,315.856389779179,425.914458493886,394.3063473998072,3.54928715411572
NTSC-U,8521,4,39,"[4, 4, 4, 0, 8, 1, 0, 1]",exactly_dominated,117.73184134924446,360.17515269900787,5.384579291870793,614.0435928452189,9.475078021151973,3543.16223479303,332.350428883276,270.006909376154,178.708876521918,2.25005757813462
NTSC-U,9330,3,25,"[2, 2, 4, 0, 6, 1, 0, 1]",exactly_dominated,118.17702827616314,390.4919440473104,5.817170921864435,690.1226660119355,10.060710907216418,3061.11407467445,335.101137992932,259.605994641574,163.7442404766424,2.16338328867978
NTSC-U,9760,3,25,"[2, 2, 4, 0, 6, 1, 0, 1]",exactly_dominated,119.66446232205847,489.9589155884299,7.449961948247552,770.7072702939568,11.872098181352102,3556.77325988343,292.742738681649,663.688944262529,730.464035062268,5.53074120218774
NTSC-U,9449,3,25,"[2, 2, 4, 0, 6, 1, 0, 1]",exactly_dominated,118.0029018832601,383.1333955779756,5.713459002074656,679.7466210235771,9.909447379543293,3066.3337146566,333.974557274432,264.865005900487,171.0016926670268,2.20720838250405
NTSC-U,7904,3,28,"[2, 3, 4, 0, 7, 1, 0, 1]",exactly_dominated,118.12067793638835,392.0723399477503,5.903155513388256,683.7977909330484,9.968505937249759,3227.12202846399,315.856389779257,425.914458492688,394.306347398226,3.54928715410573
NTSC-U,7841,3,24,"[2, 2, 3, 0, 6, 1, 0, 1]",exactly_dominated,118.12067793640632,392.0723399485211,5.903155513400066,683.7977909330484,9.968505937249759,3227.12202846519,315.856389779179,425.914458493886,394.3063473998072,3.54928715411572
NTSC-U,4294,2,10,"[1, 0, 1, 0, 4, 0, 0, 1]",exactly_dominated,170.5834045596873,3515.8185301302424,52.692652082773186,4376.691575204704,68.48872183943344,3977.18061972922,475.248797309587,446.458510869927,313.6048155344908,3.72048759058272
NTSC-U,8472,4,38,"[4, 4, 3, 0, 8, 1, 0, 1]",exactly_dominated,115.7940544159744,277.68695435219087,4.202473399460971,532.3192399402242,8.214019964320867,3615.11838251944,314.36576615494,373.851528820692,326.2248029215208,3.1154294068391
NTSC-U,920,2,10,"[1, 0, 1, 0, 4, 0, 0, 1]",exactly_dominated,170.5834045596873,3515.8185301302424,52.692652082773186,4376.691575204704,68.48872183943344,3977.18061972922,475.248797309587,446.458510869927,313.6048155344908,3.72048759058272
NTSC-U,7787,3,25,"[2, 2, 4, 0, 6, 1, 0, 1]",exactly_dominated,118.12067793638835,392.0723399477502,5.903155513388255,683.7977909330484,9.968505937249759,3227.12202846399,315.856389779257,425.914458492688,394.306347398226,3.54928715410573
NTSC-U,8921,4,41,"[4, 4, 3, 1, 8, 1, 0, 2]",exactly_dominated,118.3723587137012,424.8478180441632,6.379100084027733,691.4041585646137,10.66880010292685,3510.55480508166,331.568004013055,278.872427528889,217.818866249542,2.57859713906747
NTSC-U,9263,3,23,"[2, 2, 3, 0, 5, 1, 0, 1]",exactly_dominated,118.77935307105489,438.1075170391273,6.587422192876987,701.0350933013988,10.817411470443657,3131.35325783931,323.784964911489,374.926154732575,322.5909140313756,3.12438462277146
NTSC-U,9799,3,28,"[2, 3, 4, 0, 7, 1, 0, 1]",exactly_dominated,117.73211452295206,373.99682353887255,5.635502865317825,660.4793665239185,10.088862869217733,3318.81296683241,314.612266417746,425.708333387952,394.9870887266592,3.5475694448996
NTSC-U,6179,3,22,"[1, 3, 2, 1, 5, 1, 0, 1]",exactly_dominated,127.50595533406411,976.2456710535271,14.772246875289019,1579.2848709038362,26.01327663496337,2207.05930899706,329.454430178527,543.840375705077,543.713771432992,5.83809197645386
NTSC-U,9776,3,27,"[2, 3, 4, 0, 6, 1, 0, 1]",exactly_dominated,117.75960114245572,375.10732696064844,5.652763314368163,654.1990477707759,10.094568760473429,3315.53290223225,314.659013752294,426.076261665838,395.4358236140876,3.55063551388198
NTSC-U,8864,4,41,"[4, 4, 4, 1, 8, 1, 0, 1]",exactly_dominated,118.94644475190178,450.9617911095627,6.790906405544838,732.4751359513284,11.302551060804173,3960.76428048016,320.315547559184,402.45177876104,366.9619250168916,3.35376482300867
NTSC-U,6529,2,19,"[1, 2, 2, 0, 5, 1, 0, 2]",exactly_dominated,128.46796211034268,1025.2151452626063,15.528227846778192,1637.0052774805508,26.964021450813668,2083.97682621117,324.854794669868,633.665105346027,664.108192809532,5.50447582600337
NTSC-U,9326,3,25,"[2, 2, 4, 0, 6, 1, 0, 1]",exactly_dominated,117.8831844589267,377.04250083149685,5.622939851350899,672.5782468525103,9.804945754308148,3094.28848585764,333.603325032767,264.761782295581,171.056624239284,2.20634818579651
NTSC-U,8537,4,41,"[4, 4, 4, 1, 8, 1, 0, 1]",exactly_dominated,118.8892043043604,439.5881213263424,6.570995270990361,704.0186787198691,10.863450065996439,3738.81702714525,335.375485300882,255.723682829743,192.7413898802852,2.13103069024785
NTSC-U,7912,3,28,"[2, 3, 4, 0, 7, 1, 0, 1]",exactly_dominated,118.12067793638835,392.0723399477502,5.903155513388255,683.7977909330484,9.968505937249759,3227.12202846399,315.856389779257,425.914458492688,394.306347398226,3.54928715410573
NTSC-U,9849,3,27,"[2, 3, 3, 0, 7, 1, 0, 1]",exactly_dominated,117.92626039419568,384.4548556030806,5.791268343533374,672.1304385202902,10.047594262681708,3270.01862243915,315.234068638197,425.811075239539,394.6445600613404,3.54842562699616
NTSC-U,4282,2,10,"[1, 0, 1, 0, 4, 0, 0, 1]",exactly_dominated,170.5834045596873,3515.8185301302424,52.692652082773186,4376.691575204704,68.48872183943344,3977.18061972922,475.248797309587,446.458510869927,313.6048155344908,3.72048759058272
NTSC-U,7857,3,28,"[2, 3, 4, 0, 7, 1, 0, 1]",exactly_dominated,118.12067793638835,392.0723399477502,5.903155513388255,683.7977909330484,9.968505937249759,3227.12202846399,315.856389779257,425.914458492688,394.306347398226,3.54928715410573
NTSC-U,9234,3,26,"[2, 3, 3, 0, 6, 1, 0, 1]",exactly_dominated,118.59563521444697,428.64392699965396,6.446526968509899,706.866990633046,10.907401306462734,3175.73736384084,323.210435003343,374.801383345404,322.7674085676424,3.1233448612117
NTSC-U,3639,2,11,"[1, 0, 2, 0, 4, 0, 0, 1]",exactly_dominated,149.6688470638913,2263.828509186928,34.29648750844893,2902.427031474933,47.807484687257734,4993.89260878339,298.515402575829,1420.58193002491,1733.093837457588,11.8381827502076
NTSC-U,75,1,8,"[1, 0, 1, 0, 2, 0, 0, 1]",exactly_evaluated,170.19193122505237,3469.019054037349,52.31190444807218,3856.4416675510083,63.52158864612607,4989.48280822981,353.519678818073,1504.84622653471,1816.314914582628,12.5403852211227
NTSC-U,9664,3,27,"[2, 3, 3, 0, 7, 1, 0, 1]",exactly_dominated,117.7321145229621,373.9968236397322,5.635502866874124,660.4793665239185,10.088862887818088,3318.81296683313,314.612266417697,425.708333388671,394.9870887276084,3.54756944490559
NTSC-U,8425,4,39,"[4, 4, 3, 0, 8, 1, 0, 2]",exactly_dominated,116.87696451571692,319.57477152805336,4.820216276228089,597.1901462644373,8.735254857192288,3566.58128845929,311.881151139889,426.257575617561,397.87988475559,3.76095189259059
NTSC-U,8560,4,37,"[4, 3, 3, 0, 8, 1, 0, 2]",exactly_evaluated,115.28924486525112,245.17210553711,3.717746710558793,489.72419875896685,7.55675174556701,3876.40379555083,312.746539446251,374.605621380979,328.5954724379372,3.33770217028571
NTSC-U,7695,3,25,"[2, 2, 4, 0, 6, 1, 0, 1]",exactly_dominated,118.04883606853421,387.8684942463574,5.840381987277456,679.4872164691678,9.905665741352786,3245.70964344348,315.621821878052,425.914458492688,394.4857334757596,3.54928715410574
NTSC-U,9371,3,25,"[2, 2, 4, 0, 6, 1, 0, 1]",exactly_dominated,117.60566311450748,364.7164263344357,5.44074399063576,655.9621798246571,10.002348718169559,3158.02574988902,332.727604600468,264.658370831528,171.371132346946,2.20548642359606
NTSC-U,8999,3,23,"[2, 2, 3, 0, 5, 1, 0, 1]",exactly_dominated,122.33760464864825,631.7360778144133,9.398055319057717,909.8249955104147,13.712779021744112,2862.45677968873,360.825080303198,132.64344419837,13.52823854901628,1.10536203498641
NTSC-U,9721,3,28,"[2, 3, 4, 0, 7, 1, 0, 1]",exactly_dominated,117.73211452295206,373.99682353887414,5.635502865317851,660.4793665239185,10.088862869217733,3318.81296683242,314.612266417746,425.708333387952,394.9870887266592,3.5475694448996
NTSC-U,8219,4,41,"[4, 4, 3, 1, 8, 1, 0, 2]",exactly_dominated,118.24349284756448,425.6805087772497,6.440002360011683,679.4291232490141,10.792767806063086,3830.70209855069,315.518249210714,427.012806775161,400.93417525466,3.79471169552995
NTSC-U,9408,3,27,"[2, 3, 4, 0, 6, 1, 0, 1]",exactly_dominated,118.03270091253424,384.33421432481094,5.732099289453156,672.3552500864025,9.801694874272545,3062.89133806802,334.025764682037,265.254741686614,171.4684685475256,2.21045618072178
NTSC-U,9058,3,23,"[2, 2, 3, 0, 5, 1, 0, 1]",exactly_dominated,120.89714601405869,555.5912018255443,8.27864057319167,790.5734236184599,12.09232048305926,2888.80639769224,354.260269539882,155.857303250721,37.64906946782984,1.29881086042267
NTSC-U,7945,3,27,"[2, 3, 4, 0, 6, 1, 0, 1]",exactly_dominated,118.11496375207558,391.64227543562174,5.8969428537363955,681.5243878997371,9.935363929574649,3226.35818115349,315.824851106968,426.037146131276,394.4918002776048,3.55030955109397
NTSC-U,6657,2,18,"[1, 2, 2, 0, 5, 1, 0, 1]",exactly_dominated,134.72127334674457,1293.237018560707,19.465296105278725,1597.3260242873566,26.310442474024896,2258.51734030416,345.939912564067,618.373013264944,633.016940885512,5.15310844387454
NTSC-U,9869,3,28,"[2, 3, 4, 0, 7, 1, 0, 1]",exactly_dominated,117.9262603941816,384.45485558080554,5.791268343189724,672.1304385202902,10.047594258662476,3270.01862243824,315.234068638257,425.811075238611,394.6445600601152,3.54842562698842
NTSC-U,9490,3,26,"[2, 3, 3, 0, 6, 1, 0, 1]",exactly_dominated,117.88091679030039,376.49557315116687,5.643125949496189,663.0115286083301,9.665480712329906,3143.5868027918,324.339174783666,346.316898856614,282.6908606756352,2.88597415713845
NTSC-U,7877,3,25,"[2, 2, 4, 0, 6, 1, 0, 1]",exactly_dominated,117.73211452295206,373.99682353887255,5.635502865317825,660.4793665239185,10.088862869217733,3318.81296683241,314.612266417746,425.708333387952,394.9870887266592,3.5475694448996
NTSC-U,7932,3,28,"[2, 3, 4, 0, 7, 1, 0, 1]",exactly_dominated,118.12067793638835,392.0723399477502,5.903155513388255,683.7977909330484,9.968505937249759,3227.12202846399,315.856389779257,425.914458492688,394.306347398226,3.54928715410573
NTSC-U,9185,3,22,"[2, 2, 2, 0, 5, 1, 0, 1]",exactly_evaluated,118.77935307155758,438.1075170828895,6.587422193549661,701.0350935592987,10.817411474423215,3131.35325787647,323.784964908839,374.926154770293,322.590914081258,3.12438462308578
NTSC-U,9886,3,25,"[2, 2, 4, 0, 6, 1, 0, 1]",exactly_dominated,119.85673602277151,500.36915364363193,7.605082693087587,782.2380694234726,11.830675942507094,3507.97429170283,293.365980808841,663.787088160388,730.008827019276,5.53155906800323
NTSC-U,9756,3,25,"[2, 2, 4, 0, 6, 1, 0, 1]",exactly_dominated,117.9213667926652,382.3026093568357,5.752985539117241,671.7093233603373,10.32252922560304,3313.56019802912,315.825538542331,420.45714795945,387.0898871106364,3.50380956632875
NTSC-U,9306,3,25,"[2, 2, 4, 0, 6, 1, 0, 1]",exactly_dominated,120.28886376292611,516.973647748273,7.676293389589621,762.9198633040378,11.490543506280899,2905.66005407691,356.028944490588,103.533759846723,7.45366306296924,0.862781332056028
NTSC-U,845,2,10,"[1, 0, 2, 0, 3, 0, 0, 1]",exactly_dominated,148.3095080905825,2186.6946870540182,33.17961664122875,2819.972427456515,46.449329193163805,5015.15612010745,280.358509838238,1539.59011186632,1909.928305983496,12.829917598886
NTSC-U,9613,3,25,"[2, 2, 4, 0, 6, 1, 0, 1]",exactly_dominated,117.85166559619907,375.2831546103998,5.624310736636616,670.0208904718529,9.767664232486526,3147.02815294152,324.289557458105,345.930060251024,282.2172342515296,2.88275050209186
NTSC-U,9243,3,27,"[2, 3, 4, 0, 6, 1, 0, 1]",exactly_dominated,118.77935307105489,438.1075170391273,6.587422192876987,701.0350933013988,10.817411470443657,3131.35325783931,323.784964911489,374.926154732575,322.5909140313756,3.12438462277146
NTSC-U,9994,3,28,"[2, 3, 4, 0, 7, 1, 0, 1]",exactly_dominated,117.9262603941816,384.45485558080554,5.791268343189725,672.1304385202902,10.047594258662798,3270.01862243824,315.234068638257,425.811075238611,394.6445600601152,3.54842562698843
NTSC-U,9428,3,25,"[2, 2, 4, 0, 6, 1, 0, 1]",exactly_dominated,117.80413590698741,375.38382475845964,5.599637086939499,667.8455295184795,9.958917351236115,3109.23085781168,333.350819881628,264.761366041062,171.1838897701824,2.20634471700885
NTSC-U,6227,3,25,"[2, 2, 4, 0, 6, 1, 0, 1]",exactly_dominated,118.12067793638835,392.0723399477502,5.903155513388255,683.7977909330484,9.968505937249759,3227.12202846399,315.856389779257,425.914458492688,394.306347398226,3.54928715410573
NTSC-U,7965,3,25,"[2, 2, 4, 0, 6, 1, 0, 1]",exactly_dominated,118.12067793638835,392.07233994775015,5.903155513388254,683.7977909330484,9.968505937249759,3227.12202846399,315.856389779257,425.914458492688,394.306347398226,3.54928715410573
NTSC-U,6677,2,18,"[1, 2, 2, 0, 4, 1, 0, 2]",exactly_dominated,134.4531163741685,1286.3895856222855,19.40597037473469,1613.3889647803135,26.57502407188134,2344.01448182537,332.0145345617,733.120718780101,794.705167948752,6.13846142853005
NTSC-U,8110,4,39,"[4, 4, 3, 0, 8, 1, 0, 2]",exactly_dominated,117.78543091468005,365.16557627967904,5.514117529721251,617.0982871152173,9.522213870912882,3704.03656454128,314.115586320778,431.113325874708,402.77839721832,3.81145026588169
NTSC-U,9351,3,27,"[2, 3, 4, 0, 6, 1, 0, 1]",exactly_dominated,117.99739839243534,382.6928984611497,5.70708448166932,677.2821515761543,9.873519977254844,3065.56918980861,333.944774948152,264.987975692284,171.1677033543676,2.20823313076903
NTSC-U,9701,3,25,"[2, 2, 4, 0, 6, 1, 0, 1]",exactly_dominated,117.85449233221635,380.15292156769505,5.726979617471705,667.8242791906978,9.98100659536273,3288.784054537,314.999500736974,425.811075238611,394.8252945221436,3.54842562698843
NTSC-U,4133,2,10,"[1, 0, 2, 0, 3, 0, 0, 1]",exactly_dominated,148.3095080905825,2186.6946870540182,33.17961664122875,2819.972427456515,46.449329193163805,5015.15612010745,280.358509838238,1539.59011186632,1909.928305983496,12.829917598886
NTSC-U,9214,3,26,"[2, 3, 3, 0, 6, 1, 0, 1]",exactly_dominated,118.77935307105454,438.1075170391118,6.587422192876759,701.0350933013797,10.817411470443362,3131.35325783931,323.784964911488,374.926154732575,322.5909140313752,3.12438462277147
NTSC-U,3619,1,8,"[1, 0, 1, 0, 2, 0, 0, 1]",exactly_evaluated,170.19193122505237,3469.019054037349,52.31190444807218,3856.4416675510083,63.52158864612607,4989.48280822981,353.519678818073,1504.84622653471,1816.314914582628,12.5403852211227
NTSC-U,9644,3,28,"[2, 3, 4, 0, 7, 1, 0, 1]",exactly_dominated,117.85164529907662,375.2820624959875,5.624294118267649,670.0209496260914,9.767665094845814,3147.02800599414,324.289577347363,345.929340449736,282.216264371874,2.8827445037478
NTSC-U,8956,4,38,"[4, 4, 3, 0, 8, 1, 0, 1]",exactly_dominated,116.8960304250899,326.34647923370153,4.909229839642413,612.0638497041973,9.444529341967646,3926.17180135646,320.175180665239,352.939753565124,294.4637226959812,2.9411646130427
NTSC-U,9828,3,27,"[2, 3, 4, 0, 6, 1, 0, 1]",exactly_dominated,117.75960114245572,375.10732696064844,5.652763314368163,654.1990477707759,10.094568760473429,3315.53290223225,314.659013752294,426.076261665838,395.4358236140876,3.55063551388198
NTSC-U,9982,3,25,"[2, 2, 4, 0, 6, 1, 0, 1]",exactly_dominated,119.85673602277151,500.369153643632,7.605082693087589,782.2380694234726,11.830675942507405,3507.97429170281,293.365980808841,663.787088160388,730.008827019276,5.53155906800323
NTSC-U,7836,3,25,"[2, 2, 4, 0, 6, 1, 0, 1]",exactly_dominated,118.12067793638835,392.0723399477502,5.903155513388255,683.7977909330484,9.968505937249759,3227.12202846399,315.856389779257,425.914458492688,394.306347398226,3.54928715410573
NTSC-U,7973,4,41,"[4, 4, 4, 1, 8, 1, 0, 1]",exactly_dominated,118.68260758596327,426.400934921922,6.412500739510961,670.6673068628315,10.238980750759728,3715.16473274087,320.165673062482,397.046298345951,360.3961475705512,3.30871915288293
NTSC-U,9594,3,27,"[2, 3, 4, 0, 6, 1, 0, 1]",exactly_dominated,117.8809167902841,376.4955731504752,5.643125949485558,663.0115286083301,9.665480712329906,3143.58680279063,324.339174783748,346.316898855425,282.6908606740688,2.88597415712854
NTSC-U,4125,2,10,"[1, 0, 2, 0, 3, 0, 0, 1]",exactly_dominated,148.51251873079752,2209.5133973951147,33.571983022527014,2818.172912706893,46.584485546214445,5176.97430192561,264.176691656423,1683.78717625909,2118.372876689016,14.0315598021592
NTSC-U,9717,3,25,"[2, 2, 4, 0, 6, 1, 0, 1]",exactly_dominated,117.73170381971116,373.9747118101582,5.635173523657497,660.4547200599718,10.0889502395363,3318.91564137354,314.610958002608,425.70811719543,394.987726543978,3.54756764329525
NTSC-U,9347,3,28,"[2, 3, 4, 0, 7, 1, 0, 1]",exactly_dominated,118.0029018832601,383.1333955779757,5.713459002074657,679.7466210235771,9.909447379543293,3066.3337146566,333.974557274432,264.865005900487,171.0016926670268,2.20720838250405
NTSC-U,9652,3,25,"[2, 2, 4, 0, 6, 1, 0, 1]",exactly_dominated,117.9213667926652,382.30260935683236,5.752985539117191,671.7093233603373,10.322529225602421,3313.56019802912,315.825538542331,420.45714795945,387.0898871106364,3.50380956632875
NTSC-U,9202,3,26,"[2, 3, 3, 0, 6, 1, 0, 1]",exactly_dominated,118.77935307105456,438.10751703911234,6.587422192876765,701.0350933013797,10.817411470443362,3131.35325783931,323.784964911488,374.926154732575,322.5909140313756,3.12438462277147
NTSC-U,7861,3,27,"[2, 3, 3, 0, 7, 1, 0, 1]",exactly_dominated,118.12067793640632,392.0723399485211,5.903155513400066,683.7977909330484,9.968505937249759,3227.12202846519,315.856389779179,425.914458493886,394.3063473998072,3.54928715411572
NTSC-U,9486,3,27,"[2, 3, 3, 0, 7, 1, 0, 1]",exactly_dominated,117.85164529909422,375.28206249673843,5.624294118279164,670.0209496260914,9.767665094845814,3147.02800599534,324.289577347284,345.929340450938,282.2162643734484,2.88274450375782
NTSC-U,3571,1,12,"[1, 1, 1, 0, 4, 0, 0, 1]",exactly_dominated,140.7799046524662,1761.5868507002351,26.442875625546336,2270.027642058086,37.39088375365449,1537.59208483571,389.591709866157,392.922315809151,328.1497350353124,3.27435263174292
NTSC-U,8297,4,40,"[4, 4, 3, 1, 8, 1, 0, 1]",exactly_dominated,119.77716941490326,482.4552536909288,7.238675270105212,736.4487765939903,11.363866829840678,3587.17020130044,330.867425647625,328.953189043491,273.9096627408116,2.74127657536243
NTSC-U,9890,3,25,"[2, 2, 4, 0, 6, 1, 0, 1]",exactly_dominated,117.9262603941816,384.45485558080554,5.791268343189724,672.1304385202902,10.047594258662476,3270.01862243824,315.234068638257,425.811075238611,394.6445600601152,3.54842562698842
NTSC-U,9469,3,25,"[2, 2, 4, 0, 6, 1, 0, 1]",exactly_dominated,118.34123857580197,397.4801549565739,5.9418122604936086,699.6973967309859,10.200292756245478,3136.50683158073,327.031102270606,335.415797411675,266.6237087267656,2.7951316450973
NTSC-U,1059,2,9,"[1, 0, 0, 0, 4, 0, 0, 1]",exactly_dominated,175.75253982678512,3800.9175422276935,56.992653194151444,4685.7395994947565,73.59296750393534,3978.29073505299,475.028778962424,402.790735053012,213.121158343412,13.4263578351004
NTSC-U,9193,3,26,"[2, 3, 3, 0, 6, 1, 0, 1]",exactly_dominated,119.77424282429992,485.2572390223377,7.28438431048052,733.5556950945384,11.319224766560053,3104.3456685775,327.713969192095,367.814667170042,310.8421437225076,3.06512222641703
NTSC-U,7924,3,28,"[2, 3, 4, 0, 7, 1, 0, 1]",exactly_dominated,118.12067793638835,392.0723399477503,5.903155513388256,683.7977909330484,9.968505937249759,3227.12202846399,315.856389779257,425.914458492688,394.306347398226,3.54928715410573
NTSC-U,8151,4,41,"[4, 5, 3, 0, 8, 1, 0, 2]",exactly_dominated,117.00447668688382,333.5484880227498,5.043986788989376,576.9555098134279,9.30888345694541,3451.69722600622,317.969536345224,377.037562746469,327.957153084866,3.37152925673327
NTSC-U,9310,3,25,"[2, 2, 4, 0, 6, 1, 0, 1]",exactly_dominated,118.0029018832601,383.1333955779757,5.713459002074657,679.7466210235771,9.909447379543293,3066.3337146566,333.974557274432,264.865005900487,171.0016926670268,2.20720838250405
NTSC-U,500,1,7,"[1, 0, 0, 0, 2, 0, 0, 1]",exactly_evaluated,205.2611111111111,5723.092458993746,87.01684680050504,6649.3182923116965,124.72173264083332,7868,136,4320,5760,36
NTSC-U,9740,3,28,"[2, 3, 4, 0, 7, 1, 0, 1]",exactly_dominated,117.73211452295206,373.99682353887414,5.635502865317851,660.4793665239185,10.088862869217733,3318.81296683242,314.612266417746,425.708333387952,394.9870887266592,3.5475694448996
NTSC-U,9255,3,26,"[2, 3, 3, 0, 6, 1, 0, 1]",exactly_dominated,118.77935307105456,438.10751703911416,6.587422192876795,701.0350933013988,10.817411470443657,3131.35325783931,323.784964911488,374.926154732574,322.590914031376,3.12438462277146
NTSC-U,4037,2,10,"[1, 0, 1, 0, 3, 0, 0, 2]",exactly_dominated,148.399343273773,2162.9333277149512,32.83607572408571,2832.6881472863706,46.658776863841105,5067.21190194854,279.211901948596,1548.64677450846,1923.150464062664,14.1848173910946
NTSC-U,8917,4,39,"[4, 4, 4, 0, 8, 1, 0, 1]",exactly_dominated,116.69662802620496,311.95021637143077,4.710404667021483,594.0538936942248,9.166624417398197,3673.96263087743,311.055880731801,426.630915399985,399.0332351051396,3.55525762833322
NTSC-U,9605,3,25,"[2, 2, 4, 0, 6, 1, 0, 1]",exactly_dominated,117.85164529907662,375.2820624959875,5.624294118267649,670.0209496260914,9.767665094845814,3147.02800599414,324.289577347363,345.929340449736,282.216264371874,2.8827445037478
NTSC-U,8444,4,39,"[4, 4, 3, 0, 8, 1, 0, 2]",exactly_dominated,116.34686267359034,311.32375677885216,4.6836047660296645,566.7477117557974,8.76949160793064,3713.51664418592,324.922697976136,297.323409202679,217.9112635298184,2.73741957124933
NTSC-U,9941,3,28,"[2, 3, 4, 0, 7, 1, 0, 1]",exactly_dominated,117.9262603941816,384.45485558080554,5.791268343189725,672.1304385202902,10.047594258662798,3270.01862243824,315.234068638257,425.811075238611,394.6445600601152,3.54842562698843
NTSC-U,9412,3,25,"[2, 2, 4, 0, 6, 1, 0, 1]",exactly_dominated,117.86004568013912,377.50863249055305,5.630799919836911,671.1935462448573,9.789350342866308,3097.87963456031,333.520477178015,264.865005900486,171.2305503978684,2.20720838250406
NTSC-U,9557,3,28,"[2, 3, 4, 0, 7, 1, 0, 1]",exactly_dominated,117.8516452990763,375.2820624959724,5.624294118267426,670.0209496260914,9.767665094845814,3147.02800599414,324.289577347362,345.929340449736,282.216264371874,2.8827445037478
NTSC-U,9804,3,25,"[2, 2, 4, 0, 6, 1, 0, 1]",exactly_dominated,117.80831821982386,378.5675048735463,5.703810414840794,665.0516685782504,10.160078200220248,3299.16564137351,314.860958002653,425.70811719543,394.7942560205864,3.54756764329525
NTSC-U,3623,1,7,"[1, 0, 0, 0, 2, 0, 0, 1]",exactly_evaluated,205.2611111111111,5723.092458993746,87.01684680050504,6649.3182923116965,124.72173264083332,7868,136,4320,5760,36
NTSC-U,9384,3,25,"[2, 2, 4, 0, 6, 1, 0, 1]",exactly_dominated,117.86004568013912,377.50863249055305,5.630799919836911,671.1935462448573,9.789350342866308,3097.87963456031,333.520477178015,264.865005900486,171.2305503978684,2.20720838250406
NTSC-U,8080,4,36,"[4, 3, 3, 0, 8, 1, 0, 1]",exactly_evaluated,115.8804632978602,276.1792606975507,4.180257727068674,523.699165006351,8.085787055401868,3705.80661840703,314.576830846963,374.252514437829,326.6046781310216,3.11877095364857
NTSC-U,7725,3,25,"[2, 2, 4, 0, 6, 1, 0, 1]",exactly_dominated,118.30732240985371,399.9228480719093,6.013734933853217,694.8715302545161,10.129940556719617,3221.87533232966,317.058770127933,420.669301289138,386.4477063723268,3.50557751074281
NTSC-U,80,1,8,"[1, 0, 1, 0, 2, 0, 0, 1]",exactly_dominated,170.87904530812156,3484.726701871188,52.5848056399248,3845.6570383101935,65.58805876207002,5153.68718612848,335.781188449895,1680.00012977561,2056.313470889348,14.0000010814634
NTSC-U,9691,3,25,"[2, 2, 4, 0, 6, 1, 0, 1]",exactly_dominated,117.73170381971116,373.9747118101582,5.635173523657497,660.4547200599718,10.0889502395363,3318.91564137354,314.610958002608,425.70811719543,394.987726543978,3.54756764329525
NTSC-U,8829,4,38,"[4, 3, 3, 1, 8, 1, 0, 1]",exactly_dominated,118.33191394225477,419.5771825480676,6.32920878054474,676.1582080438793,10.96447087738899,3776.9007622867,323.600805488833,355.444700958833,307.3592090055096,2.96203917465694
NTSC-U,9015,3,23,"[2, 2, 3, 0, 5, 1, 0, 1]",exactly_dominated,121.07069961487352,569.8259008129022,8.481496775398163,856.4808799869679,13.21603751925641,2933.84847495193,356.321546114449,139.648225076473,20.84282909911052,1.16373520897062
NTSC-U,4277,2,10,"[1, 0, 1, 0, 4, 0, 0, 1]",exactly_dominated,170.60065651025536,3516.9163368357154,52.709001404079345,4378.224400652907,68.50565438556373,3976.83785268071,475.348338992411,446.106712625591,313.0667766477948,3.7175559385466
NTSC-U,9916,3,28,"[2, 3, 4, 0, 7, 1, 0, 1]",exactly_dominated,117.9262603941816,384.45485558080554,5.791268343189724,672.1304385202902,10.047594258662476,3270.01862243824,315.234068638257,425.811075238611,394.6445600601152,3.54842562698842
NTSC-U,9853,3,25,"[2, 2, 4, 0, 6, 1, 0, 1]",exactly_dominated,118.01832920804368,387.3178490211149,5.832737346795656,677.6539275324194,9.878939782461144,3250.91747789938,315.541117102549,425.776578964146,394.3661964434176,3.54813815803455
NTSC-U,9150,3,23,"[2, 2, 3, 0, 5, 1, 0, 1]",exactly_dominated,121.26027169244195,579.670215013812,8.628146658625074,850.6319986197823,13.125785608909524,2889.46436895004,356.896076022593,139.762651076203,20.94070371794832,1.16468875896836
NTSC-U,9500,3,25,"[2, 2, 4, 0, 6, 1, 0, 1]",exactly_dominated,117.8516452990763,375.2820624959724,5.624294118267426,670.0209496260914,9.767665094845814,3147.02800599414,324.289577347362,345.929340449736,282.216264371874,2.8827445037478
NTSC-U,9629,3,25,"[2, 2, 4, 0, 6, 1, 0, 1]",exactly_dominated,117.85164529907662,375.2820624959875,5.624294118267649,670.0209496260914,9.767665094845814,3147.02800599414,324.289577347363,345.929340449736,282.216264371874,2.8827445037478
NTSC-U,9783,3,25,"[2, 2, 4, 0, 6, 1, 0, 1]",exactly_dominated,117.59326727185393,370.14725736566106,5.5868489398457015,652.2183298438458,9.889225428379198,3323.8930255746,313.577123478931,430.787803234841,402.54438360548,3.58989836029034
NTSC-U,9296,3,26,"[2, 3, 3, 0, 6, 1, 0, 1]",exactly_dominated,118.03270091254947,384.3342143254659,5.732099289463249,672.3552500864025,9.801694874272545,3062.89133806921,334.025764681952,265.254741687809,171.4684685490844,2.21045618073174
NTSC-U,7772,3,25,"[2, 2, 4, 0, 6, 1, 0, 1]",exactly_dominated,118.12067793638835,392.0723399477502,5.903155513388255,683.7977909330484,9.968505937249759,3227.12202846399,315.856389779257,425.914458492688,394.306347398226,3.54928715410573
NTSC-U,7288,2,18,"[1, 2, 3, 0, 4, 1, 0, 1]",exactly_dominated,123.75861455511269,743.2617092974464,11.282318148244592,1354.2444241667727,22.306510678498103,2812.58955230657,320.58955230718,519.213557945596,516.397524410548,5.58809052333772
NTSC-U,9900,3,27,"[2, 3, 4, 0, 6, 1, 0, 1]",exactly_dominated,117.95402138071172,385.534753056415,5.808059440861197,665.6446236723041,10.0497754758416,3266.65121014468,315.280439533992,426.190211875786,395.1079613678444,3.55158509896488
NTSC-U,9453,3,28,"[2, 3, 4, 0, 7, 1, 0, 1]",exactly_dominated,118.0029018832601,383.1333955779756,5.713459002074656,679.7466210235771,9.909447379543293,3066.3337146566,333.974557274432,264.865005900487,171.0016926670268,2.20720838250405
NTSC-U,9516,3,27,"[2, 3, 4, 0, 6, 1, 0, 1]",exactly_dominated,117.8809167902841,376.4955731504769,5.643125949485584,663.0115286083301,9.665480712329906,3143.58680279062,324.339174783748,346.316898855425,282.6908606740688,2.88597415712854
NTSC-U,9146,3,23,"[2, 2, 3, 0, 5, 1, 0, 1]",exactly_dominated,118.77935307105524,438.1075170391414,6.587422192877196,701.0350933013797,10.817411470443362,3131.35325783932,323.78496491149,374.926154732574,322.5909140313756,3.12438462277147
NTSC-U,9845,3,27,"[2, 3, 3, 0, 7, 1, 0, 1]",exactly_dominated,117.92626039419568,384.4548556030806,5.791268343533374,672.1304385202902,10.047594262681708,3270.01862243915,315.234068638197,425.811075239539,394.6445600613404,3.54842562699616
NTSC-U,9795,3,25,"[2, 2, 4, 0, 6, 1, 0, 1]",exactly_dominated,117.73170381971116,373.9747118101582,5.635173523657497,660.4547200599718,10.0889502395363,3318.91564137354,314.610958002608,425.70811719543,394.987726543978,3.54756764329525
NTSC-U,3662,2,11,"[1, 0, 2, 0, 4, 0, 0, 1]",exactly_dominated,149.8410043964173,2273.3901889766325,34.43906105770094,2912.479262390357,47.97306055543647,4992.39352691896,299.233581238093,1419.08284815642,1730.376882970592,11.8256904013035
NTSC-U,7764,3,25,"[2, 2, 4, 0, 6, 1, 0, 1]",exactly_dominated,120.04918930246431,507.947650731249,7.716460898248642,793.7796265527068,11.57183750091013,3465.07306136093,293.989742412059,663.885860695603,729.555633360012,5.53238217246336
NTSC-U,8868,4,42,"[4, 5, 4, 0, 8, 1, 0, 2]",exactly_dominated,118.02449127702886,399.6143757498524,5.979006436022661,702.8512806432573,10.84543638099667,3646.36678409479,332.821713662839,273.128345655127,182.5208508770764,2.57367175283124
NTSC-U,9280,3,25,"[2, 2, 4, 0, 6, 1, 0, 1]",exactly_dominated,118.00291527677012,383.13395079695374,5.713467549911511,679.7466210235771,9.909447379543293,3066.3347468638,333.974484570681,264.866038320574,171.0030390890568,2.20721698600478
NTSC-U,4148,2,10,"[1, 0, 1, 0, 3, 0, 0, 2]",exactly_dominated,150.41833677163822,2271.0757432236205,34.350107530113526,2953.827757158283,48.65413453559929,4744.32301305963,321.323013059707,1238.49090196538,1467.498189560796,12.3384919261855
NTSC-U,9404,3,28,"[2, 3, 4, 0, 7, 1, 0, 1]",exactly_dominated,118.0029018832601,383.1333955779756,5.713459002074656,679.7466210235771,9.909447379543293,3066.3337146566,333.974557274432,264.865005900487,171.0016926670268,2.20720838250405
NTSC-U,9957,3,25,"[2, 2, 4, 0, 6, 1, 0, 1]",exactly_dominated,119.09883414960326,455.03074892568185,6.900784785839533,737.5136853158965,11.127422204810093,3429.05584031676,300.281838379963,584.869578854871,618.537023643252,4.87391315712393
NTSC-U,8215,4,39,"[4, 3, 3, 1, 8, 1, 0, 2]",exactly_dominated,119.25569259913337,471.18954302709386,7.089144980931918,749.2670036112595,11.561660117640814,3804.4480528899,321.530127865379,400.842199739258,364.7863507836884,3.59528316471243
NTSC-U,9812,3,25,"[2, 2, 4, 0, 6, 1, 0, 1]",exactly_dominated,119.66446232205847,489.9589155884299,7.449961948247552,770.7072702939568,11.872098181352102,3556.77325988343,292.742738681649,663.688944262529,730.464035062268,5.53074120218774
NTSC-U,9111,3,23,"[2, 2, 3, 0, 5, 1, 0, 1]",exactly_dominated,122.33760464864825,631.7360778144133,9.398055319057717,909.8249955104147,13.712779021744112,2862.45677968873,360.825080303198,132.643444198369,13.52823854901632,1.1053620349864
NTSC-U,9541,3,27,"[2, 3, 4, 0, 6, 1, 0, 1]",exactly_dominated,117.84619613493393,374.8543509444556,5.618112724846835,667.6481267957479,9.733073730577082,3146.26385152877,324.259286922111,346.051623403698,282.3949399727776,2.88376352836415
NTSC-U,7676,3,25,"[2, 2, 4, 0, 6, 1, 0, 1]",exactly_dominated,118.08345911746424,390.88897974358287,5.885960470817161,681.5625095785254,9.93591967308008,3234.53444522294,315.749891422958,425.811075238611,394.248974696568,3.54842562698843
NTSC-U,9668,3,27,"[2, 3, 3, 0, 7, 1, 0, 1]",exactly_dominated,117.7321145229621,373.9968236397322,5.635502866874124,660.4793665239185,10.088862887818088,3318.81296683313,314.612266417697,425.708333388671,394.9870887276084,3.54756944490559
NTSC-U,9392,3,25,"[2, 2, 4, 0, 6, 1, 0, 1]",exactly_dominated,118.0029018832601,383.1333955779757,5.713459002074657,679.7466210235771,9.909447379543293,3066.3337146566,333.974557274432,264.865005900487,171.0016926670268,2.20720838250405
NTSC-U,3635,1,7,"[1, 0, 0, 0, 2, 0, 0, 1]",exactly_evaluated,205.2611111111111,5723.092458993746,87.01684680050504,6649.3182923116965,124.72173264083332,7868,136,4320,5760,36
NTSC-U,9238,3,26,"[2, 3, 3, 0, 6, 1, 0, 1]",exactly_dominated,118.77935307105456,438.10751703911757,6.587422192876846,701.0350933014197,10.81741147044398,3131.35325783931,323.784964911488,374.926154732575,322.590914031376,3.12438462277147
NTSC-U,9687,3,28,"[2, 3, 4, 0, 7, 1, 0, 1]",exactly_dominated,117.73211452295206,373.99682353887425,5.635502865317854,660.4793665239185,10.088862869217747,3318.81296683242,314.612266417746,425.708333387952,394.9870887266592,3.5475694448996
NTSC-U,7733,3,25,"[2, 2, 4, 0, 6, 1, 0, 1]",exactly_dominated,118.0029018832601,383.1333955779757,5.713459002074657,679.7466210235771,9.909447379543293,3066.3337146566,333.974557274432,264.865005900487,171.0016926670268,2.20720838250405
NTSC-U,8096,4,40,"[4, 5, 3, 0, 8, 1, 0, 1]",exactly_dominated,117.96678740123879,396.8483537987269,5.938237895085933,698.1641837352154,10.773111534008825,3646.38671076072,332.719094008329,273.04895262636,182.3275296052664,2.27540793855301
NTSC-U,7677,3,25,"[2, 2, 4, 0, 6, 1, 0, 1]",exactly_dominated,118.08345911746424,390.88897974358287,5.885960470817161,681.5625095785254,9.93591967308008,3234.53444522294,315.749891422958,425.811075238611,394.248974696568,3.54842562698843
NTSC-U,8428,4,39,"[4, 4, 3, 0, 8, 1, 0, 2]",exactly_dominated,117.0087574064919,335.42364469736737,5.070781958483413,616.7164309581813,9.516321590750803,4004.52396202337,311.389698800747,432.787004828967,407.056601556164,3.81687546375487
NTSC-U,9669,3,27,"[2, 3, 3, 0, 7, 1, 0, 1]",exactly_dominated,117.7321145229621,373.9968236397322,5.635502866874124,660.4793665239185,10.088862887818088,3318.81296683313,314.612266417697,425.708333388671,394.9870887276084,3.54756944490559
NTSC-U,9393,3,25,"[2, 2, 4, 0, 6, 1, 0, 1]",exactly_dominated,118.0029018832601,383.1333955779756,5.713459002074656,679.7466210235771,9.909447379543293,3066.3337146566,333.974557274432,264.865005900487,171.0016926670268,2.20720838250405
NTSC-U,9239,3,26,"[2, 3, 3, 0, 6, 1, 0, 1]",exactly_dominated,118.77935307105456,438.10751703911757,6.587422192876846,701.0350933014197,10.81741147044398,3131.35325783931,323.784964911488,374.926154732575,322.590914031376,3.12438462277147
NTSC-U,3634,1,7,"[1, 0, 0, 0, 2, 0, 0, 1]",exactly_evaluated,205.2611111111111,5723.092458993746,87.01684680050504,6649.3182923116965,124.72173264083332,7868,136,4320,5760,36
NTSC-U,9686,3,25,"[2, 2, 4, 0, 6, 1, 0, 1]",exactly_dominated,117.73211452295206,373.9968235388742,5.635502865317853,660.4793665239185,10.088862869217733,3318.81296683242,314.612266417746,425.708333387952,394.9870887266592,3.5475694448996
NTSC-U,7732,3,25,"[2, 2, 4, 0, 6, 1, 0, 1]",exactly_dominated,118.0029018832601,383.1333955779756,5.713459002074656,679.7466210235771,9.909447379543293,3066.33371465659,333.974557274432,264.865005900487,171.0016926670268,2.20720838250405
NTSC-U,9055,3,23,"[2, 2, 3, 0, 5, 1, 0, 1]",exactly_dominated,122.33760464864825,631.7360778144151,9.398055319057745,909.8249955104166,13.71277902174442,2862.45677968874,360.825080303198,132.64344419837,13.52823854901632,1.10536203498641
NTSC-U,9405,3,28,"[2, 3, 4, 0, 7, 1, 0, 1]",exactly_dominated,118.0029018832601,383.1333955779756,5.713459002074656,679.7466210235771,9.909447379543293,3066.3337146566,333.974557274432,264.865005900487,171.0016926670268,2.20720838250405
NTSC-U,9956,3,25,"[2, 2, 4, 0, 6, 1, 0, 1]",exactly_dominated,117.4668172034938,365.19503943498313,5.521119005972987,644.5586673549014,9.566237166920411,3284.53822042277,312.076242426254,440.331006816545,416.386709898948,3.66942505680454
NTSC-U,9813,3,25,"[2, 2, 4, 0, 6, 1, 0, 1]",exactly_dominated,117.73211452295206,373.99682353887255,5.635502865317825,660.4793665239185,10.088862869217733,3318.81296683241,314.612266417746,425.708333387952,394.9870887266592,3.5475694448996
NTSC-U,9540,3,28,"[2, 3, 4, 0, 7, 1, 0, 1]",exactly_dominated,117.8516452990763,375.2820624959725,5.624294118267429,670.0209496260914,9.767665094845814,3147.02800599415,324.289577347362,345.929340449736,282.216264371874,2.8827445037478
NTSC-U,9794,3,28,"[2, 3, 4, 0, 7, 1, 0, 1]",exactly_dominated,117.73211452295206,373.99682353887255,5.635502865317825,660.4793665239185,10.088862869217733,3318.81296683241,314.612266417746,425.708333387952,394.9870887266592,3.5475694448996
NTSC-U,8185,4,37,"[4, 3, 4, 0, 8, 1, 0, 1]",exactly_dominated,117.24700845793173,350.6218091153158,5.239300285912156,629.3016737720163,9.710519786067348,3686.92056458143,330.798544215116,270.080805398846,179.4633265480688,2.25067337832371
NTSC-U,7765,3,25,"[2, 2, 4, 0, 6, 1, 0, 1]",exactly_dominated,120.04918930246437,507.947650731252,7.7164608982486875,793.7796265527068,11.57183750091013,3465.07306136093,293.989742412059,663.885860695604,729.555633360016,5.53238217246336
NTSC-U,3726,2,12,"[1, 1, 1, 0, 4, 0, 0, 1]",exactly_dominated,137.98513822301894,1559.4226757651493,23.410576922923255,2207.8358442411272,36.36648817382957,2230.40573681243,384.405736812459,343.905736865683,264.2117305702096,3.81228888692236
NTSC-U,9281,3,25,"[2, 2, 4, 0, 6, 1, 0, 1]",exactly_dominated,118.00290188325974,383.13339557796183,5.713459002074452,679.7466210235771,9.909447379543293,3066.3337146566,333.974557274431,264.865005900487,171.0016926670268,2.20720838250405
NTSC-U,9901,3,25,"[2, 2, 4, 0, 6, 1, 0, 1]",exactly_dominated,118.0183292080437,387.3178490211139,5.83273734679564,677.6539275324194,9.878939782461144,3250.91747789938,315.541117102549,425.776578964146,394.366196443418,3.54813815803455
NTSC-U,9002,3,23,"[2, 2, 3, 0, 5, 1, 0, 1]",exactly_dominated,120.897146014059,555.5912018255588,8.278640573191884,790.5734236184853,12.092320483059552,2888.80639769225,354.260269539883,155.857303250721,37.64906946782984,1.29881086042267
NTSC-U,9517,3,25,"[2, 2, 4, 0, 6, 1, 0, 1]",exactly_dominated,117.81384582824077,374.08632280488746,5.606926688125771,667.7562943485482,9.734650613255857,3154.44072852485,324.182038083185,345.826355330486,282.150684430094,2.88188629442071
NTSC-U,9147,3,23,"[2, 2, 3, 0, 5, 1, 0, 1]",exactly_dominated,121.26027169244195,579.670215013812,8.628146658625074,850.6319986197823,13.125785608909524,2889.46436895004,356.896076022593,139.762651076203,20.94070371794832,1.16468875896836
NTSC-U,9844,3,27,"[2, 3, 3, 0, 7, 1, 0, 1]",exactly_dominated,117.92626039419568,384.4548556030806,5.791268343533374,672.1304385202902,10.047594262681708,3270.01862243915,315.234068638197,425.811075239539,394.6445600613404,3.54842562699616
NTSC-U,9628,3,25,"[2, 2, 4, 0, 6, 1, 0, 1]",exactly_evaluated,117.41401590666487,357.2596670495528,5.37223840582492,643.0816625851648,9.37494016011574,3161.46068413821,321.247480439281,360.340779064594,303.32974578948,3.00283982553828
NTSC-U,9278,3,24,"[2, 2, 3, 0, 6, 1, 0, 1]",exactly_dominated,120.28886376294061,516.9736477488765,7.676293389598928,762.9198633044871,11.490543506283874,2905.66005407812,356.028944490504,103.533759847938,7.45366306445124,0.862781332066148
NTSC-U,9782,3,25,"[2, 2, 4, 0, 6, 1, 0, 1]",exactly_dominated,117.9213667926652,382.3026093568357,5.752985539117241,671.7093233603373,10.32252922560304,3313.56019802912,315.825538542331,420.45714795945,387.0898871106364,3.50380956632875
NTSC-U,6477,2,19,"[1, 2, 2, 0, 5, 1, 0, 2]",exactly_dominated,134.80587032046142,1298.6831871293873,19.54723577272527,1604.1292574620893,26.42250229923249,2258.00938272046,346.112397055358,617.860950907301,632.259778884784,5.48361147369754
NTSC-U,9297,3,25,"[2, 2, 4, 0, 6, 1, 0, 1]",exactly_dominated,117.96462923347646,381.92349105541695,5.695886177305614,677.4542973897578,9.87602954453882,3073.74668059649,333.866642666481,264.761366041062,170.9232364658144,2.20634471700885
NTSC-U,7773,3,25,"[2, 2, 4, 0, 6, 1, 0, 1]",exactly_dominated,118.12067793638835,392.0723399477503,5.903155513388256,683.7977909330484,9.968505937249759,3227.12202846399,315.856389779257,425.914458492688,394.306347398226,3.54928715410573
NTSC-U,9444,3,25,"[2, 2, 4, 0, 6, 1, 0, 1]",exactly_dominated,117.54930925587587,364.3970355866256,5.450831815079684,652.6220769531692,9.514021740273382,3080.80032486204,330.935609407538,279.440654116359,191.1764990007888,2.32867211763633
NTSC-U,604,2,10,"[1, 0, 2, 0, 3, 0, 0, 1]",exactly_dominated,149.42855291939216,2255.460759558335,34.208978162474374,2894.5823410035873,47.678270441552975,5020.49001405229,284.658979173293,1533.2842127207,1897.219971120928,12.7773684393391
NTSC-U,9917,3,28,"[2, 3, 4, 0, 7, 1, 0, 1]",exactly_dominated,117.9262603941816,384.45485558080554,5.791268343189724,672.1304385202902,10.047594258662476,3270.01862243824,315.234068638257,425.811075238611,394.6445600601152,3.54842562698842
NTSC-U,9852,3,26,"[2, 3, 3, 0, 6, 1, 0, 1]",exactly_dominated,117.9540213807247,385.5347530762879,5.808059441167806,665.6446236723041,10.049775479424232,3266.65121014559,315.28043953393,426.190211876701,395.1079613690564,3.5515850989725
NTSC-U,9501,3,25,"[2, 2, 4, 0, 6, 1, 0, 1]",exactly_dominated,117.8516452990763,375.2820624959725,5.624294118267429,670.0209496260914,9.767665094845814,3147.02800599415,324.289577347362,345.929340449736,282.216264371874,2.8827445037478
NTSC-U,9385,3,25,"[2, 2, 4, 0, 6, 1, 0, 1]",exactly_dominated,118.49020376524699,405.4391269275713,6.033186328065587,708.794598830501,10.332913122008337,3055.86281212357,336.654520548965,254.317041954837,156.3457667672676,2.11930868295697
NTSC-U,7661,3,25,"[2, 3, 2, 0, 6, 1, 0, 1]",exactly_dominated,118.77935307155758,438.10751708096444,6.587422193521597,701.0350935592987,10.817411474423215,3131.35325787647,323.784964908839,374.926154770293,322.590914081258,3.12438462308578
NTSC-U,7724,3,25,"[2, 2, 4, 0, 6, 1, 0, 1]",exactly_dominated,118.30732240985405,399.9228480719212,6.013734933853392,694.8715302545161,10.129940556719617,3221.87533232967,317.058770127934,420.669301289138,386.4477063723272,3.50557751074281
NTSC-U,8982,3,23,"[2, 2, 3, 0, 5, 1, 0, 1]",exactly_dominated,121.26027169244163,579.6702150138029,8.62814665862494,850.6319986198232,13.125785608910157,2889.46436895005,356.896076022592,139.762651076203,20.94070371794832,1.16468875896836
NTSC-U,9690,3,28,"[2, 3, 4, 0, 7, 1, 0, 1]",exactly_dominated,117.73211452295206,373.99682353887425,5.635502865317854,660.4793665239185,10.088862869217747,3318.81296683242,314.612266417746,425.708333387952,394.9870887266592,3.5475694448996
NTSC-U,8202,4,37,"[4, 3, 3, 0, 8, 1, 0, 2]",exactly_dominated,116.89519735546082,322.03053331860815,4.856188498074386,610.1955574207432,8.907454763394039,3540.01374789331,312.011044883208,425.688750514892,397.019773773794,3.7567200082169
NTSC-U,9940,3,28,"[2, 3, 4, 0, 7, 1, 0, 1]",exactly_dominated,117.9262603941816,384.45485558080554,5.791268343189725,672.1304385202902,10.047594258662798,3270.01862243824,315.234068638257,425.811075238611,394.6445600601152,3.54842562698843
NTSC-U,9413,3,25,"[2, 2, 4, 0, 6, 1, 0, 1]",exactly_dominated,118.49020376524699,405.4391269275696,6.033186328065561,708.794598830501,10.332913122008337,3055.86281212357,336.654520548965,254.317041954837,156.3457667672676,2.11930868295697
NTSC-U,9043,3,23,"[2, 2, 3, 0, 5, 1, 0, 1]",exactly_dominated,121.07069961487383,569.8259008129169,8.481496775398382,856.4808799869897,13.216037519256748,2933.84847495193,356.32154611445,139.648225076474,20.84282909911056,1.16373520897062
NTSC-U,9805,3,25,"[2, 2, 4, 0, 6, 1, 0, 1]",exactly_dominated,117.85449233221635,380.15292156769664,5.726979617471731,667.8242791906978,9.98100659536273,3288.784054537,314.999500736974,425.811075238611,394.8252945221436,3.54842562698843
NTSC-U,8853,4,39,"[4, 3, 3, 1, 8, 1, 0, 2]",exactly_dominated,118.73389970713914,444.34538946959634,6.66758868236834,679.8498288884457,10.760258333989915,3376.63460795533,332.816722280831,277.999427667565,216.3796854431724,2.57596606779777
NTSC-U,9741,3,28,"[2, 3, 4, 0, 7, 1, 0, 1]",exactly_dominated,117.73211452295206,373.99682353887414,5.635502865317851,660.4793665239185,10.088862869217733,3318.81296683242,314.612266417746,425.708333387952,394.9870887266592,3.5475694448996
NTSC-U,9254,3,26,"[2, 3, 3, 0, 6, 1, 0, 1]",exactly_dominated,118.77935307105487,438.1075170391235,6.5874221928769305,701.0350933013797,10.817411470443362,3131.35325783931,323.784964911489,374.926154732575,322.590914031376,3.12438462277147
NTSC-U,3659,2,11,"[1, 0, 2, 0, 4, 0, 0, 1]",exactly_dominated,149.8410043964173,2273.3901889766325,34.43906105770094,2912.479262390357,47.97306055543647,4992.39352691896,299.233581238093,1419.08284815642,1730.376882970592,11.8256904013035
NTSC-U,8916,4,37,"[4, 3, 3, 0, 8, 1, 0, 2]",exactly_dominated,116.50200093408186,311.12255168755246,4.738531911319524,566.0483782357651,9.037039591052247,3894.15482322548,306.843586611919,458.795351498091,445.09275231668,4.02343877061712
NTSC-U,9604,3,25,"[2, 2, 4, 0, 6, 1, 0, 1]",exactly_dominated,117.85164529907662,375.2820624959875,5.624294118267649,670.0209496260914,9.767665094845814,3147.02800599414,324.289577347363,345.929340449736,282.216264371874,2.8827445037478
NTSC-U,9487,3,27,"[2, 3, 3, 0, 7, 1, 0, 1]",exactly_dominated,117.85164529909422,375.28206249673843,5.624294118279164,670.0209496260914,9.767665094845814,3147.02800599534,324.289577347284,345.929340450938,282.2162643734484,2.88274450375782
NTSC-U,3570,1,12,"[1, 1, 1, 0, 4, 0, 0, 1]",exactly_dominated,140.7799046524662,1761.5868507002351,26.442875625546336,2270.027642058086,37.39088375365449,1537.59208483571,389.591709866157,392.922315809151,328.1497350353124,3.27435263174292
NTSC-U,9891,3,28,"[2, 3, 4, 0, 7, 1, 0, 1]",exactly_dominated,117.92626039418226,384.45485558083556,5.791268343190168,672.1304385202902,10.047594258662476,3270.01862243825,315.234068638259,425.811075238611,394.6445600601152,3.54842562698843
NTSC-U,9468,3,24,"[2, 2, 3, 0, 6, 1, 0, 1]",exactly_evaluated,117.71051620331727,369.7271514644837,5.542677868145088,661.5513185256059,9.644193552481955,3178.57392589899,323.835497250952,345.929340450938,282.5194386367724,2.88274450375782
NTSC-U,9192,3,27,"[2, 3, 4, 0, 6, 1, 0, 1]",exactly_dominated,118.77935307105454,438.1075170391118,6.587422192876759,701.0350933013797,10.817411470443362,3131.35325783931,323.784964911488,374.926154732575,322.5909140313752,3.12438462277147
NTSC-U,9038,3,23,"[2, 2, 3, 0, 5, 1, 0, 1]",exactly_dominated,121.2602716924413,579.6702150137874,8.628146658624708,850.6319986197823,13.125785608909524,2889.46436895005,356.896076022591,139.762651076203,20.94070371794828,1.16468875896837
NTSC-U,7925,3,28,"[2, 3, 4, 0, 7, 1, 0, 1]",exactly_dominated,118.12067793638835,392.07233994775015,5.903155513388254,683.7977909330484,9.968505937249759,3227.12202846399,315.856389779257,425.914458492688,394.306347398226,3.54928715410573
NTSC-U,4124,2,10,"[1, 0, 2, 0, 3, 0, 0, 1]",exactly_evaluated,147.6602865515081,2153.60392674959,32.65355127305102,2768.475653842882,45.601097286115355,4934.15612010747,289.358509838244,1444.7886209933,1774.5263181528,12.0399051749441
NTSC-U,9716,3,28,"[2, 3, 4, 0, 7, 1, 0, 1]",exactly_dominated,117.73211452295206,373.99682353887414,5.635502865317851,660.4793665239185,10.088862869217733,3318.81296683242,314.612266417746,425.708333387952,394.9870887266592,3.5475694448996
NTSC-U,6549,2,17,"[1, 1, 3, 0, 5, 1, 0, 1]",exactly_dominated,128.2826558929745,1016.1065239392178,15.36487712899194,1625.88690443846,26.78088456461713,2017.63174393458,333.376812777705,554.324364644541,553.600699198992,4.61936970537117
NTSC-U,9346,3,25,"[2, 2, 4, 0, 6, 1, 0, 1]",exactly_dominated,121.54955452335366,573.9807473808041,8.617573840477478,710.9142964220155,11.435530030999168,3092.40205208026,330.499541989053,390.732613663778,340.198678630066,3.25610511386482
NTSC-U,9653,3,25,"[2, 2, 4, 0, 6, 1, 0, 1]",exactly_dominated,117.59326795681835,370.1496052545356,5.58688516679437,652.2183298438458,9.889655052090152,3323.89307347798,313.577120258438,430.787851139275,402.544446831404,3.58989875949396
NTSC-U,9203,3,26,"[2, 3, 3, 0, 6, 1, 0, 1]",exactly_dominated,118.77935307105456,438.1075170391123,6.587422192876765,701.0350933013788,10.81741147044335,3131.3532578393,323.784964911488,374.926154732575,322.5909140313756,3.12438462277146
NTSC-U,9829,3,24,"[2, 2, 3, 0, 6, 1, 0, 1]",exactly_dominated,118.01832920805718,387.3178490220028,5.832737346809281,677.6539275324194,9.878939782461144,3250.91747790025,315.541117102495,425.776578965004,394.36619644455,3.5481381580417
NTSC-U,9983,3,25,"[2, 2, 4, 0, 6, 1, 0, 1]",exactly_dominated,117.9262603941816,384.45485558080554,5.791268343189725,672.1304385202902,10.047594258662798,3270.01862243824,315.234068638257,425.811075238611,394.6445600601152,3.54842562698843
NTSC-U,7837,3,25,"[2, 2, 4, 0, 6, 1, 0, 1]",exactly_dominated,118.12067793638835,392.0723399477502,5.903155513388255,683.7977909330484,9.968505937249759,3227.12202846399,315.856389779257,425.914458492688,394.306347398226,3.54928715410573
NTSC-U,9595,3,25,"[2, 2, 4, 0, 6, 1, 0, 1]",exactly_dominated,117.81384582824077,374.0863228048858,5.606926688125744,667.7562943485482,9.734650613255857,3154.44072852484,324.182038083185,345.826355330486,282.150684430094,2.88188629442071
NTSC-U,8541,4,39,"[4, 4, 3, 0, 8, 1, 0, 2]",exactly_dominated,117.4069593627099,343.82624364931365,5.195111261982363,586.420268767547,9.04883279379483,3863.04029287945,312.7708293954,432.135343294407,405.06130104998,3.81451740500054
NTSC-U,9350,3,28,"[2, 3, 4, 0, 7, 1, 0, 1]",exactly_dominated,118.0029018832601,383.1333955779757,5.713459002074657,679.7466210235771,9.909447379543293,3066.3337146566,333.974557274432,264.865005900487,171.0016926670268,2.20720838250405
NTSC-U,9700,3,25,"[2, 2, 4, 0, 6, 1, 0, 1]",exactly_dominated,117.80831821982386,378.56750487354975,5.703810414840851,665.0516685782504,10.160078200220866,3299.16564137351,314.860958002653,425.70811719543,394.794256020586,3.54756764329525
NTSC-U,4132,2,10,"[1, 0, 2, 0, 3, 0, 0, 1]",exactly_dominated,148.3095080905825,2186.6946870540182,33.17961664122875,2819.972427456515,46.449329193163805,5015.15612010745,280.358509838238,1539.59011186632,1909.928305983496,12.829917598886
NTSC-U,3618,1,8,"[1, 0, 1, 0, 2, 0, 0, 1]",exactly_evaluated,170.19193122505237,3469.019054037349,52.31190444807218,3856.4416675510083,63.52158864612607,4989.48280822981,353.519678818073,1504.84622653471,1816.314914582628,12.5403852211227
NTSC-U,9215,4,28,"[2, 4, 3, 0, 6, 1, 0, 1]",exactly_dominated,118.77935307105454,438.10751703911166,6.587422192876757,701.0350933013979,10.817411470443643,3131.35325783931,323.784964911488,374.926154732575,322.5909140313752,3.12438462277147
NTSC-U,9645,3,27,"[2, 3, 4, 0, 6, 1, 0, 1]",exactly_dominated,117.84619613493393,374.854350944459,5.618112724846888,667.6481267957479,9.733073730577082,3146.26385152876,324.259286922111,346.051623403698,282.3949399727776,2.88376352836415
NTSC-U,6699,2,16,"[1, 1, 2, 0, 5, 1, 0, 1]",exactly_dominated,129.79241851535744,1105.1565694376836,16.617328586824627,1716.4726617814367,28.272972792880797,1778.34456498035,365.009370308385,315.029365639071,225.6524704649,2.62524471365893
NTSC-U,7821,3,24,"[2, 2, 3, 0, 6, 1, 0, 1]",exactly_dominated,118.12067793640632,392.0723399485211,5.903155513400066,683.7977909330484,9.968505937249759,3227.12202846519,315.856389779179,425.914458493886,394.3063473998072,3.54928715411572
NTSC-U,9995,3,27,"[2, 3, 4, 0, 6, 1, 0, 1]",exactly_dominated,117.92087794860781,384.071015899017,5.785750184098944,669.9597049408694,10.045233343955458,3269.28740931022,315.204232869154,425.928211738304,394.820998280132,3.54940176448587
NTSC-U,8687,4,38,"[4, 4, 3, 0, 8, 1, 0, 1]",exactly_dominated,117.21255379412023,360.08936051290965,5.475505026445412,621.1225878466521,10.138022157183123,3823.55994845167,308.663521251273,460.716015186443,446.397942211212,3.83930012655369
NTSC-U,9429,3,25,"[2, 2, 4, 0, 6, 1, 0, 1]",exactly_dominated,118.00292217452348,383.1344880117834,5.713475626297902,679.7465612762035,9.909446508537192,3066.33386436418,333.974537317716,264.865728746685,171.0026600646472,2.20721440622237
NTSC-U,6226,3,25,"[2, 2, 4, 0, 6, 1, 0, 1]",exactly_dominated,118.12067793638835,392.07233994775015,5.903155513388254,683.7977909330484,9.968505937249759,3227.12202846399,315.856389779257,425.914458492688,394.306347398226,3.54928715410573
NTSC-U,7964,3,25,"[2, 2, 4, 0, 6, 1, 0, 1]",exactly_dominated,118.12067793638835,392.0723399477503,5.903155513388256,683.7977909330484,9.968505937249759,3227.12202846399,315.856389779257,425.914458492688,394.306347398226,3.54928715410573
NTSC-U,9583,3,28,"[2, 3, 4, 0, 7, 1, 0, 1]",exactly_dominated,117.85164529907662,375.2820624959875,5.624294118267649,670.0209496260914,9.767665094845814,3147.02800599414,324.289577347363,345.929340449736,282.216264371874,2.8827445037478
NTSC-U,9757,3,25,"[2, 2, 4, 0, 6, 1, 0, 1]",exactly_dominated,117.59326727185393,370.14725736566106,5.5868489398457015,652.2183298438458,9.889225428379198,3323.8930255746,313.577123478931,430.787803234841,402.54438360548,3.58989836029034
NTSC-U,9307,3,25,"[2, 2, 4, 0, 6, 1, 0, 1]",exactly_dominated,118.0029018832601,383.1333955779757,5.713459002074657,679.7466210235771,9.909447379543293,3066.33371465659,333.974557274432,264.865005900487,171.0016926670268,2.20720838250405
NTSC-U,8003,4,36,"[4, 3, 3, 0, 8, 1, 0, 1]",exactly_dominated,116.68535776187026,309.4739814896562,4.642034726474248,600.0397872441126,8.74746929727165,3459.84236919442,320.515749906413,345.620050259715,284.391178645588,2.88016708549762
NTSC-U,9612,3,25,"[2, 2, 4, 0, 6, 1, 0, 1]",exactly_dominated,117.65531379999388,367.62833654884315,5.511898183878679,658.242240998291,9.81159636511156,3189.92490574011,323.666215298362,345.826355330486,282.4957303240184,2.88188629442072
NTSC-U,8900,4,41,"[4, 4, 4, 1, 8, 1, 0, 1]",exactly_dominated,119.39143114028606,460.8833872109506,6.9161095281608045,706.2244492181426,10.897486489161535,3746.14335762467,329.53654837677,329.905517077045,275.4807178586416,2.74921264230871
NTSC-U,9242,4,28,"[2, 4, 3, 0, 6, 1, 0, 1]",exactly_dominated,118.77935307105456,438.1075170391141,6.587422192876794,701.0350933013988,10.817411470443657,3131.35325783931,323.784964911488,374.926154732575,322.590914031376,3.12438462277147
NTSC-U,9868,3,28,"[2, 3, 4, 0, 7, 1, 0, 1]",exactly_dominated,117.9262603941816,384.45485558080554,5.791268343189724,672.1304385202902,10.047594258662476,3270.01862243824,315.234068638257,425.811075238611,394.6445600601152,3.54842562698842
NTSC-U,7876,3,25,"[2, 2, 4, 0, 6, 1, 0, 1]",exactly_dominated,117.73211452295206,373.99682353887255,5.635502865317825,660.4793665239185,10.088862869217733,3318.81296683241,314.612266417746,425.708333387952,394.9870887266592,3.5475694448996
NTSC-U,9491,3,25,"[2, 2, 4, 0, 6, 1, 0, 1]",exactly_dominated,117.81384582824077,374.0863228048857,5.606926688125744,667.7562943485482,9.734650613255857,3154.44072852485,324.182038083185,345.826355330486,282.150684430094,2.88188629442071
NTSC-U,7933,3,28,"[2, 3, 4, 0, 7, 1, 0, 1]",exactly_dominated,118.12067793638835,392.0723399477503,5.903155513388256,683.7977909330484,9.968505937249759,3227.12202846399,315.856389779257,425.914458492688,394.306347398226,3.54928715410573
NTSC-U,9887,3,25,"[2, 2, 4, 0, 6, 1, 0, 1]",exactly_dominated,117.9262603941816,384.45485558080554,5.791268343189724,672.1304385202902,10.047594258662476,3270.01862243824,315.234068638257,425.811075238611,394.6445600601152,3.54842562698842
NTSC-U,9409,3,25,"[2, 2, 4, 0, 6, 1, 0, 1]",exactly_dominated,117.96462923347644,381.9234910554181,5.695886177305632,677.4542973897578,9.87602954453882,3073.74668059649,333.866642666481,264.761366041062,170.9232364658144,2.20634471700885
NTSC-U,7944,3,27,"[2, 3, 4, 0, 6, 1, 0, 1]",exactly_dominated,118.11496375207558,391.6422754356219,5.896942853736397,681.5243878997371,9.935363929574649,3226.35818115349,315.824851106968,426.037146131276,394.4918002776048,3.55030955109397
NTSC-U,7801,3,24,"[2, 2, 3, 0, 6, 1, 0, 1]",exactly_dominated,118.12067793640632,392.0723399485211,5.903155513400066,683.7977909330484,9.968505937249759,3227.12202846519,315.856389779179,425.914458493886,394.3063473998072,3.54928715411572
NTSC-U,3638,2,11,"[1, 0, 2, 0, 4, 0, 0, 1]",exactly_dominated,150.05337686752742,2286.2861110336357,34.631409622128345,2925.008407399914,48.179435048815016,4991.07108695078,300.05449539799,1417.76040818594,1727.792715516636,11.8146700682162
NTSC-U,9665,3,24,"[2, 2, 3, 0, 6, 1, 0, 1]",exactly_dominated,117.73170381972187,373.9747119112132,5.63517352521679,660.4547200599718,10.088950258168218,3318.91564137426,314.610958002561,425.708117196149,394.9877265449264,3.54756764330124
NTSC-U,8977,3,22,"[2, 2, 2, 0, 5, 1, 0, 1]",exactly_dominated,119.87907377058141,489.189515242351,7.31942350872351,773.2591827991009,11.931874500383437,3050.46436898735,333.896076019908,316.724001963372,239.7463390073612,2.6393666830281
NTSC-U,7694,3,25,"[2, 2, 4, 0, 6, 1, 0, 1]",exactly_dominated,118.0488360685342,387.86849424635847,5.840381987277471,679.4872164691678,9.905665741352786,3245.70964344348,315.621821878052,425.914458492688,394.4857334757596,3.54928715410573
NTSC-U,9370,3,28,"[2, 3, 4, 0, 7, 1, 0, 1]",exactly_dominated,118.0029018832601,383.1333955779757,5.713459002074657,679.7466210235771,9.909447379543293,3066.3337146566,333.974557274432,264.865005900487,171.0016926670268,2.20720838250405
NTSC-U,9720,3,28,"[2, 3, 4, 0, 7, 1, 0, 1]",exactly_dominated,117.73211452295206,373.99682353887414,5.635502865317851,660.4793665239185,10.088862869217733,3318.81296683242,314.612266417746,425.708333387952,394.9870887266592,3.5475694448996
NTSC-U,7913,3,28,"[2, 3, 4, 0, 7, 1, 0, 1]",exactly_dominated,118.12067793638835,392.0723399477503,5.903155513388256,683.7977909330484,9.968505937249759,3227.12202846399,315.856389779257,425.914458492688,394.306347398226,3.54928715410573
NTSC-U,9848,3,27,"[2, 3, 3, 0, 7, 1, 0, 1]",exactly_dominated,117.92626039419568,384.4548556030806,5.791268343533374,672.1304385202902,10.047594262681708,3270.01862243915,315.234068638197,425.811075239539,394.6445600613404,3.54842562699616
NTSC-U,4283,2,10,"[1, 0, 1, 0, 4, 0, 0, 1]",exactly_dominated,170.5834045596873,3515.8185301302424,52.692652082773186,4376.691575204704,68.48872183943344,3977.18061972922,475.248797309587,446.458510869927,313.6048155344908,3.72048759058272
NTSC-U,7856,3,28,"[2, 3, 4, 0, 7, 1, 0, 1]",exactly_dominated,118.12067793638835,392.0723399477502,5.903155513388255,683.7977909330484,9.968505937249759,3227.12202846399,315.856389779257,425.914458492688,394.306347398226,3.54928715410573
NTSC-U,7786,3,25,"[2, 2, 4, 0, 6, 1, 0, 1]",exactly_dominated,118.12067793638835,392.0723399477502,5.903155513388255,683.7977909330484,9.968505937249759,3227.12202846399,315.856389779257,425.914458492688,394.306347398226,3.54928715410573
NTSC-U,8189,4,41,"[4, 5, 4, 0, 8, 1, 0, 1]",exactly_dominated,117.73184134924446,360.17515269900787,5.384579291870793,614.0435928452189,9.475078021151973,3543.16223479303,332.350428883276,270.006909376154,178.708876521918,2.25005757813462
NTSC-U,9632,3,25,"[2, 2, 4, 0, 6, 1, 0, 1]",exactly_dominated,117.85164529907662,375.2820624959875,5.624294118267649,670.0209496260914,9.767665094845814,3147.02800599414,324.289577347363,345.929340449736,282.216264371874,2.8827445037478
NTSC-U,8920,4,41,"[4, 4, 3, 1, 8, 1, 0, 2]",exactly_dominated,117.37096094015087,370.2855259377272,5.608068905941905,614.4766460777009,9.719305677958964,3913.16385488757,313.052418835698,424.387124122689,399.518637939378,3.7670057208049
NTSC-U,9798,3,28,"[2, 3, 4, 0, 7, 1, 0, 1]",exactly_dominated,117.73211452295206,373.99682353887255,5.635502865317825,660.4793665239185,10.088862869217733,3318.81296683241,314.612266417746,425.708333387952,394.9870887266592,3.5475694448996
NTSC-U,9777,3,25,"[2, 2, 4, 0, 6, 1, 0, 1]",exactly_dominated,117.88882755337349,380.21856747277116,5.726931601141413,669.882311910138,9.765644013594994,3283.43104585405,315.126780787476,425.70811719543,394.5891907985128,3.54756764329525
NTSC-U,9327,3,25,"[2, 2, 4, 0, 6, 1, 0, 1]",exactly_dominated,117.92955842537988,378.8463983505532,5.64943501017973,675.3554608289396,9.845432392873143,3084.92132963598,333.739989373173,264.865005900487,171.1196107133788,2.20720838250405
NTSC-U,9448,3,25,"[2, 2, 4, 0, 6, 1, 0, 1]",exactly_dominated,118.0029018832601,383.1333955779756,5.713459002074656,679.7466210235771,9.909447379543293,3066.3337146566,333.974557274432,264.865005900487,171.0016926670268,2.20720838250405
NTSC-U,7905,3,28,"[2, 3, 4, 0, 7, 1, 0, 1]",exactly_dominated,118.12067793638835,392.07233994775015,5.903155513388254,683.7977909330484,9.968505937249759,3227.12202846399,315.856389779257,425.914458492688,394.306347398226,3.54928715410573
NTSC-U,3803,2,13,"[1, 1, 1, 0, 5, 0, 0, 1]",exactly_dominated,133.06553894711024,1264.046806719439,19.11646829922533,1912.6598876866046,31.504481353332224,2623.0678993318,326.856738313593,738.757482817407,803.116349175008,6.15631235681173
NTSC-U,9274,3,25,"[2, 2, 4, 0, 6, 1, 0, 1]",exactly_dominated,118.17702827616314,390.49194404730883,5.817170921864412,690.1226660119355,10.060710907216418,3061.11407467445,335.101137992932,259.605994641574,163.7442404766424,2.16338328867978
NTSC-U,8936,4,38,"[4, 4, 3, 0, 8, 1, 0, 1]",exactly_dominated,116.96393748101659,344.4511646434787,5.213930996836917,606.4673437431611,9.854541732969043,3743.4172060998,317.238885408708,380.619792850129,333.2634345224356,3.17183160708441
NTSC-U,9624,3,25,"[2, 2, 4, 0, 6, 1, 0, 1]",exactly_dominated,117.71051620329968,369.7271514590393,5.542677868061152,661.5513185256059,9.644193552481955,3178.57392589781,323.835497251031,345.929340449736,282.5194386351976,2.8827445037478
NTSC-U,8520,4,36,"[4, 3, 3, 0, 8, 1, 0, 1]",exactly_dominated,117.35640268519201,367.7757104207297,5.536468575730182,628.3355497903949,10.334612207713702,3719.01654680077,327.499261053212,302.390903522292,222.847572319372,2.51992419601911
NTSC-U,9331,3,25,"[2, 2, 4, 0, 6, 1, 0, 1]",exactly_dominated,117.87195074697136,379.98762141914716,5.675177808799131,671.9328484829621,9.795537040849224,3071.37054484696,333.001483471255,269.940296950479,177.9734922942156,2.24950247458732
NTSC-U,9761,3,25,"[2, 2, 4, 0, 6, 1, 0, 1]",exactly_dominated,117.73211452295205,373.99682353887215,5.635502865317819,660.4793665239185,10.088862869217733,3318.81296683241,314.612266417746,425.708333387952,394.9870887266592,3.5475694448996
NTSC-U,7952,3,27,"[2, 3, 4, 0, 6, 1, 0, 1]",exactly_dominated,118.14856725032514,393.2544879043657,5.921527912531741,677.131087237176,9.871317738844631,3223.68179908204,315.902031147457,426.303299899973,394.7827493742344,3.55252749916644
NTSC-U,9809,3,25,"[2, 2, 4, 0, 6, 1, 0, 1]",exactly_dominated,117.59326727185393,370.14725736566106,5.5868489398457015,652.2183298438458,9.889225428379198,3323.8930255746,313.577123478931,430.787803234841,402.54438360548,3.58989836029034
NTSC-U,7817,3,25,"[2, 2, 4, 0, 6, 1, 0, 1]",exactly_dominated,118.12067793638835,392.0723399477502,5.903155513388255,683.7977909330484,9.968505937249759,3227.12202846399,315.856389779257,425.914458492688,394.306347398226,3.54928715410573
NTSC-U,8598,4,41,"[4, 4, 3, 1, 8, 1, 0, 2]",exactly_dominated,118.42574476215302,432.61909179018943,6.503840133874834,707.4345956517118,11.225890623536682,3841.86976146745,331.151561343225,283.865994983549,223.2975831115096,2.62264511258105
NTSC-U,8432,4,39,"[4, 4, 3, 0, 8, 1, 0, 2]",exactly_dominated,116.83494058691599,330.13112056183553,5.002756351522315,612.0270242489169,9.733829354455622,3886.36401936091,316.655760261522,382.715048533262,336.3550143622492,3.41189582237785
NTSC-U,9673,3,25,"[2, 2, 4, 0, 6, 1, 0, 1]",exactly_dominated,117.88882755337349,380.21856747277116,5.726931601141413,669.882311910138,9.765644013594994,3283.43104585406,315.126780787476,425.70811719543,394.5891907985128,3.54756764329525
NTSC-U,4041,2,10,"[1, 0, 1, 0, 3, 0, 0, 2]",exactly_dominated,148.399343273773,2162.9333277149512,32.83607572408571,2832.6881472863706,46.658776863841105,5067.21190194854,279.211901948596,1548.64677450846,1923.150464062664,14.1848173910946
NTSC-U,9223,3,26,"[2, 3, 3, 0, 6, 1, 0, 1]",exactly_dominated,119.87907377016542,489.1895152026693,7.319423508110666,773.2591825252384,11.931874496157567,3050.46436895024,333.896076022557,316.72400192784,239.7463389607888,2.63936668273199
NTSC-U,9736,3,25,"[2, 2, 4, 0, 6, 1, 0, 1]",exactly_dominated,117.73211452295206,373.9968235388742,5.635502865317853,660.4793665239185,10.088862869217733,3318.81296683242,314.612266417746,425.708333387952,394.9870887266592,3.5475694448996
NTSC-U,6569,2,16,"[1, 1, 2, 0, 5, 1, 0, 1]",exactly_dominated,128.48083689767748,1028.4900381432305,15.576952046314647,1637.7777647206394,26.97674551639779,2097.1206515195,324.838223851373,633.808894997052,664.359482300816,5.2817407916421
NTSC-U,9366,3,25,"[2, 2, 4, 0, 6, 1, 0, 1]",exactly_dominated,118.0029018832601,383.1333955779756,5.713459002074656,679.7466210235771,9.909447379543293,3066.3337146566,333.974557274432,264.865005900487,171.0016926670268,2.20720838250405
NTSC-U,7682,3,25,"[2, 2, 4, 0, 6, 1, 0, 1]",exactly_dominated,118.00369606168903,386.10442622582474,5.814465722085612,676.7766614470538,9.866150866941862,3255.07625268997,315.486568101127,425.811490462512,394.4513186386248,3.54842908718759
NTSC-U,9872,3,28,"[2, 3, 4, 0, 7, 1, 0, 1]",exactly_dominated,117.9262603941816,384.45485558080554,5.791268343189724,672.1304385202902,10.047594258662476,3270.01862243824,315.234068638257,425.811075238611,394.6445600601152,3.54842562698842
NTSC-U,9171,3,25,"[2, 3, 2, 0, 6, 1, 0, 1]",exactly_dominated,119.87907377058141,489.189515242351,7.31942350872351,773.2591827991009,11.931874500383437,3050.46436898735,333.896076019908,316.724001963372,239.7463390073612,2.6393666830281
NTSC-U,9521,3,25,"[2, 2, 4, 0, 6, 1, 0, 1]",exactly_dominated,118.34123857580197,397.4801549565773,5.94181226049366,699.6973967309859,10.200292756245478,3136.50683158072,327.031102270606,335.415797411675,266.6237087267656,2.7951316450973
NTSC-U,9034,3,23,"[2, 2, 3, 0, 5, 1, 0, 1]",exactly_dominated,118.77935307105456,438.10751703911757,6.587422192876846,701.0350933014197,10.81741147044398,3131.35325783931,323.784964911488,374.926154732575,322.590914031376,3.12438462277147
NTSC-U,9464,3,27,"[2, 3, 4, 0, 6, 1, 0, 1]",exactly_dominated,118.03270091253424,384.33421432481094,5.732099289453156,672.3552500864025,9.801694874272545,3062.89133806803,334.025764682037,265.254741686614,171.4684685475256,2.21045618072178
NTSC-U,7883,3,25,"[2, 2, 4, 0, 6, 1, 0, 1]",exactly_dominated,117.9262603941816,384.45485558080554,5.791268343189724,672.1304385202902,10.047594258662476,3270.01862243824,315.234068638257,425.811075238611,394.6445600601152,3.54842562698842
NTSC-U,9937,3,25,"[2, 2, 4, 0, 6, 1, 0, 1]",exactly_dominated,117.9262603941816,384.45485558080554,5.791268343189725,672.1304385202902,10.047594258662798,3270.01862243824,315.234068638257,425.811075238611,394.6445600601152,3.54842562698843
NTSC-U,3710,2,12,"[1, 1, 1, 0, 4, 0, 0, 1]",exactly_dominated,137.98513822301894,1559.4226757651493,23.410576922923255,2207.8358442411272,36.36648817382957,2230.40573681243,384.405736812459,343.905736865683,264.2117305702096,3.81228888692236
NTSC-U,7753,3,25,"[2, 2, 4, 0, 6, 1, 0, 1]",exactly_dominated,119.29145509410942,462.5821867156949,7.011699722857808,749.063125175393,10.91995369054486,3386.15765243866,300.904889221123,584.971381720045,618.112102867988,4.8747615143337
NTSC-U,3655,2,11,"[1, 0, 2, 0, 4, 0, 0, 1]",exactly_dominated,149.8410043964173,2273.3901889766325,34.43906105770094,2912.479262390357,47.97306055543647,4992.39352691896,299.233581238093,1419.08284815642,1730.376882970592,11.8256904013035
NTSC-U,9258,3,26,"[2, 3, 3, 0, 6, 1, 0, 1]",exactly_dominated,118.77935307105489,438.1075170391273,6.587422192876987,701.0350933013988,10.817411470443657,3131.35325783931,323.784964911489,374.926154732575,322.5909140313756,3.12438462277146
NTSC-U,6457,2,14,"[1, 0, 2, 0, 5, 1, 0, 1]",exactly_dominated,125.08600312802636,821.1566391136066,12.353325885476906,1421.1886916431667,23.409186820764816,3468.19541063807,356.480838108048,256.50826629299,152.7849215496656,2.13756888577492
NTSC-U,9576,3,25,"[2, 2, 4, 0, 6, 1, 0, 1]",exactly_evaluated,117.41401590666487,357.2596670495528,5.37223840582492,643.0816625851648,9.37494016011574,3161.46068413821,321.247480439281,360.340779064594,303.32974578948,3.00283982553828
NTSC-U,6729,2,13,"[1, 0, 2, 0, 4, 1, 0, 1]",exactly_evaluated,128.68510163244534,1020.8658571223319,15.42325128604915,1650.0336488066905,27.178618977614473,2287.03045933781,340.033101580525,505.149268134724,487.444266475748,4.20957723445604
NTSC-U,9825,3,28,"[2, 3, 4, 0, 7, 1, 0, 1]",exactly_dominated,117.73211452295206,373.99682353887255,5.635502865317825,660.4793665239185,10.088862869217733,3318.81296683241,314.612266417746,425.708333387952,394.9870887266592,3.5475694448996
NTSC-U,9960,3,25,"[2, 2, 4, 0, 6, 1, 0, 1]",exactly_dominated,117.9262603941816,384.45485558080554,5.791268343189725,672.1304385202902,10.047594258662798,3270.01862243824,315.234068638257,425.811075238611,394.6445600601152,3.54842562698843
NTSC-U,9433,3,28,"[2, 3, 4, 0, 7, 1, 0, 1]",exactly_dominated,118.0029018832601,383.1333955779757,5.713459002074657,679.7466210235771,9.909447379543293,3066.3337146566,333.974557274432,264.865005900487,171.0016926670268,2.20720838250405
NTSC-U,9063,3,23,"[2, 2, 3, 0, 5, 1, 0, 1]",exactly_dominated,121.26027169244195,579.6702150138157,8.628146658625129,850.6319986198232,13.125785608910157,2889.46436895004,356.896076022593,139.762651076203,20.94070371794828,1.16468875896837
NTSC-U,9599,3,25,"[2, 2, 4, 0, 6, 1, 0, 1]",exactly_dominated,118.34123857580197,397.4801549565739,5.9418122604936086,699.6973967309859,10.200292756245478,3136.50683158072,327.031102270606,335.415797411675,266.6237087267656,2.7951316450973
NTSC-U,7704,3,25,"[2, 2, 4, 0, 6, 1, 0, 1]",exactly_dominated,117.98072567255188,386.53505165023347,5.8217830974343485,675.4005304105676,9.882862596761887,3258.66794836786,315.40230968292,425.914458492688,394.6540874142396,3.54928715410574
NTSC-U,4128,2,10,"[1, 0, 2, 0, 3, 0, 0, 1]",exactly_dominated,148.3095080905825,2186.6946870540182,33.17961664122875,2819.972427456515,46.449329193163805,5015.15612010745,280.358509838238,1539.59011186632,1909.928305983496,12.829917598886
NTSC-U,3602,1,8,"[1, 0, 1, 0, 2, 0, 0, 1]",exactly_evaluated,170.19193122505237,3469.019054037349,52.31190444807218,3856.4416675510083,63.52158864612607,4989.48280822981,353.519678818073,1504.84622653471,1816.314914582628,12.5403852211227
NTSC-U,9833,3,25,"[2, 2, 4, 0, 6, 1, 0, 1]",exactly_dominated,118.43895647102674,408.09308250579016,6.129965940526372,702.6226425618725,10.60284167155136,3259.50010197574,318.075419652703,415.296876129242,378.6373639428708,3.46080730107701
NTSC-U,9999,3,26,"[2, 3, 3, 0, 6, 1, 0, 1]",exactly_dominated,118.07673096935314,389.0465200770589,5.8586908454076925,672.8187063913902,9.808451209243474,3242.26941406273,315.667463246191,426.303299901154,394.9620609414504,3.55252749917628
NTSC-U,9560,3,25,"[2, 2, 4, 0, 6, 1, 0, 1]",exactly_dominated,117.65531379999388,367.62833654884315,5.511898183878678,658.242240998291,9.811596365111237,3189.92490574011,323.666215298362,345.826355330486,282.4957303240184,2.88188629442072
NTSC-U,9425,3,28,"[2, 3, 4, 0, 7, 1, 0, 1]",exactly_dominated,118.0029018832601,383.1333955779757,5.713459002074657,679.7466210235771,9.909447379543293,3066.3337146566,333.974557274432,264.865005900487,171.0016926670268,2.20720838250405
NTSC-U,9976,3,25,"[2, 2, 4, 0, 6, 1, 0, 1]",exactly_dominated,117.98072567254754,386.5350516499963,5.821783097430809,675.4005304103284,9.882862596762196,3258.66794836781,315.402309682907,425.914458492688,394.6540874142396,3.54928715410573
NTSC-U,7712,3,25,"[2, 2, 4, 0, 6, 1, 0, 1]",exactly_dominated,118.6331365329008,415.29592910493676,6.235499746250906,714.2753798673257,10.412812763438597,3216.60680561998,318.694348190421,415.403511968557,378.3307267581164,3.46169593307131
NTSC-U,7657,3,23,"[2, 2, 3, 0, 5, 1, 0, 1]",exactly_dominated,121.26027169244195,579.670215013812,8.628146658625074,850.6319986197823,13.125785608909524,2889.46436895004,356.896076022593,139.762651076203,20.94070371794832,1.16468875896836
NTSC-U,9649,3,24,"[2, 2, 3, 0, 6, 1, 0, 1]",exactly_dominated,117.85449233223041,380.1529215899706,5.7269796178153625,667.8242791906978,9.981006599382258,3288.78405453791,314.999500736914,425.811075239539,394.8252945233688,3.54842562699616
NTSC-U,9219,3,26,"[2, 3, 3, 0, 6, 1, 0, 1]",exactly_dominated,119.77424282429992,485.2572390223377,7.2843843104805215,733.5556950945384,11.319224766560053,3104.3456685775,327.713969192095,367.814667170042,310.8421437225076,3.06512222641703
NTSC-U,3614,1,8,"[1, 0, 1, 0, 2, 0, 0, 1]",exactly_evaluated,170.19193122505237,3469.019054037349,52.31190444807218,3856.4416675510083,63.52158864612607,4989.48280822981,353.519678818073,1504.84622653471,1816.314914582628,12.5403852211227
NTSC-U,9537,3,28,"[2, 3, 4, 0, 7, 1, 0, 1]",exactly_dominated,117.8516452990763,375.2820624959725,5.624294118267429,670.0209496260914,9.767665094845814,3147.02800599415,324.289577347362,345.929340449736,282.216264371874,2.8827445037478
NTSC-U,9167,3,26,"[2, 3, 3, 0, 6, 1, 0, 1]",exactly_dominated,119.77424282429992,485.25723902233796,7.284384310480524,733.5556950945384,11.319224766560053,3104.34566857751,327.713969192095,367.814667170042,310.842143722508,3.06512222641702
NTSC-U,9864,3,25,"[2, 2, 4, 0, 6, 1, 0, 1]",exactly_dominated,117.9262603941816,384.4548555808073,5.791268343189752,672.1304385202902,10.047594258662798,3270.01862243825,315.234068638257,425.811075238611,394.6445600601152,3.54842562698842
NTSC-U,8776,4,39,"[4, 4, 3, 0, 8, 1, 0, 2]",exactly_dominated,116.00345435028785,271.28187906614704,4.0740839300156315,520.8826569691792,8.037546311295804,3843.29482637764,318.090084298321,347.611758745837,288.9143159920692,3.12854838567256
NTSC-U,9921,3,28,"[2, 3, 4, 0, 7, 1, 0, 1]",exactly_dominated,117.9262603941816,384.45485558080554,5.791268343189724,672.1304385202902,10.047594258662476,3270.01862243824,315.234068638257,425.811075238611,394.6445600601152,3.54842562698842
NTSC-U,7895,3,25,"[2, 2, 4, 0, 6, 1, 0, 1]",exactly_dominated,118.12069817260736,392.073428697146,5.903172080423129,683.7977323924124,9.968505083835657,3227.12217271857,315.85636988241,425.915175684852,394.3073171175524,3.5492931307071
NTSC-U,9472,3,25,"[2, 2, 4, 0, 6, 1, 0, 1]",exactly_dominated,122.26918359320356,560.010265752645,8.476516853427174,663.1877127227763,12.63838297170938,3466.69032824608,300.789678893858,665.549748301939,726.92535742766,5.54624790251616
NTSC-U,9188,3,25,"[2, 3, 2, 0, 6, 1, 0, 1]",exactly_dominated,118.77935307155758,438.10751708096444,6.587422193521597,701.0350935592987,10.817411474423215,3131.35325787647,323.784964908839,374.926154770293,322.590914081258,3.12438462308578
NTSC-U,7745,3,25,"[2, 2, 4, 0, 6, 1, 0, 1]",exactly_dominated,117.85164529907662,375.2820624959874,5.624294118267648,670.0209496260914,9.767665094845814,3147.02800599414,324.289577347363,345.929340449736,282.216264371874,2.8827445037478
NTSC-U,3643,2,11,"[1, 0, 2, 0, 4, 0, 0, 1]",exactly_dominated,149.8410043964173,2273.3901889766325,34.43906105770094,2912.479262390357,47.97306055543647,4992.39352691896,299.233581238093,1419.08284815642,1730.376882970592,11.8256904013035
