region,route,threshold,inventory_trigger,early_target,stop_inventory,mean_seconds,natural_retained,overflow,purchased,trips
PAL,reference,6,700,50,0,10680.1768,2805.584,785.416,1084.86,12.054
PAL,earlier,6,700,50,0,10327.8004,3321.194,269.806,1054.98,11.722
PAL,later,6,700,50,0,10353.9312,2962.324,628.676,1070.82,11.898
PAL,missed_early,6,700,50,0,10353.9312,2962.324,628.676,1070.82,11.898
PAL,missed_late,6,700,50,0,10680.1768,2805.584,785.416,1084.86,12.054
PAL,fusion_early,6,700,50,0,10680.1768,2805.584,785.416,1084.86,12.054
PAL,fusion_late,6,700,50,0,10844.8284,2805.246,785.754,1096.02,12.178
NTSC-U,reference,6,700,50,0,9775.48493333334,2805.436,785.564,1086.12,12.068
NTSC-U,earlier,6,700,50,0,9429.3008,3321.876,269.124,1055.88,11.732
NTSC-U,later,6,700,50,0,9442.29893333333,2962.324,628.676,1070.82,11.898
NTSC-U,missed_early,6,700,50,0,9442.29893333333,2962.324,628.676,1070.82,11.898
NTSC-U,missed_late,6,700,50,0,9775.48493333334,2805.436,785.564,1086.12,12.068
NTSC-U,fusion_early,6,700,50,0,9775.48493333334,2805.436,785.564,1086.12,12.068
NTSC-U,fusion_late,6,700,50,0,9928.63786666666,2804.99,786.01,1095.48,12.172
PAL,reference,6,700,50,100,10564.1234666667,2669.688,921.312,1022.94,11.366
PAL,earlier,6,700,50,100,10140.9328,3254.87,336.13,991.26,11.014
PAL,later,6,700,50,100,10239.7450666667,2829.404,761.596,1007.64,11.196
PAL,missed_early,6,700,50,100,10239.7450666667,2829.404,761.596,1007.64,11.196
PAL,missed_late,6,700,50,100,10564.1234666667,2669.688,921.312,1022.94,11.366
PAL,fusion_early,6,700,50,100,10564.1234666667,2669.688,921.312,1022.94,11.366
PAL,fusion_late,6,700,50,100,10678.3186666667,2669.4,921.6,1031.94,11.466
NTSC-U,reference,6,700,50,100,9711.766,2669.164,921.836,1024.02,11.378
NTSC-U,earlier,6,700,50,100,9287.46200000001,3255.654,335.346,989.82,10.998
NTSC-U,later,6,700,50,100,9381.51226666667,2829.404,761.596,1007.64,11.196
NTSC-U,missed_early,6,700,50,100,9381.51226666667,2829.404,761.596,1007.64,11.196
NTSC-U,missed_late,6,700,50,100,9711.766,2669.164,921.836,1024.02,11.378
NTSC-U,fusion_early,6,700,50,100,9711.766,2669.164,921.836,1024.02,11.378
NTSC-U,fusion_late,6,700,50,100,9814.91586666667,2668.728,922.272,1031.58,11.462
PAL,reference,6,700,50,300,9856.16613333333,2763.778,827.222,815.22,9.058
PAL,earlier,6,700,50,300,9707.67053333334,2965.784,625.216,803.16,8.924
PAL,later,6,700,50,300,9631.26133333333,2922.794,668.206,806.4,8.96
PAL,missed_early,6,700,50,300,9631.26133333333,2922.794,668.206,806.4,8.96
PAL,missed_late,6,700,50,300,9856.16613333333,2763.778,827.222,815.22,9.058
PAL,fusion_early,6,700,50,300,9748.07053333333,2762.332,828.668,804.24,8.936
PAL,fusion_late,6,700,50,300,10010.6997333333,2763.72,827.28,825.84,9.176
NTSC-U,reference,6,700,50,300,9162.53586666666,2763.634,827.366,814.32,9.048
NTSC-U,earlier,6,700,50,300,9013.604,2965.394,625.606,804.96,8.944
NTSC-U,later,6,700,50,300,8914.05546666667,2922.794,668.206,806.4,8.96
NTSC-U,missed_early,6,700,50,300,8914.05546666667,2922.794,668.206,806.4,8.96
NTSC-U,missed_late,6,700,50,300,9162.53586666666,2763.634,827.366,814.32,9.048
NTSC-U,fusion_early,6,700,50,300,9065.4596,2763.22,827.78,806.76,8.964
NTSC-U,fusion_late,6,700,50,300,9270.94013333334,2763.9,827.1,824.4,9.16
PAL,reference,6,700,50,500,9695.57666666667,2562.696,1028.304,643.32,7.148
PAL,earlier,6,700,50,500,9443.17546666666,2952.09,638.91,625.68,6.952
PAL,later,6,700,50,500,9467.60573333333,2328.968,1262.032,642.06,7.134
PAL,missed_early,6,700,50,500,9467.60573333333,2328.968,1262.032,642.06,7.134
PAL,missed_late,6,700,50,500,9695.57666666667,2562.696,1028.304,643.32,7.148
PAL,fusion_early,6,700,50,500,9696.10533333334,2562.5,1028.5,643.5,7.15
PAL,fusion_late,6,700,50,500,9752.1348,2560.828,1030.172,651.06,7.234
NTSC-U,reference,6,700,50,500,9132.59466666667,2562.446,1028.554,644.04,7.156
NTSC-U,earlier,6,700,50,500,8860.80199999999,2951.596,639.404,625.32,6.948
NTSC-U,later,6,700,50,500,8903.86173333334,2328.968,1262.032,642.06,7.134
NTSC-U,missed_early,6,700,50,500,8903.86173333334,2328.968,1262.032,642.06,7.134
NTSC-U,missed_late,6,700,50,500,9132.59466666667,2562.446,1028.554,644.04,7.156
NTSC-U,fusion_early,6,700,50,500,9132.6136,2561.984,1029.016,644.04,7.156
NTSC-U,fusion_late,6,700,50,500,9198.99533333333,2564.098,1026.902,653.58,7.262
PAL,reference,6,700,80,0,10467.2013333333,2793.828,797.172,1139.22,12.658
PAL,earlier,6,700,80,0,10199.7214666667,3316.318,274.682,1114.92,12.388
PAL,later,6,700,80,0,10254.9684,2951.264,639.736,1123.56,12.484
PAL,missed_early,6,700,80,0,10254.9684,2951.264,639.736,1123.56,12.484
PAL,missed_late,6,700,80,0,10467.2013333333,2793.828,797.172,1139.22,12.658
PAL,fusion_early,6,700,80,0,10467.2013333333,2793.828,797.172,1139.22,12.658
PAL,fusion_late,6,700,80,0,10490.1998666667,2793.354,797.646,1138.5,12.65
NTSC-U,reference,6,700,80,0,9510.1328,2793.4,797.6,1139.4,12.66
NTSC-U,earlier,6,700,80,0,9235.0144,3316.948,274.052,1117.26,12.414
NTSC-U,later,6,700,80,0,9299.57106666667,2951.264,639.736,1123.56,12.484
NTSC-U,missed_early,6,700,80,0,9299.57106666667,2951.264,639.736,1123.56,12.484
NTSC-U,missed_late,6,700,80,0,9510.1328,2793.4,797.6,1139.4,12.66
NTSC-U,fusion_early,6,700,80,0,9510.1328,2793.4,797.6,1139.4,12.66
NTSC-U,fusion_late,6,700,80,0,9548.21453333333,2791.986,799.014,1138.68,12.652
PAL,reference,6,700,80,100,10364.1456,2680.372,910.628,1090.98,12.122
PAL,earlier,6,700,80,100,10089.3530666667,3260.068,330.932,1068.3,11.87
PAL,later,6,700,80,100,10174.0908,2843.366,747.634,1076.22,11.958
PAL,missed_early,6,700,80,100,10174.0908,2843.366,747.634,1076.22,11.958
PAL,missed_late,6,700,80,100,10364.1456,2680.372,910.628,1090.98,12.122
PAL,fusion_early,6,700,80,100,10364.1456,2680.372,910.628,1090.98,12.122
PAL,fusion_late,6,700,80,100,10391.5237333333,2680.356,910.644,1094.76,12.164
NTSC-U,reference,6,700,80,100,9467.51146666667,2679.838,911.162,1092.6,12.14
NTSC-U,earlier,6,700,80,100,9157.33413333332,3259.942,331.058,1068.84,11.876
NTSC-U,later,6,700,80,100,9259.77866666667,2843.366,747.634,1076.22,11.958
NTSC-U,missed_early,6,700,80,100,9259.77866666667,2843.366,747.634,1076.22,11.958
NTSC-U,missed_late,6,700,80,100,9467.51146666667,2679.838,911.162,1092.6,12.14
NTSC-U,fusion_early,6,700,80,100,9467.51146666667,2679.838,911.162,1092.6,12.14
NTSC-U,fusion_late,6,700,80,100,9477.29866666667,2679.56,911.44,1096.56,12.184
PAL,reference,6,700,80,300,9728.26826666668,2773.868,817.132,887.4,9.86
PAL,earlier,6,700,80,300,9660.58893333333,2976.194,614.806,882.36,9.804
PAL,later,6,700,80,300,9579.55173333335,2933.148,657.852,877.86,9.754
PAL,missed_early,6,700,80,300,9579.55173333335,2933.148,657.852,877.86,9.754
PAL,missed_late,6,700,80,300,9728.26826666668,2773.868,817.132,887.4,9.86
PAL,fusion_early,6,700,80,300,9710.04866666666,2773.788,817.212,885.78,9.842
PAL,fusion_late,6,700,80,300,9778.24093333334,2774.068,816.932,890.82,9.898
NTSC-U,reference,6,700,80,300,8967.85253333334,2774.258,816.742,887.4,9.86
NTSC-U,earlier,6,700,80,300,8880.44266666666,2976.232,614.768,882.54,9.806
NTSC-U,later,6,700,80,300,8803.14373333333,2933.148,657.852,877.86,9.754
NTSC-U,missed_early,6,700,80,300,8803.14373333333,2933.148,657.852,877.86,9.754
NTSC-U,missed_late,6,700,80,300,8967.85253333334,2774.258,816.742,887.4,9.86
NTSC-U,fusion_early,6,700,80,300,8937.81786666666,2772.858,818.142,885.42,9.838
NTSC-U,fusion_late,6,700,80,300,9010.88773333333,2774.058,816.942,892.44,9.916
PAL,reference,6,700,80,500,9314.32866666666,2572.2,1018.8,701.64,7.796
PAL,earlier,6,700,80,500,9187.37546666666,2963.104,627.896,690.66,7.674
PAL,later,6,700,80,500,9321.326,2335.352,1255.648,704.7,7.83
PAL,missed_early,6,700,80,500,9321.326,2335.352,1255.648,704.7,7.83
PAL,missed_late,6,700,80,500,9314.32866666666,2572.2,1018.8,701.64,7.796
PAL,fusion_early,6,700,80,500,9315.4116,2572.336,1018.664,702,7.8
PAL,fusion_late,6,700,80,500,9372.92613333334,2571.196,1019.804,707.76,7.864
NTSC-U,reference,6,700,80,500,8687.30346666666,2569.63,1021.37,701.28,7.792
NTSC-U,earlier,6,700,80,500,8544.53986666666,2962.976,628.024,689.58,7.662
NTSC-U,later,6,700,80,500,8705.90333333333,2335.352,1255.648,704.7,7.83
NTSC-U,missed_early,6,700,80,500,8705.90333333333,2335.352,1255.648,704.7,7.83
NTSC-U,missed_late,6,700,80,500,8687.30346666666,2569.63,1021.37,701.28,7.792
NTSC-U,fusion_early,6,700,80,500,8688.12773333333,2569.858,1021.142,701.64,7.796
NTSC-U,fusion_late,6,700,80,500,8756.94853333333,2569.52,1021.48,707.4,7.86
PAL,reference,6,700,100,0,10406.7733333333,2791,800,1140.84,12.676
PAL,earlier,6,700,100,0,10232.6960000001,3334,257,1159.56,12.884
PAL,later,6,700,100,0,10377.3506666667,2961,630,1158.3,12.87
PAL,missed_early,6,700,100,0,10377.3506666667,2961,630,1158.3,12.87
PAL,missed_late,6,700,100,0,10406.7733333333,2791,800,1140.84,12.676
PAL,fusion_early,6,700,100,0,10406.7733333333,2791,800,1140.84,12.676
PAL,fusion_late,6,700,100,0,10411.7146666667,2791,800,1133.64,12.596
NTSC-U,reference,6,700,100,0,9436.28,2784,807,1140.84,12.676
NTSC-U,earlier,6,700,100,0,9161.46000000003,3295,296,1124.82,12.498
NTSC-U,later,6,700,100,0,9383.81733333335,2961,630,1158.3,12.87
NTSC-U,missed_early,6,700,100,0,9383.81733333335,2961,630,1158.3,12.87
NTSC-U,missed_late,6,700,100,0,9436.28,2784,807,1140.84,12.676
NTSC-U,fusion_early,6,700,100,0,9436.28,2784,807,1140.84,12.676
NTSC-U,fusion_late,6,700,100,0,9446.35466666664,2784,807,1133.64,12.596
PAL,reference,6,700,100,100,10383.7013333334,2718,873,1126.08,12.512
PAL,earlier,6,700,100,100,10118.3533333333,3283,308,1114.38,12.382
PAL,later,6,700,100,100,10331.5480000001,2830,761,1133.1,12.59
PAL,missed_early,6,700,100,100,10331.5480000001,2830,761,1133.1,12.59
PAL,missed_late,6,700,100,100,10383.7013333334,2718,873,1126.08,12.512
PAL,fusion_early,6,700,100,100,10383.7013333334,2718,873,1126.08,12.512
PAL,fusion_late,6,700,100,100,10375.4413333334,2718,873,1119.06,12.434
NTSC-U,reference,6,700,100,100,9409.83466666664,2658,933,1112.76,12.364
NTSC-U,earlier,6,700,100,100,9087.39866666666,3245,346,1075.86,11.954
NTSC-U,later,6,700,100,100,9364.21466666662,2830,761,1133.1,12.59
NTSC-U,missed_early,6,700,100,100,9364.21466666662,2830,761,1133.1,12.59
NTSC-U,missed_late,6,700,100,100,9409.83466666664,2658,933,1112.76,12.364
NTSC-U,fusion_early,6,700,100,100,9409.83466666664,2658,933,1112.76,12.364
NTSC-U,fusion_late,6,700,100,100,9425.67199999991,2658,933,1108.8,12.32
PAL,reference,6,700,100,300,9726.6,2756,835,901.08,10.012
PAL,earlier,6,700,100,300,9742.94666666672,2952,639,933.12,10.368
PAL,later,6,700,100,300,9619.88266666665,2949,642,888.12,9.868
PAL,missed_early,6,700,100,300,9619.88266666665,2949,642,888.12,9.868
PAL,missed_late,6,700,100,300,9726.6,2756,835,901.08,10.012
PAL,fusion_early,6,700,100,300,9735.424,2776,815,908.64,10.096
PAL,fusion_late,6,700,100,300,9817.99066666672,2756,835,935.82,10.398
NTSC-U,reference,6,700,100,300,8932.54666666675,2765,826,901.08,10.012
NTSC-U,earlier,6,700,100,300,8913.46666666663,2961,630,933.12,10.368
NTSC-U,later,6,700,100,300,8823.40266666662,2949,642,888.12,9.868
NTSC-U,missed_early,6,700,100,300,8823.40266666662,2949,642,888.12,9.868
NTSC-U,missed_late,6,700,100,300,8932.54666666675,2765,826,901.08,10.012
NTSC-U,fusion_early,6,700,100,300,8934.53066666662,2785,806,908.64,10.096
NTSC-U,fusion_late,6,700,100,300,8998.37733333337,2765,826,935.82,10.398
PAL,reference,6,700,100,500,9421.18133333329,2547,1044,757.08,8.412
PAL,earlier,6,700,100,500,9181.34666666662,2970,621,716.4,7.96
PAL,later,6,700,100,500,9389.30933333327,2329,1262,741.6,8.24
PAL,missed_early,6,700,100,500,9389.30933333327,2329,1262,741.6,8.24
PAL,missed_late,6,700,100,500,9421.18133333329,2547,1044,757.08,8.412
PAL,fusion_early,6,700,100,500,9421.18133333329,2547,1044,757.08,8.412
PAL,fusion_late,6,700,100,500,9390.93733333336,2547,1044,737.46,8.194
NTSC-U,reference,6,700,100,500,8744.39466666671,2553,1038,757.08,8.412
NTSC-U,earlier,6,700,100,500,8508.68000000008,2976,615,716.4,7.96
NTSC-U,later,6,700,100,500,8736.90933333324,2329,1262,741.6,8.24
NTSC-U,missed_early,6,700,100,500,8736.90933333324,2329,1262,741.6,8.24
NTSC-U,missed_late,6,700,100,500,8744.39466666671,2553,1038,757.08,8.412
NTSC-U,fusion_early,6,700,100,500,8744.39466666671,2553,1038,757.08,8.412
NTSC-U,fusion_late,6,700,100,500,8728.43066666663,2553,1038,737.46,8.194
PAL,reference,6,800,50,0,10680.1768,2805.584,785.416,1084.86,12.054
PAL,earlier,6,800,50,0,10680.1768,2805.584,785.416,1084.86,12.054
PAL,later,6,800,50,0,10353.9312,2962.324,628.676,1070.82,11.898
PAL,missed_early,6,800,50,0,10353.9312,2962.324,628.676,1070.82,11.898
PAL,missed_late,6,800,50,0,10680.1768,2805.584,785.416,1084.86,12.054
PAL,fusion_early,6,800,50,0,10680.1768,2805.584,785.416,1084.86,12.054
PAL,fusion_late,6,800,50,0,10844.8284,2805.246,785.754,1096.02,12.178
NTSC-U,reference,6,800,50,0,9775.48493333334,2805.436,785.564,1086.12,12.068
NTSC-U,earlier,6,800,50,0,9775.48493333334,2805.436,785.564,1086.12,12.068
NTSC-U,later,6,800,50,0,9442.29893333333,2962.324,628.676,1070.82,11.898
NTSC-U,missed_early,6,800,50,0,9442.29893333333,2962.324,628.676,1070.82,11.898
NTSC-U,missed_late,6,800,50,0,9775.48493333334,2805.436,785.564,1086.12,12.068
NTSC-U,fusion_early,6,800,50,0,9775.48493333334,2805.436,785.564,1086.12,12.068
NTSC-U,fusion_late,6,800,50,0,9928.63786666666,2804.99,786.01,1095.48,12.172
PAL,reference,6,800,50,100,10564.1234666667,2669.688,921.312,1022.94,11.366
PAL,earlier,6,800,50,100,10543.65,2693.428,897.572,1021.32,11.348
PAL,later,6,800,50,100,10239.7450666667,2829.404,761.596,1007.64,11.196
PAL,missed_early,6,800,50,100,10239.7450666667,2829.404,761.596,1007.64,11.196
PAL,missed_late,6,800,50,100,10564.1234666667,2669.688,921.312,1022.94,11.366
PAL,fusion_early,6,800,50,100,10564.1234666667,2669.688,921.312,1022.94,11.366
PAL,fusion_late,6,800,50,100,10678.3186666667,2669.4,921.6,1031.94,11.466
NTSC-U,reference,6,800,50,100,9711.766,2669.164,921.836,1024.02,11.378
NTSC-U,earlier,6,800,50,100,9677.24546666667,2696.112,894.888,1021.86,11.354
NTSC-U,later,6,800,50,100,9381.51226666667,2829.404,761.596,1007.64,11.196
NTSC-U,missed_early,6,800,50,100,9381.51226666667,2829.404,761.596,1007.64,11.196
NTSC-U,missed_late,6,800,50,100,9711.766,2669.164,921.836,1024.02,11.378
NTSC-U,fusion_early,6,800,50,100,9711.766,2669.164,921.836,1024.02,11.378
NTSC-U,fusion_late,6,800,50,100,9814.91586666667,2668.728,922.272,1031.58,11.462
PAL,reference,6,800,50,300,10170.2354666667,2284.824,1306.176,835.92,9.288
PAL,earlier,6,800,50,300,9707.67053333334,2965.784,625.216,803.16,8.924
PAL,later,6,800,50,300,9945.90066666667,2443.284,1147.716,831.24,9.236
PAL,missed_early,6,800,50,300,9945.90066666667,2443.284,1147.716,831.24,9.236
PAL,missed_late,6,800,50,300,10170.2354666667,2284.824,1306.176,835.92,9.288
PAL,fusion_early,6,800,50,300,10169.1022666667,2284.522,1306.478,835.56,9.284
PAL,fusion_late,6,800,50,300,10309.3804,2279.632,1311.368,846.72,9.408
NTSC-U,reference,6,800,50,300,9502.92626666667,2292.13,1298.87,837.36,9.304
NTSC-U,earlier,6,800,50,300,9013.604,2965.394,625.606,804.96,8.944
NTSC-U,later,6,800,50,300,9238.6468,2443.284,1147.716,831.24,9.236
NTSC-U,missed_early,6,800,50,300,9238.6468,2443.284,1147.716,831.24,9.236
NTSC-U,missed_late,6,800,50,300,9502.92626666667,2292.13,1298.87,837.36,9.304
NTSC-U,fusion_early,6,800,50,300,9486.95546666667,2287.14,1303.86,836.82,9.298
NTSC-U,fusion_late,6,800,50,300,9607.73533333333,2279.632,1311.368,848.7,9.43
PAL,reference,6,800,50,500,9499.12213333334,2739.888,851.112,630,7
PAL,earlier,6,800,50,500,9467.52306666666,2772.254,818.746,627.3,6.97
PAL,later,6,800,50,500,9272.93146666666,2515.912,1075.088,625.32,6.948
PAL,missed_early,6,800,50,500,9272.93146666666,2515.912,1075.088,625.32,6.948
PAL,missed_late,6,800,50,500,9499.12213333334,2739.888,851.112,630,7
PAL,fusion_early,6,800,50,500,9403.86986666667,2738.696,852.304,622.62,6.918
PAL,fusion_late,6,800,50,500,9532.35213333334,2742.946,848.054,635.58,7.062
NTSC-U,reference,6,800,50,500,8904.40626666666,2742.226,848.774,628.02,6.978
NTSC-U,earlier,6,800,50,500,8895.72093333333,2768.43,822.57,626.76,6.964
NTSC-U,later,6,800,50,500,8710.94253333333,2515.912,1075.088,625.32,6.948
NTSC-U,missed_early,6,800,50,500,8710.94253333333,2515.912,1075.088,625.32,6.948
NTSC-U,missed_late,6,800,50,500,8904.40626666666,2742.226,848.774,628.02,6.978
NTSC-U,fusion_early,6,800,50,500,8835.4996,2738.706,852.294,622.8,6.92
NTSC-U,fusion_late,6,800,50,500,8969.79026666666,2741.254,849.746,634.86,7.054
PAL,reference,6,800,50,700,9127.43133333334,2260.696,1330.304,456.66,5.074
PAL,earlier,6,800,50,700,9055.8652,2372.472,1218.528,449.64,4.996
PAL,later,6,800,50,700,8941.82893333335,2113.38,1477.62,453.78,5.042
PAL,missed_early,6,800,50,700,8941.82893333335,2113.38,1477.62,453.78,5.042
PAL,missed_late,6,800,50,700,9127.43133333334,2260.696,1330.304,456.66,5.074
PAL,fusion_early,6,800,50,700,9081.00413333332,2259.834,1331.166,451.98,5.022
PAL,fusion_late,6,800,50,700,9148.70213333334,2260.478,1330.522,459,5.1
NTSC-U,reference,6,800,50,700,8703.53800000001,2260.592,1330.408,456.12,5.068
NTSC-U,earlier,6,800,50,700,8630.8604,2372.488,1218.512,449.46,4.994
NTSC-U,later,6,800,50,700,8527.24106666666,2113.38,1477.62,453.78,5.042
NTSC-U,missed_early,6,800,50,700,8527.24106666666,2113.38,1477.62,453.78,5.042
NTSC-U,missed_late,6,800,50,700,8703.53800000001,2260.592,1330.408,456.12,5.068
NTSC-U,fusion_early,6,800,50,700,8679.30693333333,2259.274,1331.726,452.7,5.03
NTSC-U,fusion_late,6,800,50,700,8723.61893333333,2260.442,1330.558,459.18,5.102
PAL,reference,6,800,80,0,10467.2013333333,2793.828,797.172,1139.22,12.658
PAL,earlier,6,800,80,0,10467.2013333333,2793.828,797.172,1139.22,12.658
PAL,later,6,800,80,0,10254.9684,2951.264,639.736,1123.56,12.484
PAL,missed_early,6,800,80,0,10254.9684,2951.264,639.736,1123.56,12.484
PAL,missed_late,6,800,80,0,10467.2013333333,2793.828,797.172,1139.22,12.658
PAL,fusion_early,6,800,80,0,10467.2013333333,2793.828,797.172,1139.22,12.658
PAL,fusion_late,6,800,80,0,10490.1998666667,2793.354,797.646,1138.5,12.65
NTSC-U,reference,6,800,80,0,9510.1328,2793.4,797.6,1139.4,12.66
NTSC-U,earlier,6,800,80,0,9510.1328,2793.4,797.6,1139.4,12.66
NTSC-U,later,6,800,80,0,9299.57106666667,2951.264,639.736,1123.56,12.484
NTSC-U,missed_early,6,800,80,0,9299.57106666667,2951.264,639.736,1123.56,12.484
NTSC-U,missed_late,6,800,80,0,9510.1328,2793.4,797.6,1139.4,12.66
NTSC-U,fusion_early,6,800,80,0,9510.1328,2793.4,797.6,1139.4,12.66
NTSC-U,fusion_late,6,800,80,0,9548.21453333333,2791.986,799.014,1138.68,12.652
PAL,reference,6,800,80,100,10364.1456,2680.372,910.628,1090.98,12.122
PAL,earlier,6,800,80,100,10363.1169333333,2697.194,893.806,1090.26,12.114
PAL,later,6,800,80,100,10174.0908,2843.366,747.634,1076.22,11.958
PAL,missed_early,6,800,80,100,10174.0908,2843.366,747.634,1076.22,11.958
PAL,missed_late,6,800,80,100,10364.1456,2680.372,910.628,1090.98,12.122
PAL,fusion_early,6,800,80,100,10364.1456,2680.372,910.628,1090.98,12.122
PAL,fusion_late,6,800,80,100,10391.5237333333,2680.356,910.644,1094.76,12.164
NTSC-U,reference,6,800,80,100,9467.51146666667,2679.838,911.162,1092.6,12.14
NTSC-U,earlier,6,800,80,100,9466.386,2689.64,901.36,1092.06,12.134
NTSC-U,later,6,800,80,100,9259.77866666667,2843.366,747.634,1076.22,11.958
NTSC-U,missed_early,6,800,80,100,9259.77866666667,2843.366,747.634,1076.22,11.958
NTSC-U,missed_late,6,800,80,100,9467.51146666667,2679.838,911.162,1092.6,12.14
NTSC-U,fusion_early,6,800,80,100,9467.51146666667,2679.838,911.162,1092.6,12.14
NTSC-U,fusion_late,6,800,80,100,9477.29866666667,2679.56,911.44,1096.56,12.184
PAL,reference,6,800,80,300,9936.26426666667,2290.162,1300.838,904.32,10.048
PAL,earlier,6,800,80,300,9660.58893333333,2976.194,614.806,882.36,9.804
PAL,later,6,800,80,300,9782.89986666667,2449.41,1141.59,894.06,9.934
PAL,missed_early,6,800,80,300,9782.89986666667,2449.41,1141.59,894.06,9.934
PAL,missed_late,6,800,80,300,9936.26426666667,2290.162,1300.838,904.32,10.048
PAL,fusion_early,6,800,80,300,9936.83600000001,2290.072,1300.928,904.5,10.05
PAL,fusion_late,6,800,80,300,10006.0457333333,2287.79,1303.21,909.54,10.106
NTSC-U,reference,6,800,80,300,9182.00373333334,2282.96,1308.04,905.4,10.06
NTSC-U,earlier,6,800,80,300,8880.44266666666,2976.232,614.768,882.54,9.806
NTSC-U,later,6,800,80,300,9022.38986666667,2449.41,1141.59,894.06,9.934
NTSC-U,missed_early,6,800,80,300,9022.38986666667,2449.41,1141.59,894.06,9.934
NTSC-U,missed_late,6,800,80,300,9182.00373333334,2282.96,1308.04,905.4,10.06
NTSC-U,fusion_early,6,800,80,300,9182.42266666667,2283.956,1307.044,905.58,10.062
NTSC-U,fusion_late,6,800,80,300,9263.31813333334,2282.676,1308.324,911.34,10.126
PAL,reference,6,800,80,500,9208.88933333333,2758.06,832.94,694.08,7.712
PAL,earlier,6,800,80,500,9191.47733333333,2786.916,804.084,691.92,7.688
PAL,later,6,800,80,500,9178.40999999999,2523.504,1067.496,692.82,7.698
PAL,missed_early,6,800,80,500,9178.40999999999,2523.504,1067.496,692.82,7.698
PAL,missed_late,6,800,80,500,9208.88933333333,2758.06,832.94,694.08,7.712
PAL,fusion_early,6,800,80,500,9188.05000000001,2754.3,836.7,691.56,7.684
PAL,fusion_late,6,800,80,500,9219.73973333333,2757.57,833.43,695.52,7.728
NTSC-U,reference,6,800,80,500,8579.20386666666,2756.428,834.572,694.8,7.72
NTSC-U,earlier,6,800,80,500,8559.9544,2786.822,804.178,691.92,7.688
NTSC-U,later,6,800,80,500,8560.67319999999,2523.504,1067.496,692.82,7.698
NTSC-U,missed_early,6,800,80,500,8560.67319999999,2523.504,1067.496,692.82,7.698
NTSC-U,missed_late,6,800,80,500,8579.20386666666,2756.428,834.572,694.8,7.72
NTSC-U,fusion_early,6,800,80,500,8560.81173333333,2753.758,837.242,692.46,7.694
NTSC-U,fusion_late,6,800,80,500,8602.03253333334,2756.65,834.35,696.24,7.736
PAL,reference,6,800,80,700,8869.2928,2271.308,1319.692,515.88,5.732
PAL,earlier,6,800,80,700,8830.476,2388.828,1202.172,506.52,5.628
PAL,later,6,800,80,700,8849.0688,2122.866,1468.134,516.78,5.742
PAL,missed_early,6,800,80,700,8849.0688,2122.866,1468.134,516.78,5.742
PAL,missed_late,6,800,80,700,8869.2928,2271.308,1319.692,515.88,5.732
PAL,fusion_early,6,800,80,700,8854.36693333333,2271.528,1319.472,515.34,5.726
PAL,fusion_late,6,800,80,700,8869.63453333333,2270.968,1320.032,516.06,5.734
NTSC-U,reference,6,800,80,700,8394.07586666667,2272.1,1318.9,516.24,5.736
NTSC-U,earlier,6,800,80,700,8356.14799999999,2388.808,1202.192,507.06,5.634
NTSC-U,later,6,800,80,700,8380.444,2122.866,1468.134,516.78,5.742
NTSC-U,missed_early,6,800,80,700,8380.444,2122.866,1468.134,516.78,5.742
NTSC-U,missed_late,6,800,80,700,8394.07586666667,2272.1,1318.9,516.24,5.736
NTSC-U,fusion_early,6,800,80,700,8379.47693333333,2271.824,1319.176,515.34,5.726
NTSC-U,fusion_late,6,800,80,700,8395.01813333334,2272.156,1318.844,516.42,5.738
PAL,reference,6,800,100,0,10406.7733333333,2791,800,1140.84,12.676
PAL,earlier,6,800,100,0,10406.7733333333,2791,800,1140.84,12.676
PAL,later,6,800,100,0,10377.3506666667,2961,630,1158.3,12.87
PAL,missed_early,6,800,100,0,10377.3506666667,2961,630,1158.3,12.87
PAL,missed_late,6,800,100,0,10406.7733333333,2791,800,1140.84,12.676
PAL,fusion_early,6,800,100,0,10406.7733333333,2791,800,1140.84,12.676
PAL,fusion_late,6,800,100,0,10411.7146666667,2791,800,1133.64,12.596
NTSC-U,reference,6,800,100,0,9436.28,2784,807,1140.84,12.676
NTSC-U,earlier,6,800,100,0,9436.28,2784,807,1140.84,12.676
NTSC-U,later,6,800,100,0,9383.81733333335,2961,630,1158.3,12.87
NTSC-U,missed_early,6,800,100,0,9383.81733333335,2961,630,1158.3,12.87
NTSC-U,missed_late,6,800,100,0,9436.28,2784,807,1140.84,12.676
NTSC-U,fusion_early,6,800,100,0,9436.28,2784,807,1140.84,12.676
NTSC-U,fusion_late,6,800,100,0,9446.35466666664,2784,807,1133.64,12.596
PAL,reference,6,800,100,100,10383.7013333334,2718,873,1126.08,12.512
PAL,earlier,6,800,100,100,10383.7013333334,2718,873,1126.08,12.512
PAL,later,6,800,100,100,10331.5480000001,2830,761,1133.1,12.59
PAL,missed_early,6,800,100,100,10331.5480000001,2830,761,1133.1,12.59
PAL,missed_late,6,800,100,100,10383.7013333334,2718,873,1126.08,12.512
PAL,fusion_early,6,800,100,100,10383.7013333334,2718,873,1126.08,12.512
PAL,fusion_late,6,800,100,100,10375.4413333334,2718,873,1119.06,12.434
NTSC-U,reference,6,800,100,100,9409.83466666664,2658,933,1112.76,12.364
NTSC-U,earlier,6,800,100,100,9409.83466666664,2658,933,1112.76,12.364
NTSC-U,later,6,800,100,100,9364.21466666662,2830,761,1133.1,12.59
NTSC-U,missed_early,6,800,100,100,9364.21466666662,2830,761,1133.1,12.59
NTSC-U,missed_late,6,800,100,100,9409.83466666664,2658,933,1112.76,12.364
NTSC-U,fusion_early,6,800,100,100,9409.83466666664,2658,933,1112.76,12.364
NTSC-U,fusion_late,6,800,100,100,9425.67199999991,2658,933,1108.8,12.32
PAL,reference,6,800,100,300,9979.82000000009,2283,1308,943.38,10.482
PAL,earlier,6,800,100,300,9742.94666666672,2952,639,933.12,10.368
PAL,later,6,800,100,300,9818.03199999991,2475,1116,905.76,10.064
PAL,missed_early,6,800,100,300,9818.03199999991,2475,1116,905.76,10.064
PAL,missed_late,6,800,100,300,9979.82000000009,2283,1308,943.38,10.482
PAL,fusion_early,6,800,100,300,9979.82000000009,2283,1308,943.38,10.482
PAL,fusion_late,6,800,100,300,9954.23733333328,2283,1308,933.12,10.368
NTSC-U,reference,6,800,100,300,9183.56666666665,2292,1299,943.38,10.482
NTSC-U,earlier,6,800,100,300,8913.46666666663,2961,630,933.12,10.368
NTSC-U,later,6,800,100,300,9037.392,2475,1116,905.76,10.064
NTSC-U,missed_early,6,800,100,300,9037.392,2475,1116,905.76,10.064
NTSC-U,missed_late,6,800,100,300,9183.56666666665,2292,1299,943.38,10.482
NTSC-U,fusion_early,6,800,100,300,9183.56666666665,2292,1299,943.38,10.482
NTSC-U,fusion_late,6,800,100,300,9165.35733333338,2292,1299,933.12,10.368
PAL,reference,6,800,100,500,9285.656,2783,808,745.92,8.288
PAL,earlier,6,800,100,500,9285.656,2783,808,745.92,8.288
PAL,later,6,800,100,500,9304.496,2505,1086,729.72,8.108
PAL,missed_early,6,800,100,500,9304.496,2505,1086,729.72,8.108
PAL,missed_late,6,800,100,500,9285.656,2783,808,745.92,8.288
PAL,fusion_early,6,800,100,500,9283.78933333335,2755,836,745.92,8.288
PAL,fusion_late,6,800,100,500,9284.58933333336,2783,808,726.48,8.072
NTSC-U,reference,6,800,100,500,8602.50933333332,2789,802,745.92,8.288
NTSC-U,earlier,6,800,100,500,8602.50933333332,2789,802,745.92,8.288
NTSC-U,later,6,800,100,500,8650.016,2505,1086,729.72,8.108
NTSC-U,missed_early,6,800,100,500,8650.016,2505,1086,729.72,8.108
NTSC-U,missed_late,6,800,100,500,8602.50933333332,2789,802,745.92,8.288
NTSC-U,fusion_early,6,800,100,500,8602.30933333324,2761,830,745.92,8.288
NTSC-U,fusion_late,6,800,100,500,8615.936,2789,802,726.48,8.072
PAL,reference,6,800,100,700,8899.61866666663,2260,1331,557.64,6.196
PAL,earlier,6,800,100,700,8796.648,2386,1205,526.68,5.852
PAL,later,6,800,100,700,8903.45333333329,2119,1472,548.28,6.092
PAL,missed_early,6,800,100,700,8903.45333333329,2119,1472,548.28,6.092
PAL,missed_late,6,800,100,700,8899.61866666663,2260,1331,557.64,6.196
PAL,fusion_early,6,800,100,700,8898.88533333325,2249,1342,557.64,6.196
PAL,fusion_late,6,800,100,700,8854.61599999992,2260,1331,533.52,5.928
NTSC-U,reference,6,800,100,700,8384.92533333337,2262,1329,557.64,6.196
NTSC-U,earlier,6,800,100,700,8297.0613333333,2388,1203,526.68,5.852
NTSC-U,later,6,800,100,700,8404.26666666669,2119,1472,548.28,6.092
NTSC-U,missed_early,6,800,100,700,8404.26666666669,2119,1472,548.28,6.092
NTSC-U,missed_late,6,800,100,700,8384.92533333337,2262,1329,557.64,6.196
NTSC-U,fusion_early,6,800,100,700,8384.92533333337,2251,1340,557.64,6.196
NTSC-U,fusion_late,6,800,100,700,8357.73600000007,2262,1329,533.52,5.928
PAL,reference,6,900,50,0,10268.7461333333,2964.39,626.61,1065.24,11.836
PAL,earlier,6,900,50,0,10268.7461333333,2964.39,626.61,1065.24,11.836
PAL,later,6,900,50,0,10353.9312,2962.324,628.676,1070.82,11.898
PAL,missed_early,6,900,50,0,10353.9312,2962.324,628.676,1070.82,11.898
PAL,missed_late,6,900,50,0,10262.8097333333,2940.798,650.202,1063.8,11.82
PAL,fusion_early,6,900,50,0,10268.7461333333,2964.39,626.61,1065.24,11.836
PAL,fusion_late,6,900,50,0,10427.5089333333,2964.182,626.818,1075.32,11.948
NTSC-U,reference,6,900,50,0,9360.93519999999,2964.39,626.61,1065.24,11.836
NTSC-U,earlier,6,900,50,0,9360.93519999999,2964.39,626.61,1065.24,11.836
NTSC-U,later,6,900,50,0,9442.29893333333,2962.324,628.676,1070.82,11.898
NTSC-U,missed_early,6,900,50,0,9442.29893333333,2962.324,628.676,1070.82,11.898
NTSC-U,missed_late,6,900,50,0,9357.23853333333,2940.798,650.202,1063.8,11.82
NTSC-U,fusion_early,6,900,50,0,9360.93519999999,2964.39,626.61,1065.24,11.836
NTSC-U,fusion_late,6,900,50,0,9512.82786666667,2964.182,626.818,1075.32,11.948
PAL,reference,6,900,50,100,10280.4056,2775.684,815.316,1009.98,11.222
PAL,earlier,6,900,50,100,10280.4056,2775.684,815.316,1009.98,11.222
PAL,later,6,900,50,100,10239.7450666667,2829.404,761.596,1007.64,11.196
PAL,missed_early,6,900,50,100,10239.7450666667,2829.404,761.596,1007.64,11.196
PAL,missed_late,6,900,50,100,10163.3164,2829.254,761.746,1003.68,11.152
PAL,fusion_early,6,900,50,100,10280.4056,2775.684,815.316,1009.98,11.222
PAL,fusion_late,6,900,50,100,10352.5833333333,2775.386,815.614,1018.8,11.32
NTSC-U,reference,6,900,50,100,9423.7668,2775.684,815.316,1009.98,11.222
NTSC-U,earlier,6,900,50,100,9423.7668,2775.684,815.316,1009.98,11.222
NTSC-U,later,6,900,50,100,9381.51226666667,2829.404,761.596,1007.64,11.196
NTSC-U,missed_early,6,900,50,100,9381.51226666667,2829.404,761.596,1007.64,11.196
NTSC-U,missed_late,6,900,50,100,9307.79426666667,2829.254,761.746,1003.68,11.152
NTSC-U,fusion_early,6,900,50,100,9423.7668,2775.684,815.316,1009.98,11.222
NTSC-U,fusion_late,6,900,50,100,9488.83906666666,2775.386,815.614,1018.8,11.32
PAL,reference,6,900,50,300,9974.11986666667,2425.95,1165.05,832.32,9.248
PAL,earlier,6,900,50,300,9451.36519999999,3124.876,466.124,796.68,8.852
PAL,later,6,900,50,300,9974.11986666667,2425.95,1165.05,832.32,9.248
PAL,missed_early,6,900,50,300,9974.11986666667,2425.95,1165.05,832.32,9.248
PAL,missed_late,6,900,50,300,9972.5488,2374.022,1216.978,832.32,9.248
PAL,fusion_early,6,900,50,300,9974.11986666667,2425.95,1165.05,832.32,9.248
PAL,fusion_late,6,900,50,300,10023.4186666667,2425.556,1165.444,837.54,9.306
NTSC-U,reference,6,900,50,300,9267.08533333333,2425.95,1165.05,832.32,9.248
NTSC-U,earlier,6,900,50,300,8729.62506666666,3124.876,466.124,796.68,8.852
NTSC-U,later,6,900,50,300,9267.08533333333,2425.95,1165.05,832.32,9.248
NTSC-U,missed_early,6,900,50,300,9267.08533333333,2425.95,1165.05,832.32,9.248
NTSC-U,missed_late,6,900,50,300,9268.4852,2374.022,1216.978,832.32,9.248
NTSC-U,fusion_early,6,900,50,300,9267.08533333333,2425.95,1165.05,832.32,9.248
NTSC-U,fusion_late,6,900,50,300,9311.34786666666,2425.556,1165.444,837.54,9.306
PAL,reference,6,900,50,500,9272.65613333333,2519.722,1071.278,625.14,6.946
PAL,earlier,6,900,50,500,9271.74306666666,2531.1,1059.9,624.6,6.94
PAL,later,6,900,50,500,9272.65613333333,2519.722,1071.278,625.14,6.946
PAL,missed_early,6,900,50,500,9272.65613333333,2519.722,1071.278,625.14,6.946
PAL,missed_late,6,900,50,500,9272.65613333333,2519.722,1071.278,625.14,6.946
PAL,fusion_early,6,900,50,500,9191.68053333335,2518.402,1072.598,619.92,6.888
PAL,fusion_late,6,900,50,500,9369.00493333334,2519.602,1071.398,632.34,7.026
NTSC-U,reference,6,900,50,500,8710.58466666666,2519.722,1071.278,625.14,6.946
NTSC-U,earlier,6,900,50,500,8709.47386666667,2531.1,1059.9,624.6,6.94
NTSC-U,later,6,900,50,500,8710.58466666666,2519.722,1071.278,625.14,6.946
NTSC-U,missed_early,6,900,50,500,8710.58466666666,2519.722,1071.278,625.14,6.946
NTSC-U,missed_late,6,900,50,500,8710.58466666666,2519.722,1071.278,625.14,6.946
NTSC-U,fusion_early,6,900,50,500,8633.90213333333,2518.402,1072.598,619.92,6.888
NTSC-U,fusion_late,6,900,50,500,8801.63906666667,2519.602,1071.398,632.34,7.026
PAL,reference,6,900,50,700,9086.696,1926.798,1664.202,464.4,5.16
PAL,earlier,6,900,50,700,8908.80786666667,2224.074,1366.926,449.46,4.994
PAL,later,6,900,50,700,9086.696,1926.798,1664.202,464.4,5.16
PAL,missed_early,6,900,50,700,9086.696,1926.798,1664.202,464.4,5.16
PAL,missed_late,6,900,50,700,9086.696,1926.798,1664.202,464.4,5.16
PAL,fusion_early,6,900,50,700,9085.56986666666,1926.32,1664.68,464.04,5.156
PAL,fusion_late,6,900,50,700,9155.52813333334,1927.696,1663.304,470.34,5.226
NTSC-U,reference,6,900,50,700,8673.94439999999,1926.798,1664.202,464.4,5.16
NTSC-U,earlier,6,900,50,700,8490.59279999999,2224.074,1366.926,449.46,4.994
NTSC-U,later,6,900,50,700,8673.94439999999,1926.798,1664.202,464.4,5.16
NTSC-U,missed_early,6,900,50,700,8673.94439999999,1926.798,1664.202,464.4,5.16
NTSC-U,missed_late,6,900,50,700,8673.94439999999,1926.798,1664.202,464.4,5.16
NTSC-U,fusion_early,6,900,50,700,8673.04199999999,1926.32,1664.68,464.04,5.156
NTSC-U,fusion_late,6,900,50,700,8738.33800000001,1927.696,1663.304,470.34,5.226
PAL,reference,6,900,80,0,10241.5912,2948.36,642.64,1120.86,12.454
PAL,earlier,6,900,80,0,10241.5912,2948.36,642.64,1120.86,12.454
PAL,later,6,900,80,0,10254.9684,2951.264,639.736,1123.56,12.484
PAL,missed_early,6,900,80,0,10254.9684,2951.264,639.736,1123.56,12.484
PAL,missed_late,6,900,80,0,10242.2729333333,2934.034,656.966,1121.4,12.46
PAL,fusion_early,6,900,80,0,10241.5912,2948.36,642.64,1120.86,12.454
PAL,fusion_late,6,900,80,0,10276.3353333333,2948.516,642.484,1123.56,12.484
NTSC-U,reference,6,900,80,0,9288.40426666667,2948.36,642.64,1120.86,12.454
NTSC-U,earlier,6,900,80,0,9288.40426666667,2948.36,642.64,1120.86,12.454
NTSC-U,later,6,900,80,0,9299.57106666667,2951.264,639.736,1123.56,12.484
NTSC-U,missed_early,6,900,80,0,9299.57106666667,2951.264,639.736,1123.56,12.484
NTSC-U,missed_late,6,900,80,0,9289.5884,2934.034,656.966,1121.4,12.46
NTSC-U,fusion_early,6,900,80,0,9288.40426666667,2948.36,642.64,1120.86,12.454
NTSC-U,fusion_late,6,900,80,0,9320.77599999999,2948.516,642.484,1123.56,12.484
PAL,reference,6,900,80,100,10202.2384,2781.506,809.494,1078.74,11.986
PAL,earlier,6,900,80,100,10202.2384,2781.506,809.494,1078.74,11.986
PAL,later,6,900,80,100,10174.0908,2843.366,747.634,1076.22,11.958
PAL,missed_early,6,900,80,100,10174.0908,2843.366,747.634,1076.22,11.958
PAL,missed_late,6,900,80,100,10151.0206666667,2840.866,750.134,1076.58,11.962
PAL,fusion_early,6,900,80,100,10202.2384,2781.506,809.494,1078.74,11.986
PAL,fusion_late,6,900,80,100,10227.2946666667,2781.544,809.456,1082.52,12.028
NTSC-U,reference,6,900,80,100,9289.95333333333,2781.506,809.494,1078.74,11.986
NTSC-U,earlier,6,900,80,100,9289.95333333333,2781.506,809.494,1078.74,11.986
NTSC-U,later,6,900,80,100,9259.77866666667,2843.366,747.634,1076.22,11.958
NTSC-U,missed_early,6,900,80,100,9259.77866666667,2843.366,747.634,1076.22,11.958
NTSC-U,missed_late,6,900,80,100,9236.43373333333,2840.866,750.134,1076.58,11.962
NTSC-U,fusion_early,6,900,80,100,9289.95333333333,2781.506,809.494,1078.74,11.986
NTSC-U,fusion_late,6,900,80,100,9311.67346666667,2781.544,809.456,1082.52,12.028
PAL,reference,6,900,80,300,9777.80026666666,2436.726,1154.274,892.62,9.918
PAL,earlier,6,900,80,300,9504.71533333333,3136.936,454.064,870.48,9.672
PAL,later,6,900,80,300,9777.80026666666,2436.726,1154.274,892.62,9.918
PAL,missed_early,6,900,80,300,9777.80026666666,2436.726,1154.274,892.62,9.918
PAL,missed_late,6,900,80,300,9804.444,2378.892,1212.108,896.4,9.96
PAL,fusion_early,6,900,80,300,9777.80026666666,2436.726,1154.274,892.62,9.918
PAL,fusion_late,6,900,80,300,9864.28133333334,2435.734,1155.266,901.44,10.016
NTSC-U,reference,6,900,80,300,9018.98040000001,2436.726,1154.274,892.62,9.918
NTSC-U,earlier,6,900,80,300,8721.84333333333,3136.936,454.064,870.48,9.672
NTSC-U,later,6,900,80,300,9018.98040000001,2436.726,1154.274,892.62,9.918
NTSC-U,missed_early,6,900,80,300,9018.98040000001,2436.726,1154.274,892.62,9.918
NTSC-U,missed_late,6,900,80,300,9046.3696,2378.892,1212.108,896.4,9.96
NTSC-U,fusion_early,6,900,80,300,9018.98040000001,2436.726,1154.274,892.62,9.918
NTSC-U,fusion_late,6,900,80,300,9099.65693333333,2435.734,1155.266,901.44,10.016
PAL,reference,6,900,80,500,9174.95759999999,2529.61,1061.39,692.28,7.692
PAL,earlier,6,900,80,500,9173.3612,2547.132,1043.868,691.38,7.682
PAL,later,6,900,80,500,9174.95759999999,2529.61,1061.39,692.28,7.692
PAL,missed_early,6,900,80,500,9174.95759999999,2529.61,1061.39,692.28,7.692
PAL,missed_late,6,900,80,500,9174.95759999999,2529.61,1061.39,692.28,7.692
PAL,fusion_early,6,900,80,500,9175.98026666666,2528.244,1062.756,692.64,7.696
PAL,fusion_late,6,900,80,500,9217.3516,2530.032,1060.968,699.84,7.776
NTSC-U,reference,6,900,80,500,8557.24719999999,2529.61,1061.39,692.28,7.692
NTSC-U,earlier,6,900,80,500,8555.30933333332,2547.132,1043.868,691.38,7.682
NTSC-U,later,6,900,80,500,8557.24719999999,2529.61,1061.39,692.28,7.692
NTSC-U,missed_early,6,900,80,500,8557.24719999999,2529.61,1061.39,692.28,7.692
NTSC-U,missed_late,6,900,80,500,8557.24719999999,2529.61,1061.39,692.28,7.692
NTSC-U,fusion_early,6,900,80,500,8558.21919999999,2528.244,1062.756,692.64,7.696
NTSC-U,fusion_late,6,900,80,500,8594.1172,2530.032,1060.968,699.84,7.776
PAL,reference,6,900,80,700,8908.87866666666,1930.46,1660.54,519.48,5.772
PAL,earlier,6,900,80,700,8812.6936,2238.466,1352.534,508.68,5.652
PAL,later,6,900,80,700,8908.87866666666,1930.46,1660.54,519.48,5.772
PAL,missed_early,6,900,80,700,8908.87866666666,1930.46,1660.54,519.48,5.772
PAL,missed_late,6,900,80,700,8908.87866666666,1930.46,1660.54,519.48,5.772
PAL,fusion_early,6,900,80,700,8908.86733333333,1930.412,1660.588,519.48,5.772
PAL,fusion_late,6,900,80,700,8942.16506666666,1930.466,1660.534,524.34,5.826
NTSC-U,reference,6,900,80,700,8449.7348,1930.46,1660.54,519.48,5.772
NTSC-U,earlier,6,900,80,700,8343.52506666667,2238.466,1352.534,508.68,5.652
NTSC-U,later,6,900,80,700,8449.7348,1930.46,1660.54,519.48,5.772
NTSC-U,missed_early,6,900,80,700,8449.7348,1930.46,1660.54,519.48,5.772
NTSC-U,missed_late,6,900,80,700,8449.7348,1930.46,1660.54,519.48,5.772
NTSC-U,fusion_early,6,900,80,700,8449.74933333333,1930.412,1660.588,519.48,5.772
NTSC-U,fusion_late,6,900,80,700,8479.134,1930.466,1660.534,524.34,5.826
PAL,reference,6,900,100,0,10375.3773333333,2974,617,1165.5,12.95
PAL,earlier,6,900,100,0,10375.3773333333,2974,617,1165.5,12.95
PAL,later,6,900,100,0,10377.3506666667,2961,630,1158.3,12.87
PAL,missed_early,6,900,100,0,10377.3506666667,2961,630,1158.3,12.87
PAL,missed_late,6,900,100,0,10374.3506666667,2916,675,1158.3,12.87
PAL,fusion_early,6,900,100,0,10375.3773333333,2974,617,1165.5,12.95
PAL,fusion_late,6,900,100,0,10384.9639999999,2974,617,1160.46,12.894
NTSC-U,reference,6,900,100,0,9375.51066666671,2974,617,1165.5,12.95
NTSC-U,earlier,6,900,100,0,9375.51066666671,2974,617,1165.5,12.95
NTSC-U,later,6,900,100,0,9383.81733333335,2961,630,1158.3,12.87
NTSC-U,missed_early,6,900,100,0,9383.81733333335,2961,630,1158.3,12.87
NTSC-U,missed_late,6,900,100,0,9383.484,2916,675,1158.3,12.87
NTSC-U,fusion_early,6,900,100,0,9375.51066666671,2974,617,1165.5,12.95
NTSC-U,fusion_late,6,900,100,0,9389.12400000002,2974,617,1160.46,12.894
PAL,reference,6,900,100,100,10298.9666666667,2772,819,1119.06,12.434
PAL,earlier,6,900,100,100,10298.9666666667,2772,819,1119.06,12.434
PAL,later,6,900,100,100,10331.5480000001,2830,761,1133.1,12.59
PAL,missed_early,6,900,100,100,10331.5480000001,2830,761,1133.1,12.59
PAL,missed_late,6,900,100,100,10189.488,2843,748,1086.48,12.072
PAL,fusion_early,6,900,100,100,10298.9666666667,2772,819,1119.06,12.434
PAL,fusion_late,6,900,100,100,10326.0533333333,2772,819,1114.92,12.388
NTSC-U,reference,6,900,100,100,9345.25999999991,2772,819,1119.06,12.434
NTSC-U,earlier,6,900,100,100,9345.25999999991,2772,819,1119.06,12.434
NTSC-U,later,6,900,100,100,9364.21466666662,2830,761,1133.1,12.59
NTSC-U,missed_early,6,900,100,100,9364.21466666662,2830,761,1133.1,12.59
NTSC-U,missed_late,6,900,100,100,9255.168,2843,748,1086.48,12.072
NTSC-U,fusion_early,6,900,100,100,9345.25999999991,2772,819,1119.06,12.434
NTSC-U,fusion_late,6,900,100,100,9375.50666666664,2772,819,1114.92,12.388
PAL,reference,6,900,100,300,9818.03199999991,2475,1116,905.76,10.064
PAL,earlier,6,900,100,300,9637.83066666662,3162,429,918.54,10.206
PAL,later,6,900,100,300,9818.03199999991,2475,1116,905.76,10.064
PAL,missed_early,6,900,100,300,9818.03199999991,2475,1116,905.76,10.064
PAL,missed_late,6,900,100,300,9908.13333333329,2372,1219,936.36,10.404
PAL,fusion_early,6,900,100,300,9818.03199999991,2475,1116,905.76,10.064
PAL,fusion_late,6,900,100,300,9919.77866666672,2475,1116,945,10.5
NTSC-U,reference,6,900,100,300,9037.392,2475,1116,905.76,10.064
NTSC-U,earlier,6,900,100,300,8806.33733333333,3162,429,918.54,10.206
NTSC-U,later,6,900,100,300,9037.392,2475,1116,905.76,10.064
NTSC-U,missed_early,6,900,100,300,9037.392,2475,1116,905.76,10.064
NTSC-U,missed_late,6,900,100,300,9111.35999999997,2372,1219,936.36,10.404
NTSC-U,fusion_early,6,900,100,300,9037.392,2475,1116,905.76,10.064
NTSC-U,fusion_late,6,900,100,300,9110.64533333336,2475,1116,945,10.5
PAL,reference,6,900,100,500,9304.496,2505,1086,729.72,8.108
PAL,earlier,6,900,100,500,9308.71733333329,2551,1040,735.48,8.172
PAL,later,6,900,100,500,9304.496,2505,1086,729.72,8.108
PAL,missed_early,6,900,100,500,9304.496,2505,1086,729.72,8.108
PAL,missed_late,6,900,100,500,9304.496,2505,1086,729.72,8.108
PAL,fusion_early,6,900,100,500,9306.85066666664,2523,1068,735.48,8.172
PAL,fusion_late,6,900,100,500,9237.99999999998,2505,1086,708.12,7.868
NTSC-U,reference,6,900,100,500,8650.016,2505,1086,729.72,8.108
NTSC-U,earlier,6,900,100,500,8647.26399999995,2551,1040,735.48,8.172
NTSC-U,later,6,900,100,500,8650.016,2505,1086,729.72,8.108
NTSC-U,missed_early,6,900,100,500,8650.016,2505,1086,729.72,8.108
NTSC-U,missed_late,6,900,100,500,8650.016,2505,1086,729.72,8.108
NTSC-U,fusion_early,6,900,100,500,8647.06400000008,2523,1068,735.48,8.172
NTSC-U,fusion_late,6,900,100,500,8599.38666666668,2505,1086,708.12,7.868
PAL,reference,6,900,100,700,8993.09866666675,1933,1658,565.56,6.284
PAL,earlier,6,900,100,700,8908.11333333337,2241,1350,560.7,6.23
PAL,later,6,900,100,700,8993.09866666675,1933,1658,565.56,6.284
PAL,missed_early,6,900,100,700,8993.09866666675,1933,1658,565.56,6.284
PAL,missed_late,6,900,100,700,8993.09866666675,1933,1658,565.56,6.284
PAL,fusion_early,6,900,100,700,8993.09866666675,1933,1658,565.56,6.284
PAL,fusion_late,6,900,100,700,8935.82933333329,1933,1658,542.88,6.032
NTSC-U,reference,6,900,100,700,8492.65866666661,1933,1658,565.56,6.284
NTSC-U,earlier,6,900,100,700,8392.44666666669,2241,1350,560.7,6.23
NTSC-U,later,6,900,100,700,8492.65866666661,1933,1658,565.56,6.284
NTSC-U,missed_early,6,900,100,700,8492.65866666661,1933,1658,565.56,6.284
NTSC-U,missed_late,6,900,100,700,8492.65866666661,1933,1658,565.56,6.284
NTSC-U,fusion_early,6,900,100,700,8492.65866666661,1933,1658,565.56,6.284
NTSC-U,fusion_late,6,900,100,700,8451.77599999994,1933,1658,542.88,6.032
PAL,reference,6,950,50,0,10268.7461333333,2964.39,626.61,1065.24,11.836
PAL,earlier,6,950,50,0,10268.7461333333,2964.39,626.61,1065.24,11.836
PAL,later,6,950,50,0,10353.9312,2962.324,628.676,1070.82,11.898
PAL,missed_early,6,950,50,0,10353.9312,2962.324,628.676,1070.82,11.898
PAL,missed_late,6,950,50,0,10262.8097333333,2940.798,650.202,1063.8,11.82
PAL,fusion_early,6,950,50,0,10268.7461333333,2964.39,626.61,1065.24,11.836
PAL,fusion_late,6,950,50,0,10427.5089333333,2964.182,626.818,1075.32,11.948
NTSC-U,reference,6,950,50,0,9360.93519999999,2964.39,626.61,1065.24,11.836
NTSC-U,earlier,6,950,50,0,9360.93519999999,2964.39,626.61,1065.24,11.836
NTSC-U,later,6,950,50,0,9442.29893333333,2962.324,628.676,1070.82,11.898
NTSC-U,missed_early,6,950,50,0,9442.29893333333,2962.324,628.676,1070.82,11.898
NTSC-U,missed_late,6,950,50,0,9357.23853333333,2940.798,650.202,1063.8,11.82
NTSC-U,fusion_early,6,950,50,0,9360.93519999999,2964.39,626.61,1065.24,11.836
NTSC-U,fusion_late,6,950,50,0,9512.82786666667,2964.182,626.818,1075.32,11.948
PAL,reference,6,950,50,100,10230.8848,2812.118,778.882,1007.82,11.198
PAL,earlier,6,950,50,100,10230.8848,2812.118,778.882,1007.82,11.198
PAL,later,6,950,50,100,10239.7450666667,2829.404,761.596,1007.64,11.196
PAL,missed_early,6,950,50,100,10239.7450666667,2829.404,761.596,1007.64,11.196
PAL,missed_late,6,950,50,100,10163.3164,2829.254,761.746,1003.68,11.152
PAL,fusion_early,6,950,50,100,10230.8848,2812.118,778.882,1007.82,11.198
PAL,fusion_late,6,950,50,100,10335.4776,2815.326,775.674,1016.46,11.294
NTSC-U,reference,6,950,50,100,9373.50053333334,2812.118,778.882,1007.82,11.198
NTSC-U,earlier,6,950,50,100,9373.50053333334,2812.118,778.882,1007.82,11.198
NTSC-U,later,6,950,50,100,9381.51226666667,2829.404,761.596,1007.64,11.196
NTSC-U,missed_early,6,950,50,100,9381.51226666667,2829.404,761.596,1007.64,11.196
NTSC-U,missed_late,6,950,50,100,9307.79426666667,2829.254,761.746,1003.68,11.152
NTSC-U,fusion_early,6,950,50,100,9373.50053333334,2812.118,778.882,1007.82,11.198
NTSC-U,fusion_late,6,950,50,100,9471.51946666667,2815.326,775.674,1016.46,11.294
PAL,reference,6,950,50,300,9974.11986666667,2425.95,1165.05,832.32,9.248
PAL,earlier,6,950,50,300,9451.36519999999,3124.876,466.124,796.68,8.852
PAL,later,6,950,50,300,9974.11986666667,2425.95,1165.05,832.32,9.248
PAL,missed_early,6,950,50,300,9974.11986666667,2425.95,1165.05,832.32,9.248
PAL,missed_late,6,950,50,300,9939.96453333334,2407.8,1183.2,830.16,9.224
PAL,fusion_early,6,950,50,300,9974.11986666667,2425.95,1165.05,832.32,9.248
PAL,fusion_late,6,950,50,300,10023.4186666667,2425.556,1165.444,837.54,9.306
NTSC-U,reference,6,950,50,300,9267.08533333333,2425.95,1165.05,832.32,9.248
NTSC-U,earlier,6,950,50,300,8729.62506666666,3124.876,466.124,796.68,8.852
NTSC-U,later,6,950,50,300,9267.08533333333,2425.95,1165.05,832.32,9.248
NTSC-U,missed_early,6,950,50,300,9267.08533333333,2425.95,1165.05,832.32,9.248
NTSC-U,missed_late,6,950,50,300,9236.0312,2407.8,1183.2,830.16,9.224
NTSC-U,fusion_early,6,950,50,300,9267.08533333333,2425.95,1165.05,832.32,9.248
NTSC-U,fusion_late,6,950,50,300,9311.34786666666,2425.556,1165.444,837.54,9.306
PAL,reference,6,950,50,500,9272.65613333333,2519.722,1071.278,625.14,6.946
PAL,earlier,6,950,50,500,9271.74306666666,2531.1,1059.9,624.6,6.94
PAL,later,6,950,50,500,9272.65613333333,2519.722,1071.278,625.14,6.946
PAL,missed_early,6,950,50,500,9272.65613333333,2519.722,1071.278,625.14,6.946
PAL,missed_late,6,950,50,500,9272.65613333333,2519.722,1071.278,625.14,6.946
PAL,fusion_early,6,950,50,500,9191.68053333335,2518.402,1072.598,619.92,6.888
PAL,fusion_late,6,950,50,500,9369.00493333334,2519.602,1071.398,632.34,7.026
NTSC-U,reference,6,950,50,500,8710.58466666666,2519.722,1071.278,625.14,6.946
NTSC-U,earlier,6,950,50,500,8709.47386666667,2531.1,1059.9,624.6,6.94
NTSC-U,later,6,950,50,500,8710.58466666666,2519.722,1071.278,625.14,6.946
NTSC-U,missed_early,6,950,50,500,8710.58466666666,2519.722,1071.278,625.14,6.946
NTSC-U,missed_late,6,950,50,500,8710.58466666666,2519.722,1071.278,625.14,6.946
NTSC-U,fusion_early,6,950,50,500,8633.90213333333,2518.402,1072.598,619.92,6.888
NTSC-U,fusion_late,6,950,50,500,8801.63906666667,2519.602,1071.398,632.34,7.026
PAL,reference,6,950,50,700,9085.99066666666,1915.818,1675.182,464.4,5.16
PAL,earlier,6,950,50,700,8908.80786666667,2224.074,1366.926,449.46,4.994
PAL,later,6,950,50,700,9085.99066666666,1915.818,1675.182,464.4,5.16
PAL,missed_early,6,950,50,700,9085.99066666666,1915.818,1675.182,464.4,5.16
PAL,missed_late,6,950,50,700,9085.99066666666,1915.818,1675.182,464.4,5.16
PAL,fusion_early,6,950,50,700,9085.99066666666,1915.818,1675.182,464.4,5.16
PAL,fusion_late,6,950,50,700,9155.85293333333,1915.948,1675.052,470.7,5.23
NTSC-U,reference,6,950,50,700,8673.75026666666,1915.818,1675.182,464.4,5.16
NTSC-U,earlier,6,950,50,700,8490.59279999999,2224.074,1366.926,449.46,4.994
NTSC-U,later,6,950,50,700,8673.75026666666,1915.818,1675.182,464.4,5.16
NTSC-U,missed_early,6,950,50,700,8673.75026666666,1915.818,1675.182,464.4,5.16
NTSC-U,missed_late,6,950,50,700,8673.75026666666,1915.818,1675.182,464.4,5.16
NTSC-U,fusion_early,6,950,50,700,8673.75026666666,1915.818,1675.182,464.4,5.16
NTSC-U,fusion_late,6,950,50,700,8739.03840000001,1915.948,1675.052,470.7,5.23
PAL,reference,6,950,80,0,10244.4873333333,2951.328,639.672,1121.76,12.464
PAL,earlier,6,950,80,0,10244.4873333333,2951.328,639.672,1121.76,12.464
PAL,later,6,950,80,0,10254.9684,2951.264,639.736,1123.56,12.484
PAL,missed_early,6,950,80,0,10254.9684,2951.264,639.736,1123.56,12.484
PAL,missed_late,6,950,80,0,10242.2729333333,2934.034,656.966,1121.4,12.46
PAL,fusion_early,6,950,80,0,10244.4873333333,2951.328,639.672,1121.76,12.464
PAL,fusion_late,6,950,80,0,10273.8549333333,2952.02,638.98,1122.66,12.474
NTSC-U,reference,6,950,80,0,9290.53906666667,2951.328,639.672,1121.76,12.464
NTSC-U,earlier,6,950,80,0,9290.53906666667,2951.328,639.672,1121.76,12.464
NTSC-U,later,6,950,80,0,9299.57106666667,2951.264,639.736,1123.56,12.484
NTSC-U,missed_early,6,950,80,0,9299.57106666667,2951.264,639.736,1123.56,12.484
NTSC-U,missed_late,6,950,80,0,9289.5884,2934.034,656.966,1121.4,12.46
NTSC-U,fusion_early,6,950,80,0,9290.53906666667,2951.328,639.672,1121.76,12.464
NTSC-U,fusion_late,6,950,80,0,9318.71959999999,2952.02,638.98,1122.66,12.474
PAL,reference,6,950,80,100,10166.6282666667,2830.326,760.674,1077.66,11.974
PAL,earlier,6,950,80,100,10166.6282666667,2830.326,760.674,1077.66,11.974
PAL,later,6,950,80,100,10174.0908,2843.366,747.634,1076.22,11.958
PAL,missed_early,6,950,80,100,10174.0908,2843.366,747.634,1076.22,11.958
PAL,missed_late,6,950,80,100,10151.0206666667,2840.866,750.134,1076.58,11.962
PAL,fusion_early,6,950,80,100,10166.6282666667,2830.326,760.674,1077.66,11.974
PAL,fusion_late,6,950,80,100,10202.6118666667,2830.124,760.876,1081.8,12.02
NTSC-U,reference,6,950,80,100,9252.00813333333,2830.326,760.674,1077.66,11.974
NTSC-U,earlier,6,950,80,100,9252.00813333333,2830.326,760.674,1077.66,11.974
NTSC-U,later,6,950,80,100,9259.77866666667,2843.366,747.634,1076.22,11.958
NTSC-U,missed_early,6,950,80,100,9259.77866666667,2843.366,747.634,1076.22,11.958
NTSC-U,missed_late,6,950,80,100,9236.43373333333,2840.866,750.134,1076.58,11.962
NTSC-U,fusion_early,6,950,80,100,9252.00813333333,2830.326,760.674,1077.66,11.974
NTSC-U,fusion_late,6,950,80,100,9284.37026666668,2830.124,760.876,1081.8,12.02
PAL,reference,6,950,80,300,9777.80026666666,2436.726,1154.274,892.62,9.918
PAL,earlier,6,950,80,300,9504.71533333333,3136.936,454.064,870.48,9.672
PAL,later,6,950,80,300,9777.80026666666,2436.726,1154.274,892.62,9.918
PAL,missed_early,6,950,80,300,9777.80026666666,2436.726,1154.274,892.62,9.918
PAL,missed_late,6,950,80,300,9780.90640000001,2422.278,1168.722,894.06,9.934
PAL,fusion_early,6,950,80,300,9777.80026666666,2436.726,1154.274,892.62,9.918
PAL,fusion_late,6,950,80,300,9864.28133333334,2435.734,1155.266,901.44,10.016
NTSC-U,reference,6,950,80,300,9018.98040000001,2436.726,1154.274,892.62,9.918
NTSC-U,earlier,6,950,80,300,8721.84333333333,3136.936,454.064,870.48,9.672
NTSC-U,later,6,950,80,300,9018.98040000001,2436.726,1154.274,892.62,9.918
NTSC-U,missed_early,6,950,80,300,9018.98040000001,2436.726,1154.274,892.62,9.918
NTSC-U,missed_late,6,950,80,300,9022.08626666667,2422.278,1168.722,894.06,9.934
NTSC-U,fusion_early,6,950,80,300,9018.98040000001,2436.726,1154.274,892.62,9.918
NTSC-U,fusion_late,6,950,80,300,9099.65693333333,2435.734,1155.266,901.44,10.016
PAL,reference,6,950,80,500,9174.95759999999,2529.61,1061.39,692.28,7.692
PAL,earlier,6,950,80,500,9173.3612,2547.132,1043.868,691.38,7.682
PAL,later,6,950,80,500,9174.95759999999,2529.61,1061.39,692.28,7.692
PAL,missed_early,6,950,80,500,9174.95759999999,2529.61,1061.39,692.28,7.692
PAL,missed_late,6,950,80,500,9174.95759999999,2529.61,1061.39,692.28,7.692
PAL,fusion_early,6,950,80,500,9175.98026666666,2528.244,1062.756,692.64,7.696
PAL,fusion_late,6,950,80,500,9217.3516,2530.032,1060.968,699.84,7.776
NTSC-U,reference,6,950,80,500,8557.24719999999,2529.61,1061.39,692.28,7.692
NTSC-U,earlier,6,950,80,500,8555.30933333332,2547.132,1043.868,691.38,7.682
NTSC-U,later,6,950,80,500,8557.24719999999,2529.61,1061.39,692.28,7.692
NTSC-U,missed_early,6,950,80,500,8557.24719999999,2529.61,1061.39,692.28,7.692
NTSC-U,missed_late,6,950,80,500,8557.24719999999,2529.61,1061.39,692.28,7.692
NTSC-U,fusion_early,6,950,80,500,8558.21919999999,2528.244,1062.756,692.64,7.696
NTSC-U,fusion_late,6,950,80,500,8594.1172,2530.032,1060.968,699.84,7.776
PAL,reference,6,950,80,700,8931.41026666666,1923.998,1667.002,520.92,5.788
PAL,earlier,6,950,80,700,8812.6936,2238.466,1352.534,508.68,5.652
PAL,later,6,950,80,700,8931.41026666666,1923.998,1667.002,520.92,5.788
PAL,missed_early,6,950,80,700,8931.41026666666,1923.998,1667.002,520.92,5.788
PAL,missed_late,6,950,80,700,8931.41026666666,1923.998,1667.002,520.92,5.788
PAL,fusion_early,6,950,80,700,8931.41026666666,1923.998,1667.002,520.92,5.788
PAL,fusion_late,6,950,80,700,8943.97786666666,1923.886,1667.114,525.06,5.834
NTSC-U,reference,6,950,80,700,8471.6924,1923.998,1667.002,520.92,5.788
NTSC-U,earlier,6,950,80,700,8343.52506666667,2238.466,1352.534,508.68,5.652
NTSC-U,later,6,950,80,700,8471.6924,1923.998,1667.002,520.92,5.788
NTSC-U,missed_early,6,950,80,700,8471.6924,1923.998,1667.002,520.92,5.788
NTSC-U,missed_late,6,950,80,700,8471.6924,1923.998,1667.002,520.92,5.788
NTSC-U,fusion_early,6,950,80,700,8471.6924,1923.998,1667.002,520.92,5.788
NTSC-U,fusion_late,6,950,80,700,8480.8036,1923.886,1667.114,525.06,5.834
PAL,reference,6,950,100,0,10375.3773333333,2974,617,1165.5,12.95
PAL,earlier,6,950,100,0,10375.3773333333,2974,617,1165.5,12.95
PAL,later,6,950,100,0,10377.3506666667,2961,630,1158.3,12.87
PAL,missed_early,6,950,100,0,10377.3506666667,2961,630,1158.3,12.87
PAL,missed_late,6,950,100,0,10374.3506666667,2916,675,1158.3,12.87
PAL,fusion_early,6,950,100,0,10375.3773333333,2974,617,1165.5,12.95
PAL,fusion_late,6,950,100,0,10384.9639999999,2974,617,1160.46,12.894
NTSC-U,reference,6,950,100,0,9375.51066666671,2974,617,1165.5,12.95
NTSC-U,earlier,6,950,100,0,9375.51066666671,2974,617,1165.5,12.95
NTSC-U,later,6,950,100,0,9383.81733333335,2961,630,1158.3,12.87
NTSC-U,missed_early,6,950,100,0,9383.81733333335,2961,630,1158.3,12.87
NTSC-U,missed_late,6,950,100,0,9383.484,2916,675,1158.3,12.87
NTSC-U,fusion_early,6,950,100,0,9375.51066666671,2974,617,1165.5,12.95
NTSC-U,fusion_late,6,950,100,0,9389.12400000002,2974,617,1160.46,12.894
PAL,reference,6,950,100,100,10298.9666666667,2772,819,1119.06,12.434
PAL,earlier,6,950,100,100,10298.9666666667,2772,819,1119.06,12.434
PAL,later,6,950,100,100,10331.5480000001,2830,761,1133.1,12.59
PAL,missed_early,6,950,100,100,10331.5480000001,2830,761,1133.1,12.59
PAL,missed_late,6,950,100,100,10189.488,2843,748,1086.48,12.072
PAL,fusion_early,6,950,100,100,10298.9666666667,2772,819,1119.06,12.434
PAL,fusion_late,6,950,100,100,10326.0533333333,2772,819,1114.92,12.388
NTSC-U,reference,6,950,100,100,9345.25999999991,2772,819,1119.06,12.434
NTSC-U,earlier,6,950,100,100,9345.25999999991,2772,819,1119.06,12.434
NTSC-U,later,6,950,100,100,9364.21466666662,2830,761,1133.1,12.59
NTSC-U,missed_early,6,950,100,100,9364.21466666662,2830,761,1133.1,12.59
NTSC-U,missed_late,6,950,100,100,9255.168,2843,748,1086.48,12.072
NTSC-U,fusion_early,6,950,100,100,9345.25999999991,2772,819,1119.06,12.434
NTSC-U,fusion_late,6,950,100,100,9375.50666666664,2772,819,1114.92,12.388
PAL,reference,6,950,100,300,9818.03199999991,2475,1116,905.76,10.064
PAL,earlier,6,950,100,300,9637.83066666662,3162,429,918.54,10.206
PAL,later,6,950,100,300,9818.03199999991,2475,1116,905.76,10.064
PAL,missed_early,6,950,100,300,9818.03199999991,2475,1116,905.76,10.064
PAL,missed_late,6,950,100,300,9815.832,2442,1149,905.76,10.064
PAL,fusion_early,6,950,100,300,9818.03199999991,2475,1116,905.76,10.064
PAL,fusion_late,6,950,100,300,9919.77866666672,2475,1116,945,10.5
NTSC-U,reference,6,950,100,300,9037.392,2475,1116,905.76,10.064
NTSC-U,earlier,6,950,100,300,8806.33733333333,3162,429,918.54,10.206
NTSC-U,later,6,950,100,300,9037.392,2475,1116,905.76,10.064
NTSC-U,missed_early,6,950,100,300,9037.392,2475,1116,905.76,10.064
NTSC-U,missed_late,6,950,100,300,9037.19199999992,2442,1149,905.76,10.064
NTSC-U,fusion_early,6,950,100,300,9037.392,2475,1116,905.76,10.064
NTSC-U,fusion_late,6,950,100,300,9110.64533333336,2475,1116,945,10.5
PAL,reference,6,950,100,500,9304.496,2505,1086,729.72,8.108
PAL,earlier,6,950,100,500,9308.71733333329,2551,1040,735.48,8.172
PAL,later,6,950,100,500,9304.496,2505,1086,729.72,8.108
PAL,missed_early,6,950,100,500,9304.496,2505,1086,729.72,8.108
PAL,missed_late,6,950,100,500,9304.496,2505,1086,729.72,8.108
PAL,fusion_early,6,950,100,500,9306.85066666664,2523,1068,735.48,8.172
PAL,fusion_late,6,950,100,500,9237.99999999998,2505,1086,708.12,7.868
NTSC-U,reference,6,950,100,500,8650.016,2505,1086,729.72,8.108
NTSC-U,earlier,6,950,100,500,8647.26399999995,2551,1040,735.48,8.172
NTSC-U,later,6,950,100,500,8650.016,2505,1086,729.72,8.108
NTSC-U,missed_early,6,950,100,500,8650.016,2505,1086,729.72,8.108
NTSC-U,missed_late,6,950,100,500,8650.016,2505,1086,729.72,8.108
NTSC-U,fusion_early,6,950,100,500,8647.06400000008,2523,1068,735.48,8.172
NTSC-U,fusion_late,6,950,100,500,8599.38666666668,2505,1086,708.12,7.868
PAL,reference,6,950,100,700,8993.09866666675,1933,1658,565.56,6.284
PAL,earlier,6,950,100,700,8908.11333333337,2241,1350,560.7,6.23
PAL,later,6,950,100,700,8993.09866666675,1933,1658,565.56,6.284
PAL,missed_early,6,950,100,700,8993.09866666675,1933,1658,565.56,6.284
PAL,missed_late,6,950,100,700,8993.09866666675,1933,1658,565.56,6.284
PAL,fusion_early,6,950,100,700,8993.09866666675,1933,1658,565.56,6.284
PAL,fusion_late,6,950,100,700,8935.82933333329,1933,1658,542.88,6.032
NTSC-U,reference,6,950,100,700,8492.65866666661,1933,1658,565.56,6.284
NTSC-U,earlier,6,950,100,700,8392.44666666669,2241,1350,560.7,6.23
NTSC-U,later,6,950,100,700,8492.65866666661,1933,1658,565.56,6.284
NTSC-U,missed_early,6,950,100,700,8492.65866666661,1933,1658,565.56,6.284
NTSC-U,missed_late,6,950,100,700,8492.65866666661,1933,1658,565.56,6.284
NTSC-U,fusion_early,6,950,100,700,8492.65866666661,1933,1658,565.56,6.284
NTSC-U,fusion_late,6,950,100,700,8451.77599999994,1933,1658,542.88,6.032
PAL,reference,10,700,50,0,10876.1888,2804.93,786.07,1485.9,16.51
PAL,earlier,10,700,50,0,10511.4733333333,3321.672,269.328,1454.58,16.162
PAL,later,10,700,50,0,10547.7062666667,2962.838,628.162,1467.72,16.308
PAL,missed_early,10,700,50,0,10547.7062666667,2962.838,628.162,1467.72,16.308
PAL,missed_late,10,700,50,0,10876.1888,2804.93,786.07,1485.9,16.51
PAL,fusion_early,10,700,50,0,10876.1888,2804.93,786.07,1485.9,16.51
PAL,fusion_late,10,700,50,0,11007.4024,2805.17,785.83,1496.88,16.632
NTSC-U,reference,10,700,50,0,9669.28733333333,2805.646,785.354,1483.92,16.488
NTSC-U,earlier,10,700,50,0,9314.22240000001,3320.99,270.01,1455.12,16.168
NTSC-U,later,10,700,50,0,9344.0996,2962.838,628.162,1467.72,16.308
NTSC-U,missed_early,10,700,50,0,9344.0996,2962.838,628.162,1467.72,16.308
NTSC-U,missed_late,10,700,50,0,9669.28733333333,2805.646,785.354,1483.92,16.488
NTSC-U,fusion_early,10,700,50,0,9669.28733333333,2805.646,785.354,1483.92,16.488
NTSC-U,fusion_late,10,700,50,0,9813.51546666667,2805.762,785.238,1498.68,16.652
PAL,reference,10,700,50,100,10748.048,2668.986,922.014,1427.22,15.858
PAL,earlier,10,700,50,100,10335.0729333333,3255.388,335.612,1390.32,15.448
PAL,later,10,700,50,100,10452.1473333333,2829.922,761.078,1415.52,15.728
PAL,missed_early,10,700,50,100,10452.1473333333,2829.922,761.078,1415.52,15.728
PAL,missed_late,10,700,50,100,10748.048,2668.986,922.014,1427.22,15.858
PAL,fusion_early,10,700,50,100,10748.048,2668.986,922.014,1427.22,15.858
PAL,fusion_late,10,700,50,100,10881.2996,2668.828,922.172,1438.38,15.982
NTSC-U,reference,10,700,50,100,9608.90760000001,2669.292,921.708,1427.4,15.86
NTSC-U,earlier,10,700,50,100,9195.1532,3255.574,335.426,1390.68,15.452
NTSC-U,later,10,700,50,100,9294.84626666667,2829.922,761.078,1415.52,15.728
NTSC-U,missed_early,10,700,50,100,9294.84626666667,2829.922,761.078,1415.52,15.728
NTSC-U,missed_late,10,700,50,100,9608.90760000001,2669.292,921.708,1427.4,15.86
NTSC-U,fusion_early,10,700,50,100,9608.90760000001,2669.292,921.708,1427.4,15.86
NTSC-U,fusion_late,10,700,50,100,9719.29226666667,2669.122,921.878,1437.84,15.976
PAL,reference,10,700,50,300,10012.8144,2763.308,827.692,1213.02,13.478
PAL,earlier,10,700,50,300,9913.3384,2965.332,625.668,1203.3,13.37
PAL,later,10,700,50,300,9789.53826666667,2923.12,667.88,1204.74,13.386
PAL,missed_early,10,700,50,300,9789.53826666667,2923.12,667.88,1204.74,13.386
PAL,missed_late,10,700,50,300,10012.8144,2763.308,827.692,1213.02,13.478
PAL,fusion_early,10,700,50,300,9938.3684,2761.946,829.054,1206.54,13.406
PAL,fusion_late,10,700,50,300,10125.5612,2763.618,827.382,1224,13.6
NTSC-U,reference,10,700,50,300,9031.94386666668,2763.298,827.702,1214.28,13.492
NTSC-U,earlier,10,700,50,300,8907.78440000001,2964.312,626.688,1204.02,13.378
NTSC-U,later,10,700,50,300,8779.63826666667,2923.12,667.88,1204.74,13.386
NTSC-U,missed_early,10,700,50,300,8779.63826666667,2923.12,667.88,1204.74,13.386
NTSC-U,missed_late,10,700,50,300,9031.94386666668,2763.298,827.702,1214.28,13.492
NTSC-U,fusion_early,10,700,50,300,8938.93773333334,2762.212,828.788,1206,13.4
NTSC-U,fusion_late,10,700,50,300,9116.49173333334,2763.636,827.364,1224.72,13.608
PAL,reference,10,700,50,500,9794.85933333333,2558.328,1032.672,1047.06,11.634
PAL,earlier,10,700,50,500,9568.95079999999,2951.326,639.674,1022.22,11.358
PAL,later,10,700,50,500,9610.37146666668,2329.686,1261.314,1045.08,11.612
PAL,missed_early,10,700,50,500,9610.37146666668,2329.686,1261.314,1045.08,11.612
PAL,missed_late,10,700,50,500,9794.85933333333,2558.328,1032.672,1047.06,11.634
PAL,fusion_early,10,700,50,500,9794.86053333332,2558.236,1032.764,1047.06,11.634
PAL,fusion_late,10,700,50,500,9854.59213333333,2561.842,1029.158,1053.72,11.708
NTSC-U,reference,10,700,50,500,8923.64186666667,2559.168,1031.832,1046.88,11.632
NTSC-U,earlier,10,700,50,500,8690.76160000001,2950.57,640.43,1020.78,11.342
NTSC-U,later,10,700,50,500,8750.90893333333,2329.686,1261.314,1045.08,11.612
NTSC-U,missed_early,10,700,50,500,8750.90893333333,2329.686,1261.314,1045.08,11.612
NTSC-U,missed_late,10,700,50,500,8923.64186666667,2559.168,1031.832,1046.88,11.632
NTSC-U,fusion_early,10,700,50,500,8924.09226666667,2559,1032,1047.06,11.634
NTSC-U,fusion_late,10,700,50,500,8983.70426666667,2559.174,1031.826,1056.06,11.734
PAL,reference,10,700,80,0,10690.9149333333,2794.266,796.734,1543.14,17.146
PAL,earlier,10,700,80,0,10447.2289333333,3316.766,274.234,1525.32,16.948
PAL,later,10,700,80,0,10489.3028,2949.836,641.164,1528.56,16.984
PAL,missed_early,10,700,80,0,10489.3028,2949.836,641.164,1528.56,16.984
PAL,missed_late,10,700,80,0,10690.9149333333,2794.266,796.734,1543.14,17.146
PAL,fusion_early,10,700,80,0,10690.9149333333,2794.266,796.734,1543.14,17.146
PAL,fusion_late,10,700,80,0,10712.1357333333,2794.676,796.324,1542.78,17.142
NTSC-U,reference,10,700,80,0,9448.4848,2794.236,796.764,1543.14,17.146
NTSC-U,earlier,10,700,80,0,9169.3796,3316.126,274.874,1522.44,16.916
NTSC-U,later,10,700,80,0,9236.83813333334,2949.836,641.164,1528.56,16.984
NTSC-U,missed_early,10,700,80,0,9236.83813333334,2949.836,641.164,1528.56,16.984
NTSC-U,missed_late,10,700,80,0,9448.4848,2794.236,796.764,1543.14,17.146
NTSC-U,fusion_early,10,700,80,0,9448.4848,2794.236,796.764,1543.14,17.146
NTSC-U,fusion_late,10,700,80,0,9457.79133333334,2793.21,797.79,1542.42,17.138
PAL,reference,10,700,80,100,10545.9774666667,2679.082,911.918,1491.12,16.568
PAL,earlier,10,700,80,100,10300.1974666667,3260.2,330.8,1471.14,16.346
PAL,later,10,700,80,100,10394.6865333333,2841.384,749.616,1481.76,16.464
PAL,missed_early,10,700,80,100,10394.6865333333,2841.384,749.616,1481.76,16.464
PAL,missed_late,10,700,80,100,10545.9774666667,2679.082,911.918,1491.12,16.568
PAL,fusion_early,10,700,80,100,10545.9774666667,2679.082,911.918,1491.12,16.568
PAL,fusion_late,10,700,80,100,10606.7224,2678.738,912.262,1500.3,16.67
NTSC-U,reference,10,700,80,100,9339.69306666668,2680.506,910.494,1492.74,16.586
NTSC-U,earlier,10,700,80,100,9074.40480000001,3260.534,330.466,1472.58,16.362
NTSC-U,later,10,700,80,100,9182.91546666666,2841.384,749.616,1481.76,16.464
NTSC-U,missed_early,10,700,80,100,9182.91546666666,2841.384,749.616,1481.76,16.464
NTSC-U,missed_late,10,700,80,100,9339.69306666668,2680.506,910.494,1492.74,16.586
NTSC-U,fusion_early,10,700,80,100,9339.69306666668,2680.506,910.494,1492.74,16.586
NTSC-U,fusion_late,10,700,80,100,9404.35733333333,2681.156,909.844,1501.2,16.68
PAL,reference,10,700,80,300,9935.2316,2774.08,816.92,1289.34,14.326
PAL,earlier,10,700,80,300,9854.75586666666,2975.566,615.434,1281.06,14.234
PAL,later,10,700,80,300,9778.00040000001,2934.424,656.576,1278.18,14.202
PAL,missed_early,10,700,80,300,9778.00040000001,2934.424,656.576,1278.18,14.202
PAL,missed_late,10,700,80,300,9935.2316,2774.08,816.92,1289.34,14.326
PAL,fusion_early,10,700,80,300,9921.61280000001,2772.574,818.426,1288.44,14.316
PAL,fusion_late,10,700,80,300,9946.85693333333,2774.566,816.434,1293.12,14.368
NTSC-U,reference,10,700,80,300,8866.5164,2774.31,816.69,1288.98,14.322
NTSC-U,earlier,10,700,80,300,8785.45146666667,2976.06,614.94,1282.86,14.254
NTSC-U,later,10,700,80,300,8707.51613333334,2934.424,656.576,1278.18,14.202
NTSC-U,missed_early,10,700,80,300,8707.51613333334,2934.424,656.576,1278.18,14.202
NTSC-U,missed_late,10,700,80,300,8866.5164,2774.31,816.69,1288.98,14.322
NTSC-U,fusion_early,10,700,80,300,8865.63693333333,2773.694,817.306,1288.62,14.318
NTSC-U,fusion_late,10,700,80,300,8873.9912,2774.486,816.514,1292.22,14.358
PAL,reference,10,700,80,500,9506.46546666666,2566.93,1024.07,1103.76,12.264
PAL,earlier,10,700,80,500,9344.51453333334,2963.446,627.554,1092.6,12.14
PAL,later,10,700,80,500,9493.02613333333,2339.908,1251.092,1104.48,12.272
PAL,missed_early,10,700,80,500,9493.02613333333,2339.908,1251.092,1104.48,12.272
PAL,missed_late,10,700,80,500,9506.46546666666,2566.93,1024.07,1103.76,12.264
PAL,fusion_early,10,700,80,500,9506.47573333333,2567.006,1023.994,1103.76,12.264
PAL,fusion_late,10,700,80,500,9525.70853333333,2567.384,1023.616,1106.28,12.292
NTSC-U,reference,10,700,80,500,8585.84293333333,2566.932,1024.068,1104.12,12.268
NTSC-U,earlier,10,700,80,500,8409.0784,2962.344,628.656,1092.78,12.142
NTSC-U,later,10,700,80,500,8583.46893333334,2339.908,1251.092,1104.48,12.272
NTSC-U,missed_early,10,700,80,500,8583.46893333334,2339.908,1251.092,1104.48,12.272
NTSC-U,missed_late,10,700,80,500,8585.84293333333,2566.932,1024.068,1104.12,12.268
NTSC-U,fusion_early,10,700,80,500,8585.83733333333,2566.86,1024.14,1104.12,12.268
NTSC-U,fusion_late,10,700,80,500,8605.41533333333,2567.892,1023.108,1107.54,12.306
PAL,reference,10,700,100,0,10634.7706666667,2791,800,1543.32,17.148
PAL,earlier,10,700,100,0,10520.8973333334,3334,257,1562.58,17.362
PAL,later,10,700,100,0,10550.5160000001,2961,630,1555.38,17.282
PAL,missed_early,10,700,100,0,10550.5160000001,2961,630,1555.38,17.282
PAL,missed_late,10,700,100,0,10634.7706666667,2791,800,1543.32,17.148
PAL,fusion_early,10,700,100,0,10634.7706666667,2791,800,1543.32,17.148
PAL,fusion_late,10,700,100,0,10636.132,2791,800,1539.9,17.11
NTSC-U,reference,10,700,100,0,9368.69066666662,2784,807,1543.32,17.148
NTSC-U,earlier,10,700,100,0,9152.44266666665,3295,296,1534.68,17.052
NTSC-U,later,10,700,100,0,9264.99600000002,2961,630,1555.38,17.282
NTSC-U,missed_early,10,700,100,0,9264.99600000002,2961,630,1555.38,17.282
NTSC-U,missed_late,10,700,100,0,9368.69066666662,2784,807,1543.32,17.148
NTSC-U,fusion_early,10,700,100,0,9368.69066666662,2784,807,1543.32,17.148
NTSC-U,fusion_late,10,700,100,0,9372.66533333335,2784,807,1539.9,17.11
PAL,reference,10,700,100,100,10614.5986666667,2718,873,1534.5,17.05
PAL,earlier,10,700,100,100,10416.8626666667,3283,308,1526.58,16.962
PAL,later,10,700,100,100,10539.8813333334,2830,761,1537.02,17.078
PAL,missed_early,10,700,100,100,10539.8813333334,2830,761,1537.02,17.078
PAL,missed_late,10,700,100,100,10614.5986666667,2718,873,1534.5,17.05
PAL,fusion_early,10,700,100,100,10614.5986666667,2718,873,1534.5,17.05
PAL,fusion_late,10,700,100,100,10620.4426666666,2718,873,1529.64,16.996
NTSC-U,reference,10,700,100,100,9352.58933333336,2658,933,1522.8,16.92
NTSC-U,earlier,10,700,100,100,9030.03733333334,3245,346,1476.72,16.408
NTSC-U,later,10,700,100,100,9276.00133333329,2830,761,1537.02,17.078
NTSC-U,missed_early,10,700,100,100,9276.00133333329,2830,761,1537.02,17.078
NTSC-U,missed_late,10,700,100,100,9352.58933333336,2658,933,1522.8,16.92
NTSC-U,fusion_early,10,700,100,100,9352.58933333336,2658,933,1522.8,16.92
NTSC-U,fusion_late,10,700,100,100,9362.07466666673,2658,933,1516.68,16.852
PAL,reference,10,700,100,300,9928.29333333329,2756,835,1302.48,14.472
PAL,earlier,10,700,100,300,9979.888,2952,639,1343.88,14.932
PAL,later,10,700,100,300,9806.75200000009,2949,642,1287,14.3
PAL,missed_early,10,700,100,300,9806.75200000009,2949,642,1287,14.3
PAL,missed_late,10,700,100,300,9928.29333333329,2756,835,1302.48,14.472
PAL,fusion_early,10,700,100,300,9938.00133333329,2776,815,1312.02,14.578
PAL,fusion_late,10,700,100,300,10064.34,2756,835,1347.3,14.97
NTSC-U,reference,10,700,100,300,8839.37333333338,2765,826,1302.48,14.472
NTSC-U,earlier,10,700,100,300,8849.30133333325,2961,630,1343.88,14.932
NTSC-U,later,10,700,100,300,8717.08533333329,2949,642,1287,14.3
NTSC-U,missed_early,10,700,100,300,8717.08533333329,2949,642,1287,14.3
NTSC-U,missed_late,10,700,100,300,8839.37333333338,2765,826,1302.48,14.472
NTSC-U,fusion_early,10,700,100,300,8840.92133333329,2785,806,1312.02,14.578
NTSC-U,fusion_late,10,700,100,300,8943.14000000004,2765,826,1347.3,14.97
PAL,reference,10,700,100,500,9614.90666666672,2547,1044,1163.52,12.928
PAL,earlier,10,700,100,500,9367.04399999991,2970,621,1114.74,12.386
PAL,later,10,700,100,500,9597.82266666671,2329,1262,1152.54,12.806
PAL,missed_early,10,700,100,500,9597.82266666671,2329,1262,1152.54,12.806
PAL,missed_late,10,700,100,500,9614.90666666672,2547,1044,1163.52,12.928
PAL,fusion_early,10,700,100,500,9614.90666666672,2547,1044,1163.52,12.928
PAL,fusion_late,10,700,100,500,9567.39066666665,2547,1044,1145.34,12.726
NTSC-U,reference,10,700,100,500,8639.89333333337,2553,1038,1163.52,12.928
NTSC-U,earlier,10,700,100,500,8401.5506666667,2976,615,1114.74,12.386
NTSC-U,later,10,700,100,500,8644.19600000008,2329,1262,1152.54,12.806
NTSC-U,missed_early,10,700,100,500,8644.19600000008,2329,1262,1152.54,12.806
NTSC-U,missed_late,10,700,100,500,8639.89333333337,2553,1038,1163.52,12.928
NTSC-U,fusion_early,10,700,100,500,8639.89333333337,2553,1038,1163.52,12.928
NTSC-U,fusion_late,10,700,100,500,8605.6973333333,2553,1038,1145.34,12.726
PAL,reference,10,800,50,0,10876.1888,2804.93,786.07,1485.9,16.51
PAL,earlier,10,800,50,0,10876.1888,2804.93,786.07,1485.9,16.51
PAL,later,10,800,50,0,10547.7062666667,2962.838,628.162,1467.72,16.308
PAL,missed_early,10,800,50,0,10547.7062666667,2962.838,628.162,1467.72,16.308
PAL,missed_late,10,800,50,0,10876.1888,2804.93,786.07,1485.9,16.51
PAL,fusion_early,10,800,50,0,10876.1888,2804.93,786.07,1485.9,16.51
PAL,fusion_late,10,800,50,0,11007.4024,2805.17,785.83,1496.88,16.632
NTSC-U,reference,10,800,50,0,9669.28733333333,2805.646,785.354,1483.92,16.488
NTSC-U,earlier,10,800,50,0,9669.28733333333,2805.646,785.354,1483.92,16.488
NTSC-U,later,10,800,50,0,9344.0996,2962.838,628.162,1467.72,16.308
NTSC-U,missed_early,10,800,50,0,9344.0996,2962.838,628.162,1467.72,16.308
NTSC-U,missed_late,10,800,50,0,9669.28733333333,2805.646,785.354,1483.92,16.488
NTSC-U,fusion_early,10,800,50,0,9669.28733333333,2805.646,785.354,1483.92,16.488
NTSC-U,fusion_late,10,800,50,0,9813.51546666667,2805.762,785.238,1498.68,16.652
PAL,reference,10,800,50,100,10748.048,2668.986,922.014,1427.22,15.858
PAL,earlier,10,800,50,100,10718.2401333333,2690.324,900.676,1425.42,15.838
PAL,later,10,800,50,100,10452.1473333333,2829.922,761.078,1415.52,15.728
PAL,missed_early,10,800,50,100,10452.1473333333,2829.922,761.078,1415.52,15.728
PAL,missed_late,10,800,50,100,10748.048,2668.986,922.014,1427.22,15.858
PAL,fusion_early,10,800,50,100,10748.048,2668.986,922.014,1427.22,15.858
PAL,fusion_late,10,800,50,100,10881.2996,2668.828,922.172,1438.38,15.982
NTSC-U,reference,10,800,50,100,9608.90760000001,2669.292,921.708,1427.4,15.86
NTSC-U,earlier,10,800,50,100,9583.74280000002,2688.714,902.286,1427.04,15.856
NTSC-U,later,10,800,50,100,9294.84626666667,2829.922,761.078,1415.52,15.728
NTSC-U,missed_early,10,800,50,100,9294.84626666667,2829.922,761.078,1415.52,15.728
NTSC-U,missed_late,10,800,50,100,9608.90760000001,2669.292,921.708,1427.4,15.86
NTSC-U,fusion_early,10,800,50,100,9608.90760000001,2669.292,921.708,1427.4,15.86
NTSC-U,fusion_late,10,800,50,100,9719.29226666667,2669.122,921.878,1437.84,15.976
PAL,reference,10,800,50,300,10354.7114666667,2278.324,1312.676,1244.7,13.83
PAL,earlier,10,800,50,300,9913.3384,2965.332,625.668,1203.3,13.37
PAL,later,10,800,50,300,10103.1977333333,2442.298,1148.702,1235.34,13.726
PAL,missed_early,10,800,50,300,10103.1977333333,2442.298,1148.702,1235.34,13.726
PAL,missed_late,10,800,50,300,10354.7114666667,2278.324,1312.676,1244.7,13.83
PAL,fusion_early,10,800,50,300,10354.6613333333,2277.448,1313.552,1244.7,13.83
PAL,fusion_late,10,800,50,300,10406.9118666667,2277.298,1313.702,1252.8,13.92
NTSC-U,reference,10,800,50,300,9355.70186666666,2278.312,1312.688,1244.34,13.826
NTSC-U,earlier,10,800,50,300,8907.78440000001,2964.312,626.688,1204.02,13.378
NTSC-U,later,10,800,50,300,9099.49800000001,2442.298,1148.702,1235.34,13.726
NTSC-U,missed_early,10,800,50,300,9099.49800000001,2442.298,1148.702,1235.34,13.726
NTSC-U,missed_late,10,800,50,300,9355.70186666666,2278.312,1312.688,1244.34,13.826
NTSC-U,fusion_early,10,800,50,300,9354.43693333333,2278.266,1312.734,1243.8,13.82
NTSC-U,fusion_late,10,800,50,300,9414.5428,2287.586,1303.414,1251.72,13.908
PAL,reference,10,800,50,500,9597.4852,2744.35,846.65,1027.8,11.42
PAL,earlier,10,800,50,500,9579.20173333335,2767.47,823.53,1025.1,11.39
PAL,later,10,800,50,500,9394.80733333333,2509.808,1081.192,1022.94,11.366
PAL,missed_early,10,800,50,500,9394.80733333333,2509.808,1081.192,1022.94,11.366
PAL,missed_late,10,800,50,500,9597.4852,2744.35,846.65,1027.8,11.42
PAL,fusion_early,10,800,50,500,9505.13506666666,2742.512,848.488,1018.08,11.312
PAL,fusion_late,10,800,50,500,9691.66640000001,2745.7,845.3,1037.88,11.532
NTSC-U,reference,10,800,50,500,8728.25360000001,2744.658,846.342,1026.9,11.41
NTSC-U,earlier,10,800,50,500,8711.81746666668,2767.876,823.124,1024.74,11.386
NTSC-U,later,10,800,50,500,8540.83000000001,2509.808,1081.192,1022.94,11.366
NTSC-U,missed_early,10,800,50,500,8540.83000000001,2509.808,1081.192,1022.94,11.366
NTSC-U,missed_late,10,800,50,500,8728.25360000001,2744.658,846.342,1026.9,11.41
NTSC-U,fusion_early,10,800,50,500,8673.1292,2743.412,847.588,1020.24,11.336
NTSC-U,fusion_late,10,800,50,500,8826.53813333334,2744.308,846.692,1037.16,11.524
PAL,reference,10,800,50,700,9261.52999999999,2261.262,1329.738,853.56,9.484
PAL,earlier,10,800,50,700,9169.68813333333,2372.586,1218.414,847.08,9.412
PAL,later,10,800,50,700,9127.272,2113.936,1477.064,855.18,9.502
PAL,missed_early,10,800,50,700,9127.272,2113.936,1477.064,855.18,9.502
PAL,missed_late,10,800,50,700,9261.52999999999,2261.262,1329.738,853.56,9.484
PAL,fusion_early,10,800,50,700,9225.17813333333,2259.566,1331.434,851.04,9.456
PAL,fusion_late,10,800,50,700,9321.23333333332,2261.1,1329.9,860.4,9.56
NTSC-U,reference,10,800,50,700,8548.4016,2260.484,1330.516,854.1,9.49
NTSC-U,earlier,10,800,50,700,8469.34360000001,2371.76,1219.24,848.16,9.424
NTSC-U,later,10,800,50,700,8417.99693333334,2113.936,1477.064,855.18,9.502
NTSC-U,missed_early,10,800,50,700,8417.99693333334,2113.936,1477.064,855.18,9.502
NTSC-U,missed_late,10,800,50,700,8548.4016,2260.484,1330.516,854.1,9.49
NTSC-U,fusion_early,10,800,50,700,8509.08346666667,2259.27,1331.73,849.78,9.442
NTSC-U,fusion_late,10,800,50,700,8602.70146666668,2260.694,1330.306,861.12,9.568
PAL,reference,10,800,80,0,10690.9149333333,2794.266,796.734,1543.14,17.146
PAL,earlier,10,800,80,0,10690.9149333333,2794.266,796.734,1543.14,17.146
PAL,later,10,800,80,0,10489.3028,2949.836,641.164,1528.56,16.984
PAL,missed_early,10,800,80,0,10489.3028,2949.836,641.164,1528.56,16.984
PAL,missed_late,10,800,80,0,10690.9149333333,2794.266,796.734,1543.14,17.146
PAL,fusion_early,10,800,80,0,10690.9149333333,2794.266,796.734,1543.14,17.146
PAL,fusion_late,10,800,80,0,10712.1357333333,2794.676,796.324,1542.78,17.142
NTSC-U,reference,10,800,80,0,9448.4848,2794.236,796.764,1543.14,17.146
NTSC-U,earlier,10,800,80,0,9448.4848,2794.236,796.764,1543.14,17.146
NTSC-U,later,10,800,80,0,9236.83813333334,2949.836,641.164,1528.56,16.984
NTSC-U,missed_early,10,800,80,0,9236.83813333334,2949.836,641.164,1528.56,16.984
NTSC-U,missed_late,10,800,80,0,9448.4848,2794.236,796.764,1543.14,17.146
NTSC-U,fusion_early,10,800,80,0,9448.4848,2794.236,796.764,1543.14,17.146
NTSC-U,fusion_late,10,800,80,0,9457.79133333334,2793.21,797.79,1542.42,17.138
PAL,reference,10,800,80,100,10545.9774666667,2679.082,911.918,1491.12,16.568
PAL,earlier,10,800,80,100,10548.4974666667,2693.278,897.722,1491.66,16.574
PAL,later,10,800,80,100,10394.6865333333,2841.384,749.616,1481.76,16.464
PAL,missed_early,10,800,80,100,10394.6865333333,2841.384,749.616,1481.76,16.464
PAL,missed_late,10,800,80,100,10545.9774666667,2679.082,911.918,1491.12,16.568
PAL,fusion_early,10,800,80,100,10545.9774666667,2679.082,911.918,1491.12,16.568
PAL,fusion_late,10,800,80,100,10606.7224,2678.738,912.262,1500.3,16.67
NTSC-U,reference,10,800,80,100,9339.69306666668,2680.506,910.494,1492.74,16.586
NTSC-U,earlier,10,800,80,100,9340.61720000001,2691.63,899.37,1493.1,16.59
NTSC-U,later,10,800,80,100,9182.91546666666,2841.384,749.616,1481.76,16.464
NTSC-U,missed_early,10,800,80,100,9182.91546666666,2841.384,749.616,1481.76,16.464
NTSC-U,missed_late,10,800,80,100,9339.69306666668,2680.506,910.494,1492.74,16.586
NTSC-U,fusion_early,10,800,80,100,9339.69306666668,2680.506,910.494,1492.74,16.586
NTSC-U,fusion_late,10,800,80,100,9404.35733333333,2681.156,909.844,1501.2,16.68
PAL,reference,10,800,80,300,10107.3528,2289.426,1301.574,1305.9,14.51
PAL,earlier,10,800,80,300,9854.75586666666,2975.566,615.434,1281.06,14.234
PAL,later,10,800,80,300,10000.3056,2441.598,1149.402,1296.36,14.404
PAL,missed_early,10,800,80,300,10000.3056,2441.598,1149.402,1296.36,14.404
PAL,missed_late,10,800,80,300,10107.3528,2289.426,1301.574,1305.9,14.51
PAL,fusion_early,10,800,80,300,10106.286,2289.536,1301.464,1305.54,14.506
PAL,fusion_late,10,800,80,300,10181.6414666667,2285.498,1305.502,1314.36,14.604
NTSC-U,reference,10,800,80,300,9054.84066666668,2285.596,1305.404,1305.54,14.506
NTSC-U,earlier,10,800,80,300,8785.45146666667,2976.06,614.94,1282.86,14.254
NTSC-U,later,10,800,80,300,8944.78013333334,2441.598,1149.402,1296.36,14.404
NTSC-U,missed_early,10,800,80,300,8944.78013333334,2441.598,1149.402,1296.36,14.404
NTSC-U,missed_late,10,800,80,300,9054.84066666668,2285.596,1305.404,1305.54,14.506
NTSC-U,fusion_early,10,800,80,300,9054.83520000001,2285.672,1305.328,1305.54,14.506
NTSC-U,fusion_late,10,800,80,300,9123.24133333333,2285.172,1305.828,1314.18,14.602
PAL,reference,10,800,80,500,9415.7772,2759.464,831.536,1095.12,12.168
PAL,earlier,10,800,80,500,9402.81693333333,2784.248,806.752,1094.04,12.156
PAL,later,10,800,80,500,9387.26626666667,2523.816,1067.184,1094.58,12.162
PAL,missed_early,10,800,80,500,9387.26626666667,2523.816,1067.184,1094.58,12.162
PAL,missed_late,10,800,80,500,9415.7772,2759.464,831.536,1095.12,12.168
PAL,fusion_early,10,800,80,500,9364.82013333332,2755.342,835.658,1092.96,12.144
PAL,fusion_late,10,800,80,500,9442.06533333334,2758.864,832.136,1099.62,12.218
NTSC-U,reference,10,800,80,500,8490.15853333334,2757.484,833.516,1095.3,12.17
NTSC-U,earlier,10,800,80,500,8476.97573333334,2784.246,806.754,1094.4,12.16
NTSC-U,later,10,800,80,500,8474.44493333333,2523.816,1067.184,1094.58,12.162
NTSC-U,missed_early,10,800,80,500,8474.44493333333,2523.816,1067.184,1094.58,12.162
NTSC-U,missed_late,10,800,80,500,8490.15853333334,2757.484,833.516,1095.3,12.17
NTSC-U,fusion_early,10,800,80,500,8452.73133333334,2755.43,835.57,1093.32,12.148
NTSC-U,fusion_late,10,800,80,500,8510.52613333333,2758.912,832.088,1098.72,12.208
PAL,reference,10,800,80,700,9001.51293333333,2271.272,1319.728,915.12,10.168
PAL,earlier,10,800,80,700,8962.27133333333,2388.876,1202.124,910.62,10.118
PAL,later,10,800,80,700,8991.95066666666,2121.68,1469.32,915.3,10.17
PAL,missed_early,10,800,80,700,8991.95066666666,2121.68,1469.32,915.3,10.17
PAL,missed_late,10,800,80,700,9001.51293333333,2271.272,1319.728,915.12,10.168
PAL,fusion_early,10,800,80,700,8990.2764,2271.58,1319.42,915.12,10.168
PAL,fusion_late,10,800,80,700,9003.17746666667,2271.672,1319.328,915.66,10.174
NTSC-U,reference,10,800,80,700,8231.72506666667,2271.396,1319.604,914.94,10.166
NTSC-U,earlier,10,800,80,700,8190.80026666666,2388.57,1202.43,910.98,10.122
NTSC-U,later,10,800,80,700,8230.58906666667,2121.68,1469.32,915.3,10.17
NTSC-U,missed_early,10,800,80,700,8230.58906666667,2121.68,1469.32,915.3,10.17
NTSC-U,missed_late,10,800,80,700,8231.72506666667,2271.396,1319.604,914.94,10.166
NTSC-U,fusion_early,10,800,80,700,8221.672,2272.17,1318.83,915.12,10.168
NTSC-U,fusion_late,10,800,80,700,8233.5232,2271.842,1319.158,915.48,10.172
PAL,reference,10,800,100,0,10634.7706666667,2791,800,1543.32,17.148
PAL,earlier,10,800,100,0,10634.7706666667,2791,800,1543.32,17.148
PAL,later,10,800,100,0,10550.5160000001,2961,630,1555.38,17.282
PAL,missed_early,10,800,100,0,10550.5160000001,2961,630,1555.38,17.282
PAL,missed_late,10,800,100,0,10634.7706666667,2791,800,1543.32,17.148
PAL,fusion_early,10,800,100,0,10634.7706666667,2791,800,1543.32,17.148
PAL,fusion_late,10,800,100,0,10636.132,2791,800,1539.9,17.11
NTSC-U,reference,10,800,100,0,9368.69066666662,2784,807,1543.32,17.148
NTSC-U,earlier,10,800,100,0,9368.69066666662,2784,807,1543.32,17.148
NTSC-U,later,10,800,100,0,9264.99600000002,2961,630,1555.38,17.282
NTSC-U,missed_early,10,800,100,0,9264.99600000002,2961,630,1555.38,17.282
NTSC-U,missed_late,10,800,100,0,9368.69066666662,2784,807,1543.32,17.148
NTSC-U,fusion_early,10,800,100,0,9368.69066666662,2784,807,1543.32,17.148
NTSC-U,fusion_late,10,800,100,0,9372.66533333335,2784,807,1539.9,17.11
PAL,reference,10,800,100,100,10614.5986666667,2718,873,1534.5,17.05
PAL,earlier,10,800,100,100,10614.5986666667,2718,873,1534.5,17.05
PAL,later,10,800,100,100,10539.8813333334,2830,761,1537.02,17.078
PAL,missed_early,10,800,100,100,10539.8813333334,2830,761,1537.02,17.078
PAL,missed_late,10,800,100,100,10614.5986666667,2718,873,1534.5,17.05
PAL,fusion_early,10,800,100,100,10614.5986666667,2718,873,1534.5,17.05
PAL,fusion_late,10,800,100,100,10620.4426666666,2718,873,1529.64,16.996
NTSC-U,reference,10,800,100,100,9352.58933333336,2658,933,1522.8,16.92
NTSC-U,earlier,10,800,100,100,9352.58933333336,2658,933,1522.8,16.92
NTSC-U,later,10,800,100,100,9276.00133333329,2830,761,1537.02,17.078
NTSC-U,missed_early,10,800,100,100,9276.00133333329,2830,761,1537.02,17.078
NTSC-U,missed_late,10,800,100,100,9352.58933333336,2658,933,1522.8,16.92
NTSC-U,fusion_early,10,800,100,100,9352.58933333336,2658,933,1522.8,16.92
NTSC-U,fusion_late,10,800,100,100,9362.07466666673,2658,933,1516.68,16.852
PAL,reference,10,800,100,300,10168.3613333334,2283,1308,1347.3,14.97
PAL,earlier,10,800,100,300,9979.888,2952,639,1343.88,14.932
PAL,later,10,800,100,300,9980.26133333334,2475,1116,1310.76,14.564
PAL,missed_early,10,800,100,300,9980.26133333334,2475,1116,1310.76,14.564
PAL,missed_late,10,800,100,300,10168.3613333334,2283,1308,1347.3,14.97
PAL,fusion_early,10,800,100,300,10168.3613333334,2283,1308,1347.3,14.97
PAL,fusion_late,10,800,100,300,10172.7986666667,2283,1308,1341.18,14.902
NTSC-U,reference,10,800,100,300,9075.56133333334,2292,1299,1347.3,14.97
NTSC-U,earlier,10,800,100,300,8849.30133333325,2961,630,1343.88,14.932
NTSC-U,later,10,800,100,300,8902.35466666662,2475,1116,1310.76,14.564
NTSC-U,missed_early,10,800,100,300,8902.35466666662,2475,1116,1310.76,14.564
NTSC-U,missed_late,10,800,100,300,9075.56133333334,2292,1299,1347.3,14.97
NTSC-U,fusion_early,10,800,100,300,9075.56133333334,2292,1299,1347.3,14.97
NTSC-U,fusion_late,10,800,100,300,9084.612,2292,1299,1341.18,14.902
PAL,reference,10,800,100,500,9520.06133333329,2783,808,1157.4,12.86
PAL,earlier,10,800,100,500,9520.06133333329,2783,808,1157.4,12.86
PAL,later,10,800,100,500,9448.25333333329,2505,1086,1133.28,12.592
PAL,missed_early,10,800,100,500,9448.25333333329,2505,1086,1133.28,12.592
PAL,missed_late,10,800,100,500,9520.06133333329,2783,808,1157.4,12.86
PAL,fusion_early,10,800,100,500,9518.19466666665,2755,836,1157.4,12.86
PAL,fusion_late,10,800,100,500,9429.91466666664,2783,808,1127.88,12.532
NTSC-U,reference,10,800,100,500,8535.32799999994,2789,802,1157.4,12.86
NTSC-U,earlier,10,800,100,500,8535.32799999994,2789,802,1157.4,12.86
NTSC-U,later,10,800,100,500,8497.46666666663,2505,1086,1133.28,12.592
NTSC-U,missed_early,10,800,100,500,8497.46666666663,2505,1086,1133.28,12.592
NTSC-U,missed_late,10,800,100,500,8535.32799999994,2789,802,1157.4,12.86
NTSC-U,fusion_early,10,800,100,500,8535.12800000008,2761,830,1157.4,12.86
NTSC-U,fusion_late,10,800,100,500,8466.39466666663,2789,802,1127.88,12.532
PAL,reference,10,800,100,700,9067.07600000008,2260,1331,963.18,10.702
PAL,earlier,10,800,100,700,8939.24133333329,2386,1205,922.5,10.25
PAL,later,10,800,100,700,9056.47866666674,2119,1472,950.58,10.562
PAL,missed_early,10,800,100,700,9056.47866666674,2119,1472,950.58,10.562
PAL,missed_late,10,800,100,700,9067.07600000008,2260,1331,963.18,10.702
PAL,fusion_early,10,800,100,700,9066.34266666671,2249,1342,963.18,10.702
PAL,fusion_late,10,800,100,700,8988.28933333337,2260,1331,928.98,10.322
NTSC-U,reference,10,800,100,700,8254.756,2262,1329,963.18,10.702
NTSC-U,earlier,10,800,100,700,8148.50799999993,2388,1203,922.5,10.25
NTSC-U,later,10,800,100,700,8261.82533333331,2119,1472,950.58,10.562
NTSC-U,missed_early,10,800,100,700,8261.82533333331,2119,1472,950.58,10.562
NTSC-U,missed_late,10,800,100,700,8254.756,2262,1329,963.18,10.702
NTSC-U,fusion_early,10,800,100,700,8254.756,2251,1340,963.18,10.702
NTSC-U,fusion_late,10,800,100,700,8200.50266666669,2262,1329,928.98,10.322
PAL,reference,10,900,50,0,10503.6117333333,2963.264,627.736,1465.02,16.278
PAL,earlier,10,900,50,0,10503.6117333333,2963.264,627.736,1465.02,16.278
PAL,later,10,900,50,0,10547.7062666667,2962.838,628.162,1467.72,16.308
PAL,missed_early,10,900,50,0,10547.7062666667,2962.838,628.162,1467.72,16.308
PAL,missed_late,10,900,50,0,10504.3276,2941.5,649.5,1465.74,16.286
PAL,fusion_early,10,900,50,0,10503.6117333333,2963.264,627.736,1465.02,16.278
PAL,fusion_late,10,900,50,0,10626.6669333333,2963.724,627.276,1473.3,16.37
NTSC-U,reference,10,900,50,0,9301.95986666667,2963.264,627.736,1465.02,16.278
NTSC-U,earlier,10,900,50,0,9301.95986666667,2963.264,627.736,1465.02,16.278
NTSC-U,later,10,900,50,0,9344.0996,2962.838,628.162,1467.72,16.308
NTSC-U,missed_early,10,900,50,0,9344.0996,2962.838,628.162,1467.72,16.308
NTSC-U,missed_late,10,900,50,0,9303.39613333334,2941.5,649.5,1465.74,16.286
NTSC-U,fusion_early,10,900,50,0,9301.95986666667,2963.264,627.736,1465.02,16.278
NTSC-U,fusion_late,10,900,50,0,9419.37973333334,2963.724,627.276,1473.3,16.37
PAL,reference,10,900,50,100,10484.9536,2775.784,815.216,1419.3,15.77
PAL,earlier,10,900,50,100,10484.9536,2775.784,815.216,1419.3,15.77
PAL,later,10,900,50,100,10452.1473333333,2829.922,761.078,1415.52,15.728
PAL,missed_early,10,900,50,100,10452.1473333333,2829.922,761.078,1415.52,15.728
PAL,missed_late,10,900,50,100,10398.1126666667,2829.07,761.93,1409.94,15.666
PAL,fusion_early,10,900,50,100,10484.9536,2775.784,815.216,1419.3,15.77
PAL,fusion_late,10,900,50,100,10605.5272,2775.034,815.966,1429.02,15.878
NTSC-U,reference,10,900,50,100,9328.23906666668,2775.784,815.216,1419.3,15.77
NTSC-U,earlier,10,900,50,100,9328.23906666668,2775.784,815.216,1419.3,15.77
NTSC-U,later,10,900,50,100,9294.84626666667,2829.922,761.078,1415.52,15.728
NTSC-U,missed_early,10,900,50,100,9294.84626666667,2829.922,761.078,1415.52,15.728
NTSC-U,missed_late,10,900,50,100,9244.53973333334,2829.07,761.93,1409.94,15.666
NTSC-U,fusion_early,10,900,50,100,9328.23906666668,2775.784,815.216,1419.3,15.77
NTSC-U,fusion_late,10,900,50,100,9441.14119999999,2775.034,815.966,1429.02,15.878
PAL,reference,10,900,50,300,10117.9710666667,2424.784,1166.216,1236.6,13.74
PAL,earlier,10,900,50,300,9643.80013333334,3124.106,466.894,1193.94,13.266
PAL,later,10,900,50,300,10117.9710666667,2424.784,1166.216,1236.6,13.74
PAL,missed_early,10,900,50,300,10117.9710666667,2424.784,1166.216,1236.6,13.74
PAL,missed_late,10,900,50,300,10129.3874666667,2372.52,1218.48,1237.86,13.754
PAL,fusion_early,10,900,50,300,10117.9710666667,2424.784,1166.216,1236.6,13.74
PAL,fusion_late,10,900,50,300,10194.0468,2424.992,1166.008,1245.24,13.836
NTSC-U,reference,10,900,50,300,9114.35426666667,2424.784,1166.216,1236.6,13.74
NTSC-U,earlier,10,900,50,300,8630.104,3124.106,466.894,1193.94,13.266
NTSC-U,later,10,900,50,300,9114.35426666667,2424.784,1166.216,1236.6,13.74
NTSC-U,missed_early,10,900,50,300,9114.35426666667,2424.784,1166.216,1236.6,13.74
NTSC-U,missed_late,10,900,50,300,9127.92266666667,2372.52,1218.48,1237.86,13.754
NTSC-U,fusion_early,10,900,50,300,9114.35426666667,2424.784,1166.216,1236.6,13.74
NTSC-U,fusion_late,10,900,50,300,9183.28319999999,2424.992,1166.008,1245.24,13.836
PAL,reference,10,900,50,500,9381.6624,2519.206,1071.794,1022.22,11.358
PAL,earlier,10,900,50,500,9387.4716,2530.71,1060.29,1023.84,11.376
PAL,later,10,900,50,500,9381.6624,2519.206,1071.794,1022.22,11.358
PAL,missed_early,10,900,50,500,9381.6624,2519.206,1071.794,1022.22,11.358
PAL,missed_late,10,900,50,500,9381.6624,2519.206,1071.794,1022.22,11.358
PAL,fusion_early,10,900,50,500,9347.63693333334,2517.44,1073.56,1018.98,11.322
PAL,fusion_late,10,900,50,500,9503.60853333334,2518.772,1072.228,1034.1,11.49
NTSC-U,reference,10,900,50,500,8527.65866666668,2519.206,1071.794,1022.22,11.358
NTSC-U,earlier,10,900,50,500,8531.76013333334,2530.71,1060.29,1023.84,11.376
NTSC-U,later,10,900,50,500,8527.65866666668,2519.206,1071.794,1022.22,11.358
NTSC-U,missed_early,10,900,50,500,8527.65866666668,2519.206,1071.794,1022.22,11.358
NTSC-U,missed_late,10,900,50,500,8527.65866666668,2519.206,1071.794,1022.22,11.358
NTSC-U,fusion_early,10,900,50,500,8496.68013333334,2517.44,1073.56,1018.98,11.322
NTSC-U,fusion_late,10,900,50,500,8641.20946666667,2518.772,1072.228,1034.1,11.49
PAL,reference,10,900,50,700,9190.11253333333,1924.034,1666.966,863.46,9.594
PAL,earlier,10,900,50,700,9047.85173333333,2224.724,1366.276,847.62,9.418
PAL,later,10,900,50,700,9190.11253333333,1924.034,1666.966,863.46,9.594
PAL,missed_early,10,900,50,700,9190.11253333333,1924.034,1666.966,863.46,9.594
PAL,missed_late,10,900,50,700,9190.11253333333,1924.034,1666.966,863.46,9.594
PAL,fusion_early,10,900,50,700,9190.62226666666,1923.952,1667.048,863.64,9.596
PAL,fusion_late,10,900,50,700,9254.5836,1926.45,1664.55,871.74,9.686
NTSC-U,reference,10,900,50,700,8484.40066666666,1924.034,1666.966,863.46,9.594
NTSC-U,earlier,10,900,50,700,8337.03546666668,2224.724,1366.276,847.62,9.418
NTSC-U,later,10,900,50,700,8484.40066666666,1924.034,1666.966,863.46,9.594
NTSC-U,missed_early,10,900,50,700,8484.40066666666,1924.034,1666.966,863.46,9.594
NTSC-U,missed_late,10,900,50,700,8484.40066666666,1924.034,1666.966,863.46,9.594
NTSC-U,fusion_early,10,900,50,700,8484.74306666666,1923.952,1667.048,863.64,9.596
NTSC-U,fusion_late,10,900,50,700,8542.71146666667,1926.45,1664.55,871.74,9.686
PAL,reference,10,900,80,0,10472.9850666667,2947.04,643.96,1527.3,16.97
PAL,earlier,10,900,80,0,10472.9850666667,2947.04,643.96,1527.3,16.97
PAL,later,10,900,80,0,10489.3028,2949.836,641.164,1528.56,16.984
PAL,missed_early,10,900,80,0,10489.3028,2949.836,641.164,1528.56,16.984
PAL,missed_late,10,900,80,0,10476.9092,2933.672,657.328,1528.92,16.988
PAL,fusion_early,10,900,80,0,10472.9850666667,2947.04,643.96,1527.3,16.97
PAL,fusion_late,10,900,80,0,10509.7776,2947.462,643.538,1528.38,16.982
NTSC-U,reference,10,900,80,0,9221.57346666666,2947.04,643.96,1527.3,16.97
NTSC-U,earlier,10,900,80,0,9221.57346666666,2947.04,643.96,1527.3,16.97
NTSC-U,later,10,900,80,0,9236.83813333334,2949.836,641.164,1528.56,16.984
NTSC-U,missed_early,10,900,80,0,9236.83813333334,2949.836,641.164,1528.56,16.984
NTSC-U,missed_late,10,900,80,0,9225.27333333333,2933.672,657.328,1528.92,16.988
NTSC-U,fusion_early,10,900,80,0,9221.57346666666,2947.04,643.96,1527.3,16.97
NTSC-U,fusion_late,10,900,80,0,9257.22026666666,2947.462,643.538,1528.38,16.982
PAL,reference,10,900,80,100,10421.2776,2782.694,808.306,1484.46,16.494
PAL,earlier,10,900,80,100,10421.2776,2782.694,808.306,1484.46,16.494
PAL,later,10,900,80,100,10394.6865333333,2841.384,749.616,1481.76,16.464
PAL,missed_early,10,900,80,100,10394.6865333333,2841.384,749.616,1481.76,16.464
PAL,missed_late,10,900,80,100,10353.86,2841.092,749.908,1476,16.4
PAL,fusion_early,10,900,80,100,10421.2776,2782.694,808.306,1484.46,16.494
PAL,fusion_late,10,900,80,100,10485.1205333333,2783.582,807.418,1487.88,16.532
NTSC-U,reference,10,900,80,100,9211.13973333334,2782.694,808.306,1484.46,16.494
NTSC-U,earlier,10,900,80,100,9211.13973333334,2782.694,808.306,1484.46,16.494
NTSC-U,later,10,900,80,100,9182.91546666666,2841.384,749.616,1481.76,16.464
NTSC-U,missed_early,10,900,80,100,9182.91546666666,2841.384,749.616,1481.76,16.464
NTSC-U,missed_late,10,900,80,100,9145.88706666666,2841.092,749.908,1476,16.4
NTSC-U,fusion_early,10,900,80,100,9211.13973333334,2782.694,808.306,1484.46,16.494
NTSC-U,fusion_late,10,900,80,100,9271.85986666667,2783.582,807.418,1487.88,16.532
PAL,reference,10,900,80,300,10000.0713333333,2436.08,1154.92,1296.36,14.404
PAL,earlier,10,900,80,300,9686.01546666665,3136.494,454.506,1273.32,14.148
PAL,later,10,900,80,300,10000.0713333333,2436.08,1154.92,1296.36,14.404
PAL,missed_early,10,900,80,300,10000.0713333333,2436.08,1154.92,1296.36,14.404
PAL,missed_late,10,900,80,300,10014.0892,2378.732,1212.268,1298.52,14.428
PAL,fusion_early,10,900,80,300,10000.0713333333,2436.08,1154.92,1296.36,14.404
PAL,fusion_late,10,900,80,300,10025.5844,2435.338,1155.662,1301.04,14.456
NTSC-U,reference,10,900,80,300,8944.84066666667,2436.08,1154.92,1296.36,14.404
NTSC-U,earlier,10,900,80,300,8607.42586666667,3136.494,454.506,1273.32,14.148
NTSC-U,later,10,900,80,300,8944.84066666667,2436.08,1154.92,1296.36,14.404
NTSC-U,missed_early,10,900,80,300,8944.84066666667,2436.08,1154.92,1296.36,14.404
NTSC-U,missed_late,10,900,80,300,8960.62373333333,2378.732,1212.268,1298.52,14.428
NTSC-U,fusion_early,10,900,80,300,8944.84066666667,2436.08,1154.92,1296.36,14.404
NTSC-U,fusion_late,10,900,80,300,8967.27640000001,2435.338,1155.662,1301.04,14.456
PAL,reference,10,900,80,500,9376.2604,2529.154,1061.846,1094.04,12.156
PAL,earlier,10,900,80,500,9366.74346666667,2547.308,1043.692,1094.4,12.16
PAL,later,10,900,80,500,9376.2604,2529.154,1061.846,1094.04,12.156
PAL,missed_early,10,900,80,500,9376.2604,2529.154,1061.846,1094.04,12.156
PAL,missed_late,10,900,80,500,9376.2604,2529.154,1061.846,1094.04,12.156
PAL,fusion_early,10,900,80,500,9360.75813333333,2528.674,1062.326,1092.78,12.142
PAL,fusion_late,10,900,80,500,9412.10733333334,2528.532,1062.468,1098.9,12.21
NTSC-U,reference,10,900,80,500,8463.51506666666,2529.154,1061.846,1094.04,12.156
NTSC-U,earlier,10,900,80,500,8452.69813333334,2547.308,1043.692,1094.4,12.16
NTSC-U,later,10,900,80,500,8463.51506666666,2529.154,1061.846,1094.04,12.156
NTSC-U,missed_early,10,900,80,500,8463.51506666666,2529.154,1061.846,1094.04,12.156
NTSC-U,missed_late,10,900,80,500,8463.51506666666,2529.154,1061.846,1094.04,12.156
NTSC-U,fusion_early,10,900,80,500,8448.87400000001,2528.674,1062.326,1092.78,12.142
NTSC-U,fusion_late,10,900,80,500,8495.58080000001,2528.532,1062.468,1098.9,12.21
PAL,reference,10,900,80,700,9054.13706666666,1928.896,1662.104,921.24,10.236
PAL,earlier,10,900,80,700,8953.63013333334,2237.972,1353.028,911.16,10.124
PAL,later,10,900,80,700,9054.13706666666,1928.896,1662.104,921.24,10.236
PAL,missed_early,10,900,80,700,9054.13706666666,1928.896,1662.104,921.24,10.236
PAL,missed_late,10,900,80,700,9054.13706666666,1928.896,1662.104,921.24,10.236
PAL,fusion_early,10,900,80,700,9054.13466666666,1928.854,1662.146,921.24,10.236
PAL,fusion_late,10,900,80,700,9070.53946666666,1932.042,1658.958,921.96,10.244
NTSC-U,reference,10,900,80,700,8300.02453333333,1928.896,1662.104,921.24,10.236
NTSC-U,earlier,10,900,80,700,8188.8604,2237.972,1353.028,911.16,10.124
NTSC-U,later,10,900,80,700,8300.02453333333,1928.896,1662.104,921.24,10.236
NTSC-U,missed_early,10,900,80,700,8300.02453333333,1928.896,1662.104,921.24,10.236
NTSC-U,missed_late,10,900,80,700,8300.02453333333,1928.896,1662.104,921.24,10.236
NTSC-U,fusion_early,10,900,80,700,8300.03666666667,1928.854,1662.146,921.24,10.236
NTSC-U,fusion_late,10,900,80,700,8315.0812,1932.042,1658.958,921.96,10.244
PAL,reference,10,900,100,0,10565.8986666666,2974,617,1567.08,17.412
PAL,earlier,10,900,100,0,10565.8986666666,2974,617,1567.08,17.412
PAL,later,10,900,100,0,10550.5160000001,2961,630,1555.38,17.282
PAL,missed_early,10,900,100,0,10550.5160000001,2961,630,1555.38,17.282
PAL,missed_late,10,900,100,0,10547.5160000001,2916,675,1555.38,17.282
PAL,fusion_early,10,900,100,0,10565.8986666666,2974,617,1567.08,17.412
PAL,fusion_late,10,900,100,0,10561.3693333333,2974,617,1558.62,17.318
NTSC-U,reference,10,900,100,0,9271.04533333338,2974,617,1567.08,17.412
NTSC-U,earlier,10,900,100,0,9271.04533333338,2974,617,1567.08,17.412
NTSC-U,later,10,900,100,0,9264.99600000002,2961,630,1555.38,17.282
NTSC-U,missed_early,10,900,100,0,9264.99600000002,2961,630,1555.38,17.282
NTSC-U,missed_late,10,900,100,0,9264.66266666663,2916,675,1555.38,17.282
NTSC-U,fusion_early,10,900,100,0,9271.04533333338,2974,617,1567.08,17.412
NTSC-U,fusion_late,10,900,100,0,9272.82266666665,2974,617,1558.62,17.318
PAL,reference,10,900,100,100,10532.22,2772,819,1528.02,16.978
PAL,earlier,10,900,100,100,10532.22,2772,819,1528.02,16.978
PAL,later,10,900,100,100,10539.8813333334,2830,761,1537.02,17.078
PAL,missed_early,10,900,100,100,10539.8813333334,2830,761,1537.02,17.078
PAL,missed_late,10,900,100,100,10397.2813333333,2843,748,1490.22,16.558
PAL,fusion_early,10,900,100,100,10532.22,2772,819,1528.02,16.978
PAL,fusion_late,10,900,100,100,10547.8986666667,2772,819,1522.44,16.916
NTSC-U,reference,10,900,100,100,9278.60666666674,2772,819,1528.02,16.978
NTSC-U,earlier,10,900,100,100,9278.60666666674,2772,819,1528.02,16.978
NTSC-U,later,10,900,100,100,9276.00133333329,2830,761,1537.02,17.078
NTSC-U,missed_early,10,900,100,100,9276.00133333329,2830,761,1537.02,17.078
NTSC-U,missed_late,10,900,100,100,9166.53466666662,2843,748,1490.22,16.558
NTSC-U,fusion_early,10,900,100,100,9278.60666666674,2772,819,1528.02,16.978
NTSC-U,fusion_late,10,900,100,100,9298.40533333326,2772,819,1522.44,16.916
PAL,reference,10,900,100,300,9980.26133333334,2475,1116,1310.76,14.564
PAL,earlier,10,900,100,300,9839.48399999991,3162,429,1326.06,14.734
PAL,later,10,900,100,300,9980.26133333334,2475,1116,1310.76,14.564
PAL,missed_early,10,900,100,300,9980.26133333334,2475,1116,1310.76,14.564
PAL,missed_late,10,900,100,300,10078.9866666667,2372,1219,1342.08,14.912
PAL,fusion_early,10,900,100,300,9980.26133333334,2475,1116,1310.76,14.564
PAL,fusion_late,10,900,100,300,10098.632,2475,1116,1349.64,14.996
NTSC-U,reference,10,900,100,300,8902.35466666662,2475,1116,1310.76,14.564
NTSC-U,earlier,10,900,100,300,8709.04399999995,3162,429,1326.06,14.734
NTSC-U,later,10,900,100,300,8902.35466666662,2475,1116,1310.76,14.564
NTSC-U,missed_early,10,900,100,300,8902.35466666662,2475,1116,1310.76,14.564
NTSC-U,missed_late,10,900,100,300,8984.46666666663,2372,1219,1342.08,14.912
NTSC-U,fusion_early,10,900,100,300,8902.35466666662,2475,1116,1310.76,14.564
NTSC-U,fusion_late,10,900,100,300,8992.47200000004,2475,1116,1349.64,14.996
PAL,reference,10,900,100,500,9448.25333333329,2505,1086,1133.28,12.592
PAL,earlier,10,900,100,500,9465.42666666673,2551,1040,1141.2,12.68
PAL,later,10,900,100,500,9448.25333333329,2505,1086,1133.28,12.592
PAL,missed_early,10,900,100,500,9448.25333333329,2505,1086,1133.28,12.592
PAL,missed_late,10,900,100,500,9448.25333333329,2505,1086,1133.28,12.592
PAL,fusion_early,10,900,100,500,9463.56000000009,2523,1068,1141.2,12.68
PAL,fusion_late,10,900,100,500,9412.86533333327,2505,1086,1106.46,12.294
NTSC-U,reference,10,900,100,500,8497.46666666663,2505,1086,1133.28,12.592
NTSC-U,earlier,10,900,100,500,8506.22666666661,2551,1040,1141.2,12.68
NTSC-U,later,10,900,100,500,8497.46666666663,2505,1086,1133.28,12.592
NTSC-U,missed_early,10,900,100,500,8497.46666666663,2505,1086,1133.28,12.592
NTSC-U,missed_late,10,900,100,500,8497.46666666663,2505,1086,1133.28,12.592
NTSC-U,fusion_early,10,900,100,500,8506.0266666667,2523,1068,1141.2,12.68
NTSC-U,fusion_late,10,900,100,500,8481.42533333331,2505,1086,1106.46,12.294
PAL,reference,10,900,100,700,9116.67200000003,1933,1658,966.96,10.744
PAL,earlier,10,900,100,700,9088.42666666662,2241,1350,970.56,10.784
PAL,later,10,900,100,700,9116.67200000003,1933,1658,966.96,10.744
PAL,missed_early,10,900,100,700,9116.67200000003,1933,1658,966.96,10.744
PAL,missed_late,10,900,100,700,9116.67200000003,1933,1658,966.96,10.744
PAL,fusion_early,10,900,100,700,9116.67200000003,1933,1658,966.96,10.744
PAL,fusion_late,10,900,100,700,9049.34666666674,1933,1658,941.76,10.464
NTSC-U,reference,10,900,100,700,8321.36533333323,1933,1658,966.96,10.744
NTSC-U,earlier,10,900,100,700,8272.25333333331,2241,1350,970.56,10.784
NTSC-U,later,10,900,100,700,8321.36533333323,1933,1658,966.96,10.744
NTSC-U,missed_early,10,900,100,700,8321.36533333323,1933,1658,966.96,10.744
NTSC-U,missed_late,10,900,100,700,8321.36533333323,1933,1658,966.96,10.744
NTSC-U,fusion_early,10,900,100,700,8321.36533333323,1933,1658,966.96,10.744
NTSC-U,fusion_late,10,900,100,700,8272.10666666661,1933,1658,941.76,10.464
PAL,reference,10,950,50,0,10503.6117333333,2963.264,627.736,1465.02,16.278
PAL,earlier,10,950,50,0,10503.6117333333,2963.264,627.736,1465.02,16.278
PAL,later,10,950,50,0,10547.7062666667,2962.838,628.162,1467.72,16.308
PAL,missed_early,10,950,50,0,10547.7062666667,2962.838,628.162,1467.72,16.308
PAL,missed_late,10,950,50,0,10504.3276,2941.5,649.5,1465.74,16.286
PAL,fusion_early,10,950,50,0,10503.6117333333,2963.264,627.736,1465.02,16.278
PAL,fusion_late,10,950,50,0,10626.6669333333,2963.724,627.276,1473.3,16.37
NTSC-U,reference,10,950,50,0,9301.95986666667,2963.264,627.736,1465.02,16.278
NTSC-U,earlier,10,950,50,0,9301.95986666667,2963.264,627.736,1465.02,16.278
NTSC-U,later,10,950,50,0,9344.0996,2962.838,628.162,1467.72,16.308
NTSC-U,missed_early,10,950,50,0,9344.0996,2962.838,628.162,1467.72,16.308
NTSC-U,missed_late,10,950,50,0,9303.39613333334,2941.5,649.5,1465.74,16.286
NTSC-U,fusion_early,10,950,50,0,9301.95986666667,2963.264,627.736,1465.02,16.278
NTSC-U,fusion_late,10,950,50,0,9419.37973333334,2963.724,627.276,1473.3,16.37
PAL,reference,10,950,50,100,10410.2333333333,2812.54,778.46,1410.66,15.674
PAL,earlier,10,950,50,100,10410.2333333333,2812.54,778.46,1410.66,15.674
PAL,later,10,950,50,100,10452.1473333333,2829.922,761.078,1415.52,15.728
PAL,missed_early,10,950,50,100,10452.1473333333,2829.922,761.078,1415.52,15.728
PAL,missed_late,10,950,50,100,10398.1126666667,2829.07,761.93,1409.94,15.666
PAL,fusion_early,10,950,50,100,10410.2333333333,2812.54,778.46,1410.66,15.674
PAL,fusion_late,10,950,50,100,10564.7844,2814.992,776.008,1425.42,15.838
NTSC-U,reference,10,950,50,100,9257.0556,2812.54,778.46,1410.66,15.674
NTSC-U,earlier,10,950,50,100,9257.0556,2812.54,778.46,1410.66,15.674
NTSC-U,later,10,950,50,100,9294.84626666667,2829.922,761.078,1415.52,15.728
NTSC-U,missed_early,10,950,50,100,9294.84626666667,2829.922,761.078,1415.52,15.728
NTSC-U,missed_late,10,950,50,100,9244.53973333334,2829.07,761.93,1409.94,15.666
NTSC-U,fusion_early,10,950,50,100,9257.0556,2812.54,778.46,1410.66,15.674
NTSC-U,fusion_late,10,950,50,100,9401.08946666665,2814.992,776.008,1425.42,15.838
PAL,reference,10,950,50,300,10117.9710666667,2424.784,1166.216,1236.6,13.74
PAL,earlier,10,950,50,300,9643.80013333334,3124.106,466.894,1193.94,13.266
PAL,later,10,950,50,300,10117.9710666667,2424.784,1166.216,1236.6,13.74
PAL,missed_early,10,950,50,300,10117.9710666667,2424.784,1166.216,1236.6,13.74
PAL,missed_late,10,950,50,300,10083.2278666667,2403.194,1187.806,1234.26,13.714
PAL,fusion_early,10,950,50,300,10117.9710666667,2424.784,1166.216,1236.6,13.74
PAL,fusion_late,10,950,50,300,10194.0468,2424.992,1166.008,1245.24,13.836
NTSC-U,reference,10,950,50,300,9114.35426666667,2424.784,1166.216,1236.6,13.74
NTSC-U,earlier,10,950,50,300,8630.104,3124.106,466.894,1193.94,13.266
NTSC-U,later,10,950,50,300,9114.35426666667,2424.784,1166.216,1236.6,13.74
NTSC-U,missed_early,10,950,50,300,9114.35426666667,2424.784,1166.216,1236.6,13.74
NTSC-U,missed_late,10,950,50,300,9082.89453333334,2403.194,1187.806,1234.26,13.714
NTSC-U,fusion_early,10,950,50,300,9114.35426666667,2424.784,1166.216,1236.6,13.74
NTSC-U,fusion_late,10,950,50,300,9183.28319999999,2424.992,1166.008,1245.24,13.836
PAL,reference,10,950,50,500,9381.6624,2519.206,1071.794,1022.22,11.358
PAL,earlier,10,950,50,500,9387.4716,2530.71,1060.29,1023.84,11.376
PAL,later,10,950,50,500,9381.6624,2519.206,1071.794,1022.22,11.358
PAL,missed_early,10,950,50,500,9381.6624,2519.206,1071.794,1022.22,11.358
PAL,missed_late,10,950,50,500,9381.6624,2519.206,1071.794,1022.22,11.358
PAL,fusion_early,10,950,50,500,9347.63693333334,2517.44,1073.56,1018.98,11.322
PAL,fusion_late,10,950,50,500,9503.60853333334,2518.772,1072.228,1034.1,11.49
NTSC-U,reference,10,950,50,500,8527.65866666668,2519.206,1071.794,1022.22,11.358
NTSC-U,earlier,10,950,50,500,8531.76013333334,2530.71,1060.29,1023.84,11.376
NTSC-U,later,10,950,50,500,8527.65866666668,2519.206,1071.794,1022.22,11.358
NTSC-U,missed_early,10,950,50,500,8527.65866666668,2519.206,1071.794,1022.22,11.358
NTSC-U,missed_late,10,950,50,500,8527.65866666668,2519.206,1071.794,1022.22,11.358
NTSC-U,fusion_early,10,950,50,500,8496.68013333334,2517.44,1073.56,1018.98,11.322
NTSC-U,fusion_late,10,950,50,500,8641.20946666667,2518.772,1072.228,1034.1,11.49
PAL,reference,10,950,50,700,9191.73186666666,1915.636,1675.364,864.18,9.602
PAL,earlier,10,950,50,700,9047.85173333333,2224.724,1366.276,847.62,9.418
PAL,later,10,950,50,700,9191.73186666666,1915.636,1675.364,864.18,9.602
PAL,missed_early,10,950,50,700,9191.73186666666,1915.636,1675.364,864.18,9.602
PAL,missed_late,10,950,50,700,9191.73186666666,1915.636,1675.364,864.18,9.602
PAL,fusion_early,10,950,50,700,9191.73186666666,1915.636,1675.364,864.18,9.602
PAL,fusion_late,10,950,50,700,9256.5928,1915.86,1675.14,872.64,9.696
NTSC-U,reference,10,950,50,700,8485.91733333333,1915.636,1675.364,864.18,9.602
NTSC-U,earlier,10,950,50,700,8337.03546666668,2224.724,1366.276,847.62,9.418
NTSC-U,later,10,950,50,700,8485.91733333333,1915.636,1675.364,864.18,9.602
NTSC-U,missed_early,10,950,50,700,8485.91733333333,1915.636,1675.364,864.18,9.602
NTSC-U,missed_late,10,950,50,700,8485.91733333333,1915.636,1675.364,864.18,9.602
NTSC-U,fusion_early,10,950,50,700,8485.91733333333,1915.636,1675.364,864.18,9.602
NTSC-U,fusion_late,10,950,50,700,8544.69226666666,1915.86,1675.14,872.64,9.696
PAL,reference,10,950,80,0,10473.3434666667,2952.734,638.266,1527.3,16.97
PAL,earlier,10,950,80,0,10473.3434666667,2952.734,638.266,1527.3,16.97
PAL,later,10,950,80,0,10489.3028,2949.836,641.164,1528.56,16.984
PAL,missed_early,10,950,80,0,10489.3028,2949.836,641.164,1528.56,16.984
PAL,missed_late,10,950,80,0,10476.9092,2933.672,657.328,1528.92,16.988
PAL,fusion_early,10,950,80,0,10473.3434666667,2952.734,638.266,1527.3,16.97
PAL,fusion_late,10,950,80,0,10512.2672,2951.728,639.272,1529.1,16.99
NTSC-U,reference,10,950,80,0,9221.61693333333,2952.734,638.266,1527.3,16.97
NTSC-U,earlier,10,950,80,0,9221.61693333333,2952.734,638.266,1527.3,16.97
NTSC-U,later,10,950,80,0,9236.83813333334,2949.836,641.164,1528.56,16.984
NTSC-U,missed_early,10,950,80,0,9236.83813333334,2949.836,641.164,1528.56,16.984
NTSC-U,missed_late,10,950,80,0,9225.27333333333,2933.672,657.328,1528.92,16.988
NTSC-U,fusion_early,10,950,80,0,9221.61693333333,2952.734,638.266,1527.3,16.97
NTSC-U,fusion_late,10,950,80,0,9258.95546666667,2951.728,639.272,1529.1,16.99
PAL,reference,10,950,80,100,10400.2258666667,2828.968,762.032,1480.32,16.448
PAL,earlier,10,950,80,100,10400.2258666667,2828.968,762.032,1480.32,16.448
PAL,later,10,950,80,100,10394.6865333333,2841.384,749.616,1481.76,16.464
PAL,missed_early,10,950,80,100,10394.6865333333,2841.384,749.616,1481.76,16.464
PAL,missed_late,10,950,80,100,10353.86,2841.092,749.908,1476,16.4
PAL,fusion_early,10,950,80,100,10400.2258666667,2828.968,762.032,1480.32,16.448
PAL,fusion_late,10,950,80,100,10430.6644,2829.584,761.416,1483.2,16.48
NTSC-U,reference,10,950,80,100,9190.1792,2828.968,762.032,1480.32,16.448
NTSC-U,earlier,10,950,80,100,9190.1792,2828.968,762.032,1480.32,16.448
NTSC-U,later,10,950,80,100,9182.91546666666,2841.384,749.616,1481.76,16.464
NTSC-U,missed_early,10,950,80,100,9182.91546666666,2841.384,749.616,1481.76,16.464
NTSC-U,missed_late,10,950,80,100,9145.88706666666,2841.092,749.908,1476,16.4
NTSC-U,fusion_early,10,950,80,100,9190.1792,2828.968,762.032,1480.32,16.448
NTSC-U,fusion_late,10,950,80,100,9217.6472,2829.584,761.416,1483.2,16.48
PAL,reference,10,950,80,300,10000.0713333333,2436.08,1154.92,1296.36,14.404
PAL,earlier,10,950,80,300,9686.01546666665,3136.494,454.506,1273.32,14.148
PAL,later,10,950,80,300,10000.0713333333,2436.08,1154.92,1296.36,14.404
PAL,missed_early,10,950,80,300,10000.0713333333,2436.08,1154.92,1296.36,14.404
PAL,missed_late,10,950,80,300,9984.06040000001,2422.996,1168.004,1294.56,14.384
PAL,fusion_early,10,950,80,300,10000.0713333333,2436.08,1154.92,1296.36,14.404
PAL,fusion_late,10,950,80,300,10025.5844,2435.338,1155.662,1301.04,14.456
NTSC-U,reference,10,950,80,300,8944.84066666667,2436.08,1154.92,1296.36,14.404
NTSC-U,earlier,10,950,80,300,8607.42586666667,3136.494,454.506,1273.32,14.148
NTSC-U,later,10,950,80,300,8944.84066666667,2436.08,1154.92,1296.36,14.404
NTSC-U,missed_early,10,950,80,300,8944.84066666667,2436.08,1154.92,1296.36,14.404
NTSC-U,missed_late,10,950,80,300,8930.864,2422.996,1168.004,1294.56,14.384
NTSC-U,fusion_early,10,950,80,300,8944.84066666667,2436.08,1154.92,1296.36,14.404
NTSC-U,fusion_late,10,950,80,300,8967.27640000001,2435.338,1155.662,1301.04,14.456
PAL,reference,10,950,80,500,9376.2604,2529.154,1061.846,1094.04,12.156
PAL,earlier,10,950,80,500,9366.74346666667,2547.308,1043.692,1094.4,12.16
PAL,later,10,950,80,500,9376.2604,2529.154,1061.846,1094.04,12.156
PAL,missed_early,10,950,80,500,9376.2604,2529.154,1061.846,1094.04,12.156
PAL,missed_late,10,950,80,500,9376.2604,2529.154,1061.846,1094.04,12.156
PAL,fusion_early,10,950,80,500,9360.75813333333,2528.674,1062.326,1092.78,12.142
PAL,fusion_late,10,950,80,500,9412.10733333334,2528.532,1062.468,1098.9,12.21
NTSC-U,reference,10,950,80,500,8463.51506666666,2529.154,1061.846,1094.04,12.156
NTSC-U,earlier,10,950,80,500,8452.69813333334,2547.308,1043.692,1094.4,12.16
NTSC-U,later,10,950,80,500,8463.51506666666,2529.154,1061.846,1094.04,12.156
NTSC-U,missed_early,10,950,80,500,8463.51506666666,2529.154,1061.846,1094.04,12.156
NTSC-U,missed_late,10,950,80,500,8463.51506666666,2529.154,1061.846,1094.04,12.156
NTSC-U,fusion_early,10,950,80,500,8448.87400000001,2528.674,1062.326,1092.78,12.142
NTSC-U,fusion_late,10,950,80,500,8495.58080000001,2528.532,1062.468,1098.9,12.21
PAL,reference,10,950,80,700,9066.1632,1923.826,1667.174,920.7,10.23
PAL,earlier,10,950,80,700,8953.63013333334,2237.972,1353.028,911.16,10.124
PAL,later,10,950,80,700,9066.1632,1923.826,1667.174,920.7,10.23
PAL,missed_early,10,950,80,700,9066.1632,1923.826,1667.174,920.7,10.23
PAL,missed_late,10,950,80,700,9066.1632,1923.826,1667.174,920.7,10.23
PAL,fusion_early,10,950,80,700,9066.1632,1923.826,1667.174,920.7,10.23
PAL,fusion_late,10,950,80,700,9067.89626666666,1923.824,1667.176,921.24,10.236
NTSC-U,reference,10,950,80,700,8312.7024,1923.826,1667.174,920.7,10.23
NTSC-U,earlier,10,950,80,700,8188.8604,2237.972,1353.028,911.16,10.124
NTSC-U,later,10,950,80,700,8312.7024,1923.826,1667.174,920.7,10.23
NTSC-U,missed_early,10,950,80,700,8312.7024,1923.826,1667.174,920.7,10.23
NTSC-U,missed_late,10,950,80,700,8312.7024,1923.826,1667.174,920.7,10.23
NTSC-U,fusion_early,10,950,80,700,8312.7024,1923.826,1667.174,920.7,10.23
NTSC-U,fusion_late,10,950,80,700,8313.36426666666,1923.824,1667.176,921.24,10.236
PAL,reference,10,950,100,0,10565.8986666666,2974,617,1567.08,17.412
PAL,earlier,10,950,100,0,10565.8986666666,2974,617,1567.08,17.412
PAL,later,10,950,100,0,10550.5160000001,2961,630,1555.38,17.282
PAL,missed_early,10,950,100,0,10550.5160000001,2961,630,1555.38,17.282
PAL,missed_late,10,950,100,0,10547.5160000001,2916,675,1555.38,17.282
PAL,fusion_early,10,950,100,0,10565.8986666666,2974,617,1567.08,17.412
PAL,fusion_late,10,950,100,0,10561.3693333333,2974,617,1558.62,17.318
NTSC-U,reference,10,950,100,0,9271.04533333338,2974,617,1567.08,17.412
NTSC-U,earlier,10,950,100,0,9271.04533333338,2974,617,1567.08,17.412
NTSC-U,later,10,950,100,0,9264.99600000002,2961,630,1555.38,17.282
NTSC-U,missed_early,10,950,100,0,9264.99600000002,2961,630,1555.38,17.282
NTSC-U,missed_late,10,950,100,0,9264.66266666663,2916,675,1555.38,17.282
NTSC-U,fusion_early,10,950,100,0,9271.04533333338,2974,617,1567.08,17.412
NTSC-U,fusion_late,10,950,100,0,9272.82266666665,2974,617,1558.62,17.318
PAL,reference,10,950,100,100,10532.22,2772,819,1528.02,16.978
PAL,earlier,10,950,100,100,10532.22,2772,819,1528.02,16.978
PAL,later,10,950,100,100,10539.8813333334,2830,761,1537.02,17.078
PAL,missed_early,10,950,100,100,10539.8813333334,2830,761,1537.02,17.078
PAL,missed_late,10,950,100,100,10397.2813333333,2843,748,1490.22,16.558
PAL,fusion_early,10,950,100,100,10532.22,2772,819,1528.02,16.978
PAL,fusion_late,10,950,100,100,10547.8986666667,2772,819,1522.44,16.916
NTSC-U,reference,10,950,100,100,9278.60666666674,2772,819,1528.02,16.978
NTSC-U,earlier,10,950,100,100,9278.60666666674,2772,819,1528.02,16.978
NTSC-U,later,10,950,100,100,9276.00133333329,2830,761,1537.02,17.078
NTSC-U,missed_early,10,950,100,100,9276.00133333329,2830,761,1537.02,17.078
NTSC-U,missed_late,10,950,100,100,9166.53466666662,2843,748,1490.22,16.558
NTSC-U,fusion_early,10,950,100,100,9278.60666666674,2772,819,1528.02,16.978
NTSC-U,fusion_late,10,950,100,100,9298.40533333326,2772,819,1522.44,16.916
PAL,reference,10,950,100,300,9980.26133333334,2475,1116,1310.76,14.564
PAL,earlier,10,950,100,300,9839.48399999991,3162,429,1326.06,14.734
PAL,later,10,950,100,300,9980.26133333334,2475,1116,1310.76,14.564
PAL,missed_early,10,950,100,300,9980.26133333334,2475,1116,1310.76,14.564
PAL,missed_late,10,950,100,300,9978.06133333338,2442,1149,1310.76,14.564
PAL,fusion_early,10,950,100,300,9980.26133333334,2475,1116,1310.76,14.564
PAL,fusion_late,10,950,100,300,10098.632,2475,1116,1349.64,14.996
NTSC-U,reference,10,950,100,300,8902.35466666662,2475,1116,1310.76,14.564
NTSC-U,earlier,10,950,100,300,8709.04399999995,3162,429,1326.06,14.734
NTSC-U,later,10,950,100,300,8902.35466666662,2475,1116,1310.76,14.564
NTSC-U,missed_early,10,950,100,300,8902.35466666662,2475,1116,1310.76,14.564
NTSC-U,missed_late,10,950,100,300,8902.15466666675,2442,1149,1310.76,14.564
NTSC-U,fusion_early,10,950,100,300,8902.35466666662,2475,1116,1310.76,14.564
NTSC-U,fusion_late,10,950,100,300,8992.47200000004,2475,1116,1349.64,14.996
PAL,reference,10,950,100,500,9448.25333333329,2505,1086,1133.28,12.592
PAL,earlier,10,950,100,500,9465.42666666673,2551,1040,1141.2,12.68
PAL,later,10,950,100,500,9448.25333333329,2505,1086,1133.28,12.592
PAL,missed_early,10,950,100,500,9448.25333333329,2505,1086,1133.28,12.592
PAL,missed_late,10,950,100,500,9448.25333333329,2505,1086,1133.28,12.592
PAL,fusion_early,10,950,100,500,9463.56000000009,2523,1068,1141.2,12.68
PAL,fusion_late,10,950,100,500,9412.86533333327,2505,1086,1106.46,12.294
NTSC-U,reference,10,950,100,500,8497.46666666663,2505,1086,1133.28,12.592
NTSC-U,earlier,10,950,100,500,8506.22666666661,2551,1040,1141.2,12.68
NTSC-U,later,10,950,100,500,8497.46666666663,2505,1086,1133.28,12.592
NTSC-U,missed_early,10,950,100,500,8497.46666666663,2505,1086,1133.28,12.592
NTSC-U,missed_late,10,950,100,500,8497.46666666663,2505,1086,1133.28,12.592
NTSC-U,fusion_early,10,950,100,500,8506.0266666667,2523,1068,1141.2,12.68
NTSC-U,fusion_late,10,950,100,500,8481.42533333331,2505,1086,1106.46,12.294
PAL,reference,10,950,100,700,9116.67200000003,1933,1658,966.96,10.744
PAL,earlier,10,950,100,700,9088.42666666662,2241,1350,970.56,10.784
PAL,later,10,950,100,700,9116.67200000003,1933,1658,966.96,10.744
PAL,missed_early,10,950,100,700,9116.67200000003,1933,1658,966.96,10.744
PAL,missed_late,10,950,100,700,9116.67200000003,1933,1658,966.96,10.744
PAL,fusion_early,10,950,100,700,9116.67200000003,1933,1658,966.96,10.744
PAL,fusion_late,10,950,100,700,9049.34666666674,1933,1658,941.76,10.464
NTSC-U,reference,10,950,100,700,8321.36533333323,1933,1658,966.96,10.744
NTSC-U,earlier,10,950,100,700,8272.25333333331,2241,1350,970.56,10.784
NTSC-U,later,10,950,100,700,8321.36533333323,1933,1658,966.96,10.744
NTSC-U,missed_early,10,950,100,700,8321.36533333323,1933,1658,966.96,10.744
NTSC-U,missed_late,10,950,100,700,8321.36533333323,1933,1658,966.96,10.744
NTSC-U,fusion_early,10,950,100,700,8321.36533333323,1933,1658,966.96,10.744
NTSC-U,fusion_late,10,950,100,700,8272.10666666661,1933,1658,941.76,10.464
PAL,reference,15,700,50,0,11712.7369333333,2804.958,786.042,2060.1,22.89
PAL,earlier,15,700,50,0,11309.4284,3321.428,269.572,2014.92,22.388
PAL,later,15,700,50,0,11363.3777333333,2962.232,628.768,2040.84,22.676
PAL,missed_early,15,700,50,0,11363.3777333333,2962.232,628.768,2040.84,22.676
PAL,missed_late,15,700,50,0,11712.7369333333,2804.958,786.042,2060.1,22.89
PAL,fusion_early,15,700,50,0,11712.7369333333,2804.958,786.042,2060.1,22.89
PAL,fusion_late,15,700,50,0,11833.0209333333,2805.14,785.86,2066.04,22.956
NTSC-U,reference,15,700,50,0,10102.7721333333,2804.724,786.276,2060.46,22.894
NTSC-U,earlier,15,700,50,0,9684.43640000001,3321.636,269.364,2012.76,22.364
NTSC-U,later,15,700,50,0,9741.27506666668,2962.232,628.768,2040.84,22.676
NTSC-U,missed_early,15,700,50,0,9741.27506666668,2962.232,628.768,2040.84,22.676
NTSC-U,missed_late,15,700,50,0,10102.7721333333,2804.724,786.276,2060.46,22.894
NTSC-U,fusion_early,15,700,50,0,10102.7721333333,2804.724,786.276,2060.46,22.894
NTSC-U,fusion_late,15,700,50,0,10216.4853333333,2806.068,784.932,2065.5,22.95
PAL,reference,15,700,50,100,11544.7494666667,2668.97,922.03,1982.52,22.028
PAL,earlier,15,700,50,100,11165.2332,3254.69,336.31,1963.98,21.822
PAL,later,15,700,50,100,11254.5481333333,2829.348,761.652,1978.74,21.986
PAL,missed_early,15,700,50,100,11254.5481333333,2829.348,761.652,1978.74,21.986
PAL,missed_late,15,700,50,100,11544.7494666667,2668.97,922.03,1982.52,22.028
PAL,fusion_early,15,700,50,100,11544.7494666667,2668.97,922.03,1982.52,22.028
PAL,fusion_late,15,700,50,100,11636.4437333334,2669.44,921.56,1988.46,22.094
NTSC-U,reference,15,700,50,100,9998.77266666667,2669.13,921.87,1982.88,22.032
NTSC-U,earlier,15,700,50,100,9590.10479999999,3256.074,334.926,1965.24,21.836
NTSC-U,later,15,700,50,100,9685.14746666667,2829.348,761.652,1978.74,21.986
NTSC-U,missed_early,15,700,50,100,9685.14746666667,2829.348,761.652,1978.74,21.986
NTSC-U,missed_late,15,700,50,100,9998.77266666667,2669.13,921.87,1982.88,22.032
NTSC-U,fusion_early,15,700,50,100,9998.77266666667,2669.13,921.87,1982.88,22.032
NTSC-U,fusion_late,15,700,50,100,10070.3613333333,2669.382,921.618,1987.74,22.086
PAL,reference,15,700,50,300,10884.3062666667,2763.11,827.89,1791.18,19.902
PAL,earlier,15,700,50,300,10731.3864,2964.448,626.552,1777.32,19.748
PAL,later,15,700,50,300,10591.3345333333,2922.972,668.028,1776.78,19.742
PAL,missed_early,15,700,50,300,10591.3345333333,2922.972,668.028,1776.78,19.742
PAL,missed_late,15,700,50,300,10884.3062666667,2763.11,827.89,1791.18,19.902
PAL,fusion_early,15,700,50,300,10780.2862666667,2762.386,828.614,1780.92,19.788
PAL,fusion_late,15,700,50,300,10953.5230666667,2764.032,826.968,1794.42,19.938
NTSC-U,reference,15,700,50,300,9458.45386666667,2764.054,826.946,1790.82,19.898
NTSC-U,earlier,15,700,50,300,9309.07986666667,2964.692,626.308,1778.94,19.766
NTSC-U,later,15,700,50,300,9163.29173333334,2922.972,668.028,1776.78,19.742
NTSC-U,missed_early,15,700,50,300,9163.29173333334,2922.972,668.028,1776.78,19.742
NTSC-U,missed_late,15,700,50,300,9458.45386666667,2764.054,826.946,1790.82,19.898
NTSC-U,fusion_early,15,700,50,300,9361.9348,2762.504,828.496,1781.28,19.792
NTSC-U,fusion_late,15,700,50,300,9538.07546666666,2764.526,826.474,1795.5,19.95
PAL,reference,15,700,50,500,10614.3621333333,2564.536,1026.464,1616.4,17.96
PAL,earlier,15,700,50,500,10372.3192,2950.98,640.02,1593.72,17.708
PAL,later,15,700,50,500,10448.3158666667,2330.12,1260.88,1616.76,17.964
PAL,missed_early,15,700,50,500,10448.3158666667,2330.12,1260.88,1616.76,17.964
PAL,missed_late,15,700,50,500,10614.3621333333,2564.536,1026.464,1616.4,17.96
PAL,fusion_early,15,700,50,500,10615.458,2565.37,1025.63,1616.76,17.964
PAL,fusion_late,15,700,50,500,10664.4012,2562.914,1028.086,1619.28,17.992
NTSC-U,reference,15,700,50,500,9338.62426666667,2562.784,1028.216,1616.76,17.964
NTSC-U,earlier,15,700,50,500,9090.04386666667,2950.682,640.318,1593.36,17.704
NTSC-U,later,15,700,50,500,9171.04653333333,2330.12,1260.88,1616.76,17.964
NTSC-U,missed_early,15,700,50,500,9171.04653333333,2330.12,1260.88,1616.76,17.964
NTSC-U,missed_late,15,700,50,500,9338.62426666667,2562.784,1028.216,1616.76,17.964
NTSC-U,fusion_early,15,700,50,500,9338.6412,2562.666,1028.334,1616.76,17.964
NTSC-U,fusion_late,15,700,50,500,9377.0844,2563.048,1027.952,1619.1,17.99
PAL,reference,15,700,80,0,11428.8842666667,2794.59,796.41,2096.1,23.29
PAL,earlier,15,700,80,0,11196.4408,3316.54,274.46,2079,23.1
PAL,later,15,700,80,0,11231.3010666667,2950.498,640.502,2080.08,23.112
PAL,missed_early,15,700,80,0,11231.3010666667,2950.498,640.502,2080.08,23.112
PAL,missed_late,15,700,80,0,11428.8842666667,2794.59,796.41,2096.1,23.29
PAL,fusion_early,15,700,80,0,11428.8842666667,2794.59,796.41,2096.1,23.29
PAL,fusion_late,15,700,80,0,11493.1334666667,2793.26,797.74,2104.56,23.384
NTSC-U,reference,15,700,80,0,9773.48506666667,2794.156,796.844,2097.72,23.308
NTSC-U,earlier,15,700,80,0,9521.00919999999,3317.518,273.482,2079.54,23.106
NTSC-U,later,15,700,80,0,9574.65066666667,2950.498,640.502,2080.08,23.112
NTSC-U,missed_early,15,700,80,0,9574.65066666667,2950.498,640.502,2080.08,23.112
NTSC-U,missed_late,15,700,80,0,9773.48506666667,2794.156,796.844,2097.72,23.308
NTSC-U,fusion_early,15,700,80,0,9773.48506666667,2794.156,796.844,2097.72,23.308
NTSC-U,fusion_late,15,700,80,0,9829.85506666666,2794.312,796.688,2103.3,23.37
PAL,reference,15,700,80,100,11355.0350666667,2680.03,910.97,2060.82,22.898
PAL,earlier,15,700,80,100,11070.6137333333,3259.85,331.15,2036.34,22.626
PAL,later,15,700,80,100,11184.4016,2841.824,749.176,2048.04,22.756
PAL,missed_early,15,700,80,100,11184.4016,2841.824,749.176,2048.04,22.756
PAL,missed_late,15,700,80,100,11355.0350666667,2680.03,910.97,2060.82,22.898
PAL,fusion_early,15,700,80,100,11355.0350666667,2680.03,910.97,2060.82,22.898
PAL,fusion_late,15,700,80,100,11413.0458666667,2679.484,911.516,2065.68,22.952
NTSC-U,reference,15,700,80,100,9727.24039999999,2680.266,910.734,2060.28,22.892
NTSC-U,earlier,15,700,80,100,9422.73119999999,3260.578,330.422,2034,22.6
NTSC-U,later,15,700,80,100,9558.58346666668,2841.824,749.176,2048.04,22.756
NTSC-U,missed_early,15,700,80,100,9558.58346666668,2841.824,749.176,2048.04,22.756
NTSC-U,missed_late,15,700,80,100,9727.24039999999,2680.266,910.734,2060.28,22.892
NTSC-U,fusion_early,15,700,80,100,9727.24039999999,2680.266,910.734,2060.28,22.892
NTSC-U,fusion_late,15,700,80,100,9777.5296,2681.316,909.684,2064.24,22.936
PAL,reference,15,700,80,300,10692.2806666667,2774.524,816.476,1853.82,20.598
PAL,earlier,15,700,80,300,10615.0624,2975.094,615.906,1844.1,20.49
PAL,later,15,700,80,300,10547.6318666667,2934.606,656.394,1838.16,20.424
PAL,missed_early,15,700,80,300,10547.6318666667,2934.606,656.394,1838.16,20.424
PAL,missed_late,15,700,80,300,10692.2806666667,2774.524,816.476,1853.82,20.598
PAL,fusion_early,15,700,80,300,10694.7897333333,2772.092,818.908,1854.72,20.608
PAL,fusion_late,15,700,80,300,10744.7058666667,2775.288,815.712,1859.58,20.662
NTSC-U,reference,15,700,80,300,9217.13226666666,2774.698,816.302,1855.08,20.612
NTSC-U,earlier,15,700,80,300,9132.8572,2975.44,615.56,1845.54,20.506
NTSC-U,later,15,700,80,300,9067.278,2934.606,656.394,1838.16,20.424
NTSC-U,missed_early,15,700,80,300,9067.278,2934.606,656.394,1838.16,20.424
NTSC-U,missed_late,15,700,80,300,9217.13226666666,2774.698,816.302,1855.08,20.612
NTSC-U,fusion_early,15,700,80,300,9212.99946666665,2773.872,817.128,1854.36,20.604
NTSC-U,fusion_late,15,700,80,300,9264.09333333332,2775.12,815.88,1861.38,20.682
PAL,reference,15,700,80,500,10308.5837333333,2568.726,1022.274,1669.86,18.554
PAL,earlier,15,700,80,500,10116.8134666667,2962.688,628.312,1650.6,18.34
PAL,later,15,700,80,500,10288.8237333333,2336.598,1254.402,1671.48,18.572
PAL,missed_early,15,700,80,500,10288.8237333333,2336.598,1254.402,1671.48,18.572
PAL,missed_late,15,700,80,500,10308.5837333333,2568.726,1022.274,1669.86,18.554
PAL,fusion_early,15,700,80,500,10308.0476,2568.694,1022.306,1669.68,18.552
PAL,fusion_late,15,700,80,500,10317.9149333333,2568.694,1022.306,1672.92,18.588
NTSC-U,reference,15,700,80,500,8972.37506666667,2568.632,1022.368,1669.5,18.55
NTSC-U,earlier,15,700,80,500,8769.9468,2963.198,627.802,1649.52,18.328
NTSC-U,later,15,700,80,500,8965.0352,2336.598,1254.402,1671.48,18.572
NTSC-U,missed_early,15,700,80,500,8965.0352,2336.598,1254.402,1671.48,18.572
NTSC-U,missed_late,15,700,80,500,8972.37506666667,2568.632,1022.368,1669.5,18.55
NTSC-U,fusion_early,15,700,80,500,8972.36626666667,2568.582,1022.418,1669.5,18.55
NTSC-U,fusion_late,15,700,80,500,8983.2268,2566.726,1024.274,1674.18,18.602
PAL,reference,15,700,100,0,11390.0120000001,2791,800,2097.9,23.31
PAL,earlier,15,700,100,0,11315.3346666667,3334,257,2132.46,23.694
PAL,later,15,700,100,0,11355.3333333333,2961,630,2124,23.6
PAL,missed_early,15,700,100,0,11355.3333333333,2961,630,2124,23.6
PAL,missed_late,15,700,100,0,11390.0120000001,2791,800,2097.9,23.31
PAL,fusion_early,15,700,100,0,11390.0120000001,2791,800,2097.9,23.31
PAL,fusion_late,15,700,100,0,11379.4213333334,2791,800,2091.6,23.24
NTSC-U,reference,15,700,100,0,9717.67866666671,2784,807,2097.9,23.31
NTSC-U,earlier,15,700,100,0,9480.66666666673,3295,296,2083.68,23.152
NTSC-U,later,15,700,100,0,9654.19999999991,2961,630,2124,23.6
NTSC-U,missed_early,15,700,100,0,9654.19999999991,2961,630,2124,23.6
NTSC-U,missed_late,15,700,100,0,9717.67866666671,2784,807,2097.9,23.31
NTSC-U,fusion_early,15,700,100,0,9717.67866666671,2784,807,2097.9,23.31
NTSC-U,fusion_late,15,700,100,0,9711.62133333335,2784,807,2091.6,23.24
PAL,reference,15,700,100,100,11349.248,2718,873,2083.32,23.148
PAL,earlier,15,700,100,100,11146.5400000001,3283,308,2075.22,23.058
PAL,later,15,700,100,100,11268.9266666667,2830,761,2087.1,23.19
PAL,missed_early,15,700,100,100,11268.9266666667,2830,761,2087.1,23.19
PAL,missed_late,15,700,100,100,11349.248,2718,873,2083.32,23.148
PAL,fusion_early,15,700,100,100,11349.248,2718,873,2083.32,23.148
PAL,fusion_late,15,700,100,100,11334.808,2718,873,2078.64,23.096
NTSC-U,reference,15,700,100,100,9670.72133333335,2658,933,2074.5,23.05
NTSC-U,earlier,15,700,100,100,9430.64533333335,3245,346,2050.56,22.784
NTSC-U,later,15,700,100,100,9601.79333333338,2830,761,2087.1,23.19
NTSC-U,missed_early,15,700,100,100,9601.79333333338,2830,761,2087.1,23.19
NTSC-U,missed_late,15,700,100,100,9670.72133333335,2658,933,2074.5,23.05
NTSC-U,fusion_early,15,700,100,100,9670.72133333335,2658,933,2074.5,23.05
NTSC-U,fusion_late,15,700,100,100,9701.23066666662,2658,933,2072.34,23.026
PAL,reference,15,700,100,300,10706.3346666667,2756,835,1873.26,20.814
PAL,earlier,15,700,100,300,10713.4653333333,2952,639,1895.22,21.058
PAL,later,15,700,100,300,10580.4653333333,2949,642,1852.02,20.578
PAL,missed_early,15,700,100,300,10580.4653333333,2949,642,1852.02,20.578
PAL,missed_late,15,700,100,300,10706.3346666667,2756,835,1873.26,20.814
PAL,fusion_early,15,700,100,300,10740.7346666667,2776,815,1884.06,20.934
PAL,fusion_late,15,700,100,300,10779.7413333333,2756,835,1896.84,21.076
NTSC-U,reference,15,700,100,300,9200.36133333329,2765,826,1873.26,20.814
NTSC-U,earlier,15,700,100,300,9178.78533333335,2961,630,1895.22,21.058
NTSC-U,later,15,700,100,300,9077.58533333338,2949,642,1852.02,20.578
NTSC-U,missed_early,15,700,100,300,9077.58533333338,2949,642,1852.02,20.578
NTSC-U,missed_late,15,700,100,300,9200.36133333329,2765,826,1873.26,20.814
NTSC-U,fusion_early,15,700,100,300,9225.76133333338,2785,806,1884.06,20.934
NTSC-U,fusion_late,15,700,100,300,9255.64799999991,2765,826,1896.84,21.076
PAL,reference,15,700,100,500,10381.3039999999,2547,1044,1715.76,19.064
PAL,earlier,15,700,100,500,10142.2813333333,2970,621,1684.62,18.718
PAL,later,15,700,100,500,10369.6960000001,2329,1262,1710.36,19.004
PAL,missed_early,15,700,100,500,10369.6960000001,2329,1262,1710.36,19.004
PAL,missed_late,15,700,100,500,10381.3039999999,2547,1044,1715.76,19.064
PAL,fusion_early,15,700,100,500,10381.3039999999,2547,1044,1715.76,19.064
PAL,fusion_late,15,700,100,500,10368.936,2547,1044,1708.92,18.988
NTSC-U,reference,15,700,100,500,9001.59733333325,2553,1038,1715.76,19.064
NTSC-U,earlier,15,700,100,500,8760.33466666662,2976,615,1684.62,18.718
NTSC-U,later,15,700,100,500,9007.65599999996,2329,1262,1710.36,19.004
NTSC-U,missed_early,15,700,100,500,9007.65599999996,2329,1262,1710.36,19.004
NTSC-U,missed_late,15,700,100,500,9001.59733333325,2553,1038,1715.76,19.064
NTSC-U,fusion_early,15,700,100,500,9001.59733333325,2553,1038,1715.76,19.064
NTSC-U,fusion_late,15,700,100,500,8994.98933333338,2553,1038,1708.92,18.988
PAL,reference,15,800,50,0,11712.7369333333,2804.958,786.042,2060.1,22.89
PAL,earlier,15,800,50,0,11712.7369333333,2804.958,786.042,2060.1,22.89
PAL,later,15,800,50,0,11363.3777333333,2962.232,628.768,2040.84,22.676
PAL,missed_early,15,800,50,0,11363.3777333333,2962.232,628.768,2040.84,22.676
PAL,missed_late,15,800,50,0,11712.7369333333,2804.958,786.042,2060.1,22.89
PAL,fusion_early,15,800,50,0,11712.7369333333,2804.958,786.042,2060.1,22.89
PAL,fusion_late,15,800,50,0,11833.0209333333,2805.14,785.86,2066.04,22.956
NTSC-U,reference,15,800,50,0,10102.7721333333,2804.724,786.276,2060.46,22.894
NTSC-U,earlier,15,800,50,0,10102.7721333333,2804.724,786.276,2060.46,22.894
NTSC-U,later,15,800,50,0,9741.27506666668,2962.232,628.768,2040.84,22.676
NTSC-U,missed_early,15,800,50,0,9741.27506666668,2962.232,628.768,2040.84,22.676
NTSC-U,missed_late,15,800,50,0,10102.7721333333,2804.724,786.276,2060.46,22.894
NTSC-U,fusion_early,15,800,50,0,10102.7721333333,2804.724,786.276,2060.46,22.894
NTSC-U,fusion_late,15,800,50,0,10216.4853333333,2806.068,784.932,2065.5,22.95
PAL,reference,15,800,50,100,11544.7494666667,2668.97,922.03,1982.52,22.028
PAL,earlier,15,800,50,100,11528.5096,2694.71,896.29,1981.62,22.018
PAL,later,15,800,50,100,11254.5481333333,2829.348,761.652,1978.74,21.986
PAL,missed_early,15,800,50,100,11254.5481333333,2829.348,761.652,1978.74,21.986
PAL,missed_late,15,800,50,100,11544.7494666667,2668.97,922.03,1982.52,22.028
PAL,fusion_early,15,800,50,100,11544.7494666667,2668.97,922.03,1982.52,22.028
PAL,fusion_late,15,800,50,100,11636.4437333334,2669.44,921.56,1988.46,22.094
NTSC-U,reference,15,800,50,100,9998.77266666667,2669.13,921.87,1982.88,22.032
NTSC-U,earlier,15,800,50,100,9998.0144,2683.684,907.316,1982.52,22.028
NTSC-U,later,15,800,50,100,9685.14746666667,2829.348,761.652,1978.74,21.986
NTSC-U,missed_early,15,800,50,100,9685.14746666667,2829.348,761.652,1978.74,21.986
NTSC-U,missed_late,15,800,50,100,9998.77266666667,2669.13,921.87,1982.88,22.032
NTSC-U,fusion_early,15,800,50,100,9998.77266666667,2669.13,921.87,1982.88,22.032
NTSC-U,fusion_late,15,800,50,100,10070.3613333333,2669.382,921.618,1987.74,22.086
PAL,reference,15,800,50,300,11100.4262666667,2285.732,1305.268,1800.9,20.01
PAL,earlier,15,800,50,300,10731.3864,2964.448,626.552,1777.32,19.748
PAL,later,15,800,50,300,10911.7157333333,2445.486,1145.514,1798.92,19.988
PAL,missed_early,15,800,50,300,10911.7157333333,2445.486,1145.514,1798.92,19.988
PAL,missed_late,15,800,50,300,11100.4262666667,2285.732,1305.268,1800.9,20.01
PAL,fusion_early,15,800,50,300,11100.3377333333,2284.646,1306.354,1800.9,20.01
PAL,fusion_late,15,800,50,300,11209.4481333333,2289.904,1301.096,1806.3,20.07
NTSC-U,reference,15,800,50,300,9692.69413333333,2283.362,1307.638,1800.18,20.002
NTSC-U,earlier,15,800,50,300,9309.07986666667,2964.692,626.308,1778.94,19.766
NTSC-U,later,15,800,50,300,9495.50133333333,2445.486,1145.514,1798.92,19.988
NTSC-U,missed_early,15,800,50,300,9495.50133333333,2445.486,1145.514,1798.92,19.988
NTSC-U,missed_late,15,800,50,300,9692.69413333333,2283.362,1307.638,1800.18,20.002
NTSC-U,fusion_early,15,800,50,300,9693.10133333333,2282.69,1308.31,1800.36,20.004
NTSC-U,fusion_late,15,800,50,300,9800.54386666667,2284.088,1306.912,1806.48,20.072
PAL,reference,15,800,50,500,10442.7781333333,2742.194,848.806,1602.54,17.806
PAL,earlier,15,800,50,500,10417.2662666667,2769.44,821.56,1598.04,17.756
PAL,later,15,800,50,500,10307.9461333333,2510.782,1080.218,1604.88,17.832
PAL,missed_early,15,800,50,500,10307.9461333333,2510.782,1080.218,1604.88,17.832
PAL,missed_late,15,800,50,500,10442.7781333333,2742.194,848.806,1602.54,17.806
PAL,fusion_early,15,800,50,500,10351.7754666667,2741.954,849.046,1592.1,17.69
PAL,fusion_late,15,800,50,500,10489.6010666667,2741.318,849.682,1607.94,17.866
NTSC-U,reference,15,800,50,500,9152.80413333334,2743.29,847.71,1602.36,17.804
NTSC-U,earlier,15,800,50,500,9132.99626666667,2766.502,824.498,1598.4,17.76
NTSC-U,later,15,800,50,500,9029.36586666667,2510.782,1080.218,1604.88,17.832
NTSC-U,missed_early,15,800,50,500,9029.36586666667,2510.782,1080.218,1604.88,17.832
NTSC-U,missed_late,15,800,50,500,9152.80413333334,2743.29,847.71,1602.36,17.804
NTSC-U,fusion_early,15,800,50,500,9084.09693333333,2740.296,850.704,1592.1,17.69
NTSC-U,fusion_late,15,800,50,500,9208.48920000001,2744.106,846.894,1607.4,17.86
PAL,reference,15,800,50,700,10074.0909333333,2260.006,1330.994,1427.04,15.856
PAL,earlier,15,800,50,700,10010.7576,2372.408,1218.592,1420.56,15.784
PAL,later,15,800,50,700,9950.02959999999,2112.862,1478.138,1429.56,15.884
PAL,missed_early,15,800,50,700,9950.02959999999,2112.862,1478.138,1429.56,15.884
PAL,missed_late,15,800,50,700,10074.0909333333,2260.006,1330.994,1427.04,15.856
PAL,fusion_early,15,800,50,700,10033.2629333333,2258.84,1332.16,1423.8,15.82
PAL,fusion_late,15,800,50,700,10130.2833333333,2260.664,1330.336,1432.26,15.914
NTSC-U,reference,15,800,50,700,8959.28600000001,2260.628,1330.372,1427.04,15.856
NTSC-U,earlier,15,800,50,700,8885.81013333333,2372.816,1218.184,1420.02,15.778
NTSC-U,later,15,800,50,700,8821.45813333334,2112.862,1478.138,1429.56,15.884
NTSC-U,missed_early,15,800,50,700,8821.45813333334,2112.862,1478.138,1429.56,15.884
NTSC-U,missed_late,15,800,50,700,8959.28600000001,2260.628,1330.372,1427.04,15.856
NTSC-U,fusion_early,15,800,50,700,8918.33186666667,2259.142,1331.858,1425.06,15.834
NTSC-U,fusion_late,15,800,50,700,9012.72453333333,2260.346,1330.654,1432.26,15.914
PAL,reference,15,800,80,0,11428.8842666667,2794.59,796.41,2096.1,23.29
PAL,earlier,15,800,80,0,11428.8842666667,2794.59,796.41,2096.1,23.29
PAL,later,15,800,80,0,11231.3010666667,2950.498,640.502,2080.08,23.112
PAL,missed_early,15,800,80,0,11231.3010666667,2950.498,640.502,2080.08,23.112
PAL,missed_late,15,800,80,0,11428.8842666667,2794.59,796.41,2096.1,23.29
PAL,fusion_early,15,800,80,0,11428.8842666667,2794.59,796.41,2096.1,23.29
PAL,fusion_late,15,800,80,0,11493.1334666667,2793.26,797.74,2104.56,23.384
NTSC-U,reference,15,800,80,0,9773.48506666667,2794.156,796.844,2097.72,23.308
NTSC-U,earlier,15,800,80,0,9773.48506666667,2794.156,796.844,2097.72,23.308
NTSC-U,later,15,800,80,0,9574.65066666667,2950.498,640.502,2080.08,23.112
NTSC-U,missed_early,15,800,80,0,9574.65066666667,2950.498,640.502,2080.08,23.112
NTSC-U,missed_late,15,800,80,0,9773.48506666667,2794.156,796.844,2097.72,23.308
NTSC-U,fusion_early,15,800,80,0,9773.48506666667,2794.156,796.844,2097.72,23.308
NTSC-U,fusion_late,15,800,80,0,9829.85506666666,2794.312,796.688,2103.3,23.37
PAL,reference,15,800,80,100,11355.0350666667,2680.03,910.97,2060.82,22.898
PAL,earlier,15,800,80,100,11350.3630666667,2696.548,894.452,2060.28,22.892
PAL,later,15,800,80,100,11184.4016,2841.824,749.176,2048.04,22.756
PAL,missed_early,15,800,80,100,11184.4016,2841.824,749.176,2048.04,22.756
PAL,missed_late,15,800,80,100,11355.0350666667,2680.03,910.97,2060.82,22.898
PAL,fusion_early,15,800,80,100,11355.0350666667,2680.03,910.97,2060.82,22.898
PAL,fusion_late,15,800,80,100,11413.0458666667,2679.484,911.516,2065.68,22.952
NTSC-U,reference,15,800,80,100,9727.24039999999,2680.266,910.734,2060.28,22.892
NTSC-U,earlier,15,800,80,100,9720.25813333333,2691.252,899.748,2059.02,22.878
NTSC-U,later,15,800,80,100,9558.58346666668,2841.824,749.176,2048.04,22.756
NTSC-U,missed_early,15,800,80,100,9558.58346666668,2841.824,749.176,2048.04,22.756
NTSC-U,missed_late,15,800,80,100,9727.24039999999,2680.266,910.734,2060.28,22.892
NTSC-U,fusion_early,15,800,80,100,9727.24039999999,2680.266,910.734,2060.28,22.892
NTSC-U,fusion_late,15,800,80,100,9777.5296,2681.316,909.684,2064.24,22.936
PAL,reference,15,800,80,300,10919.6545333333,2285.462,1305.538,1875.6,20.84
PAL,earlier,15,800,80,300,10615.0624,2975.094,615.906,1844.1,20.49
PAL,later,15,800,80,300,10811.8545333333,2443.092,1147.908,1865.52,20.728
PAL,missed_early,15,800,80,300,10811.8545333333,2443.092,1147.908,1865.52,20.728
PAL,missed_late,15,800,80,300,10919.6545333333,2285.462,1305.538,1875.6,20.84
PAL,fusion_early,15,800,80,300,10920.1922666667,2285.538,1305.462,1875.78,20.842
PAL,fusion_late,15,800,80,300,10971.3037333333,2288.674,1302.326,1880.64,20.896
NTSC-U,reference,15,800,80,300,9454.06666666666,2290.08,1300.92,1876.5,20.85
NTSC-U,earlier,15,800,80,300,9132.8572,2975.44,615.56,1845.54,20.506
NTSC-U,later,15,800,80,300,9340.22933333334,2443.092,1147.908,1865.52,20.728
NTSC-U,missed_early,15,800,80,300,9340.22933333334,2443.092,1147.908,1865.52,20.728
NTSC-U,missed_late,15,800,80,300,9454.06666666666,2290.08,1300.92,1876.5,20.85
NTSC-U,fusion_early,15,800,80,300,9454.4888,2290.11,1300.89,1876.68,20.852
NTSC-U,fusion_late,15,800,80,300,9497.00906666667,2288.83,1302.17,1879.74,20.886
PAL,reference,15,800,80,500,10188.9910666667,2758.19,832.81,1655.46,18.394
PAL,earlier,15,800,80,500,10167.4641333333,2783.784,807.216,1654.2,18.38
PAL,later,15,800,80,500,10175.2773333333,2525.574,1065.426,1659.06,18.434
PAL,missed_early,15,800,80,500,10175.2773333333,2525.574,1065.426,1659.06,18.434
PAL,missed_late,15,800,80,500,10188.9910666667,2758.19,832.81,1655.46,18.394
PAL,fusion_early,15,800,80,500,10143.1933333333,2757.44,833.56,1650.42,18.338
PAL,fusion_late,15,800,80,500,10222.2874666667,2756.638,834.362,1662.66,18.474
NTSC-U,reference,15,800,80,500,8860.09986666667,2754.682,836.318,1657.8,18.42
NTSC-U,earlier,15,800,80,500,8831.61,2784.778,806.222,1654.56,18.384
NTSC-U,later,15,800,80,500,8849.41400000001,2525.574,1065.426,1659.06,18.434
NTSC-U,missed_early,15,800,80,500,8849.41400000001,2525.574,1065.426,1659.06,18.434
NTSC-U,missed_late,15,800,80,500,8860.09986666667,2754.682,836.318,1657.8,18.42
NTSC-U,fusion_early,15,800,80,500,8817.37146666667,2756.336,834.664,1652.04,18.356
NTSC-U,fusion_late,15,800,80,500,8901.45026666666,2755.202,835.798,1664.1,18.49
PAL,reference,15,800,80,700,9795.82160000001,2272.594,1318.406,1474.38,16.382
PAL,earlier,15,800,80,700,9746.99586666667,2389.65,1201.35,1468.44,16.316
PAL,later,15,800,80,700,9754.71013333333,2123.044,1467.956,1472.4,16.36
PAL,missed_early,15,800,80,700,9754.71013333333,2123.044,1467.956,1472.4,16.36
PAL,missed_late,15,800,80,700,9795.82160000001,2272.594,1318.406,1474.38,16.382
PAL,fusion_early,15,800,80,700,9784.14546666666,2271.796,1319.204,1473.48,16.372
PAL,fusion_late,15,800,80,700,9817.42706666666,2272.534,1318.466,1477.98,16.422
NTSC-U,reference,15,800,80,700,8616.59253333333,2273.368,1317.632,1474.2,16.38
NTSC-U,earlier,15,800,80,700,8565.82186666667,2389.998,1201.002,1468.26,16.314
NTSC-U,later,15,800,80,700,8585.2656,2123.044,1467.956,1472.4,16.36
NTSC-U,missed_early,15,800,80,700,8585.2656,2123.044,1467.956,1472.4,16.36
NTSC-U,missed_late,15,800,80,700,8616.59253333333,2273.368,1317.632,1474.2,16.38
NTSC-U,fusion_early,15,800,80,700,8606.81013333333,2272.724,1318.276,1473.48,16.372
NTSC-U,fusion_late,15,800,80,700,8635.52933333334,2273.75,1317.25,1476.72,16.408
PAL,reference,15,800,100,0,11390.0120000001,2791,800,2097.9,23.31
PAL,earlier,15,800,100,0,11390.0120000001,2791,800,2097.9,23.31
PAL,later,15,800,100,0,11355.3333333333,2961,630,2124,23.6
PAL,missed_early,15,800,100,0,11355.3333333333,2961,630,2124,23.6
PAL,missed_late,15,800,100,0,11390.0120000001,2791,800,2097.9,23.31
PAL,fusion_early,15,800,100,0,11390.0120000001,2791,800,2097.9,23.31
PAL,fusion_late,15,800,100,0,11379.4213333334,2791,800,2091.6,23.24
NTSC-U,reference,15,800,100,0,9717.67866666671,2784,807,2097.9,23.31
NTSC-U,earlier,15,800,100,0,9717.67866666671,2784,807,2097.9,23.31
NTSC-U,later,15,800,100,0,9654.19999999991,2961,630,2124,23.6
NTSC-U,missed_early,15,800,100,0,9654.19999999991,2961,630,2124,23.6
NTSC-U,missed_late,15,800,100,0,9717.67866666671,2784,807,2097.9,23.31
NTSC-U,fusion_early,15,800,100,0,9717.67866666671,2784,807,2097.9,23.31
NTSC-U,fusion_late,15,800,100,0,9711.62133333335,2784,807,2091.6,23.24
PAL,reference,15,800,100,100,11349.248,2718,873,2083.32,23.148
PAL,earlier,15,800,100,100,11349.248,2718,873,2083.32,23.148
PAL,later,15,800,100,100,11268.9266666667,2830,761,2087.1,23.19
PAL,missed_early,15,800,100,100,11268.9266666667,2830,761,2087.1,23.19
PAL,missed_late,15,800,100,100,11349.248,2718,873,2083.32,23.148
PAL,fusion_early,15,800,100,100,11349.248,2718,873,2083.32,23.148
PAL,fusion_late,15,800,100,100,11334.808,2718,873,2078.64,23.096
NTSC-U,reference,15,800,100,100,9670.72133333335,2658,933,2074.5,23.05
NTSC-U,earlier,15,800,100,100,9670.72133333335,2658,933,2074.5,23.05
NTSC-U,later,15,800,100,100,9601.79333333338,2830,761,2087.1,23.19
NTSC-U,missed_early,15,800,100,100,9601.79333333338,2830,761,2087.1,23.19
NTSC-U,missed_late,15,800,100,100,9670.72133333335,2658,933,2074.5,23.05
NTSC-U,fusion_early,15,800,100,100,9670.72133333335,2658,933,2074.5,23.05
NTSC-U,fusion_late,15,800,100,100,9701.23066666662,2658,933,2072.34,23.026
PAL,reference,15,800,100,300,10937.9426666667,2283,1308,1899.9,21.11
PAL,earlier,15,800,100,300,10713.4653333333,2952,639,1895.22,21.058
PAL,later,15,800,100,300,10797.0746666667,2475,1116,1878.84,20.876
PAL,missed_early,15,800,100,300,10797.0746666667,2475,1116,1878.84,20.876
PAL,missed_late,15,800,100,300,10937.9426666667,2283,1308,1899.9,21.11
PAL,fusion_early,15,800,100,300,10937.9426666667,2283,1308,1899.9,21.11
PAL,fusion_late,15,800,100,300,10930.0959999999,2283,1308,1893.96,21.044
NTSC-U,reference,15,800,100,300,9440.20933333335,2292,1299,1899.9,21.11
NTSC-U,earlier,15,800,100,300,9178.78533333335,2961,630,1895.22,21.058
NTSC-U,later,15,800,100,300,9303.91466666671,2475,1116,1878.84,20.876
NTSC-U,missed_early,15,800,100,300,9303.91466666671,2475,1116,1878.84,20.876
NTSC-U,missed_late,15,800,100,300,9440.20933333335,2292,1299,1899.9,21.11
NTSC-U,fusion_early,15,800,100,300,9440.20933333335,2292,1299,1899.9,21.11
NTSC-U,fusion_late,15,800,100,300,9436.85600000009,2292,1299,1893.96,21.044
PAL,reference,15,800,100,500,10280.8346666666,2783,808,1713.24,19.036
PAL,earlier,15,800,100,500,10280.8346666666,2783,808,1713.24,19.036
PAL,later,15,800,100,500,10285.0786666666,2505,1086,1704.42,18.938
PAL,missed_early,15,800,100,500,10285.0786666666,2505,1086,1704.42,18.938
PAL,missed_late,15,800,100,500,10280.8346666666,2783,808,1713.24,19.036
PAL,fusion_early,15,800,100,500,10278.968,2755,836,1713.24,19.036
PAL,fusion_late,15,800,100,500,10260.792,2783,808,1700.28,18.892
NTSC-U,reference,15,800,100,500,8889.00800000004,2789,802,1713.24,19.036
NTSC-U,earlier,15,800,100,500,8889.00800000004,2789,802,1713.24,19.036
NTSC-U,later,15,800,100,500,8916.99866666671,2505,1086,1704.42,18.938
NTSC-U,missed_early,15,800,100,500,8916.99866666671,2505,1086,1704.42,18.938
NTSC-U,missed_late,15,800,100,500,8889.00800000004,2789,802,1713.24,19.036
NTSC-U,fusion_early,15,800,100,500,8888.80799999996,2761,830,1713.24,19.036
NTSC-U,fusion_late,15,800,100,500,8879.13866666671,2789,802,1700.28,18.892
PAL,reference,15,800,100,700,9877.70133333328,2260,1331,1528.2,16.98
PAL,earlier,15,800,100,700,9747.75866666662,2386,1205,1490.94,16.566
PAL,later,15,800,100,700,9869.73599999991,2119,1472,1521.72,16.908
PAL,missed_early,15,800,100,700,9869.73599999991,2119,1472,1521.72,16.908
PAL,missed_late,15,800,100,700,9877.70133333328,2260,1331,1528.2,16.98
PAL,fusion_early,15,800,100,700,9876.96800000009,2249,1342,1528.2,16.98
PAL,fusion_late,15,800,100,700,9803.71866666672,2260,1331,1501.02,16.678
NTSC-U,reference,15,800,100,700,8652.16800000008,2262,1329,1528.2,16.98
NTSC-U,earlier,15,800,100,700,8541.532,2388,1203,1490.94,16.566
NTSC-U,later,15,800,100,700,8657.78933333339,2119,1472,1521.72,16.908
NTSC-U,missed_early,15,800,100,700,8657.78933333339,2119,1472,1521.72,16.908
NTSC-U,missed_late,15,800,100,700,8652.16800000008,2262,1329,1528.2,16.98
NTSC-U,fusion_early,15,800,100,700,8652.16800000008,2251,1340,1528.2,16.98
NTSC-U,fusion_late,15,800,100,700,8598.03866666676,2262,1329,1501.02,16.678
PAL,reference,15,900,50,0,11283.8757333333,2964.234,626.766,2031.12,22.568
PAL,earlier,15,900,50,0,11283.8757333333,2964.234,626.766,2031.12,22.568
PAL,later,15,900,50,0,11363.3777333333,2962.232,628.768,2040.84,22.676
PAL,missed_early,15,900,50,0,11363.3777333333,2962.232,628.768,2040.84,22.676
PAL,missed_late,15,900,50,0,11289.2778666667,2940.674,650.326,2030.22,22.558
PAL,fusion_early,15,900,50,0,11283.8757333333,2964.234,626.766,2031.12,22.568
PAL,fusion_late,15,900,50,0,11414.9241333333,2962.932,628.068,2041.2,22.68
NTSC-U,reference,15,900,50,0,9668.34093333335,2964.234,626.766,2031.12,22.568
NTSC-U,earlier,15,900,50,0,9668.34093333335,2964.234,626.766,2031.12,22.568
NTSC-U,later,15,900,50,0,9741.27506666668,2962.232,628.768,2040.84,22.676
NTSC-U,missed_early,15,900,50,0,9741.27506666668,2962.232,628.768,2040.84,22.676
NTSC-U,missed_late,15,900,50,0,9675.53613333335,2940.674,650.326,2030.22,22.558
NTSC-U,fusion_early,15,900,50,0,9668.34093333335,2964.234,626.766,2031.12,22.568
NTSC-U,fusion_late,15,900,50,0,9792.38093333334,2962.932,628.068,2041.2,22.68
PAL,reference,15,900,50,100,11291.5357333333,2774.99,816.01,1979.82,21.998
PAL,earlier,15,900,50,100,11291.5357333333,2774.99,816.01,1979.82,21.998
PAL,later,15,900,50,100,11254.5481333333,2829.348,761.652,1978.74,21.986
PAL,missed_early,15,900,50,100,11254.5481333333,2829.348,761.652,1978.74,21.986
PAL,missed_late,15,900,50,100,11199.9772,2828.686,762.314,1977.3,21.97
PAL,fusion_early,15,900,50,100,11291.5357333333,2774.99,816.01,1979.82,21.998
PAL,fusion_late,15,900,50,100,11389.3102666667,2774.97,816.03,1983.96,22.044
NTSC-U,reference,15,900,50,100,9724.50266666666,2774.99,816.01,1979.82,21.998
NTSC-U,earlier,15,900,50,100,9724.50266666666,2774.99,816.01,1979.82,21.998
NTSC-U,later,15,900,50,100,9685.14746666667,2829.348,761.652,1978.74,21.986
NTSC-U,missed_early,15,900,50,100,9685.14746666667,2829.348,761.652,1978.74,21.986
NTSC-U,missed_late,15,900,50,100,9631.44826666667,2828.686,762.314,1977.3,21.97
NTSC-U,fusion_early,15,900,50,100,9724.50266666666,2774.99,816.01,1979.82,21.998
NTSC-U,fusion_late,15,900,50,100,9818.42973333335,2774.97,816.03,1983.96,22.044
PAL,reference,15,900,50,300,10931.1118666667,2426.522,1164.478,1799.46,19.994
PAL,earlier,15,900,50,300,10437.5730666667,3123.856,467.144,1760.22,19.558
PAL,later,15,900,50,300,10931.1118666667,2426.522,1164.478,1799.46,19.994
PAL,missed_early,15,900,50,300,10931.1118666667,2426.522,1164.478,1799.46,19.994
PAL,missed_late,15,900,50,300,10940.3309333333,2373.116,1217.884,1800.54,20.006
PAL,fusion_early,15,900,50,300,10931.1118666667,2426.522,1164.478,1799.46,19.994
PAL,fusion_late,15,900,50,300,11000.8992,2425.468,1165.532,1802.88,20.032
NTSC-U,reference,15,900,50,300,9515.6188,2426.522,1164.478,1799.46,19.994
NTSC-U,earlier,15,900,50,300,9009.86253333333,3123.856,467.144,1760.22,19.558
NTSC-U,later,15,900,50,300,9515.6188,2426.522,1164.478,1799.46,19.994
NTSC-U,missed_early,15,900,50,300,9515.6188,2426.522,1164.478,1799.46,19.994
NTSC-U,missed_late,15,900,50,300,9527.16426666668,2373.116,1217.884,1800.54,20.006
NTSC-U,fusion_early,15,900,50,300,9515.6188,2426.522,1164.478,1799.46,19.994
NTSC-U,fusion_late,15,900,50,300,9581.69133333334,2425.468,1165.532,1802.88,20.032
PAL,reference,15,900,50,500,10289.4613333333,2518.79,1072.21,1602.36,17.804
PAL,earlier,15,900,50,500,10262.9086666667,2530.382,1060.618,1600.38,17.782
PAL,later,15,900,50,500,10289.4613333333,2518.79,1072.21,1602.36,17.804
PAL,missed_early,15,900,50,500,10289.4613333333,2518.79,1072.21,1602.36,17.804
PAL,missed_late,15,900,50,500,10289.4613333333,2518.79,1072.21,1602.36,17.804
PAL,fusion_early,15,900,50,500,10178.4169333333,2518.184,1072.816,1591.38,17.682
PAL,fusion_late,15,900,50,500,10359.6385333333,2519.476,1071.524,1608.12,17.868
NTSC-U,reference,15,900,50,500,9012.16506666667,2518.79,1072.21,1602.36,17.804
NTSC-U,earlier,15,900,50,500,8986.29413333334,2530.382,1060.618,1600.38,17.782
NTSC-U,later,15,900,50,500,9012.16506666667,2518.79,1072.21,1602.36,17.804
NTSC-U,missed_early,15,900,50,500,9012.16506666667,2518.79,1072.21,1602.36,17.804
NTSC-U,missed_late,15,900,50,500,9012.16506666667,2518.79,1072.21,1602.36,17.804
NTSC-U,fusion_early,15,900,50,500,8909.12453333333,2518.184,1072.816,1591.38,17.682
NTSC-U,fusion_late,15,900,50,500,9078.01386666667,2519.476,1071.524,1608.12,17.868
PAL,reference,15,900,50,700,10025.6490666667,1923.828,1667.172,1435.86,15.954
PAL,earlier,15,900,50,700,9882.80693333333,2224.672,1366.328,1421.64,15.796
PAL,later,15,900,50,700,10025.6490666667,1923.828,1667.172,1435.86,15.954
PAL,missed_early,15,900,50,700,10025.6490666667,1923.828,1667.172,1435.86,15.954
PAL,missed_late,15,900,50,700,10025.6490666667,1923.828,1667.172,1435.86,15.954
PAL,fusion_early,15,900,50,700,10027.7898666667,1923.708,1667.292,1436.58,15.962
PAL,fusion_late,15,900,50,700,10055.2888,1923.724,1667.276,1438.2,15.98
NTSC-U,reference,15,900,50,700,8901.7964,1923.828,1667.172,1435.86,15.954
NTSC-U,earlier,15,900,50,700,8752.80106666667,2224.672,1366.328,1421.64,15.796
NTSC-U,later,15,900,50,700,8901.7964,1923.828,1667.172,1435.86,15.954
NTSC-U,missed_early,15,900,50,700,8901.7964,1923.828,1667.172,1435.86,15.954
NTSC-U,missed_late,15,900,50,700,8901.7964,1923.828,1667.172,1435.86,15.954
NTSC-U,fusion_early,15,900,50,700,8903.45333333334,1923.708,1667.292,1436.58,15.962
NTSC-U,fusion_late,15,900,50,700,8929.25146666667,1923.724,1667.276,1438.2,15.98
PAL,reference,15,900,80,0,11215.8953333333,2945.894,645.106,2081.34,23.126
PAL,earlier,15,900,80,0,11215.8953333333,2945.894,645.106,2081.34,23.126
PAL,later,15,900,80,0,11231.3010666667,2950.498,640.502,2080.08,23.112
PAL,missed_early,15,900,80,0,11231.3010666667,2950.498,640.502,2080.08,23.112
PAL,missed_late,15,900,80,0,11236.2710666667,2932.858,658.142,2082.96,23.144
PAL,fusion_early,15,900,80,0,11215.8953333333,2945.894,645.106,2081.34,23.126
PAL,fusion_late,15,900,80,0,11264.3082666667,2946.294,644.706,2083.14,23.146
NTSC-U,reference,15,900,80,0,9558.75013333333,2945.894,645.106,2081.34,23.126
NTSC-U,earlier,15,900,80,0,9558.75013333333,2945.894,645.106,2081.34,23.126
NTSC-U,later,15,900,80,0,9574.65066666667,2950.498,640.502,2080.08,23.112
NTSC-U,missed_early,15,900,80,0,9574.65066666667,2950.498,640.502,2080.08,23.112
NTSC-U,missed_late,15,900,80,0,9578.80466666667,2932.858,658.142,2082.96,23.144
NTSC-U,fusion_early,15,900,80,0,9558.75013333333,2945.894,645.106,2081.34,23.126
NTSC-U,fusion_late,15,900,80,0,9605.40786666667,2946.294,644.706,2083.14,23.146
PAL,reference,15,900,80,100,11209.8017333333,2781.904,809.096,2052,22.8
PAL,earlier,15,900,80,100,11209.8017333333,2781.904,809.096,2052,22.8
PAL,later,15,900,80,100,11184.4016,2841.824,749.176,2048.04,22.756
PAL,missed_early,15,900,80,100,11184.4016,2841.824,749.176,2048.04,22.756
PAL,missed_late,15,900,80,100,11162.8749333333,2839.972,751.028,2047.14,22.746
PAL,fusion_early,15,900,80,100,11209.8017333333,2781.904,809.096,2052,22.8
PAL,fusion_late,15,900,80,100,11257.4012,2782.12,808.88,2054.7,22.83
NTSC-U,reference,15,900,80,100,9584.8092,2781.904,809.096,2052,22.8
NTSC-U,earlier,15,900,80,100,9584.8092,2781.904,809.096,2052,22.8
NTSC-U,later,15,900,80,100,9558.58346666668,2841.824,749.176,2048.04,22.756
NTSC-U,missed_early,15,900,80,100,9558.58346666668,2841.824,749.176,2048.04,22.756
NTSC-U,missed_late,15,900,80,100,9537.57773333334,2839.972,751.028,2047.14,22.746
NTSC-U,fusion_early,15,900,80,100,9584.8092,2781.904,809.096,2052,22.8
NTSC-U,fusion_late,15,900,80,100,9629.73800000001,2782.12,808.88,2054.7,22.83
PAL,reference,15,900,80,300,10812.0376,2437.348,1153.652,1865.7,20.73
PAL,earlier,15,900,80,300,10428.5896,3135.148,455.852,1829.52,20.328
PAL,later,15,900,80,300,10812.0376,2437.348,1153.652,1865.7,20.73
PAL,missed_early,15,900,80,300,10812.0376,2437.348,1153.652,1865.7,20.73
PAL,missed_late,15,900,80,300,10835.6454666667,2378.81,1212.19,1867.86,20.754
PAL,fusion_early,15,900,80,300,10812.0376,2437.348,1153.652,1865.7,20.73
PAL,fusion_late,15,900,80,300,10851.5273333333,2436.814,1154.186,1871.82,20.798
NTSC-U,reference,15,900,80,300,9340.61480000001,2437.348,1153.652,1865.7,20.73
NTSC-U,earlier,15,900,80,300,8942.64853333333,3135.148,455.852,1829.52,20.328
NTSC-U,later,15,900,80,300,9340.61480000001,2437.348,1153.652,1865.7,20.73
NTSC-U,missed_early,15,900,80,300,9340.61480000001,2437.348,1153.652,1865.7,20.73
NTSC-U,missed_late,15,900,80,300,9366.06333333332,2378.81,1212.19,1867.86,20.754
NTSC-U,fusion_early,15,900,80,300,9340.61480000001,2437.348,1153.652,1865.7,20.73
NTSC-U,fusion_late,15,900,80,300,9376.05866666667,2436.814,1154.186,1871.82,20.798
PAL,reference,15,900,80,500,10175.4366666667,2530.266,1060.734,1659.06,18.434
PAL,earlier,15,900,80,500,10157.5917333333,2546.708,1044.292,1655.82,18.398
PAL,later,15,900,80,500,10175.4366666667,2530.266,1060.734,1659.06,18.434
PAL,missed_early,15,900,80,500,10175.4366666667,2530.266,1060.734,1659.06,18.434
PAL,missed_late,15,900,80,500,10175.4366666667,2530.266,1060.734,1659.06,18.434
PAL,fusion_early,15,900,80,500,10137.1846666667,2528.186,1062.814,1653.48,18.372
PAL,fusion_late,15,900,80,500,10213.2452,2529.762,1061.238,1665,18.5
NTSC-U,reference,15,900,80,500,8849.306,2530.266,1060.734,1659.06,18.434
NTSC-U,earlier,15,900,80,500,8832.7092,2546.708,1044.292,1655.82,18.398
NTSC-U,later,15,900,80,500,8849.306,2530.266,1060.734,1659.06,18.434
NTSC-U,missed_early,15,900,80,500,8849.306,2530.266,1060.734,1659.06,18.434
NTSC-U,missed_late,15,900,80,500,8849.306,2530.266,1060.734,1659.06,18.434
NTSC-U,fusion_early,15,900,80,500,8814.9748,2528.186,1062.814,1653.48,18.372
NTSC-U,fusion_late,15,900,80,500,8882.59026666666,2529.762,1061.238,1665,18.5
PAL,reference,15,900,80,700,9866.18973333333,1927.202,1663.798,1485.36,16.504
PAL,earlier,15,900,80,700,9723.38039999999,2237.624,1353.376,1470.78,16.342
PAL,later,15,900,80,700,9866.18973333333,1927.202,1663.798,1485.36,16.504
PAL,missed_early,15,900,80,700,9866.18973333333,1927.202,1663.798,1485.36,16.504
PAL,missed_late,15,900,80,700,9866.18973333333,1927.202,1663.798,1485.36,16.504
PAL,fusion_early,15,900,80,700,9865.09906666667,1927.144,1663.856,1485,16.5
PAL,fusion_late,15,900,80,700,9891.39559999999,1927.59,1663.41,1489.86,16.554
NTSC-U,reference,15,900,80,700,8699.50586666667,1927.202,1663.798,1485.36,16.504
NTSC-U,earlier,15,900,80,700,8548.97653333334,2237.624,1353.376,1470.78,16.342
NTSC-U,later,15,900,80,700,8699.50586666667,1927.202,1663.798,1485.36,16.504
NTSC-U,missed_early,15,900,80,700,8699.50586666667,1927.202,1663.798,1485.36,16.504
NTSC-U,missed_late,15,900,80,700,8699.50586666667,1927.202,1663.798,1485.36,16.504
NTSC-U,fusion_early,15,900,80,700,8698.67520000001,1927.144,1663.856,1485,16.5
NTSC-U,fusion_late,15,900,80,700,8721.01786666667,1927.59,1663.41,1489.86,16.554
PAL,reference,15,900,100,0,11365.436,2974,617,2138.58,23.762
PAL,earlier,15,900,100,0,11365.436,2974,617,2138.58,23.762
PAL,later,15,900,100,0,11355.3333333333,2961,630,2124,23.6
PAL,missed_early,15,900,100,0,11355.3333333333,2961,630,2124,23.6
PAL,missed_late,15,900,100,0,11352.3333333333,2916,675,2124,23.6
PAL,fusion_early,15,900,100,0,11365.436,2974,617,2138.58,23.762
PAL,fusion_late,15,900,100,0,11374.2866666667,2974,617,2129.94,23.666
NTSC-U,reference,15,900,100,0,9653.04933333328,2974,617,2138.58,23.762
NTSC-U,earlier,15,900,100,0,9653.04933333328,2974,617,2138.58,23.762
NTSC-U,later,15,900,100,0,9654.19999999991,2961,630,2124,23.6
NTSC-U,missed_early,15,900,100,0,9654.19999999991,2961,630,2124,23.6
NTSC-U,missed_late,15,900,100,0,9653.86666666671,2916,675,2124,23.6
NTSC-U,fusion_early,15,900,100,0,9653.04933333328,2974,617,2138.58,23.762
NTSC-U,fusion_late,15,900,100,0,9668.32666666672,2974,617,2129.94,23.666
PAL,reference,15,900,100,100,11261.9653333334,2772,819,2077.92,23.088
PAL,earlier,15,900,100,100,11261.9653333334,2772,819,2077.92,23.088
PAL,later,15,900,100,100,11268.9266666667,2830,761,2087.1,23.19
PAL,missed_early,15,900,100,100,11268.9266666667,2830,761,2087.1,23.19
PAL,missed_late,15,900,100,100,11189.5066666666,2843,748,2061.36,22.904
PAL,fusion_early,15,900,100,100,11261.9653333334,2772,819,2077.92,23.088
PAL,fusion_late,15,900,100,100,11278.3440000001,2772,819,2074.32,23.048
NTSC-U,reference,15,900,100,100,9605.21866666663,2772,819,2077.92,23.088
NTSC-U,earlier,15,900,100,100,9605.21866666663,2772,819,2077.92,23.088
NTSC-U,later,15,900,100,100,9601.79333333338,2830,761,2087.1,23.19
NTSC-U,missed_early,15,900,100,100,9601.79333333338,2830,761,2087.1,23.19
NTSC-U,missed_late,15,900,100,100,9541.46666666671,2843,748,2061.36,22.904
NTSC-U,fusion_early,15,900,100,100,9605.21866666663,2772,819,2077.92,23.088
NTSC-U,fusion_late,15,900,100,100,9624.39733333337,2772,819,2074.32,23.048
PAL,reference,15,900,100,300,10797.0746666667,2475,1116,1878.84,20.876
PAL,earlier,15,900,100,300,10613.4693333333,3162,429,1889.28,20.992
PAL,later,15,900,100,300,10797.0746666667,2475,1116,1878.84,20.876
PAL,missed_early,15,900,100,300,10797.0746666667,2475,1116,1878.84,20.876
PAL,missed_late,15,900,100,300,10864.0320000001,2372,1219,1895.76,21.064
PAL,fusion_early,15,900,100,300,10797.0746666667,2475,1116,1878.84,20.876
PAL,fusion_late,15,900,100,300,10868.8613333334,2475,1116,1901.88,21.132
NTSC-U,reference,15,900,100,300,9303.91466666671,2475,1116,1878.84,20.876
NTSC-U,earlier,15,900,100,300,9071.01600000003,3162,429,1889.28,20.992
NTSC-U,later,15,900,100,300,9303.91466666671,2475,1116,1878.84,20.876
NTSC-U,missed_early,15,900,100,300,9303.91466666671,2475,1116,1878.84,20.876
NTSC-U,missed_late,15,900,100,300,9363.85866666664,2372,1219,1895.76,21.064
NTSC-U,fusion_early,15,900,100,300,9303.91466666671,2475,1116,1878.84,20.876
NTSC-U,fusion_late,15,900,100,300,9358.00799999991,2475,1116,1901.88,21.132
PAL,reference,15,900,100,500,10285.0786666666,2505,1086,1704.42,18.938
PAL,earlier,15,900,100,500,10278.8879999999,2551,1040,1708.2,18.98
PAL,later,15,900,100,500,10285.0786666666,2505,1086,1704.42,18.938
PAL,missed_early,15,900,100,500,10285.0786666666,2505,1086,1704.42,18.938
PAL,missed_late,15,900,100,500,10285.0786666666,2505,1086,1704.42,18.938
PAL,fusion_early,15,900,100,500,10277.0213333333,2523,1068,1708.2,18.98
PAL,fusion_late,15,900,100,500,10234.9386666667,2505,1086,1675.8,18.62
NTSC-U,reference,15,900,100,500,8916.99866666671,2505,1086,1704.42,18.938
NTSC-U,earlier,15,900,100,500,8905.15466666667,2551,1040,1708.2,18.98
NTSC-U,later,15,900,100,500,8916.99866666671,2505,1086,1704.42,18.938
NTSC-U,missed_early,15,900,100,500,8916.99866666671,2505,1086,1704.42,18.938
NTSC-U,missed_late,15,900,100,500,8916.99866666671,2505,1086,1704.42,18.938
NTSC-U,fusion_early,15,900,100,500,8904.95466666663,2523,1068,1708.2,18.98
NTSC-U,fusion_late,15,900,100,500,8887.40533333337,2505,1086,1675.8,18.62
PAL,reference,15,900,100,700,9917.84933333334,1933,1658,1530.54,17.006
PAL,earlier,15,900,100,700,9879.152,2241,1350,1531.08,17.012
PAL,later,15,900,100,700,9917.84933333334,1933,1658,1530.54,17.006
PAL,missed_early,15,900,100,700,9917.84933333334,1933,1658,1530.54,17.006
PAL,missed_late,15,900,100,700,9917.84933333334,1933,1658,1530.54,17.006
PAL,fusion_early,15,900,100,700,9917.84933333334,1933,1658,1530.54,17.006
PAL,fusion_late,15,900,100,700,9884.96399999991,1933,1658,1516.86,16.854
NTSC-U,reference,15,900,100,700,8710.28933333332,1933,1658,1530.54,17.006
NTSC-U,earlier,15,900,100,700,8652.76533333338,2241,1350,1531.08,17.012
NTSC-U,later,15,900,100,700,8710.28933333332,1933,1658,1530.54,17.006
NTSC-U,missed_early,15,900,100,700,8710.28933333332,1933,1658,1530.54,17.006
NTSC-U,missed_late,15,900,100,700,8710.28933333332,1933,1658,1530.54,17.006
NTSC-U,fusion_early,15,900,100,700,8710.28933333332,1933,1658,1530.54,17.006
NTSC-U,fusion_late,15,900,100,700,8687.79066666668,1933,1658,1516.86,16.854
PAL,reference,15,950,50,0,11283.8757333333,2964.234,626.766,2031.12,22.568
PAL,earlier,15,950,50,0,11283.8757333333,2964.234,626.766,2031.12,22.568
PAL,later,15,950,50,0,11363.3777333333,2962.232,628.768,2040.84,22.676
PAL,missed_early,15,950,50,0,11363.3777333333,2962.232,628.768,2040.84,22.676
PAL,missed_late,15,950,50,0,11289.2778666667,2940.674,650.326,2030.22,22.558
PAL,fusion_early,15,950,50,0,11283.8757333333,2964.234,626.766,2031.12,22.568
PAL,fusion_late,15,950,50,0,11414.9241333333,2962.932,628.068,2041.2,22.68
NTSC-U,reference,15,950,50,0,9668.34093333335,2964.234,626.766,2031.12,22.568
NTSC-U,earlier,15,950,50,0,9668.34093333335,2964.234,626.766,2031.12,22.568
NTSC-U,later,15,950,50,0,9741.27506666668,2962.232,628.768,2040.84,22.676
NTSC-U,missed_early,15,950,50,0,9741.27506666668,2962.232,628.768,2040.84,22.676
NTSC-U,missed_late,15,950,50,0,9675.53613333335,2940.674,650.326,2030.22,22.558
NTSC-U,fusion_early,15,950,50,0,9668.34093333335,2964.234,626.766,2031.12,22.568
NTSC-U,fusion_late,15,950,50,0,9792.38093333334,2962.932,628.068,2041.2,22.68
PAL,reference,15,950,50,100,11210.7130666667,2815.13,775.87,1977.84,21.976
PAL,earlier,15,950,50,100,11210.7130666667,2815.13,775.87,1977.84,21.976
PAL,later,15,950,50,100,11254.5481333333,2829.348,761.652,1978.74,21.986
PAL,missed_early,15,950,50,100,11254.5481333333,2829.348,761.652,1978.74,21.986
PAL,missed_late,15,950,50,100,11199.9772,2828.686,762.314,1977.3,21.97
PAL,fusion_early,15,950,50,100,11210.7130666667,2815.13,775.87,1977.84,21.976
PAL,fusion_late,15,950,50,100,11317.2962666666,2812.22,778.78,1981.08,22.012
NTSC-U,reference,15,950,50,100,9642.7404,2815.13,775.87,1977.84,21.976
NTSC-U,earlier,15,950,50,100,9642.7404,2815.13,775.87,1977.84,21.976
NTSC-U,later,15,950,50,100,9685.14746666667,2829.348,761.652,1978.74,21.986
NTSC-U,missed_early,15,950,50,100,9685.14746666667,2829.348,761.652,1978.74,21.986
NTSC-U,missed_late,15,950,50,100,9631.44826666667,2828.686,762.314,1977.3,21.97
NTSC-U,fusion_early,15,950,50,100,9642.7404,2815.13,775.87,1977.84,21.976
NTSC-U,fusion_late,15,950,50,100,9746.66133333332,2812.22,778.78,1981.08,22.012
PAL,reference,15,950,50,300,10931.1118666667,2426.522,1164.478,1799.46,19.994
PAL,earlier,15,950,50,300,10437.5730666667,3123.856,467.144,1760.22,19.558
PAL,later,15,950,50,300,10931.1118666667,2426.522,1164.478,1799.46,19.994
PAL,missed_early,15,950,50,300,10931.1118666667,2426.522,1164.478,1799.46,19.994
PAL,missed_late,15,950,50,300,10909.3357333333,2407.15,1183.85,1799.46,19.994
PAL,fusion_early,15,950,50,300,10931.1118666667,2426.522,1164.478,1799.46,19.994
PAL,fusion_late,15,950,50,300,11000.8992,2425.468,1165.532,1802.88,20.032
NTSC-U,reference,15,950,50,300,9515.6188,2426.522,1164.478,1799.46,19.994
NTSC-U,earlier,15,950,50,300,9009.86253333333,3123.856,467.144,1760.22,19.558
NTSC-U,later,15,950,50,300,9515.6188,2426.522,1164.478,1799.46,19.994
NTSC-U,missed_early,15,950,50,300,9515.6188,2426.522,1164.478,1799.46,19.994
NTSC-U,missed_late,15,950,50,300,9495.43666666667,2407.15,1183.85,1799.46,19.994
NTSC-U,fusion_early,15,950,50,300,9515.6188,2426.522,1164.478,1799.46,19.994
NTSC-U,fusion_late,15,950,50,300,9581.69133333334,2425.468,1165.532,1802.88,20.032
PAL,reference,15,950,50,500,10289.4613333333,2518.79,1072.21,1602.36,17.804
PAL,earlier,15,950,50,500,10262.9086666667,2530.382,1060.618,1600.38,17.782
PAL,later,15,950,50,500,10289.4613333333,2518.79,1072.21,1602.36,17.804
PAL,missed_early,15,950,50,500,10289.4613333333,2518.79,1072.21,1602.36,17.804
PAL,missed_late,15,950,50,500,10289.4613333333,2518.79,1072.21,1602.36,17.804
PAL,fusion_early,15,950,50,500,10178.4169333333,2518.184,1072.816,1591.38,17.682
PAL,fusion_late,15,950,50,500,10359.6385333333,2519.476,1071.524,1608.12,17.868
NTSC-U,reference,15,950,50,500,9012.16506666667,2518.79,1072.21,1602.36,17.804
NTSC-U,earlier,15,950,50,500,8986.29413333334,2530.382,1060.618,1600.38,17.782
NTSC-U,later,15,950,50,500,9012.16506666667,2518.79,1072.21,1602.36,17.804
NTSC-U,missed_early,15,950,50,500,9012.16506666667,2518.79,1072.21,1602.36,17.804
NTSC-U,missed_late,15,950,50,500,9012.16506666667,2518.79,1072.21,1602.36,17.804
NTSC-U,fusion_early,15,950,50,500,8909.12453333333,2518.184,1072.816,1591.38,17.682
NTSC-U,fusion_late,15,950,50,500,9078.01386666667,2519.476,1071.524,1608.12,17.868
PAL,reference,15,950,50,700,10031.6837333333,1915.26,1675.74,1437.3,15.97
PAL,earlier,15,950,50,700,9882.80693333333,2224.672,1366.328,1421.64,15.796
PAL,later,15,950,50,700,10031.6837333333,1915.26,1675.74,1437.3,15.97
PAL,missed_early,15,950,50,700,10031.6837333333,1915.26,1675.74,1437.3,15.97
PAL,missed_late,15,950,50,700,10031.6837333333,1915.26,1675.74,1437.3,15.97
PAL,fusion_early,15,950,50,700,10031.6837333333,1915.26,1675.74,1437.3,15.97
PAL,fusion_late,15,950,50,700,10057.6142666667,1915.384,1675.616,1439.1,15.99
NTSC-U,reference,15,950,50,700,8907.26013333334,1915.26,1675.74,1437.3,15.97
NTSC-U,earlier,15,950,50,700,8752.80106666667,2224.672,1366.328,1421.64,15.796
NTSC-U,later,15,950,50,700,8907.26013333334,1915.26,1675.74,1437.3,15.97
NTSC-U,missed_early,15,950,50,700,8907.26013333334,1915.26,1675.74,1437.3,15.97
NTSC-U,missed_late,15,950,50,700,8907.26013333334,1915.26,1675.74,1437.3,15.97
NTSC-U,fusion_early,15,950,50,700,8907.26013333334,1915.26,1675.74,1437.3,15.97
NTSC-U,fusion_late,15,950,50,700,8931.40693333334,1915.384,1675.616,1439.1,15.99
PAL,reference,15,950,80,0,11205.3106666667,2951.676,639.324,2080.62,23.118
PAL,earlier,15,950,80,0,11205.3106666667,2951.676,639.324,2080.62,23.118
PAL,later,15,950,80,0,11231.3010666667,2950.498,640.502,2080.08,23.112
PAL,missed_early,15,950,80,0,11231.3010666667,2950.498,640.502,2080.08,23.112
PAL,missed_late,15,950,80,0,11236.2710666667,2932.858,658.142,2082.96,23.144
PAL,fusion_early,15,950,80,0,11205.3106666667,2951.676,639.324,2080.62,23.118
PAL,fusion_late,15,950,80,0,11255.9748,2952.062,638.938,2083.14,23.146
NTSC-U,reference,15,950,80,0,9548.27226666666,2951.676,639.324,2080.62,23.118
NTSC-U,earlier,15,950,80,0,9548.27226666666,2951.676,639.324,2080.62,23.118
NTSC-U,later,15,950,80,0,9574.65066666667,2950.498,640.502,2080.08,23.112
NTSC-U,missed_early,15,950,80,0,9574.65066666667,2950.498,640.502,2080.08,23.112
NTSC-U,missed_late,15,950,80,0,9578.80466666667,2932.858,658.142,2082.96,23.144
NTSC-U,fusion_early,15,950,80,0,9548.27226666666,2951.676,639.324,2080.62,23.118
NTSC-U,fusion_late,15,950,80,0,9596.76226666667,2952.062,638.938,2083.14,23.146
PAL,reference,15,950,80,100,11175.5997333333,2829.862,761.138,2048.76,22.764
PAL,earlier,15,950,80,100,11175.5997333333,2829.862,761.138,2048.76,22.764
PAL,later,15,950,80,100,11184.4016,2841.824,749.176,2048.04,22.756
PAL,missed_early,15,950,80,100,11184.4016,2841.824,749.176,2048.04,22.756
PAL,missed_late,15,950,80,100,11162.8749333333,2839.972,751.028,2047.14,22.746
PAL,fusion_early,15,950,80,100,11175.5997333333,2829.862,761.138,2048.76,22.764
PAL,fusion_late,15,950,80,100,11227.8325333333,2828.872,762.128,2053.62,22.818
NTSC-U,reference,15,950,80,100,9549.83573333333,2829.862,761.138,2048.76,22.764
NTSC-U,earlier,15,950,80,100,9549.83573333333,2829.862,761.138,2048.76,22.764
NTSC-U,later,15,950,80,100,9558.58346666668,2841.824,749.176,2048.04,22.756
NTSC-U,missed_early,15,950,80,100,9558.58346666668,2841.824,749.176,2048.04,22.756
NTSC-U,missed_late,15,950,80,100,9537.57773333334,2839.972,751.028,2047.14,22.746
NTSC-U,fusion_early,15,950,80,100,9549.83573333333,2829.862,761.138,2048.76,22.764
NTSC-U,fusion_late,15,950,80,100,9597.99346666667,2828.872,762.128,2053.62,22.818
PAL,reference,15,950,80,300,10812.0376,2437.348,1153.652,1865.7,20.73
PAL,earlier,15,950,80,300,10428.5896,3135.148,455.852,1829.52,20.328
PAL,later,15,950,80,300,10812.0376,2437.348,1153.652,1865.7,20.73
PAL,missed_early,15,950,80,300,10812.0376,2437.348,1153.652,1865.7,20.73
PAL,missed_late,15,950,80,300,10799.8092,2421.976,1169.024,1865.16,20.724
PAL,fusion_early,15,950,80,300,10812.0376,2437.348,1153.652,1865.7,20.73
PAL,fusion_late,15,950,80,300,10851.5273333333,2436.814,1154.186,1871.82,20.798
NTSC-U,reference,15,950,80,300,9340.61480000001,2437.348,1153.652,1865.7,20.73
NTSC-U,earlier,15,950,80,300,8942.64853333333,3135.148,455.852,1829.52,20.328
NTSC-U,later,15,950,80,300,9340.61480000001,2437.348,1153.652,1865.7,20.73
NTSC-U,missed_early,15,950,80,300,9340.61480000001,2437.348,1153.652,1865.7,20.73
NTSC-U,missed_late,15,950,80,300,9329.78666666667,2421.976,1169.024,1865.16,20.724
NTSC-U,fusion_early,15,950,80,300,9340.61480000001,2437.348,1153.652,1865.7,20.73
NTSC-U,fusion_late,15,950,80,300,9376.05866666667,2436.814,1154.186,1871.82,20.798
PAL,reference,15,950,80,500,10175.4366666667,2530.266,1060.734,1659.06,18.434
PAL,earlier,15,950,80,500,10157.5917333333,2546.708,1044.292,1655.82,18.398
PAL,later,15,950,80,500,10175.4366666667,2530.266,1060.734,1659.06,18.434
PAL,missed_early,15,950,80,500,10175.4366666667,2530.266,1060.734,1659.06,18.434
PAL,missed_late,15,950,80,500,10175.4366666667,2530.266,1060.734,1659.06,18.434
PAL,fusion_early,15,950,80,500,10137.1846666667,2528.186,1062.814,1653.48,18.372
PAL,fusion_late,15,950,80,500,10213.2452,2529.762,1061.238,1665,18.5
NTSC-U,reference,15,950,80,500,8849.306,2530.266,1060.734,1659.06,18.434
NTSC-U,earlier,15,950,80,500,8832.7092,2546.708,1044.292,1655.82,18.398
NTSC-U,later,15,950,80,500,8849.306,2530.266,1060.734,1659.06,18.434
NTSC-U,missed_early,15,950,80,500,8849.306,2530.266,1060.734,1659.06,18.434
NTSC-U,missed_late,15,950,80,500,8849.306,2530.266,1060.734,1659.06,18.434
NTSC-U,fusion_early,15,950,80,500,8814.9748,2528.186,1062.814,1653.48,18.372
NTSC-U,fusion_late,15,950,80,500,8882.59026666666,2529.762,1061.238,1665,18.5
PAL,reference,15,950,80,700,9883.42746666666,1923.616,1667.384,1487.34,16.526
PAL,earlier,15,950,80,700,9723.38039999999,2237.624,1353.376,1470.78,16.342
PAL,later,15,950,80,700,9883.42746666666,1923.616,1667.384,1487.34,16.526
PAL,missed_early,15,950,80,700,9883.42746666666,1923.616,1667.384,1487.34,16.526
PAL,missed_late,15,950,80,700,9883.42746666666,1923.616,1667.384,1487.34,16.526
PAL,fusion_early,15,950,80,700,9883.42746666666,1923.616,1667.384,1487.34,16.526
PAL,fusion_late,15,950,80,700,9891.11026666666,1923.264,1667.736,1489.86,16.554
NTSC-U,reference,15,950,80,700,8715.63373333334,1923.616,1667.384,1487.34,16.526
NTSC-U,earlier,15,950,80,700,8548.97653333334,2237.624,1353.376,1470.78,16.342
NTSC-U,later,15,950,80,700,8715.63373333334,1923.616,1667.384,1487.34,16.526
NTSC-U,missed_early,15,950,80,700,8715.63373333334,1923.616,1667.384,1487.34,16.526
NTSC-U,missed_late,15,950,80,700,8715.63373333334,1923.616,1667.384,1487.34,16.526
NTSC-U,fusion_early,15,950,80,700,8715.63373333334,1923.616,1667.384,1487.34,16.526
NTSC-U,fusion_late,15,950,80,700,8720.9508,1923.264,1667.736,1489.86,16.554
PAL,reference,15,950,100,0,11365.436,2974,617,2138.58,23.762
PAL,earlier,15,950,100,0,11365.436,2974,617,2138.58,23.762
PAL,later,15,950,100,0,11355.3333333333,2961,630,2124,23.6
PAL,missed_early,15,950,100,0,11355.3333333333,2961,630,2124,23.6
PAL,missed_late,15,950,100,0,11352.3333333333,2916,675,2124,23.6
PAL,fusion_early,15,950,100,0,11365.436,2974,617,2138.58,23.762
PAL,fusion_late,15,950,100,0,11374.2866666667,2974,617,2129.94,23.666
NTSC-U,reference,15,950,100,0,9653.04933333328,2974,617,2138.58,23.762
NTSC-U,earlier,15,950,100,0,9653.04933333328,2974,617,2138.58,23.762
NTSC-U,later,15,950,100,0,9654.19999999991,2961,630,2124,23.6
NTSC-U,missed_early,15,950,100,0,9654.19999999991,2961,630,2124,23.6
NTSC-U,missed_late,15,950,100,0,9653.86666666671,2916,675,2124,23.6
NTSC-U,fusion_early,15,950,100,0,9653.04933333328,2974,617,2138.58,23.762
NTSC-U,fusion_late,15,950,100,0,9668.32666666672,2974,617,2129.94,23.666
PAL,reference,15,950,100,100,11261.9653333334,2772,819,2077.92,23.088
PAL,earlier,15,950,100,100,11261.9653333334,2772,819,2077.92,23.088
PAL,later,15,950,100,100,11268.9266666667,2830,761,2087.1,23.19
PAL,missed_early,15,950,100,100,11268.9266666667,2830,761,2087.1,23.19
PAL,missed_late,15,950,100,100,11189.5066666666,2843,748,2061.36,22.904
PAL,fusion_early,15,950,100,100,11261.9653333334,2772,819,2077.92,23.088
PAL,fusion_late,15,950,100,100,11278.3440000001,2772,819,2074.32,23.048
NTSC-U,reference,15,950,100,100,9605.21866666663,2772,819,2077.92,23.088
NTSC-U,earlier,15,950,100,100,9605.21866666663,2772,819,2077.92,23.088
NTSC-U,later,15,950,100,100,9601.79333333338,2830,761,2087.1,23.19
NTSC-U,missed_early,15,950,100,100,9601.79333333338,2830,761,2087.1,23.19
NTSC-U,missed_late,15,950,100,100,9541.46666666671,2843,748,2061.36,22.904
NTSC-U,fusion_early,15,950,100,100,9605.21866666663,2772,819,2077.92,23.088
NTSC-U,fusion_late,15,950,100,100,9624.39733333337,2772,819,2074.32,23.048
PAL,reference,15,950,100,300,10797.0746666667,2475,1116,1878.84,20.876
PAL,earlier,15,950,100,300,10613.4693333333,3162,429,1889.28,20.992
PAL,later,15,950,100,300,10797.0746666667,2475,1116,1878.84,20.876
PAL,missed_early,15,950,100,300,10797.0746666667,2475,1116,1878.84,20.876
PAL,missed_late,15,950,100,300,10794.8746666666,2442,1149,1878.84,20.876
PAL,fusion_early,15,950,100,300,10797.0746666667,2475,1116,1878.84,20.876
PAL,fusion_late,15,950,100,300,10868.8613333334,2475,1116,1901.88,21.132
NTSC-U,reference,15,950,100,300,9303.91466666671,2475,1116,1878.84,20.876
NTSC-U,earlier,15,950,100,300,9071.01600000003,3162,429,1889.28,20.992
NTSC-U,later,15,950,100,300,9303.91466666671,2475,1116,1878.84,20.876
NTSC-U,missed_early,15,950,100,300,9303.91466666671,2475,1116,1878.84,20.876
NTSC-U,missed_late,15,950,100,300,9303.71466666662,2442,1149,1878.84,20.876
NTSC-U,fusion_early,15,950,100,300,9303.91466666671,2475,1116,1878.84,20.876
NTSC-U,fusion_late,15,950,100,300,9358.00799999991,2475,1116,1901.88,21.132
PAL,reference,15,950,100,500,10285.0786666666,2505,1086,1704.42,18.938
PAL,earlier,15,950,100,500,10278.8879999999,2551,1040,1708.2,18.98
PAL,later,15,950,100,500,10285.0786666666,2505,1086,1704.42,18.938
PAL,missed_early,15,950,100,500,10285.0786666666,2505,1086,1704.42,18.938
PAL,missed_late,15,950,100,500,10285.0786666666,2505,1086,1704.42,18.938
PAL,fusion_early,15,950,100,500,10277.0213333333,2523,1068,1708.2,18.98
PAL,fusion_late,15,950,100,500,10234.9386666667,2505,1086,1675.8,18.62
NTSC-U,reference,15,950,100,500,8916.99866666671,2505,1086,1704.42,18.938
NTSC-U,earlier,15,950,100,500,8905.15466666667,2551,1040,1708.2,18.98
NTSC-U,later,15,950,100,500,8916.99866666671,2505,1086,1704.42,18.938
NTSC-U,missed_early,15,950,100,500,8916.99866666671,2505,1086,1704.42,18.938
NTSC-U,missed_late,15,950,100,500,8916.99866666671,2505,1086,1704.42,18.938
NTSC-U,fusion_early,15,950,100,500,8904.95466666663,2523,1068,1708.2,18.98
NTSC-U,fusion_late,15,950,100,500,8887.40533333337,2505,1086,1675.8,18.62
PAL,reference,15,950,100,700,9917.84933333334,1933,1658,1530.54,17.006
PAL,earlier,15,950,100,700,9879.152,2241,1350,1531.08,17.012
PAL,later,15,950,100,700,9917.84933333334,1933,1658,1530.54,17.006
PAL,missed_early,15,950,100,700,9917.84933333334,1933,1658,1530.54,17.006
PAL,missed_late,15,950,100,700,9917.84933333334,1933,1658,1530.54,17.006
PAL,fusion_early,15,950,100,700,9917.84933333334,1933,1658,1530.54,17.006
PAL,fusion_late,15,950,100,700,9884.96399999991,1933,1658,1516.86,16.854
NTSC-U,reference,15,950,100,700,8710.28933333332,1933,1658,1530.54,17.006
NTSC-U,earlier,15,950,100,700,8652.76533333338,2241,1350,1531.08,17.012
NTSC-U,later,15,950,100,700,8710.28933333332,1933,1658,1530.54,17.006
NTSC-U,missed_early,15,950,100,700,8710.28933333332,1933,1658,1530.54,17.006
NTSC-U,missed_late,15,950,100,700,8710.28933333332,1933,1658,1530.54,17.006
NTSC-U,fusion_early,15,950,100,700,8710.28933333332,1933,1658,1530.54,17.006
NTSC-U,fusion_late,15,950,100,700,8687.79066666668,1933,1658,1516.86,16.854
PAL,reference,20,700,50,0,12778.332,2805.814,785.186,2605.68,28.952
PAL,earlier,20,700,50,0,12094.8546666667,3321.836,269.164,2422.26,26.914
PAL,later,20,700,50,0,12352.1237333333,2961.886,629.114,2548.98,28.322
PAL,missed_early,20,700,50,0,12352.1237333333,2961.886,629.114,2548.98,28.322
PAL,missed_late,20,700,50,0,12778.332,2805.814,785.186,2605.68,28.952
PAL,fusion_early,20,700,50,0,12778.332,2805.814,785.186,2605.68,28.952
PAL,fusion_late,20,700,50,0,12899.3754666667,2805.37,785.63,2609.64,28.996
NTSC-U,reference,20,700,50,0,10787.1008,2805.456,785.544,2606.04,28.956
NTSC-U,earlier,20,700,50,0,10221.3534666667,3321.312,269.688,2433.24,27.036
NTSC-U,later,20,700,50,0,10359.7784,2961.886,629.114,2548.98,28.322
NTSC-U,missed_early,20,700,50,0,10359.7784,2961.886,629.114,2548.98,28.322
NTSC-U,missed_late,20,700,50,0,10787.1008,2805.456,785.544,2606.04,28.956
NTSC-U,fusion_early,20,700,50,0,10787.1008,2805.456,785.544,2606.04,28.956
NTSC-U,fusion_late,20,700,50,0,10882.6706666667,2804.714,786.286,2608.74,28.986
PAL,reference,20,700,50,100,12599.6852,2668.646,922.354,2520.36,28.004
PAL,earlier,20,700,50,100,11988.5181333333,3255.92,335.08,2383.2,26.48
PAL,later,20,700,50,100,12286.1150666667,2830.614,760.386,2509.2,27.88
PAL,missed_early,20,700,50,100,12286.1150666667,2830.614,760.386,2509.2,27.88
PAL,missed_late,20,700,50,100,12599.6852,2668.646,922.354,2520.36,28.004
PAL,fusion_early,20,700,50,100,12599.6852,2668.646,922.354,2520.36,28.004
PAL,fusion_late,20,700,50,100,12694.5230666667,2668.776,922.224,2527.02,28.078
NTSC-U,reference,20,700,50,100,10649.1556,2669.216,921.784,2520.54,28.006
NTSC-U,earlier,20,700,50,100,10089.612,3255.346,335.654,2377.08,26.412
NTSC-U,later,20,700,50,100,10329.354,2830.614,760.386,2509.2,27.88
NTSC-U,missed_early,20,700,50,100,10329.354,2830.614,760.386,2509.2,27.88
NTSC-U,missed_late,20,700,50,100,10649.1556,2669.216,921.784,2520.54,28.006
NTSC-U,fusion_early,20,700,50,100,10649.1556,2669.216,921.784,2520.54,28.006
NTSC-U,fusion_late,20,700,50,100,10748.1605333333,2668.932,922.068,2526.66,28.074
PAL,reference,20,700,50,300,11933.5453333333,2763.678,827.322,2334.06,25.934
PAL,earlier,20,700,50,300,11750.2274666667,2964.42,626.58,2300.76,25.564
PAL,later,20,700,50,300,11660.6286666667,2922.706,668.294,2311.56,25.684
PAL,missed_early,20,700,50,300,11660.6286666667,2922.706,668.294,2311.56,25.684
PAL,missed_late,20,700,50,300,11933.5453333333,2763.678,827.322,2334.06,25.934
PAL,fusion_early,20,700,50,300,11834.7490666667,2763.258,827.742,2323.08,25.812
PAL,fusion_late,20,700,50,300,12030.3238666667,2763.862,827.138,2338.92,25.988
NTSC-U,reference,20,700,50,300,10115.0798666667,2763.69,827.31,2335.14,25.946
NTSC-U,earlier,20,700,50,300,9939.87413333334,2965.73,625.27,2299.5,25.55
NTSC-U,later,20,700,50,300,9843.41253333334,2922.706,668.294,2311.56,25.684
NTSC-U,missed_early,20,700,50,300,9843.41253333334,2922.706,668.294,2311.56,25.684
NTSC-U,missed_late,20,700,50,300,10115.0798666667,2763.69,827.31,2335.14,25.946
NTSC-U,fusion_early,20,700,50,300,10022.9072,2763.66,827.34,2323.44,25.816
NTSC-U,fusion_late,20,700,50,300,10203.2936,2763.662,827.338,2338.02,25.978
PAL,reference,20,700,50,500,11671.0608,2561.466,1029.534,2159.28,23.992
PAL,earlier,20,700,50,500,11486.6688,2951.556,639.444,2145.96,23.844
PAL,later,20,700,50,500,11497.8002666667,2327.502,1263.498,2159.1,23.99
PAL,missed_early,20,700,50,500,11497.8002666667,2327.502,1263.498,2159.1,23.99
PAL,missed_late,20,700,50,500,11671.0608,2561.466,1029.534,2159.28,23.992
PAL,fusion_early,20,700,50,500,11669.9465333333,2560.982,1030.018,2158.92,23.988
PAL,fusion_late,20,700,50,500,11703.7301333333,2559.472,1031.528,2160.18,24.002
NTSC-U,reference,20,700,50,500,9996.57266666667,2560.098,1030.902,2159.1,23.99
NTSC-U,earlier,20,700,50,500,9791.99973333333,2950.646,640.354,2146.14,23.846
NTSC-U,later,20,700,50,500,9824.90626666667,2327.502,1263.498,2159.1,23.99
NTSC-U,missed_early,20,700,50,500,9824.90626666667,2327.502,1263.498,2159.1,23.99
NTSC-U,missed_late,20,700,50,500,9996.57266666667,2560.098,1030.902,2159.1,23.99
NTSC-U,fusion_early,20,700,50,500,9997.0204,2560.078,1030.922,2159.28,23.992
NTSC-U,fusion_late,20,700,50,500,10019.3176,2560.094,1030.906,2160.36,24.004
PAL,reference,20,700,80,0,12510.684,2792.642,798.358,2642.4,29.36
PAL,earlier,20,700,80,0,12222.4978666667,3316.668,274.332,2616.48,29.072
PAL,later,20,700,80,0,12279.5826666667,2949.91,641.09,2620.08,29.112
PAL,missed_early,20,700,80,0,12279.5826666667,2949.91,641.09,2620.08,29.112
PAL,missed_late,20,700,80,0,12510.684,2792.642,798.358,2642.4,29.36
PAL,fusion_early,20,700,80,0,12510.684,2792.642,798.358,2642.4,29.36
PAL,fusion_late,20,700,80,0,12548.146,2793.684,797.316,2646.9,29.41
NTSC-U,reference,20,700,80,0,10456.0668,2793.814,797.186,2643.66,29.374
NTSC-U,earlier,20,700,80,0,10148.6293333333,3315.462,275.538,2614.5,29.05
NTSC-U,later,20,700,80,0,10228.7449333333,2949.91,641.09,2620.08,29.112
NTSC-U,missed_early,20,700,80,0,10228.7449333333,2949.91,641.09,2620.08,29.112
NTSC-U,missed_late,20,700,80,0,10456.0668,2793.814,797.186,2643.66,29.374
NTSC-U,fusion_early,20,700,80,0,10456.0668,2793.814,797.186,2643.66,29.374
NTSC-U,fusion_late,20,700,80,0,10518.5610666667,2795.006,795.994,2649.06,29.434
PAL,reference,20,700,80,100,12434.9302666667,2681.104,909.896,2606.94,28.966
PAL,earlier,20,700,80,100,12118.6617333333,3259.532,331.468,2579.04,28.656
PAL,later,20,700,80,100,12266.7144,2841.71,749.29,2597.76,28.864
PAL,missed_early,20,700,80,100,12266.7144,2841.71,749.29,2597.76,28.864
PAL,missed_late,20,700,80,100,12434.9302666667,2681.104,909.896,2606.94,28.966
PAL,fusion_early,20,700,80,100,12434.9302666667,2681.104,909.896,2606.94,28.966
PAL,fusion_late,20,700,80,100,12464.5229333333,2680.742,910.258,2608.38,28.982
NTSC-U,reference,20,700,80,100,10409.4505333333,2680.938,910.062,2606.58,28.962
NTSC-U,earlier,20,700,80,100,10085.0424,3260.784,330.216,2581.02,28.678
NTSC-U,later,20,700,80,100,10240.1818666667,2841.71,749.29,2597.76,28.864
NTSC-U,missed_early,20,700,80,100,10240.1818666667,2841.71,749.29,2597.76,28.864
NTSC-U,missed_late,20,700,80,100,10409.4505333333,2680.938,910.062,2606.58,28.962
NTSC-U,fusion_early,20,700,80,100,10409.4505333333,2680.938,910.062,2606.58,28.962
NTSC-U,fusion_late,20,700,80,100,10440.6529333333,2680.414,910.586,2609.1,28.99
PAL,reference,20,700,80,300,11784.2301333333,2774.678,816.322,2403.54,26.706
PAL,earlier,20,700,80,300,11655.5010666667,2975.412,615.588,2389.68,26.552
PAL,later,20,700,80,300,11616.5790666667,2934.568,656.432,2387.16,26.524
PAL,missed_early,20,700,80,300,11616.5790666667,2934.568,656.432,2387.16,26.524
PAL,missed_late,20,700,80,300,11784.2301333333,2774.678,816.322,2403.54,26.706
PAL,fusion_early,20,700,80,300,11767.1510666667,2772.372,818.628,2400.66,26.674
PAL,fusion_late,20,700,80,300,11833.4092,2774.882,816.118,2408.76,26.764
NTSC-U,reference,20,700,80,300,9902.87773333334,2775.326,815.674,2403.54,26.706
NTSC-U,earlier,20,700,80,300,9785.2352,2976.168,614.832,2391.66,26.574
NTSC-U,later,20,700,80,300,9736.01733333333,2934.568,656.432,2387.16,26.524
NTSC-U,missed_early,20,700,80,300,9736.01733333333,2934.568,656.432,2387.16,26.524
NTSC-U,missed_late,20,700,80,300,9902.87773333334,2775.326,815.674,2403.54,26.706
NTSC-U,fusion_early,20,700,80,300,9888.40106666666,2772.492,818.508,2400.84,26.676
NTSC-U,fusion_late,20,700,80,300,9949.5128,2774.838,816.162,2409.3,26.77
PAL,reference,20,700,80,500,11377.4773333333,2569.144,1021.856,2216.34,24.626
PAL,earlier,20,700,80,500,11182.9698666667,2964.144,626.856,2192.22,24.358
PAL,later,20,700,80,500,11353.2093333333,2337.996,1253.004,2215.26,24.614
PAL,missed_early,20,700,80,500,11353.2093333333,2337.996,1253.004,2215.26,24.614
PAL,missed_late,20,700,80,500,11377.4773333333,2569.144,1021.856,2216.34,24.626
PAL,fusion_early,20,700,80,500,11376.9366666667,2569.128,1021.872,2216.16,24.624
PAL,fusion_late,20,700,80,500,11394.0229333333,2569.992,1021.008,2218.32,24.648
NTSC-U,reference,20,700,80,500,9644.47573333334,2567.634,1023.366,2216.7,24.63
NTSC-U,earlier,20,700,80,500,9452.93759999998,2964.012,626.988,2192.94,24.366
NTSC-U,later,20,700,80,500,9632.5956,2337.996,1253.004,2215.26,24.614
NTSC-U,missed_early,20,700,80,500,9632.5956,2337.996,1253.004,2215.26,24.614
NTSC-U,missed_late,20,700,80,500,9644.47573333334,2567.634,1023.366,2216.7,24.63
NTSC-U,fusion_early,20,700,80,500,9643.6268,2567.73,1023.27,2216.34,24.626
NTSC-U,fusion_late,20,700,80,500,9661.60466666666,2568.246,1022.754,2219.58,24.662
PAL,reference,20,700,100,0,12445.5253333333,2791,800,2642.04,29.356
PAL,earlier,20,700,100,0,12363.5759999999,3334,257,2682.36,29.804
PAL,later,20,700,100,0,12411.0946666666,2961,630,2670.66,29.674
PAL,missed_early,20,700,100,0,12411.0946666666,2961,630,2670.66,29.674
PAL,missed_late,20,700,100,0,12445.5253333333,2791,800,2642.04,29.356
PAL,fusion_early,20,700,100,0,12445.5253333333,2791,800,2642.04,29.356
PAL,fusion_late,20,700,100,0,12420.0466666667,2791,800,2631.06,29.234
NTSC-U,reference,20,700,100,0,10376.232,2784,807,2642.04,29.356
NTSC-U,earlier,20,700,100,0,10136.3560000001,3295,296,2624.58,29.162
NTSC-U,later,20,700,100,0,10311.3213333333,2961,630,2670.66,29.674
NTSC-U,missed_early,20,700,100,0,10311.3213333333,2961,630,2670.66,29.674
NTSC-U,missed_late,20,700,100,0,10376.232,2784,807,2642.04,29.356
NTSC-U,fusion_early,20,700,100,0,10376.232,2784,807,2642.04,29.356
NTSC-U,fusion_late,20,700,100,0,10358.4066666667,2784,807,2631.06,29.234
PAL,reference,20,700,100,100,12385.0133333334,2718,873,2621.16,29.124
PAL,earlier,20,700,100,100,12187.3093333333,3283,308,2612.88,29.032
PAL,later,20,700,100,100,12312.0679999999,2830,761,2624.58,29.162
PAL,missed_early,20,700,100,100,12312.0679999999,2830,761,2624.58,29.162
PAL,missed_late,20,700,100,100,12385.0133333334,2718,873,2621.16,29.124
PAL,fusion_early,20,700,100,100,12385.0133333334,2718,873,2621.16,29.124
PAL,fusion_late,20,700,100,100,12411.8013333333,2718,873,2616.66,29.074
NTSC-U,reference,20,700,100,100,10353.9946666667,2658,933,2612.16,29.024
NTSC-U,earlier,20,700,100,100,10103.9546666667,3245,346,2601,28.9
NTSC-U,later,20,700,100,100,10252.4146666666,2830,761,2624.58,29.162
NTSC-U,missed_early,20,700,100,100,10252.4146666666,2830,761,2624.58,29.162
NTSC-U,missed_late,20,700,100,100,10353.9946666667,2658,933,2612.16,29.024
NTSC-U,fusion_early,20,700,100,100,10353.9946666667,2658,933,2612.16,29.024
NTSC-U,fusion_late,20,700,100,100,10368.068,2658,933,2611.26,29.014
PAL,reference,20,700,100,300,11820.588,2756,835,2423.7,26.93
PAL,earlier,20,700,100,300,11755.1626666667,2952,639,2432.16,27.024
PAL,later,20,700,100,300,11658.8826666666,2949,642,2401.2,26.68
PAL,missed_early,20,700,100,300,11658.8826666666,2949,642,2401.2,26.68
PAL,missed_late,20,700,100,300,11820.588,2756,835,2423.7,26.93
PAL,fusion_early,20,700,100,300,11797.56,2776,815,2428.92,26.988
PAL,fusion_late,20,700,100,300,11858.3546666667,2756,835,2435.4,27.06
NTSC-U,reference,20,700,100,300,9913.45466666666,2765,826,2423.7,26.93
NTSC-U,earlier,20,700,100,300,9828.32266666662,2961,630,2432.16,27.024
NTSC-U,later,20,700,100,300,9755.68266666663,2949,642,2401.2,26.68
NTSC-U,missed_early,20,700,100,300,9755.68266666663,2949,642,2401.2,26.68
NTSC-U,missed_late,20,700,100,300,9913.45466666666,2765,826,2423.7,26.93
NTSC-U,fusion_early,20,700,100,300,9885.14666666663,2785,806,2428.92,26.988
NTSC-U,fusion_late,20,700,100,300,9941.02133333328,2765,826,2435.4,27.06
PAL,reference,20,700,100,500,11392.1853333334,2547,1044,2253.06,25.034
PAL,earlier,20,700,100,500,11263.0146666666,2970,621,2237.22,24.858
PAL,later,20,700,100,500,11403.4453333333,2329,1262,2250.36,25.004
PAL,missed_early,20,700,100,500,11403.4453333333,2329,1262,2250.36,25.004
PAL,missed_late,20,700,100,500,11392.1853333334,2547,1044,2253.06,25.034
PAL,fusion_early,20,700,100,500,11392.1853333334,2547,1044,2253.06,25.034
PAL,fusion_late,20,700,100,500,11398.3773333334,2547,1044,2249.82,24.998
NTSC-U,reference,20,700,100,500,9620.07866666672,2553,1038,2253.06,25.034
NTSC-U,earlier,20,700,100,500,9478.46799999991,2976,615,2237.22,24.858
NTSC-U,later,20,700,100,500,9647.20533333329,2329,1262,2250.36,25.004
NTSC-U,missed_early,20,700,100,500,9647.20533333329,2329,1262,2250.36,25.004
NTSC-U,missed_late,20,700,100,500,9620.07866666672,2553,1038,2253.06,25.034
NTSC-U,fusion_early,20,700,100,500,9620.07866666672,2553,1038,2253.06,25.034
NTSC-U,fusion_late,20,700,100,500,9629.63066666664,2553,1038,2249.82,24.998
PAL,reference,20,800,50,0,12778.332,2805.814,785.186,2605.68,28.952
PAL,earlier,20,800,50,0,12778.332,2805.814,785.186,2605.68,28.952
PAL,later,20,800,50,0,12352.1237333333,2961.886,629.114,2548.98,28.322
PAL,missed_early,20,800,50,0,12352.1237333333,2961.886,629.114,2548.98,28.322
PAL,missed_late,20,800,50,0,12778.332,2805.814,785.186,2605.68,28.952
PAL,fusion_early,20,800,50,0,12778.332,2805.814,785.186,2605.68,28.952
PAL,fusion_late,20,800,50,0,12899.3754666667,2805.37,785.63,2609.64,28.996
NTSC-U,reference,20,800,50,0,10787.1008,2805.456,785.544,2606.04,28.956
NTSC-U,earlier,20,800,50,0,10787.1008,2805.456,785.544,2606.04,28.956
NTSC-U,later,20,800,50,0,10359.7784,2961.886,629.114,2548.98,28.322
NTSC-U,missed_early,20,800,50,0,10359.7784,2961.886,629.114,2548.98,28.322
NTSC-U,missed_late,20,800,50,0,10787.1008,2805.456,785.544,2606.04,28.956
NTSC-U,fusion_early,20,800,50,0,10787.1008,2805.456,785.544,2606.04,28.956
NTSC-U,fusion_late,20,800,50,0,10882.6706666667,2804.714,786.286,2608.74,28.986
PAL,reference,20,800,50,100,12599.6852,2668.646,922.354,2520.36,28.004
PAL,earlier,20,800,50,100,12601.2798666667,2676.124,914.876,2520.72,28.008
PAL,later,20,800,50,100,12286.1150666667,2830.614,760.386,2509.2,27.88
PAL,missed_early,20,800,50,100,12286.1150666667,2830.614,760.386,2509.2,27.88
PAL,missed_late,20,800,50,100,12599.6852,2668.646,922.354,2520.36,28.004
PAL,fusion_early,20,800,50,100,12599.6852,2668.646,922.354,2520.36,28.004
PAL,fusion_late,20,800,50,100,12694.5230666667,2668.776,922.224,2527.02,28.078
NTSC-U,reference,20,800,50,100,10649.1556,2669.216,921.784,2520.54,28.006
NTSC-U,earlier,20,800,50,100,10629.9701333333,2680.5,910.5,2517.84,27.976
NTSC-U,later,20,800,50,100,10329.354,2830.614,760.386,2509.2,27.88
NTSC-U,missed_early,20,800,50,100,10329.354,2830.614,760.386,2509.2,27.88
NTSC-U,missed_late,20,800,50,100,10649.1556,2669.216,921.784,2520.54,28.006
NTSC-U,fusion_early,20,800,50,100,10649.1556,2669.216,921.784,2520.54,28.006
NTSC-U,fusion_late,20,800,50,100,10748.1605333333,2668.932,922.068,2526.66,28.074
PAL,reference,20,800,50,300,12153.2036,2284.272,1306.728,2340.18,26.002
PAL,earlier,20,800,50,300,11750.2274666667,2964.42,626.58,2300.76,25.564
PAL,later,20,800,50,300,11940.1128,2445.788,1145.212,2340,26
PAL,missed_early,20,800,50,300,11940.1128,2445.788,1145.212,2340,26
PAL,missed_late,20,800,50,300,12153.2036,2284.272,1306.728,2340.18,26.002
PAL,fusion_early,20,800,50,300,12150.3865333333,2283.532,1307.468,2339.28,25.992
PAL,fusion_late,20,800,50,300,12249.3650666667,2278.862,1312.138,2344.14,26.046
NTSC-U,reference,20,800,50,300,10352.4168,2283.16,1307.84,2339.64,25.996
NTSC-U,earlier,20,800,50,300,9939.87413333334,2965.73,625.27,2299.5,25.55
NTSC-U,later,20,800,50,300,10128.9666666667,2445.788,1145.212,2340,26
NTSC-U,missed_early,20,800,50,300,10128.9666666667,2445.788,1145.212,2340,26
NTSC-U,missed_late,20,800,50,300,10352.4168,2283.16,1307.84,2339.64,25.996
NTSC-U,fusion_early,20,800,50,300,10351.1373333333,2280.196,1310.804,2339.1,25.99
NTSC-U,fusion_late,20,800,50,300,10434.0401333333,2291.256,1299.744,2343.06,26.034
PAL,reference,20,800,50,500,11516.9188,2745.678,845.322,2150.82,23.898
PAL,earlier,20,800,50,500,11503.2486666667,2770.252,820.748,2149.02,23.878
PAL,later,20,800,50,500,11333.0714666667,2510.466,1080.534,2150.1,23.89
PAL,missed_early,20,800,50,500,11333.0714666667,2510.466,1080.534,2150.1,23.89
PAL,missed_late,20,800,50,500,11516.9188,2745.678,845.322,2150.82,23.898
PAL,fusion_early,20,800,50,500,11446.7065333333,2741.036,849.964,2143.08,23.812
PAL,fusion_late,20,800,50,500,11588.6686666667,2744.342,846.658,2156.58,23.962
NTSC-U,reference,20,800,50,500,9846.81226666667,2744.566,846.434,2152.8,23.92
NTSC-U,earlier,20,800,50,500,9818.41946666666,2767.346,823.654,2149.92,23.888
NTSC-U,later,20,800,50,500,9656.8612,2510.466,1080.534,2150.1,23.89
NTSC-U,missed_early,20,800,50,500,9656.8612,2510.466,1080.534,2150.1,23.89
NTSC-U,missed_late,20,800,50,500,9846.81226666667,2744.566,846.434,2152.8,23.92
NTSC-U,fusion_early,20,800,50,500,9765.01520000002,2744.532,846.468,2142.72,23.808
NTSC-U,fusion_late,20,800,50,500,9907.20066666667,2744.972,846.028,2156.58,23.962
PAL,reference,20,800,50,700,11143.7692,2260.73,1330.27,1975.32,21.948
PAL,earlier,20,800,50,700,11103.096,2372.378,1218.622,1972.26,21.914
PAL,later,20,800,50,700,10990.9606666667,2114.208,1476.792,1976.22,21.958
PAL,missed_early,20,800,50,700,10990.9606666667,2114.208,1476.792,1976.22,21.958
PAL,missed_late,20,800,50,700,11143.7692,2260.73,1330.27,1975.32,21.948
PAL,fusion_early,20,800,50,700,11127.2681333333,2259.254,1331.746,1974.6,21.94
PAL,fusion_late,20,800,50,700,11168.1293333333,2260.876,1330.124,1977.12,21.968
NTSC-U,reference,20,800,50,700,9621.68440000001,2260.806,1330.194,1975.86,21.954
NTSC-U,earlier,20,800,50,700,9576.57826666666,2371.996,1219.004,1972.62,21.918
NTSC-U,later,20,800,50,700,9463.5164,2114.208,1476.792,1976.22,21.958
NTSC-U,missed_early,20,800,50,700,9463.5164,2114.208,1476.792,1976.22,21.958
NTSC-U,missed_late,20,800,50,700,9621.68440000001,2260.806,1330.194,1975.86,21.954
NTSC-U,fusion_early,20,800,50,700,9592.75586666666,2259.35,1331.65,1974.06,21.934
NTSC-U,fusion_late,20,800,50,700,9646.56613333335,2260.892,1330.108,1978.74,21.986
PAL,reference,20,800,80,0,12510.684,2792.642,798.358,2642.4,29.36
PAL,earlier,20,800,80,0,12510.684,2792.642,798.358,2642.4,29.36
PAL,later,20,800,80,0,12279.5826666667,2949.91,641.09,2620.08,29.112
PAL,missed_early,20,800,80,0,12279.5826666667,2949.91,641.09,2620.08,29.112
PAL,missed_late,20,800,80,0,12510.684,2792.642,798.358,2642.4,29.36
PAL,fusion_early,20,800,80,0,12510.684,2792.642,798.358,2642.4,29.36
PAL,fusion_late,20,800,80,0,12548.146,2793.684,797.316,2646.9,29.41
NTSC-U,reference,20,800,80,0,10456.0668,2793.814,797.186,2643.66,29.374
NTSC-U,earlier,20,800,80,0,10456.0668,2793.814,797.186,2643.66,29.374
NTSC-U,later,20,800,80,0,10228.7449333333,2949.91,641.09,2620.08,29.112
NTSC-U,missed_early,20,800,80,0,10228.7449333333,2949.91,641.09,2620.08,29.112
NTSC-U,missed_late,20,800,80,0,10456.0668,2793.814,797.186,2643.66,29.374
NTSC-U,fusion_early,20,800,80,0,10456.0668,2793.814,797.186,2643.66,29.374
NTSC-U,fusion_late,20,800,80,0,10518.5610666667,2795.006,795.994,2649.06,29.434
PAL,reference,20,800,80,100,12434.9302666667,2681.104,909.896,2606.94,28.966
PAL,earlier,20,800,80,100,12434.5074666667,2691.866,899.134,2606.58,28.962
PAL,later,20,800,80,100,12266.7144,2841.71,749.29,2597.76,28.864
PAL,missed_early,20,800,80,100,12266.7144,2841.71,749.29,2597.76,28.864
PAL,missed_late,20,800,80,100,12434.9302666667,2681.104,909.896,2606.94,28.966
PAL,fusion_early,20,800,80,100,12434.9302666667,2681.104,909.896,2606.94,28.966
PAL,fusion_late,20,800,80,100,12464.5229333333,2680.742,910.258,2608.38,28.982
NTSC-U,reference,20,800,80,100,10409.4505333333,2680.938,910.062,2606.58,28.962
NTSC-U,earlier,20,800,80,100,10407.1001333333,2695.198,895.802,2605.5,28.95
NTSC-U,later,20,800,80,100,10240.1818666667,2841.71,749.29,2597.76,28.864
NTSC-U,missed_early,20,800,80,100,10240.1818666667,2841.71,749.29,2597.76,28.864
NTSC-U,missed_late,20,800,80,100,10409.4505333333,2680.938,910.062,2606.58,28.962
NTSC-U,fusion_early,20,800,80,100,10409.4505333333,2680.938,910.062,2606.58,28.962
NTSC-U,fusion_late,20,800,80,100,10440.6529333333,2680.414,910.586,2609.1,28.99
PAL,reference,20,800,80,300,11988.8613333333,2285.832,1305.168,2421.9,26.91
PAL,earlier,20,800,80,300,11655.5010666667,2975.412,615.588,2389.68,26.552
PAL,later,20,800,80,300,11881.1105333333,2448.998,1142.002,2417.94,26.866
PAL,missed_early,20,800,80,300,11881.1105333333,2448.998,1142.002,2417.94,26.866
PAL,missed_late,20,800,80,300,11988.8613333333,2285.832,1305.168,2421.9,26.91
PAL,fusion_early,20,800,80,300,11989.3645333333,2285.842,1305.158,2422.08,26.912
PAL,fusion_late,20,800,80,300,12017.2548,2282.704,1308.296,2424.96,26.944
NTSC-U,reference,20,800,80,300,10123.4850666667,2287.228,1303.772,2422.26,26.914
NTSC-U,earlier,20,800,80,300,9785.2352,2976.168,614.832,2391.66,26.574
NTSC-U,later,20,800,80,300,10006.6153333333,2448.998,1142.002,2417.94,26.866
NTSC-U,missed_early,20,800,80,300,10006.6153333333,2448.998,1142.002,2417.94,26.866
NTSC-U,missed_late,20,800,80,300,10123.4850666667,2287.228,1303.772,2422.26,26.914
NTSC-U,fusion_early,20,800,80,300,10123.9168,2287.272,1303.728,2422.44,26.916
NTSC-U,fusion_late,20,800,80,300,10148.0792,2287.392,1303.608,2424.78,26.942
PAL,reference,20,800,80,500,11203.6126666667,2756.09,834.91,2195.28,24.392
PAL,earlier,20,800,80,500,11207.3705333333,2787.854,803.146,2195.82,24.398
PAL,later,20,800,80,500,11206.9964,2523.348,1067.652,2199.06,24.434
PAL,missed_early,20,800,80,500,11206.9964,2523.348,1067.652,2199.06,24.434
PAL,missed_late,20,800,80,500,11203.6126666667,2756.09,834.91,2195.28,24.392
PAL,fusion_early,20,800,80,500,11204.0985333333,2756.606,834.394,2195.46,24.394
PAL,fusion_late,20,800,80,500,11255.2866666667,2756.428,834.572,2204.28,24.492
NTSC-U,reference,20,800,80,500,9474.83226666665,2754.816,836.184,2195.82,24.398
NTSC-U,earlier,20,800,80,500,9478.1244,2788.624,802.376,2197.08,24.412
NTSC-U,later,20,800,80,500,9487.0364,2523.348,1067.652,2199.06,24.434
NTSC-U,missed_early,20,800,80,500,9487.0364,2523.348,1067.652,2199.06,24.434
NTSC-U,missed_late,20,800,80,500,9474.83226666665,2754.816,836.184,2195.82,24.398
NTSC-U,fusion_early,20,800,80,500,9471.84146666667,2755.476,835.524,2194.56,24.384
NTSC-U,fusion_late,20,800,80,500,9525.73973333334,2755.872,835.128,2203.56,24.484
PAL,reference,20,800,80,700,10840.6674666667,2272.628,1318.372,2018.7,22.43
PAL,earlier,20,800,80,700,10778.4496,2389.11,1201.89,2007.18,22.302
PAL,later,20,800,80,700,10808.3132,2122.124,1468.876,2017.08,22.412
PAL,missed_early,20,800,80,700,10808.3132,2122.124,1468.876,2017.08,22.412
PAL,missed_late,20,800,80,700,10840.6674666667,2272.628,1318.372,2018.7,22.43
PAL,fusion_early,20,800,80,700,10826.0021333333,2270.63,1320.37,2016.72,22.408
PAL,fusion_late,20,800,80,700,10873.8642666667,2273.352,1317.648,2023.74,22.486
NTSC-U,reference,20,800,80,700,9266.48173333333,2273.704,1317.296,2019.42,22.438
NTSC-U,earlier,20,800,80,700,9203.96386666666,2388.666,1202.334,2007,22.3
NTSC-U,later,20,800,80,700,9241.5788,2122.124,1468.876,2017.08,22.412
NTSC-U,missed_early,20,800,80,700,9241.5788,2122.124,1468.876,2017.08,22.412
NTSC-U,missed_late,20,800,80,700,9266.48173333333,2273.704,1317.296,2019.42,22.438
NTSC-U,fusion_early,20,800,80,700,9251.4528,2271.574,1319.426,2016.36,22.404
NTSC-U,fusion_late,20,800,80,700,9294.58706666666,2273.686,1317.314,2023.56,22.484
PAL,reference,20,800,100,0,12445.5253333333,2791,800,2642.04,29.356
PAL,earlier,20,800,100,0,12445.5253333333,2791,800,2642.04,29.356
PAL,later,20,800,100,0,12411.0946666666,2961,630,2670.66,29.674
PAL,missed_early,20,800,100,0,12411.0946666666,2961,630,2670.66,29.674
PAL,missed_late,20,800,100,0,12445.5253333333,2791,800,2642.04,29.356
PAL,fusion_early,20,800,100,0,12445.5253333333,2791,800,2642.04,29.356
PAL,fusion_late,20,800,100,0,12420.0466666667,2791,800,2631.06,29.234
NTSC-U,reference,20,800,100,0,10376.232,2784,807,2642.04,29.356
NTSC-U,earlier,20,800,100,0,10376.232,2784,807,2642.04,29.356
NTSC-U,later,20,800,100,0,10311.3213333333,2961,630,2670.66,29.674
NTSC-U,missed_early,20,800,100,0,10311.3213333333,2961,630,2670.66,29.674
NTSC-U,missed_late,20,800,100,0,10376.232,2784,807,2642.04,29.356
NTSC-U,fusion_early,20,800,100,0,10376.232,2784,807,2642.04,29.356
NTSC-U,fusion_late,20,800,100,0,10358.4066666667,2784,807,2631.06,29.234
PAL,reference,20,800,100,100,12385.0133333334,2718,873,2621.16,29.124
PAL,earlier,20,800,100,100,12385.0133333334,2718,873,2621.16,29.124
PAL,later,20,800,100,100,12312.0679999999,2830,761,2624.58,29.162
PAL,missed_early,20,800,100,100,12312.0679999999,2830,761,2624.58,29.162
PAL,missed_late,20,800,100,100,12385.0133333334,2718,873,2621.16,29.124
PAL,fusion_early,20,800,100,100,12385.0133333334,2718,873,2621.16,29.124
PAL,fusion_late,20,800,100,100,12411.8013333333,2718,873,2616.66,29.074
NTSC-U,reference,20,800,100,100,10353.9946666667,2658,933,2612.16,29.024
NTSC-U,earlier,20,800,100,100,10353.9946666667,2658,933,2612.16,29.024
NTSC-U,later,20,800,100,100,10252.4146666666,2830,761,2624.58,29.162
NTSC-U,missed_early,20,800,100,100,10252.4146666666,2830,761,2624.58,29.162
NTSC-U,missed_late,20,800,100,100,10353.9946666667,2658,933,2612.16,29.024
NTSC-U,fusion_early,20,800,100,100,10353.9946666667,2658,933,2612.16,29.024
NTSC-U,fusion_late,20,800,100,100,10368.068,2658,933,2611.26,29.014
PAL,reference,20,800,100,300,11953.3439999999,2283,1308,2436.12,27.068
PAL,earlier,20,800,100,300,11755.1626666667,2952,639,2432.16,27.024
PAL,later,20,800,100,300,11873.2440000001,2475,1116,2428.38,26.982
PAL,missed_early,20,800,100,300,11873.2440000001,2475,1116,2428.38,26.982
PAL,missed_late,20,800,100,300,11953.3439999999,2283,1308,2436.12,27.068
PAL,fusion_early,20,800,100,300,11953.3439999999,2283,1308,2436.12,27.068
PAL,fusion_late,20,800,100,300,11958.9853333334,2283,1308,2432.34,27.026
NTSC-U,reference,20,800,100,300,10063.9306666667,2292,1299,2436.12,27.068
NTSC-U,earlier,20,800,100,300,9828.32266666662,2961,630,2432.16,27.024
NTSC-U,later,20,800,100,300,9979.524,2475,1116,2428.38,26.982
NTSC-U,missed_early,20,800,100,300,9979.524,2475,1116,2428.38,26.982
NTSC-U,missed_late,20,800,100,300,10063.9306666667,2292,1299,2436.12,27.068
NTSC-U,fusion_early,20,800,100,300,10063.9306666667,2292,1299,2436.12,27.068
NTSC-U,fusion_late,20,800,100,300,10072.6253333333,2292,1299,2432.34,27.026
PAL,reference,20,800,100,500,11333.764,2783,808,2250.9,25.01
PAL,earlier,20,800,100,500,11333.764,2783,808,2250.9,25.01
PAL,later,20,800,100,500,11350.668,2505,1086,2249.1,24.99
PAL,missed_early,20,800,100,500,11350.668,2505,1086,2249.1,24.99
PAL,missed_late,20,800,100,500,11333.764,2783,808,2250.9,25.01
PAL,fusion_early,20,800,100,500,11331.8973333334,2755,836,2250.9,25.01
PAL,fusion_late,20,800,100,500,11331.4413333333,2783,808,2248.02,24.978
NTSC-U,reference,20,800,100,500,9549.29733333338,2789,802,2250.9,25.01
NTSC-U,earlier,20,800,100,500,9549.29733333338,2789,802,2250.9,25.01
NTSC-U,later,20,800,100,500,9585.26800000001,2505,1086,2249.1,24.99
NTSC-U,missed_early,20,800,100,500,9585.26800000001,2505,1086,2249.1,24.99
NTSC-U,missed_late,20,800,100,500,9549.29733333338,2789,802,2250.9,25.01
NTSC-U,fusion_early,20,800,100,500,9549.09733333329,2761,830,2250.9,25.01
NTSC-U,fusion_late,20,800,100,500,9550.42800000001,2789,802,2248.02,24.978
PAL,reference,20,800,100,700,10908.8146666666,2260,1331,2070.18,23.002
PAL,earlier,20,800,100,700,10822.888,2386,1205,2040.12,22.668
PAL,later,20,800,100,700,10921.8893333334,2119,1472,2068.38,22.982
PAL,missed_early,20,800,100,700,10921.8893333334,2119,1472,2068.38,22.982
PAL,missed_late,20,800,100,700,10908.8146666666,2260,1331,2070.18,23.002
PAL,fusion_early,20,800,100,700,10908.0813333333,2249,1342,2070.18,23.002
PAL,fusion_late,20,800,100,700,10861.948,2260,1331,2048.94,22.766
NTSC-U,reference,20,800,100,700,9287.76133333336,2262,1329,2070.18,23.002
NTSC-U,earlier,20,800,100,700,9216.34133333335,2388,1203,2040.12,22.668
NTSC-U,later,20,800,100,700,9311.30266666671,2119,1472,2068.38,22.982
NTSC-U,missed_early,20,800,100,700,9311.30266666671,2119,1472,2068.38,22.982
NTSC-U,missed_late,20,800,100,700,9287.76133333336,2262,1329,2070.18,23.002
NTSC-U,fusion_early,20,800,100,700,9287.76133333336,2251,1340,2070.18,23.002
NTSC-U,fusion_late,20,800,100,700,9256.78800000009,2262,1329,2048.94,22.766
PAL,reference,20,900,50,0,12174.296,2963.788,627.212,2498.76,27.764
PAL,earlier,20,900,50,0,12174.296,2963.788,627.212,2498.76,27.764
PAL,later,20,900,50,0,12352.1237333333,2961.886,629.114,2548.98,28.322
PAL,missed_early,20,900,50,0,12352.1237333333,2961.886,629.114,2548.98,28.322
PAL,missed_late,20,900,50,0,12238.5354666667,2940.488,650.512,2517.66,27.974
PAL,fusion_early,20,900,50,0,12174.296,2963.788,627.212,2498.76,27.764
PAL,fusion_late,20,900,50,0,12463.0888,2963.426,627.574,2575.08,28.612
NTSC-U,reference,20,900,50,0,10218.2374666667,2963.788,627.212,2498.76,27.764
NTSC-U,earlier,20,900,50,0,10218.2374666667,2963.788,627.212,2498.76,27.764
NTSC-U,later,20,900,50,0,10359.7784,2961.886,629.114,2548.98,28.322
NTSC-U,missed_early,20,900,50,0,10359.7784,2961.886,629.114,2548.98,28.322
NTSC-U,missed_late,20,900,50,0,10270.1746666667,2940.488,650.512,2517.66,27.974
NTSC-U,fusion_early,20,900,50,0,10218.2374666667,2963.788,627.212,2498.76,27.764
NTSC-U,fusion_late,20,900,50,0,10451.9349333333,2963.426,627.574,2575.08,28.612
PAL,reference,20,900,50,100,12314.7242666667,2776.248,814.752,2511.18,27.902
PAL,earlier,20,900,50,100,12314.7242666667,2776.248,814.752,2511.18,27.902
PAL,later,20,900,50,100,12286.1150666667,2830.614,760.386,2509.2,27.88
PAL,missed_early,20,900,50,100,12286.1150666667,2830.614,760.386,2509.2,27.88
PAL,missed_late,20,900,50,100,12193.5109333333,2828.736,762.264,2492.28,27.692
PAL,fusion_early,20,900,50,100,12314.7242666667,2776.248,814.752,2511.18,27.902
PAL,fusion_late,20,900,50,100,12404.1309333333,2776.114,814.886,2519.28,27.992
NTSC-U,reference,20,900,50,100,10359.7837333333,2776.248,814.752,2511.18,27.902
NTSC-U,earlier,20,900,50,100,10359.7837333333,2776.248,814.752,2511.18,27.902
NTSC-U,later,20,900,50,100,10329.354,2830.614,760.386,2509.2,27.88
NTSC-U,missed_early,20,900,50,100,10329.354,2830.614,760.386,2509.2,27.88
NTSC-U,missed_late,20,900,50,100,10249.1181333333,2828.736,762.264,2492.28,27.692
NTSC-U,fusion_early,20,900,50,100,10359.7837333333,2776.248,814.752,2511.18,27.902
NTSC-U,fusion_late,20,900,50,100,10442.1853333333,2776.114,814.886,2519.28,27.992
PAL,reference,20,900,50,300,11959.2808,2425.68,1165.32,2340.54,26.006
PAL,earlier,20,900,50,300,11306.9678666667,3124.39,466.61,2214.36,24.604
PAL,later,20,900,50,300,11959.2808,2425.68,1165.32,2340.54,26.006
PAL,missed_early,20,900,50,300,11959.2808,2425.68,1165.32,2340.54,26.006
PAL,missed_late,20,900,50,300,11972.2661333334,2373.164,1217.836,2340.36,26.004
PAL,fusion_early,20,900,50,300,11959.2808,2425.68,1165.32,2340.54,26.006
PAL,fusion_late,20,900,50,300,12034.3810666667,2425.296,1165.704,2341.26,26.014
NTSC-U,reference,20,900,50,300,10148.8293333333,2425.68,1165.32,2340.54,26.006
NTSC-U,earlier,20,900,50,300,9548.63173333334,3124.39,466.61,2214.36,24.604
NTSC-U,later,20,900,50,300,10148.8293333333,2425.68,1165.32,2340.54,26.006
NTSC-U,missed_early,20,900,50,300,10148.8293333333,2425.68,1165.32,2340.54,26.006
NTSC-U,missed_late,20,900,50,300,10164.866,2373.164,1217.836,2340.36,26.004
NTSC-U,fusion_early,20,900,50,300,10148.8293333333,2425.68,1165.32,2340.54,26.006
NTSC-U,fusion_late,20,900,50,300,10221.8652,2425.296,1165.704,2341.26,26.014
PAL,reference,20,900,50,500,11335.8037333333,2519.084,1071.916,2150.82,23.898
PAL,earlier,20,900,50,500,11336.6908,2531.222,1059.778,2150.82,23.898
PAL,later,20,900,50,500,11335.8037333333,2519.084,1071.916,2150.82,23.898
PAL,missed_early,20,900,50,500,11335.8037333333,2519.084,1071.916,2150.82,23.898
PAL,missed_late,20,900,50,500,11335.8037333333,2519.084,1071.916,2150.82,23.898
PAL,fusion_early,20,900,50,500,11254.3333333333,2518.036,1072.964,2143.26,23.814
PAL,fusion_late,20,900,50,500,11405.8912,2518.72,1072.28,2155.68,23.952
NTSC-U,reference,20,900,50,500,9658.61573333334,2519.084,1071.916,2150.82,23.898
NTSC-U,earlier,20,900,50,500,9658.90773333333,2531.222,1059.778,2150.82,23.898
NTSC-U,later,20,900,50,500,9658.61573333334,2519.084,1071.916,2150.82,23.898
NTSC-U,missed_early,20,900,50,500,9658.61573333334,2519.084,1071.916,2150.82,23.898
NTSC-U,missed_late,20,900,50,500,9658.61573333334,2519.084,1071.916,2150.82,23.898
NTSC-U,fusion_early,20,900,50,500,9583.01386666668,2518.036,1072.964,2143.26,23.814
NTSC-U,fusion_late,20,900,50,500,9725.19200000001,2518.72,1072.28,2155.68,23.952
PAL,reference,20,900,50,700,11086.2209333333,1925.16,1665.84,1979.28,21.992
PAL,earlier,20,900,50,700,10944.4437333333,2224.494,1366.506,1971.54,21.906
PAL,later,20,900,50,700,11086.2209333333,1925.16,1665.84,1979.28,21.992
PAL,missed_early,20,900,50,700,11086.2209333333,1925.16,1665.84,1979.28,21.992
PAL,missed_late,20,900,50,700,11086.2209333333,1925.16,1665.84,1979.28,21.992
PAL,fusion_early,20,900,50,700,11086.7444,1924.958,1666.042,1979.46,21.994
PAL,fusion_late,20,900,50,700,11119.2114666667,1924.91,1666.09,1980.36,22.004
NTSC-U,reference,20,900,50,700,9565.87666666667,1925.16,1665.84,1979.28,21.992
NTSC-U,earlier,20,900,50,700,9413.46120000001,2224.494,1366.506,1971.54,21.906
NTSC-U,later,20,900,50,700,9565.87666666667,1925.16,1665.84,1979.28,21.992
NTSC-U,missed_early,20,900,50,700,9565.87666666667,1925.16,1665.84,1979.28,21.992
NTSC-U,missed_late,20,900,50,700,9565.87666666667,1925.16,1665.84,1979.28,21.992
NTSC-U,fusion_early,20,900,50,700,9566.25266666667,1924.958,1666.042,1979.46,21.994
NTSC-U,fusion_late,20,900,50,700,9597.43666666668,1924.91,1666.09,1980.36,22.004
PAL,reference,20,900,80,0,12262.414,2947.818,643.182,2619.54,29.106
PAL,earlier,20,900,80,0,12262.414,2947.818,643.182,2619.54,29.106
PAL,later,20,900,80,0,12279.5826666667,2949.91,641.09,2620.08,29.112
PAL,missed_early,20,900,80,0,12279.5826666667,2949.91,641.09,2620.08,29.112
PAL,missed_late,20,900,80,0,12265.7929333333,2934.01,656.99,2620.98,29.122
PAL,fusion_early,20,900,80,0,12262.414,2947.818,643.182,2619.54,29.106
PAL,fusion_late,20,900,80,0,12304.3982666667,2946.856,644.144,2622.42,29.138
NTSC-U,reference,20,900,80,0,10212.1461333333,2947.818,643.182,2619.54,29.106
NTSC-U,earlier,20,900,80,0,10212.1461333333,2947.818,643.182,2619.54,29.106
NTSC-U,later,20,900,80,0,10228.7449333333,2949.91,641.09,2620.08,29.112
NTSC-U,missed_early,20,900,80,0,10228.7449333333,2949.91,641.09,2620.08,29.112
NTSC-U,missed_late,20,900,80,0,10215.3822666667,2934.01,656.99,2620.98,29.122
NTSC-U,fusion_early,20,900,80,0,10212.1461333333,2947.818,643.182,2619.54,29.106
NTSC-U,fusion_late,20,900,80,0,10251.6854666667,2946.856,644.144,2622.42,29.138
PAL,reference,20,900,80,100,12274.7388,2782.974,808.026,2598.66,28.874
PAL,earlier,20,900,80,100,12274.7388,2782.974,808.026,2598.66,28.874
PAL,later,20,900,80,100,12266.7144,2841.71,749.29,2597.76,28.864
PAL,missed_early,20,900,80,100,12266.7144,2841.71,749.29,2597.76,28.864
PAL,missed_late,20,900,80,100,12208.3933333333,2839.644,751.356,2591.28,28.792
PAL,fusion_early,20,900,80,100,12274.7388,2782.974,808.026,2598.66,28.874
PAL,fusion_late,20,900,80,100,12318.5058666667,2781.936,809.064,2602.08,28.912
NTSC-U,reference,20,900,80,100,10251.0366666667,2782.974,808.026,2598.66,28.874
NTSC-U,earlier,20,900,80,100,10251.0366666667,2782.974,808.026,2598.66,28.874
NTSC-U,later,20,900,80,100,10240.1818666667,2841.71,749.29,2597.76,28.864
NTSC-U,missed_early,20,900,80,100,10240.1818666667,2841.71,749.29,2597.76,28.864
NTSC-U,missed_late,20,900,80,100,10186.1908,2839.644,751.356,2591.28,28.792
NTSC-U,fusion_early,20,900,80,100,10251.0366666667,2782.974,808.026,2598.66,28.874
NTSC-U,fusion_late,20,900,80,100,10291.7026666667,2781.936,809.064,2602.08,28.912
PAL,reference,20,900,80,300,11880.2302666667,2435.686,1155.314,2417.94,26.866
PAL,earlier,20,900,80,300,11507.094,3136.284,454.716,2374.56,26.384
PAL,later,20,900,80,300,11880.2302666667,2435.686,1155.314,2417.94,26.866
PAL,missed_early,20,900,80,300,11880.2302666667,2435.686,1155.314,2417.94,26.866
PAL,missed_late,20,900,80,300,11867.2856,2379.098,1211.902,2414.88,26.832
PAL,fusion_early,20,900,80,300,11880.2302666667,2435.686,1155.314,2417.94,26.866
PAL,fusion_late,20,900,80,300,11890.0168,2435.754,1155.246,2415.6,26.84
NTSC-U,reference,20,900,80,300,10006.4688,2435.686,1155.314,2417.94,26.866
NTSC-U,earlier,20,900,80,300,9623.59333333333,3136.284,454.716,2374.56,26.384
NTSC-U,later,20,900,80,300,10006.4688,2435.686,1155.314,2417.94,26.866
NTSC-U,missed_early,20,900,80,300,10006.4688,2435.686,1155.314,2417.94,26.866
NTSC-U,missed_late,20,900,80,300,9998.77826666668,2379.098,1211.902,2414.88,26.832
NTSC-U,fusion_early,20,900,80,300,10006.4688,2435.686,1155.314,2417.94,26.866
NTSC-U,fusion_late,20,900,80,300,10017.8864,2435.754,1155.246,2415.6,26.84
PAL,reference,20,900,80,500,11205.1988,2528.256,1062.744,2198.34,24.426
PAL,earlier,20,900,80,500,11194.4213333333,2547.076,1043.924,2196.9,24.41
PAL,later,20,900,80,500,11205.1988,2528.256,1062.744,2198.34,24.426
PAL,missed_early,20,900,80,500,11205.1988,2528.256,1062.744,2198.34,24.426
PAL,missed_late,20,900,80,500,11205.1988,2528.256,1062.744,2198.34,24.426
PAL,fusion_early,20,900,80,500,11196.4634666667,2527.694,1063.306,2197.98,24.422
PAL,fusion_late,20,900,80,500,11243.474,2528.846,1062.154,2205.36,24.504
NTSC-U,reference,20,900,80,500,9485.46186666667,2528.256,1062.744,2198.34,24.426
NTSC-U,earlier,20,900,80,500,9474.61093333333,2547.076,1043.924,2196.9,24.41
NTSC-U,later,20,900,80,500,9485.46186666667,2528.256,1062.744,2198.34,24.426
NTSC-U,missed_early,20,900,80,500,9485.46186666667,2528.256,1062.744,2198.34,24.426
NTSC-U,missed_late,20,900,80,500,9485.46186666667,2528.256,1062.744,2198.34,24.426
NTSC-U,fusion_early,20,900,80,500,9477.0552,2527.694,1063.306,2197.98,24.422
NTSC-U,fusion_late,20,900,80,500,9518.44173333333,2528.846,1062.154,2205.36,24.504
PAL,reference,20,900,80,700,10911.8650666667,1930.48,1660.52,2031.48,22.572
PAL,earlier,20,900,80,700,10761.7837333333,2237.482,1353.518,2007.9,22.31
PAL,later,20,900,80,700,10911.8650666667,1930.48,1660.52,2031.48,22.572
PAL,missed_early,20,900,80,700,10911.8650666667,1930.48,1660.52,2031.48,22.572
PAL,missed_late,20,900,80,700,10911.8650666667,1930.48,1660.52,2031.48,22.572
PAL,fusion_early,20,900,80,700,10911.8485333333,1930.412,1660.588,2031.48,22.572
PAL,fusion_late,20,900,80,700,10925.6869333333,1930.124,1660.876,2032.92,22.588
NTSC-U,reference,20,900,80,700,9346.70960000001,1930.48,1660.52,2031.48,22.572
NTSC-U,earlier,20,900,80,700,9195.24600000001,2237.482,1353.518,2007.9,22.31
NTSC-U,later,20,900,80,700,9346.70960000001,1930.48,1660.52,2031.48,22.572
NTSC-U,missed_early,20,900,80,700,9346.70960000001,1930.48,1660.52,2031.48,22.572
NTSC-U,missed_late,20,900,80,700,9346.70960000001,1930.48,1660.52,2031.48,22.572
NTSC-U,fusion_early,20,900,80,700,9346.71746666667,1930.412,1660.588,2031.48,22.572
NTSC-U,fusion_late,20,900,80,700,9358.97866666667,1930.124,1660.876,2032.92,22.588
PAL,reference,20,900,100,0,12438.0093333333,2974,617,2689.74,29.886
PAL,earlier,20,900,100,0,12438.0093333333,2974,617,2689.74,29.886
PAL,later,20,900,100,0,12411.0946666666,2961,630,2670.66,29.674
PAL,missed_early,20,900,100,0,12411.0946666666,2961,630,2670.66,29.674
PAL,missed_late,20,900,100,0,12408.0946666666,2916,675,2670.66,29.674
PAL,fusion_early,20,900,100,0,12438.0093333333,2974,617,2689.74,29.886
PAL,fusion_late,20,900,100,0,12439.2280000001,2974,617,2679.66,29.774
NTSC-U,reference,20,900,100,0,10323.9826666667,2974,617,2689.74,29.886
NTSC-U,earlier,20,900,100,0,10323.9826666667,2974,617,2689.74,29.886
NTSC-U,later,20,900,100,0,10311.3213333333,2961,630,2670.66,29.674
NTSC-U,missed_early,20,900,100,0,10311.3213333333,2961,630,2670.66,29.674
NTSC-U,missed_late,20,900,100,0,10310.988,2916,675,2670.66,29.674
NTSC-U,fusion_early,20,900,100,0,10323.9826666667,2974,617,2689.74,29.886
NTSC-U,fusion_late,20,900,100,0,10332.5880000001,2974,617,2679.66,29.774
PAL,reference,20,900,100,100,12302.5826666667,2772,819,2614.5,29.05
PAL,earlier,20,900,100,100,12302.5826666667,2772,819,2614.5,29.05
PAL,later,20,900,100,100,12312.0679999999,2830,761,2624.58,29.162
PAL,missed_early,20,900,100,100,12312.0679999999,2830,761,2624.58,29.162
PAL,missed_late,20,900,100,100,12259.1079999999,2843,748,2607.66,28.974
PAL,fusion_early,20,900,100,100,12302.5826666667,2772,819,2614.5,29.05
PAL,fusion_late,20,900,100,100,12303.5373333333,2772,819,2612.34,29.026
NTSC-U,reference,20,900,100,100,10253.916,2772,819,2614.5,29.05
NTSC-U,earlier,20,900,100,100,10253.916,2772,819,2614.5,29.05
NTSC-U,later,20,900,100,100,10252.4146666666,2830,761,2624.58,29.162
NTSC-U,missed_early,20,900,100,100,10252.4146666666,2830,761,2624.58,29.162
NTSC-U,missed_late,20,900,100,100,10212.668,2843,748,2607.66,28.974
NTSC-U,fusion_early,20,900,100,100,10253.916,2772,819,2614.5,29.05
NTSC-U,fusion_late,20,900,100,100,10256.7106666666,2772,819,2612.34,29.026
PAL,reference,20,900,100,300,11873.2440000001,2475,1116,2428.38,26.982
PAL,earlier,20,900,100,300,11654.7226666666,3162,429,2430,27
PAL,later,20,900,100,300,11873.2440000001,2475,1116,2428.38,26.982
PAL,missed_early,20,900,100,300,11873.2440000001,2475,1116,2428.38,26.982
PAL,missed_late,20,900,100,300,11907.4813333333,2372,1219,2433.06,27.034
PAL,fusion_early,20,900,100,300,11873.2440000001,2475,1116,2428.38,26.982
PAL,fusion_late,20,900,100,300,11909.3906666667,2475,1116,2439.54,27.106
NTSC-U,reference,20,900,100,300,9979.524,2475,1116,2428.38,26.982
NTSC-U,earlier,20,900,100,300,9717.58933333338,3162,429,2430,27
NTSC-U,later,20,900,100,300,9979.524,2475,1116,2428.38,26.982
NTSC-U,missed_early,20,900,100,300,9979.524,2475,1116,2428.38,26.982
NTSC-U,missed_late,20,900,100,300,10014.908,2372,1219,2433.06,27.034
NTSC-U,fusion_early,20,900,100,300,9979.524,2475,1116,2428.38,26.982
NTSC-U,fusion_late,20,900,100,300,10005.8973333333,2475,1116,2439.54,27.106
PAL,reference,20,900,100,500,11350.668,2505,1086,2249.1,24.99
PAL,earlier,20,900,100,500,11331.8373333334,2551,1040,2250,25
PAL,later,20,900,100,500,11350.668,2505,1086,2249.1,24.99
PAL,missed_early,20,900,100,500,11350.668,2505,1086,2249.1,24.99
PAL,missed_late,20,900,100,500,11350.668,2505,1086,2249.1,24.99
PAL,fusion_early,20,900,100,500,11329.9706666666,2523,1068,2250,25
PAL,fusion_late,20,900,100,500,11294.764,2505,1086,2225.34,24.726
NTSC-U,reference,20,900,100,500,9585.26800000001,2505,1086,2249.1,24.99
NTSC-U,earlier,20,900,100,500,9562.704,2551,1040,2250,25
NTSC-U,later,20,900,100,500,9585.26800000001,2505,1086,2249.1,24.99
NTSC-U,missed_early,20,900,100,500,9585.26800000001,2505,1086,2249.1,24.99
NTSC-U,missed_late,20,900,100,500,9585.26800000001,2505,1086,2249.1,24.99
NTSC-U,fusion_early,20,900,100,500,9562.50399999991,2523,1068,2250,25
NTSC-U,fusion_late,20,900,100,500,9546.67066666671,2505,1086,2225.34,24.726
PAL,reference,20,900,100,700,10989.9066666667,1933,1658,2071.08,23.012
PAL,earlier,20,900,100,700,10906.9133333333,2241,1350,2070.54,23.006
PAL,later,20,900,100,700,10989.9066666667,1933,1658,2071.08,23.012
PAL,missed_early,20,900,100,700,10989.9066666667,1933,1658,2071.08,23.012
PAL,missed_late,20,900,100,700,10989.9066666667,1933,1658,2071.08,23.012
PAL,fusion_early,20,900,100,700,10989.9066666667,1933,1658,2071.08,23.012
PAL,fusion_late,20,900,100,700,10977.3333333334,1933,1658,2064.6,22.94
NTSC-U,reference,20,900,100,700,9387.78666666663,1933,1658,2071.08,23.012
NTSC-U,earlier,20,900,100,700,9286.68666666671,2241,1350,2070.54,23.006
NTSC-U,later,20,900,100,700,9387.78666666663,1933,1658,2071.08,23.012
NTSC-U,missed_early,20,900,100,700,9387.78666666663,1933,1658,2071.08,23.012
NTSC-U,missed_late,20,900,100,700,9387.78666666663,1933,1658,2071.08,23.012
NTSC-U,fusion_early,20,900,100,700,9387.78666666663,1933,1658,2071.08,23.012
NTSC-U,fusion_late,20,900,100,700,9380.8,1933,1658,2064.6,22.94
PAL,reference,20,950,50,0,12174.296,2963.788,627.212,2498.76,27.764
PAL,earlier,20,950,50,0,12174.296,2963.788,627.212,2498.76,27.764
PAL,later,20,950,50,0,12352.1237333333,2961.886,629.114,2548.98,28.322
PAL,missed_early,20,950,50,0,12352.1237333333,2961.886,629.114,2548.98,28.322
PAL,missed_late,20,950,50,0,12238.5354666667,2940.488,650.512,2517.66,27.974
PAL,fusion_early,20,950,50,0,12174.296,2963.788,627.212,2498.76,27.764
PAL,fusion_late,20,950,50,0,12463.0888,2963.426,627.574,2575.08,28.612
NTSC-U,reference,20,950,50,0,10218.2374666667,2963.788,627.212,2498.76,27.764
NTSC-U,earlier,20,950,50,0,10218.2374666667,2963.788,627.212,2498.76,27.764
NTSC-U,later,20,950,50,0,10359.7784,2961.886,629.114,2548.98,28.322
NTSC-U,missed_early,20,950,50,0,10359.7784,2961.886,629.114,2548.98,28.322
NTSC-U,missed_late,20,950,50,0,10270.1746666667,2940.488,650.512,2517.66,27.974
NTSC-U,fusion_early,20,950,50,0,10218.2374666667,2963.788,627.212,2498.76,27.764
NTSC-U,fusion_late,20,950,50,0,10451.9349333333,2963.426,627.574,2575.08,28.612
PAL,reference,20,950,50,100,12221.5336,2814.15,776.85,2496.42,27.738
PAL,earlier,20,950,50,100,12221.5336,2814.15,776.85,2496.42,27.738
PAL,later,20,950,50,100,12286.1150666667,2830.614,760.386,2509.2,27.88
PAL,missed_early,20,950,50,100,12286.1150666667,2830.614,760.386,2509.2,27.88
PAL,missed_late,20,950,50,100,12193.5109333333,2828.736,762.264,2492.28,27.692
PAL,fusion_early,20,950,50,100,12221.5336,2814.15,776.85,2496.42,27.738
PAL,fusion_late,20,950,50,100,12355.676,2812.904,778.096,2515.14,27.946
NTSC-U,reference,20,950,50,100,10275.0237333333,2814.15,776.85,2496.42,27.738
NTSC-U,earlier,20,950,50,100,10275.0237333333,2814.15,776.85,2496.42,27.738
NTSC-U,later,20,950,50,100,10329.354,2830.614,760.386,2509.2,27.88
NTSC-U,missed_early,20,950,50,100,10329.354,2830.614,760.386,2509.2,27.88
NTSC-U,missed_late,20,950,50,100,10249.1181333333,2828.736,762.264,2492.28,27.692
NTSC-U,fusion_early,20,950,50,100,10275.0237333333,2814.15,776.85,2496.42,27.738
NTSC-U,fusion_late,20,950,50,100,10395.1709333333,2812.904,778.096,2515.14,27.946
PAL,reference,20,950,50,300,11959.2808,2425.68,1165.32,2340.54,26.006
PAL,earlier,20,950,50,300,11306.9678666667,3124.39,466.61,2214.36,24.604
PAL,later,20,950,50,300,11959.2808,2425.68,1165.32,2340.54,26.006
PAL,missed_early,20,950,50,300,11959.2808,2425.68,1165.32,2340.54,26.006
PAL,missed_late,20,950,50,300,11928.0994666667,2406.622,1184.378,2339.82,25.998
PAL,fusion_early,20,950,50,300,11959.2808,2425.68,1165.32,2340.54,26.006
PAL,fusion_late,20,950,50,300,12034.3810666667,2425.296,1165.704,2341.26,26.014
NTSC-U,reference,20,950,50,300,10148.8293333333,2425.68,1165.32,2340.54,26.006
NTSC-U,earlier,20,950,50,300,9548.63173333334,3124.39,466.61,2214.36,24.604
NTSC-U,later,20,950,50,300,10148.8293333333,2425.68,1165.32,2340.54,26.006
NTSC-U,missed_early,20,950,50,300,10148.8293333333,2425.68,1165.32,2340.54,26.006
NTSC-U,missed_late,20,950,50,300,10119.7870666667,2406.622,1184.378,2339.82,25.998
NTSC-U,fusion_early,20,950,50,300,10148.8293333333,2425.68,1165.32,2340.54,26.006
NTSC-U,fusion_late,20,950,50,300,10221.8652,2425.296,1165.704,2341.26,26.014
PAL,reference,20,950,50,500,11335.8037333333,2519.084,1071.916,2150.82,23.898
PAL,earlier,20,950,50,500,11336.6908,2531.222,1059.778,2150.82,23.898
PAL,later,20,950,50,500,11335.8037333333,2519.084,1071.916,2150.82,23.898
PAL,missed_early,20,950,50,500,11335.8037333333,2519.084,1071.916,2150.82,23.898
PAL,missed_late,20,950,50,500,11335.8037333333,2519.084,1071.916,2150.82,23.898
PAL,fusion_early,20,950,50,500,11254.3333333333,2518.036,1072.964,2143.26,23.814
PAL,fusion_late,20,950,50,500,11405.8912,2518.72,1072.28,2155.68,23.952
NTSC-U,reference,20,950,50,500,9658.61573333334,2519.084,1071.916,2150.82,23.898
NTSC-U,earlier,20,950,50,500,9658.90773333333,2531.222,1059.778,2150.82,23.898
NTSC-U,later,20,950,50,500,9658.61573333334,2519.084,1071.916,2150.82,23.898
NTSC-U,missed_early,20,950,50,500,9658.61573333334,2519.084,1071.916,2150.82,23.898
NTSC-U,missed_late,20,950,50,500,9658.61573333334,2519.084,1071.916,2150.82,23.898
NTSC-U,fusion_early,20,950,50,500,9583.01386666668,2518.036,1072.964,2143.26,23.814
NTSC-U,fusion_late,20,950,50,500,9725.19200000001,2518.72,1072.28,2155.68,23.952
PAL,reference,20,950,50,700,11085.0844,1916.008,1674.992,1979.1,21.99
PAL,earlier,20,950,50,700,10944.4437333333,2224.494,1366.506,1971.54,21.906
PAL,later,20,950,50,700,11085.0844,1916.008,1674.992,1979.1,21.99
PAL,missed_early,20,950,50,700,11085.0844,1916.008,1674.992,1979.1,21.99
PAL,missed_late,20,950,50,700,11085.0844,1916.008,1674.992,1979.1,21.99
PAL,fusion_early,20,950,50,700,11085.0844,1916.008,1674.992,1979.1,21.99
PAL,fusion_late,20,950,50,700,11118.7264,1916.62,1674.38,1980.36,22.004
NTSC-U,reference,20,950,50,700,9565.3,1916.008,1674.992,1979.1,21.99
NTSC-U,earlier,20,950,50,700,9413.46120000001,2224.494,1366.506,1971.54,21.906
NTSC-U,later,20,950,50,700,9565.3,1916.008,1674.992,1979.1,21.99
NTSC-U,missed_early,20,950,50,700,9565.3,1916.008,1674.992,1979.1,21.99
NTSC-U,missed_late,20,950,50,700,9565.3,1916.008,1674.992,1979.1,21.99
NTSC-U,fusion_early,20,950,50,700,9565.3,1916.008,1674.992,1979.1,21.99
NTSC-U,fusion_late,20,950,50,700,9597.37040000001,1916.62,1674.38,1980.36,22.004
PAL,reference,20,950,80,0,12263.1418666667,2951.992,639.008,2619.72,29.108
PAL,earlier,20,950,80,0,12263.1418666667,2951.992,639.008,2619.72,29.108
PAL,later,20,950,80,0,12279.5826666667,2949.91,641.09,2620.08,29.112
PAL,missed_early,20,950,80,0,12279.5826666667,2949.91,641.09,2620.08,29.112
PAL,missed_late,20,950,80,0,12265.7929333333,2934.01,656.99,2620.98,29.122
PAL,fusion_early,20,950,80,0,12263.1418666667,2951.992,639.008,2619.72,29.108
PAL,fusion_late,20,950,80,0,12285.6798666667,2950.416,640.584,2622.06,29.134
NTSC-U,reference,20,950,80,0,10212.5204,2951.992,639.008,2619.72,29.108
NTSC-U,earlier,20,950,80,0,10212.5204,2951.992,639.008,2619.72,29.108
NTSC-U,later,20,950,80,0,10228.7449333333,2949.91,641.09,2620.08,29.112
NTSC-U,missed_early,20,950,80,0,10228.7449333333,2949.91,641.09,2620.08,29.112
NTSC-U,missed_late,20,950,80,0,10215.3822666667,2934.01,656.99,2620.98,29.122
NTSC-U,fusion_early,20,950,80,0,10212.5204,2951.992,639.008,2619.72,29.108
NTSC-U,fusion_late,20,950,80,0,10233.0129333333,2950.416,640.584,2622.06,29.134
PAL,reference,20,950,80,100,12222.0294666667,2828.946,762.054,2592.72,28.808
PAL,earlier,20,950,80,100,12222.0294666667,2828.946,762.054,2592.72,28.808
PAL,later,20,950,80,100,12266.7144,2841.71,749.29,2597.76,28.864
PAL,missed_early,20,950,80,100,12266.7144,2841.71,749.29,2597.76,28.864
PAL,missed_late,20,950,80,100,12208.3933333333,2839.644,751.356,2591.28,28.792
PAL,fusion_early,20,950,80,100,12222.0294666667,2828.946,762.054,2592.72,28.808
PAL,fusion_late,20,950,80,100,12286.0548,2830.076,760.924,2598.66,28.874
NTSC-U,reference,20,950,80,100,10199.5521333333,2828.946,762.054,2592.72,28.808
NTSC-U,earlier,20,950,80,100,10199.5521333333,2828.946,762.054,2592.72,28.808
NTSC-U,later,20,950,80,100,10240.1818666667,2841.71,749.29,2597.76,28.864
NTSC-U,missed_early,20,950,80,100,10240.1818666667,2841.71,749.29,2597.76,28.864
NTSC-U,missed_late,20,950,80,100,10186.1908,2839.644,751.356,2591.28,28.792
NTSC-U,fusion_early,20,950,80,100,10199.5521333333,2828.946,762.054,2592.72,28.808
NTSC-U,fusion_late,20,950,80,100,10258.6609333333,2830.076,760.924,2598.66,28.874
PAL,reference,20,950,80,300,11880.2302666667,2435.686,1155.314,2417.94,26.866
PAL,earlier,20,950,80,300,11507.094,3136.284,454.716,2374.56,26.384
PAL,later,20,950,80,300,11880.2302666667,2435.686,1155.314,2417.94,26.866
PAL,missed_early,20,950,80,300,11880.2302666667,2435.686,1155.314,2417.94,26.866
PAL,missed_late,20,950,80,300,11842.5353333333,2420.466,1170.534,2411.28,26.792
PAL,fusion_early,20,950,80,300,11880.2302666667,2435.686,1155.314,2417.94,26.866
PAL,fusion_late,20,950,80,300,11890.0168,2435.754,1155.246,2415.6,26.84
NTSC-U,reference,20,950,80,300,10006.4688,2435.686,1155.314,2417.94,26.866
NTSC-U,earlier,20,950,80,300,9623.59333333333,3136.284,454.716,2374.56,26.384
NTSC-U,later,20,950,80,300,10006.4688,2435.686,1155.314,2417.94,26.866
NTSC-U,missed_early,20,950,80,300,10006.4688,2435.686,1155.314,2417.94,26.866
NTSC-U,missed_late,20,950,80,300,9974.2404,2420.466,1170.534,2411.28,26.792
NTSC-U,fusion_early,20,950,80,300,10006.4688,2435.686,1155.314,2417.94,26.866
NTSC-U,fusion_late,20,950,80,300,10017.8864,2435.754,1155.246,2415.6,26.84
PAL,reference,20,950,80,500,11205.1988,2528.256,1062.744,2198.34,24.426
PAL,earlier,20,950,80,500,11194.4213333333,2547.076,1043.924,2196.9,24.41
PAL,later,20,950,80,500,11205.1988,2528.256,1062.744,2198.34,24.426
PAL,missed_early,20,950,80,500,11205.1988,2528.256,1062.744,2198.34,24.426
PAL,missed_late,20,950,80,500,11205.1988,2528.256,1062.744,2198.34,24.426
PAL,fusion_early,20,950,80,500,11196.4634666667,2527.694,1063.306,2197.98,24.422
PAL,fusion_late,20,950,80,500,11243.474,2528.846,1062.154,2205.36,24.504
NTSC-U,reference,20,950,80,500,9485.46186666667,2528.256,1062.744,2198.34,24.426
NTSC-U,earlier,20,950,80,500,9474.61093333333,2547.076,1043.924,2196.9,24.41
NTSC-U,later,20,950,80,500,9485.46186666667,2528.256,1062.744,2198.34,24.426
NTSC-U,missed_early,20,950,80,500,9485.46186666667,2528.256,1062.744,2198.34,24.426
NTSC-U,missed_late,20,950,80,500,9485.46186666667,2528.256,1062.744,2198.34,24.426
NTSC-U,fusion_early,20,950,80,500,9477.0552,2527.694,1063.306,2197.98,24.422
NTSC-U,fusion_late,20,950,80,500,9518.44173333333,2528.846,1062.154,2205.36,24.504
PAL,reference,20,950,80,700,10912.5450666667,1923.976,1667.024,2031.84,22.576
PAL,earlier,20,950,80,700,10761.7837333333,2237.482,1353.518,2007.9,22.31
PAL,later,20,950,80,700,10912.5450666667,1923.976,1667.024,2031.84,22.576
PAL,missed_early,20,950,80,700,10912.5450666667,1923.976,1667.024,2031.84,22.576
PAL,missed_late,20,950,80,700,10912.5450666667,1923.976,1667.024,2031.84,22.576
PAL,fusion_early,20,950,80,700,10912.5450666667,1923.976,1667.024,2031.84,22.576
PAL,fusion_late,20,950,80,700,10928.5432,1923.58,1667.42,2034,22.6
NTSC-U,reference,20,950,80,700,9347.53213333334,1923.976,1667.024,2031.84,22.576
NTSC-U,earlier,20,950,80,700,9195.24600000001,2237.482,1353.518,2007.9,22.31
NTSC-U,later,20,950,80,700,9347.53213333334,1923.976,1667.024,2031.84,22.576
NTSC-U,missed_early,20,950,80,700,9347.53213333334,1923.976,1667.024,2031.84,22.576
NTSC-U,missed_late,20,950,80,700,9347.53213333334,1923.976,1667.024,2031.84,22.576
NTSC-U,fusion_early,20,950,80,700,9347.53213333334,1923.976,1667.024,2031.84,22.576
NTSC-U,fusion_late,20,950,80,700,9361.45626666667,1923.58,1667.42,2034,22.6
PAL,reference,20,950,100,0,12438.0093333333,2974,617,2689.74,29.886
PAL,earlier,20,950,100,0,12438.0093333333,2974,617,2689.74,29.886
PAL,later,20,950,100,0,12411.0946666666,2961,630,2670.66,29.674
PAL,missed_early,20,950,100,0,12411.0946666666,2961,630,2670.66,29.674
PAL,missed_late,20,950,100,0,12408.0946666666,2916,675,2670.66,29.674
PAL,fusion_early,20,950,100,0,12438.0093333333,2974,617,2689.74,29.886
PAL,fusion_late,20,950,100,0,12439.2280000001,2974,617,2679.66,29.774
NTSC-U,reference,20,950,100,0,10323.9826666667,2974,617,2689.74,29.886
NTSC-U,earlier,20,950,100,0,10323.9826666667,2974,617,2689.74,29.886
NTSC-U,later,20,950,100,0,10311.3213333333,2961,630,2670.66,29.674
NTSC-U,missed_early,20,950,100,0,10311.3213333333,2961,630,2670.66,29.674
NTSC-U,missed_late,20,950,100,0,10310.988,2916,675,2670.66,29.674
NTSC-U,fusion_early,20,950,100,0,10323.9826666667,2974,617,2689.74,29.886
NTSC-U,fusion_late,20,950,100,0,10332.5880000001,2974,617,2679.66,29.774
PAL,reference,20,950,100,100,12302.5826666667,2772,819,2614.5,29.05
PAL,earlier,20,950,100,100,12302.5826666667,2772,819,2614.5,29.05
PAL,later,20,950,100,100,12312.0679999999,2830,761,2624.58,29.162
PAL,missed_early,20,950,100,100,12312.0679999999,2830,761,2624.58,29.162
PAL,missed_late,20,950,100,100,12259.1079999999,2843,748,2607.66,28.974
PAL,fusion_early,20,950,100,100,12302.5826666667,2772,819,2614.5,29.05
PAL,fusion_late,20,950,100,100,12303.5373333333,2772,819,2612.34,29.026
NTSC-U,reference,20,950,100,100,10253.916,2772,819,2614.5,29.05
NTSC-U,earlier,20,950,100,100,10253.916,2772,819,2614.5,29.05
NTSC-U,later,20,950,100,100,10252.4146666666,2830,761,2624.58,29.162
NTSC-U,missed_early,20,950,100,100,10252.4146666666,2830,761,2624.58,29.162
NTSC-U,missed_late,20,950,100,100,10212.668,2843,748,2607.66,28.974
NTSC-U,fusion_early,20,950,100,100,10253.916,2772,819,2614.5,29.05
NTSC-U,fusion_late,20,950,100,100,10256.7106666666,2772,819,2612.34,29.026
PAL,reference,20,950,100,300,11873.2440000001,2475,1116,2428.38,26.982
PAL,earlier,20,950,100,300,11654.7226666666,3162,429,2430,27
PAL,later,20,950,100,300,11873.2440000001,2475,1116,2428.38,26.982
PAL,missed_early,20,950,100,300,11873.2440000001,2475,1116,2428.38,26.982
PAL,missed_late,20,950,100,300,11871.0440000001,2442,1149,2428.38,26.982
PAL,fusion_early,20,950,100,300,11873.2440000001,2475,1116,2428.38,26.982
PAL,fusion_late,20,950,100,300,11909.3906666667,2475,1116,2439.54,27.106
NTSC-U,reference,20,950,100,300,9979.524,2475,1116,2428.38,26.982
NTSC-U,earlier,20,950,100,300,9717.58933333338,3162,429,2430,27
NTSC-U,later,20,950,100,300,9979.524,2475,1116,2428.38,26.982
NTSC-U,missed_early,20,950,100,300,9979.524,2475,1116,2428.38,26.982
NTSC-U,missed_late,20,950,100,300,9979.324,2442,1149,2428.38,26.982
NTSC-U,fusion_early,20,950,100,300,9979.524,2475,1116,2428.38,26.982
NTSC-U,fusion_late,20,950,100,300,10005.8973333333,2475,1116,2439.54,27.106
PAL,reference,20,950,100,500,11350.668,2505,1086,2249.1,24.99
PAL,earlier,20,950,100,500,11331.8373333334,2551,1040,2250,25
PAL,later,20,950,100,500,11350.668,2505,1086,2249.1,24.99
PAL,missed_early,20,950,100,500,11350.668,2505,1086,2249.1,24.99
PAL,missed_late,20,950,100,500,11350.668,2505,1086,2249.1,24.99
PAL,fusion_early,20,950,100,500,11329.9706666666,2523,1068,2250,25
PAL,fusion_late,20,950,100,500,11294.764,2505,1086,2225.34,24.726
NTSC-U,reference,20,950,100,500,9585.26800000001,2505,1086,2249.1,24.99
NTSC-U,earlier,20,950,100,500,9562.704,2551,1040,2250,25
NTSC-U,later,20,950,100,500,9585.26800000001,2505,1086,2249.1,24.99
NTSC-U,missed_early,20,950,100,500,9585.26800000001,2505,1086,2249.1,24.99
NTSC-U,missed_late,20,950,100,500,9585.26800000001,2505,1086,2249.1,24.99
NTSC-U,fusion_early,20,950,100,500,9562.50399999991,2523,1068,2250,25
NTSC-U,fusion_late,20,950,100,500,9546.67066666671,2505,1086,2225.34,24.726
PAL,reference,20,950,100,700,10989.9066666667,1933,1658,2071.08,23.012
PAL,earlier,20,950,100,700,10906.9133333333,2241,1350,2070.54,23.006
PAL,later,20,950,100,700,10989.9066666667,1933,1658,2071.08,23.012
PAL,missed_early,20,950,100,700,10989.9066666667,1933,1658,2071.08,23.012
PAL,missed_late,20,950,100,700,10989.9066666667,1933,1658,2071.08,23.012
PAL,fusion_early,20,950,100,700,10989.9066666667,1933,1658,2071.08,23.012
PAL,fusion_late,20,950,100,700,10977.3333333334,1933,1658,2064.6,22.94
NTSC-U,reference,20,950,100,700,9387.78666666663,1933,1658,2071.08,23.012
NTSC-U,earlier,20,950,100,700,9286.68666666671,2241,1350,2070.54,23.006
NTSC-U,later,20,950,100,700,9387.78666666663,1933,1658,2071.08,23.012
NTSC-U,missed_early,20,950,100,700,9387.78666666663,1933,1658,2071.08,23.012
NTSC-U,missed_late,20,950,100,700,9387.78666666663,1933,1658,2071.08,23.012
NTSC-U,fusion_early,20,950,100,700,9387.78666666663,1933,1658,2071.08,23.012
NTSC-U,fusion_late,20,950,100,700,9380.8,1933,1658,2064.6,22.94
PAL,reference,27,700,50,0,13464.8198666667,2806.248,784.752,2928.42,32.538
PAL,earlier,27,700,50,0,12203.0593333333,3322.872,268.128,2468.16,27.424
PAL,later,27,700,50,0,12599.602,2963.048,627.952,2667.78,29.642
PAL,missed_early,27,700,50,0,12599.602,2963.048,627.952,2667.78,29.642
PAL,missed_late,27,700,50,0,13464.8198666667,2806.248,784.752,2928.42,32.538
PAL,fusion_early,27,700,50,0,13464.8198666667,2806.248,784.752,2928.42,32.538
PAL,fusion_late,27,700,50,0,13987.1638666667,2805.376,785.624,3109.68,34.552
NTSC-U,reference,27,700,50,0,11229.1230666667,2805.69,785.31,2933.1,32.59
NTSC-U,earlier,27,700,50,0,10275.1424,3321.802,269.198,2473.56,27.484
NTSC-U,later,27,700,50,0,10519.5934666667,2963.048,627.952,2667.78,29.642
NTSC-U,missed_early,27,700,50,0,10519.5934666667,2963.048,627.952,2667.78,29.642
NTSC-U,missed_late,27,700,50,0,11229.1230666667,2805.69,785.31,2933.1,32.59
NTSC-U,fusion_early,27,700,50,0,11229.1230666667,2805.69,785.31,2933.1,32.59
NTSC-U,fusion_late,27,700,50,0,11641.2976,2806.186,784.814,3127.14,34.746
PAL,reference,27,700,50,100,13619.1352,2669.966,921.034,2988.9,33.21
PAL,earlier,27,700,50,100,12084.1709333333,3255.426,335.574,2436.3,27.07
PAL,later,27,700,50,100,12803.3958666667,2830.338,760.662,2746.98,30.522
PAL,missed_early,27,700,50,100,12803.3958666667,2830.338,760.662,2746.98,30.522
PAL,missed_late,27,700,50,100,13619.1352,2669.966,921.034,2988.9,33.21
PAL,fusion_early,27,700,50,100,13619.1352,2669.966,921.034,2988.9,33.21
PAL,fusion_late,27,700,50,100,14105.6806666667,2669.304,921.696,3154.14,35.046
NTSC-U,reference,27,700,50,100,11337.5045333333,2668.642,922.358,2993.22,33.258
NTSC-U,earlier,27,700,50,100,10156.3146666667,3255.858,335.142,2430.54,27.006
NTSC-U,later,27,700,50,100,10673.3486666667,2830.338,760.662,2746.98,30.522
NTSC-U,missed_early,27,700,50,100,10673.3486666667,2830.338,760.662,2746.98,30.522
NTSC-U,missed_late,27,700,50,100,11337.5045333333,2668.642,922.358,2993.22,33.258
NTSC-U,fusion_early,27,700,50,100,11337.5045333333,2668.642,922.358,2993.22,33.258
NTSC-U,fusion_late,27,700,50,100,11677.9528,2668.466,922.534,3148.2,34.98
PAL,reference,27,700,50,300,12577.8366666667,2763.69,827.31,2637.18,29.302
PAL,earlier,27,700,50,300,12035.5246666667,2965.162,625.838,2440.8,27.12
PAL,later,27,700,50,300,11980.6528,2922.084,668.916,2471.4,27.46
PAL,missed_early,27,700,50,300,11980.6528,2922.084,668.916,2471.4,27.46
PAL,missed_late,27,700,50,300,12577.8366666667,2763.69,827.31,2637.18,29.302
PAL,fusion_early,27,700,50,300,12290.0008,2761.482,829.518,2532.24,28.136
PAL,fusion_late,27,700,50,300,12974.0242666667,2763.046,827.954,2773.8,30.82
NTSC-U,reference,27,700,50,300,10529.8902666667,2764.184,826.816,2635.02,29.278
NTSC-U,earlier,27,700,50,300,10121.7953333333,2965.86,625.14,2439.54,27.106
NTSC-U,later,27,700,50,300,10045.6905333333,2922.084,668.916,2471.4,27.46
NTSC-U,missed_early,27,700,50,300,10045.6905333333,2922.084,668.916,2471.4,27.46
NTSC-U,missed_late,27,700,50,300,10529.8902666667,2764.184,826.816,2635.02,29.278
NTSC-U,fusion_early,27,700,50,300,10310.3158666667,2763.316,827.684,2526.12,28.068
NTSC-U,fusion_late,27,700,50,300,10815.1068,2763.952,827.048,2766.42,30.738
PAL,reference,27,700,50,500,13239.9950666667,2563.836,1027.164,2865.78,31.842
PAL,earlier,27,700,50,500,12549.3452,2950.832,640.168,2637,29.3
PAL,later,27,700,50,500,13091.7218666667,2327.63,1263.37,2868.3,31.87
PAL,missed_early,27,700,50,500,13091.7218666667,2327.63,1263.37,2868.3,31.87
PAL,missed_late,27,700,50,500,13239.9950666667,2563.836,1027.164,2865.78,31.842
PAL,fusion_early,27,700,50,500,13236.6654666667,2562.92,1028.08,2864.7,31.83
PAL,fusion_late,27,700,50,500,13323.4328,2559.722,1031.278,2876.4,31.96
NTSC-U,reference,27,700,50,500,11051.0510666667,2562.696,1028.304,2866.32,31.848
NTSC-U,earlier,27,700,50,500,10501.0269333333,2951.718,639.282,2638.98,29.322
NTSC-U,later,27,700,50,500,10901.5058666667,2327.63,1263.37,2868.3,31.87
NTSC-U,missed_early,27,700,50,500,10901.5058666667,2327.63,1263.37,2868.3,31.87
NTSC-U,missed_late,27,700,50,500,11051.0510666667,2562.696,1028.304,2866.32,31.848
NTSC-U,fusion_early,27,700,50,500,11046.5088,2562.46,1028.54,2864.34,31.826
NTSC-U,fusion_late,27,700,50,500,11119.8685333333,2560.098,1030.902,2877.84,31.976
PAL,reference,27,700,80,0,14130.1717333333,2793.988,797.012,3373.74,37.486
PAL,earlier,27,700,80,0,13813.8146666667,3317.748,273.252,3336.12,37.068
PAL,later,27,700,80,0,13885.428,2951.008,639.992,3344.58,37.162
PAL,missed_early,27,700,80,0,13885.428,2951.008,639.992,3344.58,37.162
PAL,missed_late,27,700,80,0,14130.1717333333,2793.988,797.012,3373.74,37.486
PAL,fusion_early,27,700,80,0,14130.1717333333,2793.988,797.012,3373.74,37.486
PAL,fusion_late,27,700,80,0,14173.0434666667,2794.534,796.466,3375.54,37.506
NTSC-U,reference,27,700,80,0,11535.9014666667,2794.012,796.988,3372.12,37.468
NTSC-U,earlier,27,700,80,0,11225.3678666667,3316.27,274.73,3335.76,37.064
NTSC-U,later,27,700,80,0,11306.266,2951.008,639.992,3344.58,37.162
NTSC-U,missed_early,27,700,80,0,11306.266,2951.008,639.992,3344.58,37.162
NTSC-U,missed_late,27,700,80,0,11535.9014666667,2794.012,796.988,3372.12,37.468
NTSC-U,fusion_early,27,700,80,0,11535.9014666667,2794.012,796.988,3372.12,37.468
NTSC-U,fusion_late,27,700,80,0,11599.2909333333,2794.27,796.73,3376.8,37.52
PAL,reference,27,700,80,100,14039.4532,2681.642,909.358,3329.64,36.996
PAL,earlier,27,700,80,100,13772.9164,3259.364,331.636,3315.24,36.836
PAL,later,27,700,80,100,13891.9868,2841.796,749.204,3325.68,36.952
PAL,missed_early,27,700,80,100,13891.9868,2841.796,749.204,3325.68,36.952
PAL,missed_late,27,700,80,100,14039.4532,2681.642,909.358,3329.64,36.996
PAL,fusion_early,27,700,80,100,14039.4532,2681.642,909.358,3329.64,36.996
PAL,fusion_late,27,700,80,100,14075.3650666667,2680.56,910.44,3330.18,37.002
NTSC-U,reference,27,700,80,100,11487.9858666667,2680.802,910.198,3329.82,36.998
NTSC-U,earlier,27,700,80,100,11199.7588,3260.846,330.154,3312.9,36.81
NTSC-U,later,27,700,80,100,11334.9544,2841.796,749.204,3325.68,36.952
NTSC-U,missed_early,27,700,80,100,11334.9544,2841.796,749.204,3325.68,36.952
NTSC-U,missed_late,27,700,80,100,11487.9858666667,2680.802,910.198,3329.82,36.998
NTSC-U,fusion_early,27,700,80,100,11487.9858666667,2680.802,910.198,3329.82,36.998
NTSC-U,fusion_late,27,700,80,100,11531.3708,2681.6,909.4,3330.18,37.002
PAL,reference,27,700,80,300,13417.2101333333,2773.086,817.914,3133.08,34.812
PAL,earlier,27,700,80,300,13296.6573333333,2975.268,615.732,3118.32,34.648
PAL,later,27,700,80,300,13249.9164,2935.614,655.386,3117.78,34.642
PAL,missed_early,27,700,80,300,13249.9164,2935.614,655.386,3117.78,34.642
PAL,missed_late,27,700,80,300,13417.2101333333,2773.086,817.914,3133.08,34.812
PAL,fusion_early,27,700,80,300,13395.95,2771.768,819.232,3132.72,34.808
PAL,fusion_late,27,700,80,300,13461.9693333333,2773.72,817.28,3139.74,34.886
NTSC-U,reference,27,700,80,300,11004.4253333333,2775.336,815.664,3133.08,34.812
NTSC-U,earlier,27,700,80,300,10886.0834666667,2975.96,615.04,3119.94,34.666
NTSC-U,later,27,700,80,300,10837.0177333333,2935.614,655.386,3117.78,34.642
NTSC-U,missed_early,27,700,80,300,10837.0177333333,2935.614,655.386,3117.78,34.642
NTSC-U,missed_late,27,700,80,300,11004.4253333333,2775.336,815.664,3133.08,34.812
NTSC-U,fusion_early,27,700,80,300,10987.8990666667,2774.05,816.95,3134.52,34.828
NTSC-U,fusion_late,27,700,80,300,11042.3582666667,2774.164,816.836,3138.66,34.874
PAL,reference,27,700,80,500,13015.8516,2570.422,1020.578,2947.32,32.748
PAL,earlier,27,700,80,500,12811.1678666667,2963.69,627.31,2922.84,32.476
PAL,later,27,700,80,500,12990.1890666667,2335.968,1255.032,2948.76,32.764
PAL,missed_early,27,700,80,500,12990.1890666667,2335.968,1255.032,2948.76,32.764
PAL,missed_late,27,700,80,500,13015.8516,2570.422,1020.578,2947.32,32.748
PAL,fusion_early,27,700,80,500,13016.3769333333,2570.248,1020.752,2947.5,32.75
PAL,fusion_late,27,700,80,500,13043.9536,2569.424,1021.576,2951.64,32.796
NTSC-U,reference,27,700,80,500,10748.608,2570.18,1020.82,2946.96,32.744
NTSC-U,earlier,27,700,80,500,10539.6529333333,2963.298,627.702,2923.02,32.478
NTSC-U,later,27,700,80,500,10735.4809333333,2335.968,1255.032,2948.76,32.764
NTSC-U,missed_early,27,700,80,500,10735.4809333333,2335.968,1255.032,2948.76,32.764
NTSC-U,missed_late,27,700,80,500,10748.608,2570.18,1020.82,2946.96,32.744
NTSC-U,fusion_early,27,700,80,500,10748.1682666667,2570.492,1020.508,2946.78,32.742
NTSC-U,fusion_late,27,700,80,500,10786.8669333333,2567.694,1023.306,2953.98,32.822
PAL,reference,27,700,100,0,14072.3786666666,2791,800,3371.76,37.464
PAL,earlier,27,700,100,0,14028.9653333332,3334,257,3418.92,37.988
PAL,later,27,700,100,0,14080.5039999999,2961,630,3413.16,37.924
PAL,missed_early,27,700,100,0,14080.5039999999,2961,630,3413.16,37.924
PAL,missed_late,27,700,100,0,14072.3786666666,2791,800,3371.76,37.464
PAL,fusion_early,27,700,100,0,14072.3786666666,2791,800,3371.76,37.464
PAL,fusion_late,27,700,100,0,14014.1119999999,2791,800,3350.16,37.224
NTSC-U,reference,27,700,100,0,11471.4053333333,2784,807,3371.76,37.464
NTSC-U,earlier,27,700,100,0,11192.6133333333,3295,296,3340.44,37.116
NTSC-U,later,27,700,100,0,11440.5306666666,2961,630,3413.16,37.924
NTSC-U,missed_early,27,700,100,0,11440.5306666666,2961,630,3413.16,37.924
NTSC-U,missed_late,27,700,100,0,11471.4053333333,2784,807,3371.76,37.464
NTSC-U,fusion_early,27,700,100,0,11471.4053333333,2784,807,3371.76,37.464
NTSC-U,fusion_late,27,700,100,0,11427.8719999999,2784,807,3350.16,37.224
PAL,reference,27,700,100,100,13978.5386666666,2718,873,3340.08,37.112
PAL,earlier,27,700,100,100,13773.5666666666,3283,308,3331.26,37.014
PAL,later,27,700,100,100,13927.0733333332,2830,761,3347.82,37.198
PAL,missed_early,27,700,100,100,13927.0733333332,2830,761,3347.82,37.198
PAL,missed_late,27,700,100,100,13978.5386666666,2718,873,3340.08,37.112
PAL,fusion_early,27,700,100,100,13978.5386666666,2718,873,3340.08,37.112
PAL,fusion_late,27,700,100,100,14009.6306666665,2718,873,3337.02,37.078
NTSC-U,reference,27,700,100,100,11424.7039999999,2658,933,3331.8,37.02
NTSC-U,earlier,27,700,100,100,11201.2319999999,3245,346,3330,37
NTSC-U,later,27,700,100,100,11340.0600000001,2830,761,3347.82,37.198
NTSC-U,missed_early,27,700,100,100,11340.0600000001,2830,761,3347.82,37.198
NTSC-U,missed_late,27,700,100,100,11424.7039999999,2658,933,3331.8,37.02
NTSC-U,fusion_early,27,700,100,100,11424.7039999999,2658,933,3331.8,37.02
NTSC-U,fusion_late,27,700,100,100,11437.2613333334,2658,933,3330.72,37.008
PAL,reference,27,700,100,300,13436.2373333333,2756,835,3150,35
PAL,earlier,27,700,100,300,13358.7640000001,2952,639,3150.9,35.01
PAL,later,27,700,100,300,13334.3039999999,2949,642,3143.88,34.932
PAL,missed_early,27,700,100,300,13334.3039999999,2949,642,3143.88,34.932
PAL,missed_late,27,700,100,300,13436.2373333333,2756,835,3150,35
PAL,fusion_early,27,700,100,300,13397.5653333333,2776,815,3150,35
PAL,fusion_late,27,700,100,300,13451.8640000001,2756,835,3154.32,35.048
NTSC-U,reference,27,700,100,300,10999.704,2765,826,3150,35
NTSC-U,earlier,27,700,100,300,10907.564,2961,630,3150.9,35.01
NTSC-U,later,27,700,100,300,10890.7840000001,2949,642,3143.88,34.932
NTSC-U,missed_early,27,700,100,300,10890.7840000001,2949,642,3143.88,34.932
NTSC-U,missed_late,27,700,100,300,10999.704,2765,826,3150,35
NTSC-U,fusion_early,27,700,100,300,10959.2320000001,2785,806,3150,35
NTSC-U,fusion_late,27,700,100,300,11010.0506666666,2765,826,3154.32,35.048
PAL,reference,27,700,100,500,13007.2466666667,2547,1044,2972.34,33.026
PAL,earlier,27,700,100,500,12896.4840000001,2970,621,2969.46,32.994
PAL,later,27,700,100,500,13021.0146666666,2329,1262,2970.18,33.002
PAL,missed_early,27,700,100,500,13021.0146666666,2329,1262,2970.18,33.002
PAL,missed_late,27,700,100,500,13007.2466666667,2547,1044,2972.34,33.026
PAL,fusion_early,27,700,100,500,13007.2466666667,2547,1044,2972.34,33.026
PAL,fusion_late,27,700,100,500,13015.7466666666,2547,1044,2970,33
NTSC-U,reference,27,700,100,500,10710.42,2553,1038,2972.34,33.026
NTSC-U,earlier,27,700,100,500,10578.5773333334,2976,615,2969.46,32.994
NTSC-U,later,27,700,100,500,10739.6946666666,2329,1262,2970.18,33.002
NTSC-U,missed_early,27,700,100,500,10739.6946666666,2329,1262,2970.18,33.002
NTSC-U,missed_late,27,700,100,500,10710.42,2553,1038,2972.34,33.026
NTSC-U,fusion_early,27,700,100,500,10710.42,2553,1038,2972.34,33.026
NTSC-U,fusion_late,27,700,100,500,10721.6800000001,2553,1038,2970,33
PAL,reference,27,800,50,0,13464.8198666667,2806.248,784.752,2928.42,32.538
PAL,earlier,27,800,50,0,13464.8198666667,2806.248,784.752,2928.42,32.538
PAL,later,27,800,50,0,12599.602,2963.048,627.952,2667.78,29.642
PAL,missed_early,27,800,50,0,12599.602,2963.048,627.952,2667.78,29.642
PAL,missed_late,27,800,50,0,13464.8198666667,2806.248,784.752,2928.42,32.538
PAL,fusion_early,27,800,50,0,13464.8198666667,2806.248,784.752,2928.42,32.538
PAL,fusion_late,27,800,50,0,13987.1638666667,2805.376,785.624,3109.68,34.552
NTSC-U,reference,27,800,50,0,11229.1230666667,2805.69,785.31,2933.1,32.59
NTSC-U,earlier,27,800,50,0,11229.1230666667,2805.69,785.31,2933.1,32.59
NTSC-U,later,27,800,50,0,10519.5934666667,2963.048,627.952,2667.78,29.642
NTSC-U,missed_early,27,800,50,0,10519.5934666667,2963.048,627.952,2667.78,29.642
NTSC-U,missed_late,27,800,50,0,11229.1230666667,2805.69,785.31,2933.1,32.59
NTSC-U,fusion_early,27,800,50,0,11229.1230666667,2805.69,785.31,2933.1,32.59
NTSC-U,fusion_late,27,800,50,0,11641.2976,2806.186,784.814,3127.14,34.746
PAL,reference,27,800,50,100,13619.1352,2669.966,921.034,2988.9,33.21
PAL,earlier,27,800,50,100,13570.1229333333,2683.65,907.35,2969.64,32.996
PAL,later,27,800,50,100,12803.3958666667,2830.338,760.662,2746.98,30.522
PAL,missed_early,27,800,50,100,12803.3958666667,2830.338,760.662,2746.98,30.522
PAL,missed_late,27,800,50,100,13619.1352,2669.966,921.034,2988.9,33.21
PAL,fusion_early,27,800,50,100,13619.1352,2669.966,921.034,2988.9,33.21
PAL,fusion_late,27,800,50,100,14105.6806666667,2669.304,921.696,3154.14,35.046
NTSC-U,reference,27,800,50,100,11337.5045333333,2668.642,922.358,2993.22,33.258
NTSC-U,earlier,27,800,50,100,11248.7730666667,2699.444,891.556,2949.84,32.776
NTSC-U,later,27,800,50,100,10673.3486666667,2830.338,760.662,2746.98,30.522
NTSC-U,missed_early,27,800,50,100,10673.3486666667,2830.338,760.662,2746.98,30.522
NTSC-U,missed_late,27,800,50,100,11337.5045333333,2668.642,922.358,2993.22,33.258
NTSC-U,fusion_early,27,800,50,100,11337.5045333333,2668.642,922.358,2993.22,33.258
NTSC-U,fusion_late,27,800,50,100,11677.9528,2668.466,922.534,3148.2,34.98
PAL,reference,27,800,50,300,13663.4956,2289.008,1301.992,3018.06,33.534
PAL,earlier,27,800,50,300,12035.5246666667,2965.162,625.838,2440.8,27.12
PAL,later,27,800,50,300,13276.2310666667,2445.052,1145.948,2937.42,32.638
PAL,missed_early,27,800,50,300,13276.2310666667,2445.052,1145.948,2937.42,32.638
PAL,missed_late,27,800,50,300,13663.4956,2289.008,1301.992,3018.06,33.534
PAL,fusion_early,27,800,50,300,13653.4974666667,2287.996,1303.004,3014.82,33.498
PAL,fusion_late,27,800,50,300,13831.536,2277.828,1313.172,3054.24,33.936
NTSC-U,reference,27,800,50,300,11371.5621333333,2284.676,1306.324,3015.54,33.506
NTSC-U,earlier,27,800,50,300,10121.7953333333,2965.86,625.14,2439.54,27.106
NTSC-U,later,27,800,50,300,11028.9145333333,2445.052,1145.948,2937.42,32.638
NTSC-U,missed_early,27,800,50,300,11028.9145333333,2445.052,1145.948,2937.42,32.638
NTSC-U,missed_late,27,800,50,300,11371.5621333333,2284.676,1306.324,3015.54,33.506
NTSC-U,fusion_early,27,800,50,300,11365.2126666667,2283.776,1307.224,3012.84,33.476
NTSC-U,fusion_late,27,800,50,300,11504.7369333333,2284.622,1306.378,3050.1,33.89
PAL,reference,27,800,50,500,12745.1222666667,2739.058,851.942,2711.52,30.128
PAL,earlier,27,800,50,500,12703.7046666667,2773.572,817.428,2692.08,29.912
PAL,later,27,800,50,500,12581.9262666667,2510.354,1080.646,2707.38,30.082
PAL,missed_early,27,800,50,500,12581.9262666667,2510.354,1080.646,2707.38,30.082
PAL,missed_late,27,800,50,500,12745.1222666667,2739.058,851.942,2711.52,30.128
PAL,fusion_early,27,800,50,500,12448.7808,2743.612,847.388,2606.76,28.964
PAL,fusion_late,27,800,50,500,12964.3862666667,2741.81,849.19,2780.64,30.896
NTSC-U,reference,27,800,50,500,10664.5646666667,2742.894,848.106,2711.34,30.126
NTSC-U,earlier,27,800,50,500,10622.3534666667,2773.888,817.112,2693.16,29.924
NTSC-U,later,27,800,50,500,10498.3341333333,2510.354,1080.646,2707.38,30.082
NTSC-U,missed_early,27,800,50,500,10498.3341333333,2510.354,1080.646,2707.38,30.082
NTSC-U,missed_late,27,800,50,500,10664.5646666667,2742.894,848.106,2711.34,30.126
NTSC-U,fusion_early,27,800,50,500,10434.4033333333,2740.072,850.928,2605.32,28.948
NTSC-U,fusion_late,27,800,50,500,10812.3958666667,2741.092,849.908,2778.3,30.87
PAL,reference,27,800,50,700,12769.8398666667,2260.046,1330.954,2700,30
PAL,earlier,27,800,50,700,12718.0349333333,2372.182,1218.818,2697.3,29.97
PAL,later,27,800,50,700,12633.6094666667,2113.512,1477.488,2700,30
PAL,missed_early,27,800,50,700,12633.6094666667,2113.512,1477.488,2700,30
PAL,missed_late,27,800,50,700,12769.8398666667,2260.046,1330.954,2700,30
PAL,fusion_early,27,800,50,700,12766.2726666667,2259.172,1331.828,2699.1,29.99
PAL,fusion_late,27,800,50,700,12799.8794666667,2260.556,1330.444,2700,30
NTSC-U,reference,27,800,50,700,10718.9353333333,2259.936,1331.064,2700,30
NTSC-U,earlier,27,800,50,700,10669.0830666667,2371.924,1219.076,2697.12,29.968
NTSC-U,later,27,800,50,700,10578.4346666667,2113.512,1477.488,2700,30
NTSC-U,missed_early,27,800,50,700,10578.4346666667,2113.512,1477.488,2700,30
NTSC-U,missed_late,27,800,50,700,10718.9353333333,2259.936,1331.064,2700,30
NTSC-U,fusion_early,27,800,50,700,10705.0757333333,2259.77,1331.23,2699.1,29.99
NTSC-U,fusion_late,27,800,50,700,10745.9073333333,2260.494,1330.506,2700,30
PAL,reference,27,800,80,0,14130.1717333333,2793.988,797.012,3373.74,37.486
PAL,earlier,27,800,80,0,14130.1717333333,2793.988,797.012,3373.74,37.486
PAL,later,27,800,80,0,13885.428,2951.008,639.992,3344.58,37.162
PAL,missed_early,27,800,80,0,13885.428,2951.008,639.992,3344.58,37.162
PAL,missed_late,27,800,80,0,14130.1717333333,2793.988,797.012,3373.74,37.486
PAL,fusion_early,27,800,80,0,14130.1717333333,2793.988,797.012,3373.74,37.486
PAL,fusion_late,27,800,80,0,14173.0434666667,2794.534,796.466,3375.54,37.506
NTSC-U,reference,27,800,80,0,11535.9014666667,2794.012,796.988,3372.12,37.468
NTSC-U,earlier,27,800,80,0,11535.9014666667,2794.012,796.988,3372.12,37.468
NTSC-U,later,27,800,80,0,11306.266,2951.008,639.992,3344.58,37.162
NTSC-U,missed_early,27,800,80,0,11306.266,2951.008,639.992,3344.58,37.162
NTSC-U,missed_late,27,800,80,0,11535.9014666667,2794.012,796.988,3372.12,37.468
NTSC-U,fusion_early,27,800,80,0,11535.9014666667,2794.012,796.988,3372.12,37.468
NTSC-U,fusion_late,27,800,80,0,11599.2909333333,2794.27,796.73,3376.8,37.52
PAL,reference,27,800,80,100,14039.4532,2681.642,909.358,3329.64,36.996
PAL,earlier,27,800,80,100,14033.1932,2694.498,896.502,3328.92,36.988
PAL,later,27,800,80,100,13891.9868,2841.796,749.204,3325.68,36.952
PAL,missed_early,27,800,80,100,13891.9868,2841.796,749.204,3325.68,36.952
PAL,missed_late,27,800,80,100,14039.4532,2681.642,909.358,3329.64,36.996
PAL,fusion_early,27,800,80,100,14039.4532,2681.642,909.358,3329.64,36.996
PAL,fusion_late,27,800,80,100,14075.3650666667,2680.56,910.44,3330.18,37.002
NTSC-U,reference,27,800,80,100,11487.9858666667,2680.802,910.198,3329.82,36.998
NTSC-U,earlier,27,800,80,100,11482.2114666667,2697.93,893.07,3329.1,36.99
NTSC-U,later,27,800,80,100,11334.9544,2841.796,749.204,3325.68,36.952
NTSC-U,missed_early,27,800,80,100,11334.9544,2841.796,749.204,3325.68,36.952
NTSC-U,missed_late,27,800,80,100,11487.9858666667,2680.802,910.198,3329.82,36.998
NTSC-U,fusion_early,27,800,80,100,11487.9858666667,2680.802,910.198,3329.82,36.998
NTSC-U,fusion_late,27,800,80,100,11531.3708,2681.6,909.4,3330.18,37.002
PAL,reference,27,800,80,300,13614.8784,2291.498,1299.502,3148.74,34.986
PAL,earlier,27,800,80,300,13296.6573333333,2975.268,615.732,3118.32,34.648
PAL,later,27,800,80,300,13506.6017333333,2449.076,1141.924,3144.42,34.938
PAL,missed_early,27,800,80,300,13506.6017333333,2449.076,1141.924,3144.42,34.938
PAL,missed_late,27,800,80,300,13614.8784,2291.498,1299.502,3148.74,34.986
PAL,fusion_early,27,800,80,300,13614.854,2291.226,1299.774,3148.74,34.986
PAL,fusion_late,27,800,80,300,13656.2848,2281.67,1309.33,3149.64,34.996
NTSC-U,reference,27,800,80,300,11234.8953333333,2286.532,1304.468,3149.28,34.992
NTSC-U,earlier,27,800,80,300,10886.0834666667,2975.96,615.04,3119.94,34.666
NTSC-U,later,27,800,80,300,11102.6134666667,2449.076,1141.924,3144.42,34.938
NTSC-U,missed_early,27,800,80,300,11102.6134666667,2449.076,1141.924,3144.42,34.938
NTSC-U,missed_late,27,800,80,300,11234.8953333333,2286.532,1304.468,3149.28,34.992
NTSC-U,fusion_early,27,800,80,300,11235.6877333333,2285.898,1305.102,3149.64,34.996
NTSC-U,fusion_late,27,800,80,300,11250.2846666667,2289.916,1301.084,3149.1,34.99
PAL,reference,27,800,80,500,12899.3472,2757.132,833.868,2932.38,32.582
PAL,earlier,27,800,80,500,12895.4472,2785.01,805.99,2932.92,32.588
PAL,later,27,800,80,500,12878.1833333333,2527.558,1063.442,2935.44,32.616
PAL,missed_early,27,800,80,500,12878.1833333333,2527.558,1063.442,2935.44,32.616
PAL,missed_late,27,800,80,500,12899.3472,2757.132,833.868,2932.38,32.582
PAL,fusion_early,27,800,80,500,12880.2298666667,2754.898,836.102,2931.12,32.568
PAL,fusion_late,27,800,80,500,12925.7458666667,2755.692,835.308,2937.78,32.642
NTSC-U,reference,27,800,80,500,10633.8974666667,2757.168,833.832,2932.92,32.588
NTSC-U,earlier,27,800,80,500,10621.3312,2785.672,805.328,2930.58,32.562
NTSC-U,later,27,800,80,500,10621.8449333333,2527.558,1063.442,2935.44,32.616
NTSC-U,missed_early,27,800,80,500,10621.8449333333,2527.558,1063.442,2935.44,32.616
NTSC-U,missed_late,27,800,80,500,10633.8974666667,2757.168,833.832,2932.92,32.588
NTSC-U,fusion_early,27,800,80,500,10621.9174666667,2755.174,835.826,2930.94,32.566
NTSC-U,fusion_late,27,800,80,500,10654.5705333333,2754.488,836.512,2937.6,32.64
PAL,reference,27,800,80,700,12505.3484,2272.456,1318.544,2755.26,30.614
PAL,earlier,27,800,80,700,12433.1549333333,2390.02,1200.98,2740.32,30.448
PAL,later,27,800,80,700,12491.9034666667,2123.008,1467.992,2754.54,30.606
PAL,missed_early,27,800,80,700,12491.9034666667,2123.008,1467.992,2754.54,30.606
PAL,missed_late,27,800,80,700,12505.3484,2272.456,1318.544,2755.26,30.614
PAL,fusion_early,27,800,80,700,12490.4270666667,2271.552,1319.448,2750.76,30.564
PAL,fusion_late,27,800,80,700,12498.83,2271.828,1319.172,2753.1,30.59
NTSC-U,reference,27,800,80,700,10392.7968,2273.328,1317.672,2755.08,30.612
NTSC-U,earlier,27,800,80,700,10325.0626666667,2390.37,1200.63,2740.32,30.448
NTSC-U,later,27,800,80,700,10388.3310666667,2123.008,1467.992,2754.54,30.606
NTSC-U,missed_early,27,800,80,700,10388.3310666667,2123.008,1467.992,2754.54,30.606
NTSC-U,missed_late,27,800,80,700,10392.7968,2273.328,1317.672,2755.08,30.612
NTSC-U,fusion_early,27,800,80,700,10382.5857333333,2272.866,1318.134,2750.94,30.566
NTSC-U,fusion_late,27,800,80,700,10392.0294666667,2272.388,1318.612,2754.54,30.606
PAL,reference,27,800,100,0,14072.3786666666,2791,800,3371.76,37.464
PAL,earlier,27,800,100,0,14072.3786666666,2791,800,3371.76,37.464
PAL,later,27,800,100,0,14080.5039999999,2961,630,3413.16,37.924
PAL,missed_early,27,800,100,0,14080.5039999999,2961,630,3413.16,37.924
PAL,missed_late,27,800,100,0,14072.3786666666,2791,800,3371.76,37.464
PAL,fusion_early,27,800,100,0,14072.3786666666,2791,800,3371.76,37.464
PAL,fusion_late,27,800,100,0,14014.1119999999,2791,800,3350.16,37.224
NTSC-U,reference,27,800,100,0,11471.4053333333,2784,807,3371.76,37.464
NTSC-U,earlier,27,800,100,0,11471.4053333333,2784,807,3371.76,37.464
NTSC-U,later,27,800,100,0,11440.5306666666,2961,630,3413.16,37.924
NTSC-U,missed_early,27,800,100,0,11440.5306666666,2961,630,3413.16,37.924
NTSC-U,missed_late,27,800,100,0,11471.4053333333,2784,807,3371.76,37.464
NTSC-U,fusion_early,27,800,100,0,11471.4053333333,2784,807,3371.76,37.464
NTSC-U,fusion_late,27,800,100,0,11427.8719999999,2784,807,3350.16,37.224
PAL,reference,27,800,100,100,13978.5386666666,2718,873,3340.08,37.112
PAL,earlier,27,800,100,100,13978.5386666666,2718,873,3340.08,37.112
PAL,later,27,800,100,100,13927.0733333332,2830,761,3347.82,37.198
PAL,missed_early,27,800,100,100,13927.0733333332,2830,761,3347.82,37.198
PAL,missed_late,27,800,100,100,13978.5386666666,2718,873,3340.08,37.112
PAL,fusion_early,27,800,100,100,13978.5386666666,2718,873,3340.08,37.112
PAL,fusion_late,27,800,100,100,14009.6306666665,2718,873,3337.02,37.078
NTSC-U,reference,27,800,100,100,11424.7039999999,2658,933,3331.8,37.02
NTSC-U,earlier,27,800,100,100,11424.7039999999,2658,933,3331.8,37.02
NTSC-U,later,27,800,100,100,11340.0600000001,2830,761,3347.82,37.198
NTSC-U,missed_early,27,800,100,100,11340.0600000001,2830,761,3347.82,37.198
NTSC-U,missed_late,27,800,100,100,11424.7039999999,2658,933,3331.8,37.02
NTSC-U,fusion_early,27,800,100,100,11424.7039999999,2658,933,3331.8,37.02
NTSC-U,fusion_late,27,800,100,100,11437.2613333334,2658,933,3330.72,37.008
PAL,reference,27,800,100,300,13571.2533333333,2283,1308,3156.48,35.072
PAL,earlier,27,800,100,300,13358.7640000001,2952,639,3150.9,35.01
PAL,later,27,800,100,300,13489.4053333334,2475,1116,3150,35
PAL,missed_early,27,800,100,300,13489.4053333334,2475,1116,3150,35
PAL,missed_late,27,800,100,300,13571.2533333333,2283,1308,3156.48,35.072
PAL,fusion_early,27,800,100,300,13571.2533333333,2283,1308,3156.48,35.072
PAL,fusion_late,27,800,100,300,13574.9346666667,2283,1308,3151.62,35.018
NTSC-U,reference,27,800,100,300,11156.3999999999,2292,1299,3156.48,35.072
NTSC-U,earlier,27,800,100,300,10907.564,2961,630,3150.9,35.01
NTSC-U,later,27,800,100,300,11069.4053333333,2475,1116,3150,35
NTSC-U,missed_early,27,800,100,300,11069.4053333333,2475,1116,3150,35
NTSC-U,missed_late,27,800,100,300,11156.3999999999,2292,1299,3156.48,35.072
NTSC-U,fusion_early,27,800,100,300,11156.3999999999,2292,1299,3156.48,35.072
NTSC-U,fusion_late,27,800,100,300,11163.8546666667,2292,1299,3151.62,35.018
PAL,reference,27,800,100,500,12926.2293333335,2783,808,2970.36,33.004
PAL,earlier,27,800,100,500,12926.2293333335,2783,808,2970.36,33.004
PAL,later,27,800,100,500,12948.2453333335,2505,1086,2970,33
PAL,missed_early,27,800,100,500,12948.2453333335,2505,1086,2970,33
PAL,missed_late,27,800,100,500,12926.2293333335,2783,808,2970.36,33.004
PAL,fusion_early,27,800,100,500,12924.3626666666,2755,836,2970.36,33.004
PAL,fusion_late,27,800,100,500,12924.2746666667,2783,808,2970,33
NTSC-U,reference,27,800,100,500,10616.9226666667,2789,802,2970.36,33.004
NTSC-U,earlier,27,800,100,500,10616.9226666667,2789,802,2970.36,33.004
NTSC-U,later,27,800,100,500,10657.0453333333,2505,1086,2970,33
NTSC-U,missed_early,27,800,100,500,10657.0453333333,2505,1086,2970,33
NTSC-U,missed_late,27,800,100,500,10616.9226666667,2789,802,2970.36,33.004
NTSC-U,fusion_early,27,800,100,500,10616.7226666666,2761,830,2970.36,33.004
NTSC-U,fusion_late,27,800,100,500,10616.7413333333,2789,802,2970,33
PAL,reference,27,800,100,700,12536.5919999999,2260,1331,2790,31
PAL,earlier,27,800,100,700,12476.1613333335,2386,1205,2779.38,30.882
PAL,later,27,800,100,700,12550.1306666667,2119,1472,2790,31
PAL,missed_early,27,800,100,700,12550.1306666667,2119,1472,2790,31
PAL,missed_late,27,800,100,700,12536.5919999999,2260,1331,2790,31
PAL,fusion_early,27,800,100,700,12535.8586666667,2249,1342,2790,31
PAL,fusion_late,27,800,100,700,12532.3093333333,2260,1331,2786.76,30.964
NTSC-U,reference,27,800,100,700,10390.4586666667,2262,1329,2790,31
NTSC-U,earlier,27,800,100,700,10331.5746666667,2388,1203,2779.38,30.882
NTSC-U,later,27,800,100,700,10413.2639999999,2119,1472,2790,31
NTSC-U,missed_early,27,800,100,700,10413.2639999999,2119,1472,2790,31
NTSC-U,missed_late,27,800,100,700,10390.4586666667,2262,1329,2790,31
NTSC-U,fusion_early,27,800,100,700,10390.4586666667,2251,1340,2790,31
NTSC-U,fusion_late,27,800,100,700,10390.0693333333,2262,1329,2786.76,30.964
PAL,reference,27,900,50,0,12403.6468,2964.32,626.68,2598.12,28.868
PAL,earlier,27,900,50,0,12403.6468,2964.32,626.68,2598.12,28.868
PAL,later,27,900,50,0,12599.602,2963.048,627.952,2667.78,29.642
PAL,missed_early,27,900,50,0,12599.602,2963.048,627.952,2667.78,29.642
PAL,missed_late,27,900,50,0,12420.5496,2939.622,651.378,2604.24,28.936
PAL,fusion_early,27,900,50,0,12403.6468,2964.32,626.68,2598.12,28.868
PAL,fusion_late,27,900,50,0,12797.2466666667,2964.144,626.856,2739.24,30.436
NTSC-U,reference,27,900,50,0,10374.2425333333,2964.32,626.68,2598.12,28.868
NTSC-U,earlier,27,900,50,0,10374.2425333333,2964.32,626.68,2598.12,28.868
NTSC-U,later,27,900,50,0,10519.5934666667,2963.048,627.952,2667.78,29.642
NTSC-U,missed_early,27,900,50,0,10519.5934666667,2963.048,627.952,2667.78,29.642
NTSC-U,missed_late,27,900,50,0,10387.8844,2939.622,651.378,2604.24,28.936
NTSC-U,fusion_early,27,900,50,0,10374.2425333333,2964.32,626.68,2598.12,28.868
NTSC-U,fusion_late,27,900,50,0,10665.1382666667,2964.144,626.856,2739.24,30.436
PAL,reference,27,900,50,100,12861.8793333333,2776.748,814.252,2772.72,30.808
PAL,earlier,27,900,50,100,12861.8793333333,2776.748,814.252,2772.72,30.808
PAL,later,27,900,50,100,12803.3958666667,2830.338,760.662,2746.98,30.522
PAL,missed_early,27,900,50,100,12803.3958666667,2830.338,760.662,2746.98,30.522
PAL,missed_late,27,900,50,100,12572.0646666667,2828.326,762.674,2666.34,29.626
PAL,fusion_early,27,900,50,100,12861.8793333333,2776.748,814.252,2772.72,30.808
PAL,fusion_late,27,900,50,100,13348.6913333333,2775.256,815.744,2942.46,32.694
NTSC-U,reference,27,900,50,100,10716.1398666667,2776.748,814.252,2772.72,30.808
NTSC-U,earlier,27,900,50,100,10716.1398666667,2776.748,814.252,2772.72,30.808
NTSC-U,later,27,900,50,100,10673.3486666667,2830.338,760.662,2746.98,30.522
NTSC-U,missed_early,27,900,50,100,10673.3486666667,2830.338,760.662,2746.98,30.522
NTSC-U,missed_late,27,900,50,100,10500.8217333333,2828.326,762.674,2666.34,29.626
NTSC-U,fusion_early,27,900,50,100,10716.1398666667,2776.748,814.252,2772.72,30.808
NTSC-U,fusion_late,27,900,50,100,11078.6929333333,2775.256,815.744,2942.46,32.694
PAL,reference,27,900,50,300,13325.1652,2424.88,1166.12,2956.5,32.85
PAL,earlier,27,900,50,300,11455.6322666667,3124.73,466.27,2280.42,25.338
PAL,later,27,900,50,300,13325.1652,2424.88,1166.12,2956.5,32.85
PAL,missed_early,27,900,50,300,13325.1652,2424.88,1166.12,2956.5,32.85
PAL,missed_late,27,900,50,300,13408.4658666667,2373.096,1217.904,2983.32,33.148
PAL,fusion_early,27,900,50,300,13325.1652,2424.88,1166.12,2956.5,32.85
PAL,fusion_late,27,900,50,300,13536.6466666667,2424.146,1166.854,3022.2,33.58
NTSC-U,reference,27,900,50,300,11065.1490666667,2424.88,1166.12,2956.5,32.85
NTSC-U,earlier,27,900,50,300,9648.68346666667,3124.73,466.27,2280.42,25.338
NTSC-U,later,27,900,50,300,11065.1490666667,2424.88,1166.12,2956.5,32.85
NTSC-U,missed_early,27,900,50,300,11065.1490666667,2424.88,1166.12,2956.5,32.85
NTSC-U,missed_late,27,900,50,300,11131.7656,2373.096,1217.904,2983.32,33.148
NTSC-U,fusion_early,27,900,50,300,11065.1490666667,2424.88,1166.12,2956.5,32.85
NTSC-U,fusion_late,27,900,50,300,11227.3596,2424.146,1166.854,3022.2,33.58
PAL,reference,27,900,50,500,12552.2828,2519.002,1071.998,2697.48,29.972
PAL,earlier,27,900,50,500,12527.9008,2531.234,1059.766,2689.2,29.88
PAL,later,27,900,50,500,12552.2828,2519.002,1071.998,2697.48,29.972
PAL,missed_early,27,900,50,500,12552.2828,2519.002,1071.998,2697.48,29.972
PAL,missed_late,27,900,50,500,12552.2828,2519.002,1071.998,2697.48,29.972
PAL,fusion_early,27,900,50,500,12209.9936,2517.84,1073.16,2579.58,28.662
PAL,fusion_late,27,900,50,500,12762.3893333333,2518.944,1072.056,2769.66,30.774
NTSC-U,reference,27,900,50,500,10475.3790666667,2519.002,1071.998,2697.48,29.972
NTSC-U,earlier,27,900,50,500,10456.4238666667,2531.234,1059.766,2689.2,29.88
NTSC-U,later,27,900,50,500,10475.3790666667,2519.002,1071.998,2697.48,29.972
NTSC-U,missed_early,27,900,50,500,10475.3790666667,2519.002,1071.998,2697.48,29.972
NTSC-U,missed_late,27,900,50,500,10475.3790666667,2519.002,1071.998,2697.48,29.972
NTSC-U,fusion_early,27,900,50,500,10219.5521333333,2517.84,1073.16,2579.58,28.662
NTSC-U,fusion_late,27,900,50,500,10633.0113333333,2518.944,1072.056,2769.66,30.774
PAL,reference,27,900,50,700,12687.2437333333,1924.146,1666.854,2700,30
PAL,earlier,27,900,50,700,12598.7128,2225.214,1365.786,2696.76,29.964
PAL,later,27,900,50,700,12687.2437333333,1924.146,1666.854,2700,30
PAL,missed_early,27,900,50,700,12687.2437333333,1924.146,1666.854,2700,30
PAL,missed_late,27,900,50,700,12687.2437333333,1924.146,1666.854,2700,30
PAL,fusion_early,27,900,50,700,12687.2674666667,1924.168,1666.832,2700,30
PAL,fusion_late,27,900,50,700,12728.4794666667,1928.884,1662.116,2700,30
NTSC-U,reference,27,900,50,700,10641.3313333333,1924.146,1666.854,2700,30
NTSC-U,earlier,27,900,50,700,10539.3361333333,2225.214,1365.786,2696.76,29.964
NTSC-U,later,27,900,50,700,10641.3313333333,1924.146,1666.854,2700,30
NTSC-U,missed_early,27,900,50,700,10641.3313333333,1924.146,1666.854,2700,30
NTSC-U,missed_late,27,900,50,700,10641.3313333333,1924.146,1666.854,2700,30
NTSC-U,fusion_early,27,900,50,700,10641.324,1924.168,1666.832,2700,30
NTSC-U,fusion_late,27,900,50,700,10681.6412,1928.884,1662.116,2700,30
PAL,reference,27,900,80,0,13866.8838666667,2947.146,643.854,3340.62,37.118
PAL,earlier,27,900,80,0,13866.8838666667,2947.146,643.854,3340.62,37.118
PAL,later,27,900,80,0,13885.428,2951.008,639.992,3344.58,37.162
PAL,missed_early,27,900,80,0,13885.428,2951.008,639.992,3344.58,37.162
PAL,missed_late,27,900,80,0,13871.7649333333,2932.144,658.856,3342.6,37.14
PAL,fusion_early,27,900,80,0,13866.8838666667,2947.146,643.854,3340.62,37.118
PAL,fusion_late,27,900,80,0,13920.8042666667,2948.072,642.928,3348,37.2
NTSC-U,reference,27,900,80,0,11290.7309333333,2947.146,643.854,3340.62,37.118
NTSC-U,earlier,27,900,80,0,11290.7309333333,2947.146,643.854,3340.62,37.118
NTSC-U,later,27,900,80,0,11306.266,2951.008,639.992,3344.58,37.162
NTSC-U,missed_early,27,900,80,0,11306.266,2951.008,639.992,3344.58,37.162
NTSC-U,missed_late,27,900,80,0,11295.0732,2932.144,658.856,3342.6,37.14
NTSC-U,fusion_early,27,900,80,0,11290.7309333333,2947.146,643.854,3340.62,37.118
NTSC-U,fusion_late,27,900,80,0,11339.1545333333,2948.072,642.928,3348,37.2
PAL,reference,27,900,80,100,13914.7917333333,2782.536,808.464,3327.12,36.968
PAL,earlier,27,900,80,100,13914.7917333333,2782.536,808.464,3327.12,36.968
PAL,later,27,900,80,100,13891.9868,2841.796,749.204,3325.68,36.952
PAL,missed_early,27,900,80,100,13891.9868,2841.796,749.204,3325.68,36.952
PAL,missed_late,27,900,80,100,13850.1534666667,2840.47,750.53,3323.52,36.928
PAL,fusion_early,27,900,80,100,13914.7917333333,2782.536,808.464,3327.12,36.968
PAL,fusion_late,27,900,80,100,13934.2108,2782.364,808.636,3328.2,36.98
NTSC-U,reference,27,900,80,100,11360.3262666667,2782.536,808.464,3327.12,36.968
NTSC-U,earlier,27,900,80,100,11360.3262666667,2782.536,808.464,3327.12,36.968
NTSC-U,later,27,900,80,100,11334.9544,2841.796,749.204,3325.68,36.952
NTSC-U,missed_early,27,900,80,100,11334.9544,2841.796,749.204,3325.68,36.952
NTSC-U,missed_late,27,900,80,100,11294.548,2840.47,750.53,3323.52,36.928
NTSC-U,fusion_early,27,900,80,100,11360.3262666667,2782.536,808.464,3327.12,36.968
NTSC-U,fusion_late,27,900,80,100,11378.0998666667,2782.364,808.636,3328.2,36.98
PAL,reference,27,900,80,300,13511.8401333333,2435.252,1155.748,3144.24,34.936
PAL,earlier,27,900,80,300,13120.5246666667,3136.818,454.182,3100.5,34.45
PAL,later,27,900,80,300,13511.8401333333,2435.252,1155.748,3144.24,34.936
PAL,missed_early,27,900,80,300,13511.8401333333,2435.252,1155.748,3144.24,34.936
PAL,missed_late,27,900,80,300,13541.9544,2379.692,1211.308,3145.5,34.95
PAL,fusion_early,27,900,80,300,13511.8401333333,2435.252,1155.748,3144.24,34.936
PAL,fusion_late,27,900,80,300,13556.9093333333,2436.736,1154.264,3147.66,34.974
NTSC-U,reference,27,900,80,300,11108.7476,2435.252,1155.748,3144.24,34.936
NTSC-U,earlier,27,900,80,300,10707.8278666667,3136.818,454.182,3100.5,34.45
NTSC-U,later,27,900,80,300,11108.7476,2435.252,1155.748,3144.24,34.936
NTSC-U,missed_early,27,900,80,300,11108.7476,2435.252,1155.748,3144.24,34.936
NTSC-U,missed_late,27,900,80,300,11141.2081333333,2379.692,1211.308,3145.5,34.95
NTSC-U,fusion_early,27,900,80,300,11108.7476,2435.252,1155.748,3144.24,34.936
NTSC-U,fusion_late,27,900,80,300,11151.5001333333,2436.736,1154.264,3147.66,34.974
PAL,reference,27,900,80,500,12878.3657333333,2530.354,1060.646,2935.44,32.616
PAL,earlier,27,900,80,500,12867.588,2546.968,1044.032,2931.48,32.572
PAL,later,27,900,80,500,12878.3657333333,2530.354,1060.646,2935.44,32.616
PAL,missed_early,27,900,80,500,12878.3657333333,2530.354,1060.646,2935.44,32.616
PAL,missed_late,27,900,80,500,12878.3657333333,2530.354,1060.646,2935.44,32.616
PAL,fusion_early,27,900,80,500,12856.6972,2529.504,1061.496,2933.64,32.596
PAL,fusion_late,27,900,80,500,12899.9446666667,2529.586,1061.414,2937.42,32.638
NTSC-U,reference,27,900,80,500,10621.8714666667,2530.354,1060.646,2935.44,32.616
NTSC-U,earlier,27,900,80,500,10612.8744,2546.968,1044.032,2931.48,32.572
NTSC-U,later,27,900,80,500,10621.8714666667,2530.354,1060.646,2935.44,32.616
NTSC-U,missed_early,27,900,80,500,10621.8714666667,2530.354,1060.646,2935.44,32.616
NTSC-U,missed_late,27,900,80,500,10621.8714666667,2530.354,1060.646,2935.44,32.616
NTSC-U,fusion_early,27,900,80,500,10601.5016,2529.504,1061.496,2933.64,32.596
NTSC-U,fusion_late,27,900,80,500,10641.7197333333,2529.586,1061.414,2937.42,32.638
PAL,reference,27,900,80,700,12560.4346666667,1932.122,1658.878,2766.96,30.744
PAL,earlier,27,900,80,700,12433.8826666667,2237.736,1353.264,2744.28,30.492
PAL,later,27,900,80,700,12560.4346666667,1932.122,1658.878,2766.96,30.744
PAL,missed_early,27,900,80,700,12560.4346666667,1932.122,1658.878,2766.96,30.744
PAL,missed_late,27,900,80,700,12560.4346666667,1932.122,1658.878,2766.96,30.744
PAL,fusion_early,27,900,80,700,12558.8052,1932.022,1658.978,2766.42,30.738
PAL,fusion_late,27,900,80,700,12592.3010666667,1929.61,1661.39,2767.68,30.752
NTSC-U,reference,27,900,80,700,10459.6904,1932.122,1658.878,2766.96,30.744
NTSC-U,earlier,27,900,80,700,10331.0306666667,2237.736,1353.264,2744.28,30.492
NTSC-U,later,27,900,80,700,10459.6904,1932.122,1658.878,2766.96,30.744
NTSC-U,missed_early,27,900,80,700,10459.6904,1932.122,1658.878,2766.96,30.744
NTSC-U,missed_late,27,900,80,700,10459.6904,1932.122,1658.878,2766.96,30.744
NTSC-U,fusion_early,27,900,80,700,10458.4593333333,1932.022,1658.978,2766.42,30.738
NTSC-U,fusion_late,27,900,80,700,10490.5337333333,1929.61,1661.39,2767.68,30.752
PAL,reference,27,900,100,0,14087.3986666667,2974,617,3419.82,37.998
PAL,earlier,27,900,100,0,14087.3986666667,2974,617,3419.82,37.998
PAL,later,27,900,100,0,14080.5039999999,2961,630,3413.16,37.924
PAL,missed_early,27,900,100,0,14080.5039999999,2961,630,3413.16,37.924
PAL,missed_late,27,900,100,0,14077.5039999999,2916,675,3413.16,37.924
PAL,fusion_early,27,900,100,0,14087.3986666667,2974,617,3419.82,37.998
PAL,fusion_late,27,900,100,0,14097.8373333334,2974,617,3418.56,37.984
NTSC-U,reference,27,900,100,0,11441.4520000001,2974,617,3419.82,37.998
NTSC-U,earlier,27,900,100,0,11441.4520000001,2974,617,3419.82,37.998
NTSC-U,later,27,900,100,0,11440.5306666666,2961,630,3413.16,37.924
NTSC-U,missed_early,27,900,100,0,11440.5306666666,2961,630,3413.16,37.924
NTSC-U,missed_late,27,900,100,0,11440.1973333333,2916,675,3413.16,37.924
NTSC-U,fusion_early,27,900,100,0,11441.4520000001,2974,617,3419.82,37.998
NTSC-U,fusion_late,27,900,100,0,11453.3973333333,2974,617,3418.56,37.984
PAL,reference,27,900,100,100,13907.2639999999,2772,819,3333.6,37.04
PAL,earlier,27,900,100,100,13907.2639999999,2772,819,3333.6,37.04
PAL,later,27,900,100,100,13927.0733333332,2830,761,3347.82,37.198
PAL,missed_early,27,900,100,100,13927.0733333332,2830,761,3347.82,37.198
PAL,missed_late,27,900,100,100,13871.4133333335,2843,748,3330,37
PAL,fusion_early,27,900,100,100,13907.2639999999,2772,819,3333.6,37.04
PAL,fusion_late,27,900,100,100,13913.7506666666,2772,819,3330.9,37.01
NTSC-U,reference,27,900,100,100,11333.9973333334,2772,819,3333.6,37.04
NTSC-U,earlier,27,900,100,100,11333.9973333334,2772,819,3333.6,37.04
NTSC-U,later,27,900,100,100,11340.0600000001,2830,761,3347.82,37.198
NTSC-U,missed_early,27,900,100,100,11340.0600000001,2830,761,3347.82,37.198
NTSC-U,missed_late,27,900,100,100,11298.2133333333,2843,748,3330,37
NTSC-U,fusion_early,27,900,100,100,11333.9973333334,2772,819,3333.6,37.04
NTSC-U,fusion_late,27,900,100,100,11342.684,2772,819,3330.9,37.01
PAL,reference,27,900,100,300,13489.4053333334,2475,1116,3150,35
PAL,earlier,27,900,100,300,13273.8720000001,3162,429,3150,35
PAL,later,27,900,100,300,13489.4053333334,2475,1116,3150,35
PAL,missed_early,27,900,100,300,13489.4053333334,2475,1116,3150,35
PAL,missed_late,27,900,100,300,13499.1186666666,2372,1219,3151.98,35.022
PAL,fusion_early,27,900,100,300,13489.4053333334,2475,1116,3150,35
PAL,fusion_late,27,900,100,300,13519.6119999999,2475,1116,3159.18,35.102
NTSC-U,reference,27,900,100,300,11069.4053333333,2475,1116,3150,35
NTSC-U,earlier,27,900,100,300,10811.5386666667,3162,429,3150,35
NTSC-U,later,27,900,100,300,11069.4053333333,2475,1116,3150,35
NTSC-U,missed_early,27,900,100,300,11069.4053333333,2475,1116,3150,35
NTSC-U,missed_late,27,900,100,300,11082.0653333333,2372,1219,3151.98,35.022
NTSC-U,fusion_early,27,900,100,300,11069.4053333333,2475,1116,3150,35
NTSC-U,fusion_late,27,900,100,300,11091.1586666666,2475,1116,3159.18,35.102
PAL,reference,27,900,100,500,12948.2453333335,2505,1086,2970,33
PAL,earlier,27,900,100,500,12943.1386666667,2551,1040,2970,33
PAL,later,27,900,100,500,12948.2453333335,2505,1086,2970,33
PAL,missed_early,27,900,100,500,12948.2453333335,2505,1086,2970,33
PAL,missed_late,27,900,100,500,12948.2453333335,2505,1086,2970,33
PAL,fusion_early,27,900,100,500,12941.2719999999,2523,1068,2970,33
PAL,fusion_late,27,900,100,500,12941.1693333333,2505,1086,2961.9,32.91
NTSC-U,reference,27,900,100,500,10657.0453333333,2505,1086,2970,33
NTSC-U,earlier,27,900,100,500,10648.8053333333,2551,1040,2970,33
NTSC-U,later,27,900,100,500,10657.0453333333,2505,1086,2970,33
NTSC-U,missed_early,27,900,100,500,10657.0453333333,2505,1086,2970,33
NTSC-U,missed_late,27,900,100,500,10657.0453333333,2505,1086,2970,33
NTSC-U,fusion_early,27,900,100,500,10648.6053333334,2523,1068,2970,33
NTSC-U,fusion_late,27,900,100,500,10656.8359999999,2505,1086,2961.9,32.91
PAL,reference,27,900,100,700,12569.6560000001,1933,1658,2790,31
PAL,earlier,27,900,100,700,12522.4266666665,2241,1350,2790,31
PAL,later,27,900,100,700,12569.6560000001,1933,1658,2790,31
PAL,missed_early,27,900,100,700,12569.6560000001,1933,1658,2790,31
PAL,missed_late,27,900,100,700,12569.6560000001,1933,1658,2790,31
PAL,fusion_early,27,900,100,700,12569.6560000001,1933,1658,2790,31
PAL,fusion_late,27,900,100,700,12584.3826666667,1933,1658,2789.82,30.998
NTSC-U,reference,27,900,100,700,10443.056,1933,1658,2790,31
NTSC-U,earlier,27,900,100,700,10377.3599999999,2241,1350,2790,31
NTSC-U,later,27,900,100,700,10443.056,1933,1658,2790,31
NTSC-U,missed_early,27,900,100,700,10443.056,1933,1658,2790,31
NTSC-U,missed_late,27,900,100,700,10443.056,1933,1658,2790,31
NTSC-U,fusion_early,27,900,100,700,10443.056,1933,1658,2790,31
NTSC-U,fusion_late,27,900,100,700,10459.1693333333,1933,1658,2789.82,30.998
PAL,reference,27,950,50,0,12403.6468,2964.32,626.68,2598.12,28.868
PAL,earlier,27,950,50,0,12403.6468,2964.32,626.68,2598.12,28.868
PAL,later,27,950,50,0,12599.602,2963.048,627.952,2667.78,29.642
PAL,missed_early,27,950,50,0,12599.602,2963.048,627.952,2667.78,29.642
PAL,missed_late,27,950,50,0,12420.5496,2939.622,651.378,2604.24,28.936
PAL,fusion_early,27,950,50,0,12403.6468,2964.32,626.68,2598.12,28.868
PAL,fusion_late,27,950,50,0,12797.2466666667,2964.144,626.856,2739.24,30.436
NTSC-U,reference,27,950,50,0,10374.2425333333,2964.32,626.68,2598.12,28.868
NTSC-U,earlier,27,950,50,0,10374.2425333333,2964.32,626.68,2598.12,28.868
NTSC-U,later,27,950,50,0,10519.5934666667,2963.048,627.952,2667.78,29.642
NTSC-U,missed_early,27,950,50,0,10519.5934666667,2963.048,627.952,2667.78,29.642
NTSC-U,missed_late,27,950,50,0,10387.8844,2939.622,651.378,2604.24,28.936
NTSC-U,fusion_early,27,950,50,0,10374.2425333333,2964.32,626.68,2598.12,28.868
NTSC-U,fusion_late,27,950,50,0,10665.1382666667,2964.144,626.856,2739.24,30.436
PAL,reference,27,950,50,100,12702.3952,2810.748,780.252,2714.4,30.16
PAL,earlier,27,950,50,100,12702.3952,2810.748,780.252,2714.4,30.16
PAL,later,27,950,50,100,12803.3958666667,2830.338,760.662,2746.98,30.522
PAL,missed_early,27,950,50,100,12803.3958666667,2830.338,760.662,2746.98,30.522
PAL,missed_late,27,950,50,100,12572.0646666667,2828.326,762.674,2666.34,29.626
PAL,fusion_early,27,950,50,100,12702.3952,2810.748,780.252,2714.4,30.16
PAL,fusion_late,27,950,50,100,13193.7042666667,2814.348,776.652,2880.54,32.006
NTSC-U,reference,27,950,50,100,10597.0302666667,2810.748,780.252,2714.4,30.16
NTSC-U,earlier,27,950,50,100,10597.0302666667,2810.748,780.252,2714.4,30.16
NTSC-U,later,27,950,50,100,10673.3486666667,2830.338,760.662,2746.98,30.522
NTSC-U,missed_early,27,950,50,100,10673.3486666667,2830.338,760.662,2746.98,30.522
NTSC-U,missed_late,27,950,50,100,10500.8217333333,2828.326,762.674,2666.34,29.626
NTSC-U,fusion_early,27,950,50,100,10597.0302666667,2810.748,780.252,2714.4,30.16
NTSC-U,fusion_late,27,950,50,100,10966.9532,2814.348,776.652,2880.54,32.006
PAL,reference,27,950,50,300,13325.1652,2424.88,1166.12,2956.5,32.85
PAL,earlier,27,950,50,300,11455.6322666667,3124.73,466.27,2280.42,25.338
PAL,later,27,950,50,300,13325.1652,2424.88,1166.12,2956.5,32.85
PAL,missed_early,27,950,50,300,13325.1652,2424.88,1166.12,2956.5,32.85
PAL,missed_late,27,950,50,300,13283.238,2407.244,1183.756,2938.14,32.646
PAL,fusion_early,27,950,50,300,13325.1652,2424.88,1166.12,2956.5,32.85
PAL,fusion_late,27,950,50,300,13536.6466666667,2424.146,1166.854,3022.2,33.58
NTSC-U,reference,27,950,50,300,11065.1490666667,2424.88,1166.12,2956.5,32.85
NTSC-U,earlier,27,950,50,300,9648.68346666667,3124.73,466.27,2280.42,25.338
NTSC-U,later,27,950,50,300,11065.1490666667,2424.88,1166.12,2956.5,32.85
NTSC-U,missed_early,27,950,50,300,11065.1490666667,2424.88,1166.12,2956.5,32.85
NTSC-U,missed_late,27,950,50,300,11038.1498666667,2407.244,1183.756,2938.14,32.646
NTSC-U,fusion_early,27,950,50,300,11065.1490666667,2424.88,1166.12,2956.5,32.85
NTSC-U,fusion_late,27,950,50,300,11227.3596,2424.146,1166.854,3022.2,33.58
PAL,reference,27,950,50,500,12552.2828,2519.002,1071.998,2697.48,29.972
PAL,earlier,27,950,50,500,12527.9008,2531.234,1059.766,2689.2,29.88
PAL,later,27,950,50,500,12552.2828,2519.002,1071.998,2697.48,29.972
PAL,missed_early,27,950,50,500,12552.2828,2519.002,1071.998,2697.48,29.972
PAL,missed_late,27,950,50,500,12552.2828,2519.002,1071.998,2697.48,29.972
PAL,fusion_early,27,950,50,500,12209.9936,2517.84,1073.16,2579.58,28.662
PAL,fusion_late,27,950,50,500,12762.3893333333,2518.944,1072.056,2769.66,30.774
NTSC-U,reference,27,950,50,500,10475.3790666667,2519.002,1071.998,2697.48,29.972
NTSC-U,earlier,27,950,50,500,10456.4238666667,2531.234,1059.766,2689.2,29.88
NTSC-U,later,27,950,50,500,10475.3790666667,2519.002,1071.998,2697.48,29.972
NTSC-U,missed_early,27,950,50,500,10475.3790666667,2519.002,1071.998,2697.48,29.972
NTSC-U,missed_late,27,950,50,500,10475.3790666667,2519.002,1071.998,2697.48,29.972
NTSC-U,fusion_early,27,950,50,500,10219.5521333333,2517.84,1073.16,2579.58,28.662
NTSC-U,fusion_late,27,950,50,500,10633.0113333333,2518.944,1072.056,2769.66,30.774
PAL,reference,27,950,50,700,12686.7445333333,1916.016,1674.984,2700,30
PAL,earlier,27,950,50,700,12598.7128,2225.214,1365.786,2696.76,29.964
PAL,later,27,950,50,700,12686.7445333333,1916.016,1674.984,2700,30
PAL,missed_early,27,950,50,700,12686.7445333333,1916.016,1674.984,2700,30
PAL,missed_late,27,950,50,700,12686.7445333333,1916.016,1674.984,2700,30
PAL,fusion_early,27,950,50,700,12686.7445333333,1916.016,1674.984,2700,30
PAL,fusion_late,27,950,50,700,12730.9853333333,1915.958,1675.042,2700,30
NTSC-U,reference,27,950,50,700,10641.1853333333,1916.016,1674.984,2700,30
NTSC-U,earlier,27,950,50,700,10539.3361333333,2225.214,1365.786,2696.76,29.964
NTSC-U,later,27,950,50,700,10641.1853333333,1916.016,1674.984,2700,30
NTSC-U,missed_early,27,950,50,700,10641.1853333333,1916.016,1674.984,2700,30
NTSC-U,missed_late,27,950,50,700,10641.1853333333,1916.016,1674.984,2700,30
NTSC-U,fusion_early,27,950,50,700,10641.1853333333,1916.016,1674.984,2700,30
NTSC-U,fusion_late,27,950,50,700,10684.8332,1915.958,1675.042,2700,30
PAL,reference,27,950,80,0,13860.7805333333,2952.058,638.942,3340.8,37.12
PAL,earlier,27,950,80,0,13860.7805333333,2952.058,638.942,3340.8,37.12
PAL,later,27,950,80,0,13885.428,2951.008,639.992,3344.58,37.162
PAL,missed_early,27,950,80,0,13885.428,2951.008,639.992,3344.58,37.162
PAL,missed_late,27,950,80,0,13871.7649333333,2932.144,658.856,3342.6,37.14
PAL,fusion_early,27,950,80,0,13860.7805333333,2952.058,638.942,3340.8,37.12
PAL,fusion_late,27,950,80,0,13917.8353333333,2951.956,639.044,3347.82,37.198
NTSC-U,reference,27,950,80,0,11284.1928,2952.058,638.942,3340.8,37.12
NTSC-U,earlier,27,950,80,0,11284.1928,2952.058,638.942,3340.8,37.12
NTSC-U,later,27,950,80,0,11306.266,2951.008,639.992,3344.58,37.162
NTSC-U,missed_early,27,950,80,0,11306.266,2951.008,639.992,3344.58,37.162
NTSC-U,missed_late,27,950,80,0,11295.0732,2932.144,658.856,3342.6,37.14
NTSC-U,fusion_early,27,950,80,0,11284.1928,2952.058,638.942,3340.8,37.12
NTSC-U,fusion_late,27,950,80,0,11336.0896,2951.956,639.044,3347.82,37.198
PAL,reference,27,950,80,100,13863.4908,2824.722,766.278,3322.62,36.918
PAL,earlier,27,950,80,100,13863.4908,2824.722,766.278,3322.62,36.918
PAL,later,27,950,80,100,13891.9868,2841.796,749.204,3325.68,36.952
PAL,missed_early,27,950,80,100,13891.9868,2841.796,749.204,3325.68,36.952
PAL,missed_late,27,950,80,100,13850.1534666667,2840.47,750.53,3323.52,36.928
PAL,fusion_early,27,950,80,100,13863.4908,2824.722,766.278,3322.62,36.918
PAL,fusion_late,27,950,80,100,13909.6910666667,2826.44,764.56,3326.04,36.956
NTSC-U,reference,27,950,80,100,11309.4613333333,2824.722,766.278,3322.62,36.918
NTSC-U,earlier,27,950,80,100,11309.4613333333,2824.722,766.278,3322.62,36.918
NTSC-U,later,27,950,80,100,11334.9544,2841.796,749.204,3325.68,36.952
NTSC-U,missed_early,27,950,80,100,11334.9544,2841.796,749.204,3325.68,36.952
NTSC-U,missed_late,27,950,80,100,11294.548,2840.47,750.53,3323.52,36.928
NTSC-U,fusion_early,27,950,80,100,11309.4613333333,2824.722,766.278,3322.62,36.918
NTSC-U,fusion_late,27,950,80,100,11352.3154666667,2826.44,764.56,3326.04,36.956
PAL,reference,27,950,80,300,13511.8401333333,2435.252,1155.748,3144.24,34.936
PAL,earlier,27,950,80,300,13120.5246666667,3136.818,454.182,3100.5,34.45
PAL,later,27,950,80,300,13511.8401333333,2435.252,1155.748,3144.24,34.936
PAL,missed_early,27,950,80,300,13511.8401333333,2435.252,1155.748,3144.24,34.936
PAL,missed_late,27,950,80,300,13508.332,2421.954,1169.046,3143.88,34.932
PAL,fusion_early,27,950,80,300,13511.8401333333,2435.252,1155.748,3144.24,34.936
PAL,fusion_late,27,950,80,300,13556.9093333333,2436.736,1154.264,3147.66,34.974
NTSC-U,reference,27,950,80,300,11108.7476,2435.252,1155.748,3144.24,34.936
NTSC-U,earlier,27,950,80,300,10707.8278666667,3136.818,454.182,3100.5,34.45
NTSC-U,later,27,950,80,300,11108.7476,2435.252,1155.748,3144.24,34.936
NTSC-U,missed_early,27,950,80,300,11108.7476,2435.252,1155.748,3144.24,34.936
NTSC-U,missed_late,27,950,80,300,11106.4005333333,2421.954,1169.046,3143.88,34.932
NTSC-U,fusion_early,27,950,80,300,11108.7476,2435.252,1155.748,3144.24,34.936
NTSC-U,fusion_late,27,950,80,300,11151.5001333333,2436.736,1154.264,3147.66,34.974
PAL,reference,27,950,80,500,12878.3657333333,2530.354,1060.646,2935.44,32.616
PAL,earlier,27,950,80,500,12867.588,2546.968,1044.032,2931.48,32.572
PAL,later,27,950,80,500,12878.3657333333,2530.354,1060.646,2935.44,32.616
PAL,missed_early,27,950,80,500,12878.3657333333,2530.354,1060.646,2935.44,32.616
PAL,missed_late,27,950,80,500,12878.3657333333,2530.354,1060.646,2935.44,32.616
PAL,fusion_early,27,950,80,500,12856.6972,2529.504,1061.496,2933.64,32.596
PAL,fusion_late,27,950,80,500,12899.9446666667,2529.586,1061.414,2937.42,32.638
NTSC-U,reference,27,950,80,500,10621.8714666667,2530.354,1060.646,2935.44,32.616
NTSC-U,earlier,27,950,80,500,10612.8744,2546.968,1044.032,2931.48,32.572
NTSC-U,later,27,950,80,500,10621.8714666667,2530.354,1060.646,2935.44,32.616
NTSC-U,missed_early,27,950,80,500,10621.8714666667,2530.354,1060.646,2935.44,32.616
NTSC-U,missed_late,27,950,80,500,10621.8714666667,2530.354,1060.646,2935.44,32.616
NTSC-U,fusion_early,27,950,80,500,10601.5016,2529.504,1061.496,2933.64,32.596
NTSC-U,fusion_late,27,950,80,500,10641.7197333333,2529.586,1061.414,2937.42,32.638
PAL,reference,27,950,80,700,12559.8429333333,1923.42,1667.58,2766.78,30.742
PAL,earlier,27,950,80,700,12433.8826666667,2237.736,1353.264,2744.28,30.492
PAL,later,27,950,80,700,12559.8429333333,1923.42,1667.58,2766.78,30.742
PAL,missed_early,27,950,80,700,12559.8429333333,1923.42,1667.58,2766.78,30.742
PAL,missed_late,27,950,80,700,12559.8429333333,1923.42,1667.58,2766.78,30.742
PAL,fusion_early,27,950,80,700,12559.8429333333,1923.42,1667.58,2766.78,30.742
PAL,fusion_late,27,950,80,700,12595.6602666667,1923.49,1667.51,2768.94,30.766
NTSC-U,reference,27,950,80,700,10459.7237333333,1923.42,1667.58,2766.78,30.742
NTSC-U,earlier,27,950,80,700,10331.0306666667,2237.736,1353.264,2744.28,30.492
NTSC-U,later,27,950,80,700,10459.7237333333,1923.42,1667.58,2766.78,30.742
NTSC-U,missed_early,27,950,80,700,10459.7237333333,1923.42,1667.58,2766.78,30.742
NTSC-U,missed_late,27,950,80,700,10459.7237333333,1923.42,1667.58,2766.78,30.742
NTSC-U,fusion_early,27,950,80,700,10459.7237333333,1923.42,1667.58,2766.78,30.742
NTSC-U,fusion_late,27,950,80,700,10493.366,1923.49,1667.51,2768.94,30.766
PAL,reference,27,950,100,0,14087.3986666667,2974,617,3419.82,37.998
PAL,earlier,27,950,100,0,14087.3986666667,2974,617,3419.82,37.998
PAL,later,27,950,100,0,14080.5039999999,2961,630,3413.16,37.924
PAL,missed_early,27,950,100,0,14080.5039999999,2961,630,3413.16,37.924
PAL,missed_late,27,950,100,0,14077.5039999999,2916,675,3413.16,37.924
PAL,fusion_early,27,950,100,0,14087.3986666667,2974,617,3419.82,37.998
PAL,fusion_late,27,950,100,0,14097.8373333334,2974,617,3418.56,37.984
NTSC-U,reference,27,950,100,0,11441.4520000001,2974,617,3419.82,37.998
NTSC-U,earlier,27,950,100,0,11441.4520000001,2974,617,3419.82,37.998
NTSC-U,later,27,950,100,0,11440.5306666666,2961,630,3413.16,37.924
NTSC-U,missed_early,27,950,100,0,11440.5306666666,2961,630,3413.16,37.924
NTSC-U,missed_late,27,950,100,0,11440.1973333333,2916,675,3413.16,37.924
NTSC-U,fusion_early,27,950,100,0,11441.4520000001,2974,617,3419.82,37.998
NTSC-U,fusion_late,27,950,100,0,11453.3973333333,2974,617,3418.56,37.984
PAL,reference,27,950,100,100,13907.2639999999,2772,819,3333.6,37.04
PAL,earlier,27,950,100,100,13907.2639999999,2772,819,3333.6,37.04
PAL,later,27,950,100,100,13927.0733333332,2830,761,3347.82,37.198
PAL,missed_early,27,950,100,100,13927.0733333332,2830,761,3347.82,37.198
PAL,missed_late,27,950,100,100,13871.4133333335,2843,748,3330,37
PAL,fusion_early,27,950,100,100,13907.2639999999,2772,819,3333.6,37.04
PAL,fusion_late,27,950,100,100,13913.7506666666,2772,819,3330.9,37.01
NTSC-U,reference,27,950,100,100,11333.9973333334,2772,819,3333.6,37.04
NTSC-U,earlier,27,950,100,100,11333.9973333334,2772,819,3333.6,37.04
NTSC-U,later,27,950,100,100,11340.0600000001,2830,761,3347.82,37.198
NTSC-U,missed_early,27,950,100,100,11340.0600000001,2830,761,3347.82,37.198
NTSC-U,missed_late,27,950,100,100,11298.2133333333,2843,748,3330,37
NTSC-U,fusion_early,27,950,100,100,11333.9973333334,2772,819,3333.6,37.04
NTSC-U,fusion_late,27,950,100,100,11342.684,2772,819,3330.9,37.01
PAL,reference,27,950,100,300,13489.4053333334,2475,1116,3150,35
PAL,earlier,27,950,100,300,13273.8720000001,3162,429,3150,35
PAL,later,27,950,100,300,13489.4053333334,2475,1116,3150,35
PAL,missed_early,27,950,100,300,13489.4053333334,2475,1116,3150,35
PAL,missed_late,27,950,100,300,13487.2053333334,2442,1149,3150,35
PAL,fusion_early,27,950,100,300,13489.4053333334,2475,1116,3150,35
PAL,fusion_late,27,950,100,300,13519.6119999999,2475,1116,3159.18,35.102
NTSC-U,reference,27,950,100,300,11069.4053333333,2475,1116,3150,35
NTSC-U,earlier,27,950,100,300,10811.5386666667,3162,429,3150,35
NTSC-U,later,27,950,100,300,11069.4053333333,2475,1116,3150,35
NTSC-U,missed_early,27,950,100,300,11069.4053333333,2475,1116,3150,35
NTSC-U,missed_late,27,950,100,300,11069.2053333334,2442,1149,3150,35
NTSC-U,fusion_early,27,950,100,300,11069.4053333333,2475,1116,3150,35
NTSC-U,fusion_late,27,950,100,300,11091.1586666666,2475,1116,3159.18,35.102
PAL,reference,27,950,100,500,12948.2453333335,2505,1086,2970,33
PAL,earlier,27,950,100,500,12943.1386666667,2551,1040,2970,33
PAL,later,27,950,100,500,12948.2453333335,2505,1086,2970,33
PAL,missed_early,27,950,100,500,12948.2453333335,2505,1086,2970,33
PAL,missed_late,27,950,100,500,12948.2453333335,2505,1086,2970,33
PAL,fusion_early,27,950,100,500,12941.2719999999,2523,1068,2970,33
PAL,fusion_late,27,950,100,500,12941.1693333333,2505,1086,2961.9,32.91
NTSC-U,reference,27,950,100,500,10657.0453333333,2505,1086,2970,33
NTSC-U,earlier,27,950,100,500,10648.8053333333,2551,1040,2970,33
NTSC-U,later,27,950,100,500,10657.0453333333,2505,1086,2970,33
NTSC-U,missed_early,27,950,100,500,10657.0453333333,2505,1086,2970,33
NTSC-U,missed_late,27,950,100,500,10657.0453333333,2505,1086,2970,33
NTSC-U,fusion_early,27,950,100,500,10648.6053333334,2523,1068,2970,33
NTSC-U,fusion_late,27,950,100,500,10656.8359999999,2505,1086,2961.9,32.91
PAL,reference,27,950,100,700,12569.6560000001,1933,1658,2790,31
PAL,earlier,27,950,100,700,12522.4266666665,2241,1350,2790,31
PAL,later,27,950,100,700,12569.6560000001,1933,1658,2790,31
PAL,missed_early,27,950,100,700,12569.6560000001,1933,1658,2790,31
PAL,missed_late,27,950,100,700,12569.6560000001,1933,1658,2790,31
PAL,fusion_early,27,950,100,700,12569.6560000001,1933,1658,2790,31
PAL,fusion_late,27,950,100,700,12584.3826666667,1933,1658,2789.82,30.998
NTSC-U,reference,27,950,100,700,10443.056,1933,1658,2790,31
NTSC-U,earlier,27,950,100,700,10377.3599999999,2241,1350,2790,31
NTSC-U,later,27,950,100,700,10443.056,1933,1658,2790,31
NTSC-U,missed_early,27,950,100,700,10443.056,1933,1658,2790,31
NTSC-U,missed_late,27,950,100,700,10443.056,1933,1658,2790,31
NTSC-U,fusion_early,27,950,100,700,10443.056,1933,1658,2790,31
NTSC-U,fusion_late,27,950,100,700,10459.1693333333,1933,1658,2789.82,30.998
